,Sample_1,Sample_2,Sample_3
ENSG00000000003,7.263191758,5.83990931,14.43469219
ENSG00000000419,3.034660242,3.542537369,8.574593489
ENSG00000000457,5.030147981,6.022994117,3.997502307
ENSG00000000460,2.014105873,1.241415303,3.733867838
ENSG00000001036,5.001139596,4.396138476,6.089213721
ENSG00000001084,8.783727618,9.222365816,11.40241938
ENSG00000001460,1.015167986,0.923928767,1.301601875
ENSG00000001461,9.634606081,8.012141487,7.007070163
ENSG00000001497,4.879017665,4.7308042,13.68180769
ENSG00000001561,7.634250931,7.130536238,10.27648139
ENSG00000001617,4.382355887,6.09879404,2.134958976
ENSG00000001626,10.03370305,11.99013278,8.321811722
ENSG00000001629,8.570356187,8.577560351,9.666875433
ENSG00000002016,3.14783323,4.200650907,1.364100908
ENSG00000002330,0.442839876,0.395520703,0.362613791
ENSG00000002549,5.22861382,1.481011773,12.80448883
ENSG00000002586,11.62931915,13.60840101,24.9793039
ENSG00000002587,4.500259416,4.998904083,1.14400221
ENSG00000002726,35.00812875,32.45701156,19.3554364
ENSG00000002834,13.18131328,16.71014624,10.95459849
ENSG00000002919,2.514793159,2.915540079,4.069004483
ENSG00000002933,2.322668401,2.700358816,3.424248702
ENSG00000003056,17.51858768,18.24089513,41.35563291
ENSG00000003096,0.210427613,0.28974484,1.006629614
ENSG00000003147,8.776754726,7.756365107,6.350965468
ENSG00000003249,4.553611905,5.709712008,2.841605946
ENSG00000003393,6.383858442,8.299971058,7.948070342
ENSG00000003400,8.477234619,10.55588346,4.184022245
ENSG00000003402,19.1339573,24.26870266,9.348213363
ENSG00000003509,2.731680778,2.859301405,2.723497428
ENSG00000003756,16.24539955,18.88690168,5.036711831
ENSG00000004139,2.154026429,2.007573781,0.799876263
ENSG00000004142,8.799525062,7.709310974,20.72534157
ENSG00000004487,4.050185734,3.607191354,1.895862798
ENSG00000004534,10.52298349,11.04897037,8.820787654
ENSG00000004660,2.601158796,2.458907851,0.931501798
ENSG00000004700,4.847044424,4.701139793,13.57339109
ENSG00000004766,3.018630294,4.420238077,5.375567437
ENSG00000004777,4.147660782,3.668413796,2.832173117
ENSG00000004779,4.792799899,5.064293343,10.41725628
ENSG00000004864,4.325417485,4.148048211,6.284129039
ENSG00000004866,1.575775298,0.897737526,2.265877542
ENSG00000004897,8.763337645,6.03351622,8.379711667
ENSG00000004961,2.350772265,2.238960053,9.464057381
ENSG00000004975,11.27919475,12.81980313,4.674567017
ENSG00000005001,26.04155778,30.0014712,8.973126172
ENSG00000005007,14.14952492,20.13354511,25.6670807
ENSG00000005020,8.517086924,6.882185357,10.01811232
ENSG00000005022,30.39651839,18.08572897,91.80314531
ENSG00000005059,3.042245478,2.40649759,4.141282955
ENSG00000005073,0.812930839,0.809537363,1.892116136
ENSG00000005075,3.755870482,3.845493789,6.40263467
ENSG00000005100,4.229053986,5.83073826,3.159480727
ENSG00000005156,5.562975256,6.061055629,3.85241766
ENSG00000005175,4.548204906,4.075862521,12.8620497
ENSG00000005187,1.311337256,0.881769897,10.71816909
ENSG00000005194,4.599283968,5.443374591,9.402922737
ENSG00000005206,11.77792498,16.59983044,3.672103398
ENSG00000005238,5.799912614,4.734581679,3.428539041
ENSG00000005302,3.767759252,4.611514785,4.044591444
ENSG00000005339,8.259370547,11.03329382,8.279567895
ENSG00000005379,3.465310972,4.543815405,1.173601705
ENSG00000005436,1.934168788,2.710140411,1.722132448
ENSG00000005448,7.140187388,6.130627158,1.856473009
ENSG00000005469,1.306793291,2.549013067,4.303621803
ENSG00000005471,0.620522101,0.848020992,0.995467575
ENSG00000005483,11.10300319,13.91596475,6.660541737
ENSG00000005486,5.748938454,7.239173873,16.90316872
ENSG00000005700,16.78558314,11.95782576,7.942919094
ENSG00000005801,8.47201441,13.98421148,5.480831751
ENSG00000005810,2.692377867,2.854761822,3.549793738
ENSG00000005882,0.755675514,0.838061831,1.575747545
ENSG00000005884,30.61535272,25.13203015,5.8090738
ENSG00000005889,4.694759844,5.942404398,7.4319124
ENSG00000005893,20.36420883,17.53831936,50.60173592
ENSG00000005981,0.407075983,0.216428724,1.509052129
ENSG00000006007,21.78940331,19.89388534,30.29241631
ENSG00000006025,9.603994477,15.25427502,5.607983803
ENSG00000006042,4.252643089,3.932030696,4.18398859
ENSG00000006047,0.96977314,0.718151623,5.967805334
ENSG00000006062,1.218673434,2.340096752,1.011132167
ENSG00000006118,23.13789558,27.03522172,7.643944215
ENSG00000006125,66.61805439,44.24975515,25.39023667
ENSG00000006194,4.895972116,5.776191016,9.829566905
ENSG00000006210,5.798458616,3.849388322,6.119588593
ENSG00000006282,12.01415515,13.82579923,2.611097029
ENSG00000006327,10.84149432,7.546388854,9.321049651
ENSG00000006432,4.360223257,6.478890509,6.061341554
ENSG00000006451,8.711267338,5.359967361,15.13236527
ENSG00000006453,8.609302956,7.756714627,5.488887148
ENSG00000006459,9.718004359,9.878755814,5.369789538
ENSG00000006530,3.829694084,3.542131629,4.57069277
ENSG00000006534,10.17254556,5.105228907,1.187448974
ENSG00000006555,3.978328032,3.77597951,1.977583299
ENSG00000006576,3.470527563,2.154054818,5.930774663
ENSG00000006607,12.32414055,14.99552975,10.36442706
ENSG00000006611,20.88358688,19.676991,10.42822216
ENSG00000006625,1.678189447,0.927615054,10.24362698
ENSG00000006634,3.941982164,1.782056637,11.60591193
ENSG00000006695,4.868186303,4.449507426,4.317670961
ENSG00000006704,6.232497928,6.2320583,5.696549652
ENSG00000006712,5.36619571,5.052931398,9.995090119
ENSG00000006715,10.33747064,13.03093483,13.62094092
ENSG00000006740,3.163745225,2.704763378,0.159849112
ENSG00000006744,7.692156032,9.511427232,8.710025019
ENSG00000006756,17.10516593,14.33495101,7.825359004
ENSG00000006757,4.909870306,3.884208817,3.591291056
ENSG00000006831,14.95145884,10.57117337,33.48216933
ENSG00000007047,5.109683968,4.902394111,2.617526335
ENSG00000007062,53.27313014,110.5959681,20.84479717
ENSG00000007080,4.504213795,4.616331415,8.225503082
ENSG00000007168,13.78777022,12.99558487,9.50642267
ENSG00000007202,17.99324604,18.70411031,17.08610373
ENSG00000007341,2.365212939,2.462466469,1.645624067
ENSG00000007376,2.663363757,3.103556796,8.109384872
ENSG00000007384,6.986484639,8.956466982,5.597404726
ENSG00000007392,12.66074698,13.65866421,4.823405212
ENSG00000007516,6.882365646,10.1713695,0.950351861
ENSG00000007520,3.209769484,2.985726961,4.219267261
ENSG00000007541,4.850126676,4.609337958,2.913765023
ENSG00000007545,0.680501701,3.120525519,0.667761798
ENSG00000007866,3.939739627,4.494524599,3.794715577
ENSG00000007923,7.311782898,9.593959912,11.30648592
ENSG00000007944,6.507601285,7.027870241,3.988317388
ENSG00000007952,7.950478047,10.80697636,25.75665303
ENSG00000008018,12.35523897,12.69743245,13.20259139
ENSG00000008083,4.782736498,6.111802503,4.857698841
ENSG00000008086,3.475285396,4.231974364,2.508057619
ENSG00000008130,9.03587496,8.511760153,10.0060513
ENSG00000008226,0.764716332,1.866215046,0.971296734
ENSG00000008256,5.911945796,5.898402565,5.186853902
ENSG00000008277,0.905232994,1.713683107,2.377470872
ENSG00000008282,17.19800544,14.04906101,33.6612707
ENSG00000008283,8.509383155,7.421198789,16.57730364
ENSG00000008294,12.45656991,10.43211342,12.64778868
ENSG00000008300,1.746042189,2.345883332,4.121373832
ENSG00000008323,13.74231032,11.31457286,8.784535424
ENSG00000008382,2.232795501,1.237888057,1.262946296
ENSG00000008394,16.7346428,12.97832467,26.51472411
ENSG00000008405,2.473921083,2.111509454,5.394136108
ENSG00000008441,11.59610685,9.631977451,13.59189003
ENSG00000008513,13.29604148,12.47221031,12.73668358
ENSG00000008517,11.82196461,8.39643119,19.34089944
ENSG00000008710,12.84487053,22.29555304,3.957805494
ENSG00000008838,13.81419219,16.92453126,8.651884665
ENSG00000008853,0.277366809,0.235025025,0.646413561
ENSG00000008869,8.602452827,8.270458789,3.087513049
ENSG00000008952,14.34459805,11.33553589,18.71528333
ENSG00000008988,42.88859176,35.01096556,58.21636201
ENSG00000009307,68.3657422,61.8198621,55.70986564
ENSG00000009335,15.6341832,14.25488417,24.55463268
ENSG00000009765,2.068400531,1.633839381,2.882893503
ENSG00000009780,2.576602424,2.298738339,2.812212083
ENSG00000009830,2.821500628,1.939995047,2.295385541
ENSG00000009844,10.63309635,8.903048486,12.37884089
ENSG00000009950,10.74253994,16.94356737,1.226044024
ENSG00000009954,10.18340101,9.502175193,27.33924454
ENSG00000010017,5.948476573,6.427186034,9.338429556
ENSG00000010030,0.848416749,2.32585491,2.783783059
ENSG00000010072,1.725706892,1.962338575,4.406435394
ENSG00000010165,5.271116941,6.523679622,11.553613
ENSG00000010244,18.93556686,19.87050192,15.90424721
ENSG00000010256,19.82081521,15.59294001,22.1342858
ENSG00000010270,4.093680216,3.230365774,8.186544033
ENSG00000010278,63.64222599,52.82396023,66.82534898
ENSG00000010292,17.68699145,10.22423296,21.0127829
ENSG00000010310,3.566529068,3.305022612,0.440381031
ENSG00000010318,3.832744164,3.090326027,0.746667144
ENSG00000010322,16.28918497,16.20534512,4.454118071
ENSG00000010361,2.202266982,2.884470036,0.366581703
ENSG00000010539,0.648732835,1.00886062,1.527052608
ENSG00000010626,2.3739271,2.757496869,1.156301843
ENSG00000010704,3.166053926,2.458189748,3.617734885
ENSG00000010803,1.615475785,1.106029367,2.276278375
ENSG00000010810,5.711610521,5.465860676,3.104045876
ENSG00000010818,4.399624909,4.281607957,3.882816978
ENSG00000011009,6.142310336,6.115433296,10.67383909
ENSG00000011021,5.146529379,6.136387972,1.634402398
ENSG00000011083,0.975603023,0.828925364,1.30498119
ENSG00000011105,2.562751595,2.309000983,2.030280393
ENSG00000011114,8.366773949,9.896851658,5.920848853
ENSG00000011132,1.82347734,3.080195038,1.189807867
ENSG00000011143,4.464097845,6.502117269,1.282365088
ENSG00000011198,2.19761353,1.951696882,6.067189611
ENSG00000011243,7.210976493,8.701315608,5.651455554
ENSG00000011258,5.505859819,6.719253166,2.069697194
ENSG00000011260,4.767941147,3.886761102,6.969282117
ENSG00000011275,4.898133795,5.328287621,5.568730251
ENSG00000011295,33.72001822,28.11890666,14.88530409
ENSG00000011304,27.54284621,31.73608886,35.03121874
ENSG00000011347,6.848309898,3.974287053,25.20680653
ENSG00000011376,4.951465291,4.136442728,7.598237458
ENSG00000011405,16.79433217,14.99516037,11.43783504
ENSG00000011422,5.350321699,4.93320815,6.861315652
ENSG00000011426,25.98408064,7.318414875,42.37118555
ENSG00000011451,7.212306481,8.729108105,5.980427228
ENSG00000011454,15.33182868,17.55908866,6.326775585
ENSG00000011478,3.263388128,2.035699497,1.36794227
ENSG00000011485,8.161017457,7.795719774,12.36654056
ENSG00000011523,0.958972471,0.94619863,0.428627127
ENSG00000011566,6.455348463,7.35124144,5.968088591
ENSG00000011638,9.532115116,6.372485031,7.572133242
ENSG00000012048,5.146735219,1.570607608,14.24070142
ENSG00000012061,4.958183165,4.177681067,2.947769494
ENSG00000012171,29.40928616,26.48874504,3.791250206
ENSG00000012174,5.410009676,4.975572662,16.20208273
ENSG00000012211,4.183872987,5.377667544,3.188348995
ENSG00000012232,6.504385345,8.384200287,8.978988563
ENSG00000012660,16.38238551,9.373605827,11.97667408
ENSG00000012779,9.968118414,15.28558581,2.119325409
ENSG00000012822,12.84795655,17.52919329,3.726573783
ENSG00000012963,3.804638982,2.565813362,9.69116181
ENSG00000012983,7.495863579,12.65262055,4.863332238
ENSG00000013275,7.439078364,9.600798018,14.83181589
ENSG00000013288,7.891046645,5.919374533,11.01655338
ENSG00000013306,10.02208486,8.58421729,19.38670291
ENSG00000013364,25.07986548,25.52549872,15.81617274
ENSG00000013374,4.08892129,4.252172755,10.44414695
ENSG00000013375,6.716893649,7.257495035,3.667652935
ENSG00000013392,3.571743551,4.054741641,1.733171837
ENSG00000013441,7.471735476,9.599368604,5.316165588
ENSG00000013503,1.731111829,1.8022922,3.246304326
ENSG00000013523,3.560803129,2.805933978,3.618930845
ENSG00000013561,3.285161035,2.764741873,5.516715582
ENSG00000013563,0.551919193,0.301159056,0.895518072
ENSG00000013573,9.313889809,12.13247645,12.98448435
ENSG00000013583,4.563318585,3.580522259,6.791462177
ENSG00000013588,71.98161526,51.68785914,31.77115914
ENSG00000013810,7.323693429,4.859916083,14.78044292
ENSG00000014123,13.82308749,11.89415544,8.638076677
ENSG00000014164,2.860514526,3.48942771,2.511492193
ENSG00000014216,27.24976228,30.48510312,25.02042564
ENSG00000014257,0.322356354,0.446564274,1.654324624
ENSG00000014824,13.17179023,7.796310373,14.35571975
ENSG00000014914,9.498696852,9.129934291,1.533672103
ENSG00000015133,10.82982225,23.95716616,3.691495152
ENSG00000015153,1.177051762,1.088232319,2.83061031
ENSG00000015171,8.092102604,7.90325633,10.60317171
ENSG00000015475,4.10820885,3.238065279,7.400215706
ENSG00000015532,9.744535285,9.607450302,4.660211373
ENSG00000015676,9.517772544,10.09418104,13.75049557
ENSG00000016391,13.98286866,8.807694357,11.64630358
ENSG00000016402,4.147520272,3.101216811,3.362281286
ENSG00000016864,5.832874723,5.17824059,3.689699699
ENSG00000017260,19.84270126,13.35715793,15.64233983
ENSG00000017797,11.92258508,9.713607082,13.68322813
ENSG00000018189,2.549790932,3.449086504,1.721304558
ENSG00000018408,9.597604316,7.780082452,0.167946524
ENSG00000018510,10.57329949,8.404680577,13.0727247
ENSG00000018699,2.979017497,2.416727872,2.906446034
ENSG00000019144,2.908288224,4.542873346,2.082268783
ENSG00000019485,0.605904553,0.726616318,0.576813113
ENSG00000019582,17.73619215,14.71324297,12.1222609
ENSG00000019995,2.397866573,2.310981713,1.868081172
ENSG00000020129,3.345989726,4.819065752,3.945136787
ENSG00000020256,3.191626254,3.39876098,4.366227006
ENSG00000020426,2.057234252,1.730210051,2.624336093
ENSG00000020577,7.658227393,8.658165525,1.257911946
ENSG00000020922,6.226464795,6.487941725,5.223343818
ENSG00000021300,11.79701488,14.97793084,10.60658468
ENSG00000021355,50.58730606,40.47577706,41.83340846
ENSG00000021574,3.401013533,3.519422316,4.748655788
ENSG00000021762,6.746532633,6.44821283,1.481290372
ENSG00000021776,9.556123202,8.069664144,6.724374053
ENSG00000022277,4.86266323,4.205064592,15.02468118
ENSG00000022567,6.950352033,7.731587426,3.234898532
ENSG00000022840,17.61092915,18.69529675,20.34560464
ENSG00000022976,3.529900211,5.414543155,0.514718934
ENSG00000023041,8.131167965,9.301328113,8.680951495
ENSG00000023191,10.94674877,8.715033393,8.738626525
ENSG00000023228,9.922130003,9.354595365,14.12296952
ENSG00000023287,7.553099467,7.661732222,6.917021241
ENSG00000023318,10.02206425,7.70661159,11.26961322
ENSG00000023330,10.21623289,11.4318086,16.57098559
ENSG00000023445,3.112410653,4.041605234,3.42182728
ENSG00000023516,13.07005093,14.47529852,15.95426219
ENSG00000023572,1.707777859,1.159741469,3.74190154
ENSG00000023608,2.609561971,2.61323159,1.057261799
ENSG00000023697,3.119180254,2.013808331,6.103087043
ENSG00000023734,11.71721364,9.988060602,37.52610303
ENSG00000023839,0.174435113,0.631075785,2.796956429
ENSG00000023892,4.517624152,5.878618205,1.874936473
ENSG00000023902,0.573277415,0.810470921,0.424749806
ENSG00000023909,3.634956706,3.224466801,12.69750336
ENSG00000024048,8.420360157,8.767115005,3.342752715
ENSG00000024526,4.143199384,2.379092174,2.900482181
ENSG00000024862,1.995612036,1.672401829,1.732508624
ENSG00000025156,2.526484473,2.309262686,3.334996782
ENSG00000025293,7.795738542,8.197781373,8.139973671
ENSG00000025434,2.680787383,2.018372698,0.692263014
ENSG00000025708,0.356708669,0.565765886,0.831975728
ENSG00000025770,4.024666426,5.849543849,7.297759944
ENSG00000025772,1.083122201,0.962508779,7.6322372
ENSG00000025796,16.2764888,12.47650045,17.21297645
ENSG00000025800,2.862412418,3.77730527,2.343742581
ENSG00000026103,7.427738303,15.53669761,2.586496832
ENSG00000026297,8.017518114,7.83618592,5.353256735
ENSG00000026508,48.78855947,53.19121925,36.48591371
ENSG00000026950,7.916641861,8.289356612,2.462231643
ENSG00000027001,4.254165065,2.26788041,4.506830545
ENSG00000027697,13.84359471,14.05875001,15.97274254
ENSG00000027847,3.449990404,4.55506532,1.655557073
ENSG00000028116,10.65628124,9.414108133,6.120621752
ENSG00000028137,3.831226601,2.583612935,14.4728499
ENSG00000028203,9.453819621,8.949292636,10.77967815
ENSG00000028310,8.224089886,12.67272744,5.711620763
ENSG00000028528,15.40554006,20.44552116,9.624250015
ENSG00000028839,2.439843107,3.173770865,4.066031879
ENSG00000029153,0.935237549,0.440730682,2.659823944
ENSG00000029363,19.67742927,22.93547127,21.3804728
ENSG00000029364,12.68654891,10.21909513,12.36798421
ENSG00000029534,0.923220223,0.888442331,0.262362742
ENSG00000029639,2.412658868,1.869862309,2.548018273
ENSG00000029725,2.712090635,3.479376236,2.586091007
ENSG00000029993,5.50098807,4.434198513,21.0346651
ENSG00000030066,7.097772228,5.993920598,7.418544424
ENSG00000030582,35.30558542,34.34128709,20.70448892
ENSG00000031003,2.757691667,3.00155671,2.187606108
ENSG00000031081,0.16052617,0.637097622,1.567825254
ENSG00000031691,1.723891972,1.369940114,5.748443834
ENSG00000031698,15.8738395,13.55575161,17.67604278
ENSG00000031823,7.813032997,9.103078083,8.665796429
ENSG00000032219,3.579472933,3.531576203,2.012196539
ENSG00000032389,5.198965637,5.546190147,5.889939098
ENSG00000032444,8.142145133,9.935052466,5.517427356
ENSG00000032742,4.058078577,5.976940937,2.767170637
ENSG00000033011,3.033539095,4.002754717,6.588872027
ENSG00000033030,5.746814919,5.058505405,4.006658469
ENSG00000033100,6.315366734,5.143852071,6.481297566
ENSG00000033170,10.6848042,8.785791852,4.693335224
ENSG00000033178,12.86291037,10.34714962,11.65274542
ENSG00000033327,3.477776473,4.498246355,1.941671318
ENSG00000033627,10.179983,10.22933617,8.862722056
ENSG00000033800,3.714704581,3.111212738,2.623912937
ENSG00000033867,2.064102336,3.167406503,2.726743174
ENSG00000034152,9.473034462,9.327196924,9.024964441
ENSG00000034533,0.990449896,1.20576954,1.297512671
ENSG00000034677,6.843933826,7.569810882,3.190466684
ENSG00000034693,3.552373484,4.674479319,3.183759709
ENSG00000035115,10.44685859,13.38334704,16.58313519
ENSG00000035141,5.485914443,4.590436239,9.301295576
ENSG00000035403,35.34701587,33.02480611,12.83649151
ENSG00000035499,3.306456951,0.766997869,5.318541697
ENSG00000035664,1.339233588,1.838520102,3.203268269
ENSG00000035681,6.267022977,6.790693853,4.500864401
ENSG00000035687,7.161015283,3.860151804,8.183651319
ENSG00000035862,9.249425869,6.4281638,4.399116379
ENSG00000035928,10.50837737,8.422725152,13.02079174
ENSG00000036054,5.75215858,4.641898558,6.319772881
ENSG00000036257,11.22200236,10.44696099,18.56967758
ENSG00000036448,1.142172959,1.74930922,0.400130503
ENSG00000036549,8.451607378,7.815927515,7.626458585
ENSG00000037042,5.218476426,9.179503725,2.87767151
ENSG00000037241,2.303901583,1.804734217,3.724916812
ENSG00000037474,12.19578421,13.95459123,13.39419487
ENSG00000037637,4.543981177,5.491814392,4.458400655
ENSG00000037749,5.878305109,5.70909863,8.021137941
ENSG00000037757,5.037008156,5.522671608,2.103318092
ENSG00000037897,1.674783512,1.730260664,3.510962641
ENSG00000038002,2.268065631,2.686430681,7.406050977
ENSG00000038210,5.414520698,3.988065393,10.48332679
ENSG00000038219,9.469243353,10.19469703,7.571694163
ENSG00000038274,9.812835557,8.885181124,12.93735348
ENSG00000038358,11.4923921,22.27497344,9.460546384
ENSG00000038382,18.62793327,23.32089695,5.778329197
ENSG00000038532,5.196231913,5.448933497,6.3012096
ENSG00000039068,57.19872589,51.92158255,78.09407086
ENSG00000039123,11.56209576,10.95491317,10.88227154
ENSG00000039523,2.431879515,2.940285747,3.957255097
ENSG00000039560,3.689778007,3.229981219,1.521928749
ENSG00000039600,0.328441762,0.316189702,0.518738084
ENSG00000039650,6.519680003,10.25221649,5.508337591
ENSG00000040199,2.724156595,4.065236065,7.321286412
ENSG00000040275,3.969881305,3.480250344,8.130071515
ENSG00000040341,4.893234,3.719276004,4.248767121
ENSG00000040487,1.356018882,2.266221563,2.948263929
ENSG00000040531,5.944477894,9.235986596,2.016647232
ENSG00000040608,1.598618942,0.678347579,0.924902786
ENSG00000040633,2.855318257,2.797213526,4.890652657
ENSG00000040933,3.994892761,4.350228286,4.431100243
ENSG00000041357,10.27851418,9.509273325,26.51740543
ENSG00000041802,5.030310391,7.503920739,8.004562577
ENSG00000041880,4.617395311,5.45682221,1.762548315
ENSG00000041988,2.166714511,2.916270934,0.918369494
ENSG00000042088,5.570580233,4.427021388,3.196038823
ENSG00000042286,5.498873868,6.902474863,7.141009428
ENSG00000042317,5.009699746,5.083660089,1.068589236
ENSG00000042429,0.593891545,0.923575561,0.454563018
ENSG00000042445,17.64836865,17.7858143,16.11137442
ENSG00000042493,6.381145268,4.485876421,6.340776609
ENSG00000042753,5.813203889,4.141248988,14.48263005
ENSG00000043093,5.486758231,4.979012095,10.62044728
ENSG00000043143,5.219112514,5.029163084,5.623070893
ENSG00000043514,7.68246121,10.05930615,2.288260274
ENSG00000044090,2.794885867,2.644494411,0.787522783
ENSG00000044115,48.31505796,37.88904097,36.64896731
ENSG00000044446,6.988313853,8.320583775,4.178778861
ENSG00000044574,67.98228165,47.91977536,82.39189893
ENSG00000046604,44.7945445,41.18660559,24.18888272
ENSG00000046647,6.071173209,6.526844609,3.098185101
ENSG00000046651,11.19272236,20.08330301,7.451825862
ENSG00000047056,7.37766941,9.803941563,3.940708363
ENSG00000047188,5.914953183,7.025942104,4.169517981
ENSG00000047230,6.027300402,5.674904733,8.539216866
ENSG00000047249,6.630982272,4.579043517,6.103775518
ENSG00000047315,19.17664673,19.98894494,27.12717878
ENSG00000047346,4.278917524,5.55866876,1.821692644
ENSG00000047365,4.706195733,4.769913619,4.928259633
ENSG00000047410,25.18639356,26.62448682,16.50573776
ENSG00000047578,6.366220076,7.805740366,2.309179232
ENSG00000047579,2.157275591,1.697687446,2.660500354
ENSG00000047621,2.546442002,5.541559112,6.146081679
ENSG00000047634,10.05251982,6.215421657,13.64044524
ENSG00000047644,6.936216982,7.544111644,13.39361452
ENSG00000047849,32.25304855,25.49673965,16.76517025
ENSG00000047932,4.48192374,6.550706248,2.101641791
ENSG00000048028,6.865536503,5.757693883,6.425691148
ENSG00000048052,4.392853468,6.326486864,2.678755882
ENSG00000048140,3.857793603,4.541904432,6.932570186
ENSG00000048342,1.462107679,1.65217327,0.824535243
ENSG00000048392,12.70755035,25.44601055,4.960484074
ENSG00000048405,5.814674099,7.157860436,9.184415617
ENSG00000048471,0.381584574,0.514693815,0.993414367
ENSG00000048544,4.949654333,4.235952576,8.917509431
ENSG00000048649,8.76671614,7.976953689,6.171673005
ENSG00000048707,9.001170723,7.600945275,6.400000248
ENSG00000048740,10.54787307,14.44453793,6.358555354
ENSG00000048828,27.17200935,25.06462464,28.02581763
ENSG00000048991,5.944491934,4.915844874,8.619692137
ENSG00000049089,4.254004817,5.937903371,2.207854272
ENSG00000049130,11.08700296,15.26185039,11.0183055
ENSG00000049167,3.091896185,2.674738577,2.877057461
ENSG00000049239,11.99726751,6.039297154,4.398370921
ENSG00000049245,12.70864996,11.020729,21.31865474
ENSG00000049246,0.45457589,0.260564313,1.431127199
ENSG00000049283,2.131057566,2.678487495,2.097845392
ENSG00000049323,7.903203392,7.221760246,4.161741297
ENSG00000049449,3.003440792,2.33850179,15.53277964
ENSG00000049541,3.425171531,1.39918951,10.19781663
ENSG00000049618,9.554743918,9.610956733,5.385558958
ENSG00000049656,12.08692418,13.10781162,12.18281989
ENSG00000049759,15.68641331,17.78427234,5.688711773
ENSG00000049769,0.691555828,0.955960645,0.921400189
ENSG00000049860,26.74196937,19.70398522,47.15348814
ENSG00000049883,3.997361163,3.315857831,3.132102565
ENSG00000050327,3.236452888,4.201922299,8.134996117
ENSG00000050344,5.465012617,4.53268133,2.091453102
ENSG00000050393,4.151093936,2.339292705,7.66227446
ENSG00000050405,31.54099994,33.569864,40.87643665
ENSG00000050426,17.48226336,13.9544998,9.189175839
ENSG00000050438,1.668598199,1.799760587,0.804272493
ENSG00000050748,6.568891086,5.752371827,11.23705219
ENSG00000050820,8.003606739,8.379746205,10.67794751
ENSG00000051009,17.00053166,26.65042891,6.360693703
ENSG00000051108,8.502199479,4.793770987,5.281470165
ENSG00000051128,0.774391321,0.776951786,0.690441031
ENSG00000051180,1.264042447,0.440663849,4.887765855
ENSG00000051341,3.334033246,1.831362089,9.490314938
ENSG00000051382,7.128501008,4.809600443,5.40836712
ENSG00000051523,16.12648574,16.76890431,18.50941543
ENSG00000051596,6.75937083,5.839814583,10.88248141
ENSG00000051620,14.87035024,15.3551783,9.14687593
ENSG00000051825,6.521434138,5.776760512,5.611346484
ENSG00000052126,4.990930762,5.961364952,5.191195245
ENSG00000052344,26.96108484,22.22165516,19.20222439
ENSG00000052723,9.983508941,9.777953851,8.563676997
ENSG00000052749,4.521300797,3.974879328,2.772428587
ENSG00000052795,3.019175451,3.576491084,3.224860147
ENSG00000052802,28.98207985,15.55862737,41.84827289
ENSG00000052841,17.3982472,16.31817597,7.735561112
ENSG00000053254,2.768332543,3.01542776,1.928094528
ENSG00000053371,8.428812007,6.450018024,6.148487743
ENSG00000053372,4.286235876,3.341117096,8.834939812
ENSG00000053501,0.776666845,0.860405128,1.404914831
ENSG00000053524,0.684289273,1.279680453,0.515650127
ENSG00000053747,14.84980225,13.33358155,6.07201254
ENSG00000053770,7.351673232,8.926779915,9.126620957
ENSG00000053900,5.681484108,7.388682647,4.068858864
ENSG00000053918,14.70077792,11.5495963,9.09070179
ENSG00000054116,5.447433989,6.317584856,8.520644754
ENSG00000054118,16.60130693,21.36049077,21.96809155
ENSG00000054148,7.470719073,12.59966133,1.932191132
ENSG00000054179,5.656139204,6.04169918,1.769992732
ENSG00000054267,7.068332328,6.482884492,4.210746196
ENSG00000054277,1.768742185,1.439958764,1.892317689
ENSG00000054282,4.21182246,3.690434483,2.37902887
ENSG00000054392,2.628680142,2.251625954,0.210538747
ENSG00000054523,10.02100602,8.657731398,8.377199457
ENSG00000054598,1.983894785,2.390128949,2.045395656
ENSG00000054611,4.745637545,4.829278936,1.733475754
ENSG00000054654,3.65834446,5.323893702,2.103890637
ENSG00000054690,14.04309241,22.90496568,1.485313917
ENSG00000054793,3.785004898,4.268275791,11.08172821
ENSG00000054965,8.612682494,7.625818211,4.5086524
ENSG00000054967,2.625408216,2.823490283,2.887852964
ENSG00000054983,22.41769386,13.08395917,5.981183016
ENSG00000055044,10.14630994,11.30351183,22.09437985
ENSG00000055118,2.921651953,3.680368336,3.931203058
ENSG00000055130,7.806472929,6.729676642,16.42751534
ENSG00000055147,2.565557315,2.366116643,2.309019838
ENSG00000055163,7.852565817,16.21330196,8.097363164
ENSG00000055208,10.84862693,10.47947993,10.22411661
ENSG00000055211,2.674195414,1.583559074,2.278327361
ENSG00000055332,9.285063063,8.853074579,40.77055993
ENSG00000055483,8.082058262,12.04604138,10.1085428
ENSG00000055609,7.64579173,11.01022492,8.742434505
ENSG00000055917,17.15077679,17.91426386,16.72017603
ENSG00000055950,4.21847523,2.845466272,2.995764999
ENSG00000056050,2.276297179,1.825622495,5.615813323
ENSG00000056097,11.1851287,13.10826846,16.05169319
ENSG00000056277,1.603748418,2.433866199,3.690141433
ENSG00000056558,3.082668501,2.772611493,1.067890021
ENSG00000056586,10.26340883,13.43886213,12.10356354
ENSG00000056736,6.549371449,4.780161502,12.44629391
ENSG00000056998,1.928071359,1.712696459,4.08003433
ENSG00000057019,4.321000032,3.998554672,2.169732572
ENSG00000057252,0.814982904,0.715846438,4.110440111
ENSG00000057294,18.33900207,15.02560076,19.20132945
ENSG00000057608,27.09024431,17.14390992,26.01836921
ENSG00000057663,4.253661371,3.738173598,6.785904038
ENSG00000057704,1.884119973,1.343755273,3.414369062
ENSG00000057757,4.990494295,4.697351864,13.78099161
ENSG00000057935,5.51635002,4.707419171,4.563016906
ENSG00000058056,1.680004008,0.808666905,1.336897236
ENSG00000058063,20.4325553,16.09040255,12.54156076
ENSG00000058085,25.19699365,17.64732351,23.84035042
ENSG00000058262,9.065969899,9.201103337,17.35862528
ENSG00000058272,6.312324677,6.825556501,8.968206503
ENSG00000058453,6.773593197,9.907758346,1.725899965
ENSG00000058600,5.876461986,5.473948662,4.376674835
ENSG00000058668,16.25966265,12.75608136,4.68064602
ENSG00000058799,3.081926473,3.534425145,2.926689926
ENSG00000058804,9.473623305,6.289527703,15.20345875
ENSG00000059122,8.082636634,9.007803651,2.399321951
ENSG00000059145,2.017717734,3.571007371,1.136497337
ENSG00000059377,16.34990041,17.07327164,13.38024679
ENSG00000059378,1.478778228,1.563732515,5.840483465
ENSG00000059573,27.03736064,22.16816141,23.31811972
ENSG00000059588,13.89997181,15.0186949,4.803243788
ENSG00000059691,3.888594558,3.731515693,2.535783819
ENSG00000059728,14.54134412,14.28767632,8.796745348
ENSG00000059758,3.342786077,3.809209083,3.859895983
ENSG00000060069,4.328432959,7.597777487,3.794395843
ENSG00000060138,19.15156014,22.54936283,10.42696182
ENSG00000060140,2.017870289,1.982095607,4.898207898
ENSG00000060237,13.63457414,13.51885102,21.47214635
ENSG00000060339,10.8907776,15.18441977,13.38367821
ENSG00000060491,4.994499474,4.064164934,9.471538389
ENSG00000060642,3.643130066,2.155955085,2.32071692
ENSG00000060688,3.880351513,3.895684924,7.944473296
ENSG00000060749,9.482977811,9.042531272,7.052479672
ENSG00000060762,2.699365956,1.860749715,4.695098512
ENSG00000060971,8.090846449,11.08971764,13.69424457
ENSG00000061273,6.130338297,8.411860642,3.322324693
ENSG00000061656,11.16009526,9.788323493,3.74241436
ENSG00000061676,18.46837955,16.5183013,28.93232672
ENSG00000061794,7.980992722,6.125585317,19.8596233
ENSG00000061936,8.239774014,7.777971325,8.00833786
ENSG00000061938,17.25656805,13.58464523,2.86855092
ENSG00000061987,10.29552776,8.172094429,3.68362492
ENSG00000062038,27.99542148,19.71086747,17.12244213
ENSG00000062194,13.78678824,12.39353037,14.5643274
ENSG00000062282,0.947156816,0.50894517,8.25147846
ENSG00000062370,1.768134495,1.742555387,0.754098522
ENSG00000062485,26.36995674,21.79558951,42.57322265
ENSG00000062650,11.19769824,10.65796177,11.4370431
ENSG00000062716,35.29117463,33.54552523,12.90810925
ENSG00000062725,7.028748809,6.52867381,5.707062812
ENSG00000062822,7.133423635,6.12476904,8.516826279
ENSG00000063176,2.545833138,4.125946783,2.569479699
ENSG00000063177,64.31624062,47.0947915,41.5892283
ENSG00000063241,2.450138914,1.907646143,3.464253913
ENSG00000063244,12.1987831,12.65817546,19.68307333
ENSG00000063245,12.27134319,11.63430643,12.44393919
ENSG00000063322,5.428023645,5.930673214,7.449207528
ENSG00000063587,3.724038617,3.682826204,8.307767524
ENSG00000063601,5.795700076,5.776311526,10.06204415
ENSG00000063660,7.761999982,6.100570578,2.190481876
ENSG00000063761,1.145690413,1.907669955,1.564853396
ENSG00000063854,2.408165798,3.310383906,3.131980313
ENSG00000063978,9.139640088,7.837690327,13.73489699
ENSG00000064012,6.194934155,8.966890854,6.276383688
ENSG00000064042,6.127586086,5.020741284,2.504715733
ENSG00000064102,6.472883621,6.102389153,9.973256382
ENSG00000064115,9.62170227,13.02292314,11.32857492
ENSG00000064270,13.27173886,15.88556046,21.19896254
ENSG00000064309,1.387290208,1.225195587,0.699146177
ENSG00000064313,7.169022672,7.467215268,5.754955871
ENSG00000064393,8.43360176,8.975776742,7.916287264
ENSG00000064419,9.291247544,8.962464155,17.84267006
ENSG00000064490,3.878414639,4.528404056,3.289290881
ENSG00000064545,4.732330128,4.694331584,3.896787562
ENSG00000064547,4.399203899,4.773180839,3.075096228
ENSG00000064601,16.02450866,14.70856729,30.25483934
ENSG00000064607,23.03894934,22.3178525,8.702903493
ENSG00000064651,118.1755861,132.0284502,83.76335829
ENSG00000064652,1.75256692,1.140243699,2.053178702
ENSG00000064666,12.36247987,10.70774112,22.72498186
ENSG00000064687,5.466634689,10.63593845,6.503988529
ENSG00000064703,2.669980005,2.7186713,8.224097338
ENSG00000064763,2.315260669,1.747592645,6.486944235
ENSG00000064787,7.231570687,6.023017276,4.636136609
ENSG00000064932,10.21422351,12.85503185,5.261659224
ENSG00000064933,4.209746261,4.917189473,4.217561493
ENSG00000064961,9.531731976,9.254913912,5.190817987
ENSG00000064995,5.854067334,6.553002977,3.87643127
ENSG00000064999,6.995332195,7.567333825,4.370296406
ENSG00000065000,22.42145999,24.75680917,28.87562605
ENSG00000065029,6.531131378,6.594651078,2.29018025
ENSG00000065054,8.046015538,7.526506646,3.247672519
ENSG00000065057,3.251830204,3.502944545,1.832028987
ENSG00000065060,3.157651344,3.556455065,3.637676693
ENSG00000065135,10.72224898,6.139812056,14.94226995
ENSG00000065150,18.39994415,13.6119398,22.87797003
ENSG00000065154,9.55514023,8.000569984,26.20994429
ENSG00000065183,7.378918386,6.209060189,13.11447687
ENSG00000065243,19.25861971,26.56435492,8.843185761
ENSG00000065268,3.545705078,3.178604564,2.896500074
ENSG00000065328,1.494110534,0.484068453,7.815681899
ENSG00000065357,12.366883,17.04097048,2.986369628
ENSG00000065361,21.71568972,22.14937857,11.91044007
ENSG00000065413,0.260737047,0.157686156,0.535875549
ENSG00000065427,15.68889051,12.40758912,32.24396293
ENSG00000065457,1.702607929,2.157440656,4.464569392
ENSG00000065485,5.392560376,2.853678868,5.805043918
ENSG00000065491,3.291928651,3.320994291,1.756858261
ENSG00000065518,12.3900932,11.69411162,11.85198183
ENSG00000065526,10.37962879,17.7554823,10.15602382
ENSG00000065534,10.65812778,7.237098393,0.190042331
ENSG00000065548,9.733641665,9.129562027,23.98090358
ENSG00000065559,6.721074379,6.459915757,5.925662698
ENSG00000065600,2.118449064,2.363780629,2.356362019
ENSG00000065613,21.66960313,23.94972398,15.56130618
ENSG00000065615,4.79924906,3.398115128,4.446834246
ENSG00000065618,71.22379462,74.12858698,12.9174845
ENSG00000065621,5.737524746,5.406960648,2.22061401
ENSG00000065665,2.57080955,5.977297428,1.929108658
ENSG00000065717,2.056017643,2.150732551,0.89997494
ENSG00000065802,5.11344137,5.761617689,3.368989035
ENSG00000065809,11.73582874,11.98896494,4.300345988
ENSG00000065833,6.569280528,3.386462059,9.097346304
ENSG00000065882,7.476171934,5.270238472,9.958592073
ENSG00000065883,6.242029743,7.899852109,8.218247092
ENSG00000065911,11.73440165,5.182229807,14.64020063
ENSG00000065923,3.258851792,2.421340388,6.078741799
ENSG00000065970,4.176989313,4.897165555,7.359944454
ENSG00000065978,67.84463889,58.34274488,135.3252946
ENSG00000065989,0.557519571,0.207721768,2.941135941
ENSG00000066027,10.67237152,8.989971934,8.180840046
ENSG00000066044,9.749701393,11.01751072,16.72122148
ENSG00000066084,11.76541109,11.97635368,10.0853369
ENSG00000066117,7.941526248,8.863125482,9.620104373
ENSG00000066136,5.931135309,6.345477081,3.762626742
ENSG00000066248,9.142818781,9.519448883,1.737925835
ENSG00000066279,6.20261314,3.586884723,8.020025194
ENSG00000066322,12.92603394,10.11164782,18.25288347
ENSG00000066379,1.610818808,1.377594458,0.686340132
ENSG00000066422,5.241019861,5.669461692,6.546484335
ENSG00000066427,3.568616359,3.95170571,1.273978323
ENSG00000066455,7.348181619,5.846266025,7.112277388
ENSG00000066557,3.016569251,2.289904863,2.594473803
ENSG00000066583,3.58286924,2.606867021,9.481592523
ENSG00000066651,3.898373512,3.989868513,3.016606714
ENSG00000066697,1.420948914,0.963555137,2.669795901
ENSG00000066739,2.62466666,3.455826311,1.941949157
ENSG00000066777,11.01311322,8.217611231,8.509067084
ENSG00000066827,1.330571903,1.077711234,0.698393065
ENSG00000066855,5.347229815,3.494307782,8.219216814
ENSG00000066926,4.266028014,2.787718401,3.934447633
ENSG00000066933,4.274186449,3.818282749,1.818877319
ENSG00000067057,56.63379371,75.12596036,13.98148445
ENSG00000067064,2.427861461,1.787366905,0.642206399
ENSG00000067066,5.146645702,4.639812846,7.38058967
ENSG00000067082,13.24148291,8.213918929,8.579986145
ENSG00000067113,1.473353777,1.511912754,2.192752109
ENSG00000067141,11.11925956,11.30598571,9.072636917
ENSG00000067167,18.64334413,14.83569547,19.19967449
ENSG00000067177,11.80728081,11.37856325,15.28955037
ENSG00000067182,9.421673478,7.696372655,7.960463029
ENSG00000067191,0.991204546,0.748275205,0.542196102
ENSG00000067208,3.477624987,3.233875899,2.730340974
ENSG00000067221,2.038159652,1.991154536,1.846669043
ENSG00000067225,217.3153853,216.2254052,275.9266769
ENSG00000067248,1.401904335,1.410903885,2.901322966
ENSG00000067334,7.77906134,7.819218,17.04634381
ENSG00000067365,3.690664951,7.05669487,2.344016048
ENSG00000067369,10.89771417,16.30923091,5.457434583
ENSG00000067533,3.930808462,3.843257859,7.720165468
ENSG00000067560,38.76202619,28.1208533,59.8096553
ENSG00000067596,5.438787006,6.979600902,6.821544097
ENSG00000067601,0.654865038,0.65670439,0.745880905
ENSG00000067606,4.532145289,5.084304684,2.656259731
ENSG00000067704,21.02501699,13.87349725,19.58147836
ENSG00000067829,6.757140616,7.515000266,8.837215307
ENSG00000067836,4.267501187,5.401156215,1.605599225
ENSG00000067900,13.53524589,13.18061657,10.26951009
ENSG00000067955,8.174906916,8.056876563,20.26894498
ENSG00000067992,12.42685602,9.12560334,16.24943086
ENSG00000068001,5.829122137,3.536318267,3.863654081
ENSG00000068024,5.82335823,5.1297885,2.697399533
ENSG00000068028,5.664070251,8.761977318,6.090919707
ENSG00000068078,0.733519131,0.468874521,3.429929385
ENSG00000068079,4.148812608,3.174755278,7.278665175
ENSG00000068097,4.492342684,4.72755265,1.952067354
ENSG00000068120,9.647297643,8.181224919,15.51202108
ENSG00000068137,6.9461714,5.088321157,2.721843707
ENSG00000068305,5.497818379,4.328571564,4.63722529
ENSG00000068308,7.047489993,8.318732039,6.188917504
ENSG00000068323,6.321693788,6.14058998,11.37711176
ENSG00000068354,1.647716292,1.966289735,2.4887429
ENSG00000068366,6.074637973,4.073984664,24.43876345
ENSG00000068383,2.519421719,3.068325458,2.646007616
ENSG00000068394,3.022515392,2.687332651,4.195053941
ENSG00000068400,10.61645139,18.21981196,8.822402315
ENSG00000068438,3.916258538,7.682984625,6.965720985
ENSG00000068489,3.667414609,1.376785787,5.012552576
ENSG00000068650,10.67435252,11.81774232,7.349647375
ENSG00000068654,6.717146437,9.241665451,10.56535074
ENSG00000068697,21.96602872,19.62009607,28.51774819
ENSG00000068724,4.134903275,3.092932494,2.583388768
ENSG00000068745,19.35194787,20.50505623,9.765550036
ENSG00000068784,3.221176806,1.664072087,2.215250504
ENSG00000068878,8.548871869,12.50786067,13.64664263
ENSG00000068903,7.168824241,7.275840364,8.61959088
ENSG00000068971,6.759979125,10.96045893,3.325635519
ENSG00000069011,0.814446302,0.556261993,4.14179366
ENSG00000069020,5.371554644,8.89279161,1.967201083
ENSG00000069248,7.719026636,7.273024007,6.946302692
ENSG00000069275,33.68002537,19.64927478,31.68111619
ENSG00000069329,16.3378213,11.47045885,24.5308573
ENSG00000069345,9.849315786,8.56368463,18.96460759
ENSG00000069399,6.723005745,7.215221257,3.146811685
ENSG00000069424,10.82301214,9.795652998,0.592144095
ENSG00000069509,3.370128591,3.378794536,6.015654635
ENSG00000069702,7.560475746,7.177642954,5.250649221
ENSG00000069849,10.28283211,7.419288954,29.28277092
ENSG00000069869,6.778942801,5.118267452,5.096677592
ENSG00000069943,1.91715894,1.916250654,0.693800654
ENSG00000069956,5.415387014,5.369769833,4.746366525
ENSG00000069966,2.802523292,2.404735886,2.643683249
ENSG00000069974,0.959518001,0.810962167,3.57745239
ENSG00000069998,11.07952135,12.62152692,5.910182368
ENSG00000070010,5.746180384,5.657780996,12.0481043
ENSG00000070018,0.858054146,0.992843314,0.944733078
ENSG00000070019,1.567308582,1.636191201,7.019345407
ENSG00000070047,10.30762216,20.69737474,11.65015294
ENSG00000070061,10.35291083,10.64315543,10.10795765
ENSG00000070081,5.598773137,3.685982561,7.500278202
ENSG00000070087,5.894787367,4.461059681,2.493313531
ENSG00000070159,13.67490492,11.1283024,13.03663652
ENSG00000070214,31.93125145,20.13108762,15.25844202
ENSG00000070269,3.204404761,4.552838907,2.333062394
ENSG00000070366,5.694766366,6.348825317,2.626024376
ENSG00000070367,9.370128582,8.66331072,10.30373131
ENSG00000070371,2.611177561,2.345293044,0.384766744
ENSG00000070404,3.543097287,4.565394604,3.350388085
ENSG00000070413,16.75469018,14.84236345,14.99563849
ENSG00000070423,5.992901323,5.246903729,4.588190876
ENSG00000070444,3.48666981,3.507673892,1.651275413
ENSG00000070476,9.399793149,9.43292883,5.731454717
ENSG00000070495,4.092698993,4.925620595,5.146702782
ENSG00000070501,3.074861195,4.971978337,3.135015923
ENSG00000070526,7.807242225,4.058552006,2.076346386
ENSG00000070610,18.36632272,23.44625773,11.45612092
ENSG00000070614,1.969042752,2.167792941,2.913411926
ENSG00000070718,4.278243387,3.411898999,5.647509885
ENSG00000070756,171.5080901,139.7574097,147.0614745
ENSG00000070761,3.608779538,3.016101481,7.046752643
ENSG00000070770,6.816888492,5.696299622,11.08319763
ENSG00000070778,2.418538198,3.122622675,0.726388106
ENSG00000070785,2.530876291,1.812552771,5.154341164
ENSG00000070814,6.64563373,7.575390169,15.45835959
ENSG00000070882,12.20037366,14.226511,9.900740774
ENSG00000070950,4.097422537,3.636492932,9.698458217
ENSG00000070961,6.367015094,5.129387409,13.49506795
ENSG00000070985,9.311876746,16.95864878,0.646810189
ENSG00000071051,1.510437,1.906190219,2.068039437
ENSG00000071054,8.206294518,12.11290762,10.79375134
ENSG00000071073,10.65914952,12.51463871,8.810632023
ENSG00000071082,59.29246669,46.86538836,34.04422163
ENSG00000071127,30.32830955,29.59259343,51.11298514
ENSG00000071189,9.828392348,11.04389522,9.288607719
ENSG00000071242,8.38764964,5.984627705,0.528887852
ENSG00000071243,2.912266397,3.473112075,4.472896686
ENSG00000071462,8.917873584,8.155591499,15.44994374
ENSG00000071537,20.75226499,18.97085814,28.48787745
ENSG00000071539,3.309455653,0.668234039,6.807019976
ENSG00000071553,19.21762038,17.37938183,29.87949908
ENSG00000071564,16.03841338,17.68486717,14.22046339
ENSG00000071575,2.61675513,2.682552284,0.822068359
ENSG00000071626,17.00796329,18.96110239,18.56069668
ENSG00000071655,4.233062195,3.747776311,4.588097685
ENSG00000071794,12.73288116,9.735731296,9.145462113
ENSG00000071859,6.27424944,7.625509877,15.4181014
ENSG00000071889,4.379429031,3.667318467,4.293963361
ENSG00000071894,13.66354572,12.52392981,5.136662669
ENSG00000071909,0.483084093,0.518724469,1.584648372
ENSG00000071994,6.844708939,5.974982561,8.977229464
ENSG00000072042,8.179465649,7.201898567,12.57247389
ENSG00000072062,9.225894437,7.592312505,10.55944598
ENSG00000072071,0.452735879,0.575647247,1.425683612
ENSG00000072110,28.68724204,29.41606576,21.12530953
ENSG00000072121,4.028510758,6.220039538,3.646498726
ENSG00000072133,1.634331465,1.440234132,0.312728245
ENSG00000072134,4.43469236,5.29546411,2.077491688
ENSG00000072135,10.76803014,9.247086149,7.498509092
ENSG00000072210,22.50462671,22.43284042,15.54462726
ENSG00000072274,23.24710261,14.59247579,22.76655148
ENSG00000072310,49.08193478,53.30480421,12.7773648
ENSG00000072364,23.35674772,27.21992198,17.2810149
ENSG00000072401,3.628870576,2.946105373,4.405557993
ENSG00000072415,1.485852251,1.444178695,1.297477669
ENSG00000072422,3.914301838,2.859152764,1.353410214
ENSG00000072501,14.37151153,10.68410467,79.7924033
ENSG00000072506,3.218132729,2.951327397,16.41116501
ENSG00000072518,11.34689164,11.34375065,12.35553412
ENSG00000072571,4.818725564,2.891095822,8.513876604
ENSG00000072682,31.93523758,30.79929395,15.80451959
ENSG00000072736,2.359624395,2.88292388,3.928824219
ENSG00000072756,1.727493116,2.148724127,2.076348402
ENSG00000072778,63.152865,58.63792989,25.84618455
ENSG00000072786,1.512773018,2.324092791,3.261703916
ENSG00000072803,6.429494429,6.374378013,5.135501893
ENSG00000072849,5.013675518,4.516492264,4.010347404
ENSG00000072858,1.484385741,2.357520314,1.893574868
ENSG00000072864,3.623714509,3.996888174,7.665638569
ENSG00000072954,1.667372242,1.508330223,0.952286033
ENSG00000072958,3.471654371,2.204682477,3.322719939
ENSG00000073050,5.12952683,3.426570092,3.067788077
ENSG00000073060,14.38282696,10.27945032,15.77225628
ENSG00000073111,7.564593696,2.598298019,20.65475092
ENSG00000073169,7.726987965,13.93150847,3.429493093
ENSG00000073331,6.504338991,7.007230636,2.598588916
ENSG00000073350,37.38801911,41.7154251,10.13033618
ENSG00000073417,8.859739343,8.820221457,3.433835166
ENSG00000073464,2.461208768,1.891050974,4.901858098
ENSG00000073536,3.492312229,1.936629203,2.287941648
ENSG00000073584,1.316754229,1.545011972,0.851216389
ENSG00000073605,19.85893361,24.0239422,15.39668515
ENSG00000073614,9.103448597,12.05532623,9.77998056
ENSG00000073711,2.597640647,2.157935785,2.092705195
ENSG00000073792,9.61977965,7.384650566,7.015798535
ENSG00000073803,5.385110115,4.182663226,4.423879932
ENSG00000073849,5.437748282,4.524815839,21.44530163
ENSG00000073905,1.91358809,1.349999557,1.119435729
ENSG00000073910,6.627799041,5.870450058,1.157709841
ENSG00000073921,15.17387841,14.91232733,16.71063258
ENSG00000073969,6.736338234,5.633902323,10.49078974
ENSG00000074054,8.459802461,9.912718162,5.014963036
ENSG00000074071,3.956082228,3.02868528,7.16640168
ENSG00000074181,4.635005264,3.954306117,1.348603603
ENSG00000074201,9.504828158,7.172763547,7.705938619
ENSG00000074219,1.352338054,2.261731075,4.167113281
ENSG00000074266,3.89292637,3.528195004,4.686109829
ENSG00000074276,1.499602527,0.997645872,1.263025111
ENSG00000074319,7.159096954,5.569465142,7.251942503
ENSG00000074356,10.54920727,9.507672449,5.968829252
ENSG00000074370,10.99992526,13.98525231,4.847816259
ENSG00000074410,45.3365758,43.28155288,17.46697201
ENSG00000074416,14.47596896,10.28481407,9.49231449
ENSG00000074527,4.135989882,3.236216893,1.617680202
ENSG00000074582,4.097455192,5.367495943,4.591438462
ENSG00000074590,2.522650099,1.861829548,0.456972653
ENSG00000074603,8.113934909,7.21083125,5.3640434
ENSG00000074621,4.691885762,4.704054064,2.281204353
ENSG00000074695,35.19167956,22.92245806,19.77628345
ENSG00000074696,10.52409559,7.824268708,35.89635613
ENSG00000074755,6.837718716,7.140817108,3.269347715
ENSG00000074800,199.0086891,177.7122056,185.3684153
ENSG00000074842,13.32580264,10.43670259,11.56150477
ENSG00000074855,8.773619685,10.56922985,3.20518958
ENSG00000074935,5.016274989,5.001388965,1.659580462
ENSG00000074964,25.91078996,52.75828882,6.719861162
ENSG00000075131,1.955627747,1.198259214,3.931707358
ENSG00000075142,9.733481125,7.341374617,7.248543293
ENSG00000075151,12.92295959,13.33168784,10.85397034
ENSG00000075188,3.980737423,3.402390483,10.56286015
ENSG00000075213,4.078952096,2.807617911,8.727866918
ENSG00000075218,4.646756699,2.315384775,6.8937559
ENSG00000075223,11.81797928,11.0481047,7.588223474
ENSG00000075234,13.27605829,12.70116355,7.190008402
ENSG00000075239,2.091605051,1.494431385,8.598037743
ENSG00000075240,8.43004383,6.21560596,1.725520453
ENSG00000075275,0.823611775,1.054792302,1.133054415
ENSG00000075292,16.25860016,21.23933746,9.329837675
ENSG00000075303,6.170730156,3.152527407,8.235779944
ENSG00000075336,3.973937198,4.9653872,5.291982961
ENSG00000075391,4.101989682,5.186490948,2.96522694
ENSG00000075399,1.274922831,1.987129769,1.117214271
ENSG00000075413,9.750507811,11.3752767,6.728145965
ENSG00000075415,28.73657978,21.90763426,64.09355537
ENSG00000075420,12.28771261,13.62403089,9.573074346
ENSG00000075426,24.53626681,27.89114456,8.715803805
ENSG00000075539,17.64216726,24.21858913,8.911267498
ENSG00000075568,10.60606607,10.64622036,8.429388011
ENSG00000075618,7.323136371,4.673525399,0.44772819
ENSG00000075624,160.1297944,106.0484171,247.3692285
ENSG00000075643,0.767256629,0.354562511,4.798960504
ENSG00000075651,9.672099948,7.581598202,1.72043835
ENSG00000075702,1.584207005,0.723610064,6.9641438
ENSG00000075711,14.77488895,12.94368118,8.892422898
ENSG00000075785,19.82032577,19.20282308,36.27337848
ENSG00000075826,7.098957408,12.46394828,0.532426015
ENSG00000075856,4.8214648,5.792090544,8.941092839
ENSG00000075914,1.888476061,2.269358009,2.88356899
ENSG00000075945,1.661813539,1.809382442,2.845374779
ENSG00000075975,5.643634732,5.199755613,4.136084355
ENSG00000076003,5.271219135,1.588247105,18.70194633
ENSG00000076043,2.851613654,2.963301768,3.469519609
ENSG00000076067,18.32254046,15.12917953,5.438036497
ENSG00000076108,21.0878043,20.82630224,17.59385661
ENSG00000076201,9.69659829,14.86400165,5.890278323
ENSG00000076242,4.080546593,2.823251275,3.247997075
ENSG00000076248,7.904635172,5.801793772,12.94042396
ENSG00000076258,0.39235049,0.411096692,0.488082787
ENSG00000076321,3.804243348,4.827778034,3.0792275
ENSG00000076351,0.419025689,0.683816926,0.857896092
ENSG00000076356,2.645421971,2.569522148,4.008672601
ENSG00000076513,3.769478188,3.857120896,2.621344537
ENSG00000076555,6.191059001,5.697997779,3.866826562
ENSG00000076604,12.66256781,16.98458591,7.937204865
ENSG00000076641,6.072708741,5.142277605,4.494574766
ENSG00000076650,3.131707207,3.210452604,2.718701607
ENSG00000076685,7.284914024,9.558889735,5.783962613
ENSG00000076716,9.566064739,6.865385095,9.383738308
ENSG00000076826,6.666662941,7.958146725,7.012145823
ENSG00000076864,1.641370709,1.083776608,2.229177592
ENSG00000076924,6.536412773,10.22225969,5.203572721
ENSG00000076928,9.982434318,8.707460143,6.072363748
ENSG00000076944,5.272095939,5.924757126,4.752363563
ENSG00000076984,6.864518392,7.147720099,4.539463463
ENSG00000077044,14.44246657,19.04027891,7.0762536
ENSG00000077097,16.73889117,15.17392491,13.01153202
ENSG00000077147,42.6205553,38.98202548,44.54929669
ENSG00000077150,10.9727176,11.2664299,4.508588222
ENSG00000077152,3.946843445,1.693434132,10.55303436
ENSG00000077157,14.60887043,15.71611381,2.790693568
ENSG00000077232,16.55707494,11.85757492,14.16357724
ENSG00000077235,11.06523558,10.30165637,11.35489493
ENSG00000077238,7.31258616,10.96877977,7.63222033
ENSG00000077254,10.69821524,9.152094483,8.126132079
ENSG00000077312,6.237895566,3.578888786,6.066848613
ENSG00000077380,11.46102285,9.73526034,15.26647273
ENSG00000077454,3.778530196,4.909591163,1.78171849
ENSG00000077458,5.112160392,6.326961431,2.886827246
ENSG00000077463,3.315605539,4.525981021,3.310570207
ENSG00000077514,5.926654422,6.077671193,14.52502561
ENSG00000077549,18.67622489,15.16000057,21.61932623
ENSG00000077585,2.622743548,3.003689335,4.003859181
ENSG00000077684,1.966900729,1.444422191,0.592426631
ENSG00000077713,1.393171296,1.131320083,4.61465968
ENSG00000077721,6.117967757,6.034022726,24.23408887
ENSG00000077782,3.208280073,5.084009496,1.692332561
ENSG00000078043,13.09466423,15.85225094,5.698671706
ENSG00000078061,7.781627055,7.423581786,8.462076883
ENSG00000078070,9.294779426,6.064961535,2.993351862
ENSG00000078081,2.459578033,1.48652811,11.65457894
ENSG00000078114,19.92502336,16.50928029,11.21560256
ENSG00000078124,2.308342437,1.175219351,8.652875696
ENSG00000078140,10.29237739,10.51573408,17.29402344
ENSG00000078142,7.856077224,7.701987643,2.636551678
ENSG00000078177,2.111361114,2.306368704,2.339081619
ENSG00000078246,5.440156477,5.882512894,6.682447643
ENSG00000078269,7.948980855,9.436721925,11.21391346
ENSG00000078304,21.61357088,16.45138043,12.49839224
ENSG00000078319,1.327977621,1.062088013,1.80698766
ENSG00000078369,43.05607564,35.3778601,31.36538047
ENSG00000078399,2.235513032,2.062331755,2.248915884
ENSG00000078403,5.589000434,4.640427327,2.061027132
ENSG00000078618,16.93294776,16.4996969,19.3351855
ENSG00000078668,16.30221628,11.79532705,24.17279511
ENSG00000078674,21.94833478,22.38972899,11.73447755
ENSG00000078687,2.080296923,1.746024831,1.506466787
ENSG00000078699,7.265223569,12.56364798,6.370812428
ENSG00000078747,10.62322331,12.19070777,13.43871467
ENSG00000078808,18.70047776,23.78864615,20.20576185
ENSG00000078814,0.560431551,0.680170957,1.361755007
ENSG00000078902,6.90542725,7.972151108,13.75665684
ENSG00000078967,0.741521638,0.64064378,0.802873677
ENSG00000079112,72.50494066,58.88742541,75.59499127
ENSG00000079134,7.947539354,8.004662055,4.347579455
ENSG00000079150,2.011144456,3.589027295,1.734894582
ENSG00000079246,34.66504548,31.8622335,48.88944413
ENSG00000079277,4.953086863,4.945862681,2.40063297
ENSG00000079313,7.377670018,9.310711024,6.289332876
ENSG00000079332,12.33052807,12.69301023,14.00277415
ENSG00000079335,1.288406315,1.271685553,0.923712558
ENSG00000079387,2.676052646,2.656933088,7.410200367
ENSG00000079432,15.35062656,21.94036669,7.975607377
ENSG00000079459,67.58847956,96.48648018,58.02933364
ENSG00000079462,2.803340904,2.431977802,4.611761409
ENSG00000079482,3.437798076,3.051264869,3.115360676
ENSG00000079616,5.304657004,3.844476484,8.413394239
ENSG00000079691,7.722950764,7.12492589,4.211326917
ENSG00000079739,13.73062183,10.97723818,9.638467172
ENSG00000079785,11.49740267,11.07190108,24.07221362
ENSG00000079805,77.53701822,68.7313307,24.6857525
ENSG00000079819,38.84566725,30.17315196,27.51954511
ENSG00000079950,10.0063741,6.206599674,6.026115952
ENSG00000079999,7.476870043,5.84387014,11.48446163
ENSG00000080031,12.47165905,13.1384238,3.429394825
ENSG00000080189,7.096473599,9.210160277,4.955046834
ENSG00000080200,3.857004946,5.216759743,4.005938981
ENSG00000080298,5.433837977,5.802463847,1.348089769
ENSG00000080345,7.25710997,6.142749087,12.48249839
ENSG00000080371,9.312431422,10.02611002,20.70357323
ENSG00000080503,7.135451068,6.211083599,7.122755783
ENSG00000080546,9.51148891,18.68341822,3.486124023
ENSG00000080603,1.024235819,2.212242613,1.165223943
ENSG00000080608,5.572044309,4.811318554,8.901641076
ENSG00000080644,0.585743198,0.638322783,0.750040834
ENSG00000080802,4.895502783,7.071893832,5.398659312
ENSG00000080815,12.78526382,11.33015778,7.296435129
ENSG00000080819,6.274745206,5.152040847,7.93629118
ENSG00000080822,10.54122845,10.91704835,7.057055977
ENSG00000080823,2.136718338,3.951099824,1.894365049
ENSG00000080824,80.28493703,67.43553515,196.8169749
ENSG00000080839,2.619452189,1.334973233,8.346018794
ENSG00000080845,8.160906781,13.72686927,7.414337084
ENSG00000080947,2.81289849,2.911758069,0.185155234
ENSG00000080986,4.323145588,2.103475585,6.495406259
ENSG00000081014,1.978629119,2.692883592,3.435258796
ENSG00000081019,7.737554612,7.116210045,3.676801537
ENSG00000081026,3.344167186,3.135112173,3.655874945
ENSG00000081041,2.821674441,2.538452568,0.376094922
ENSG00000081059,7.610420195,7.727826426,16.92365902
ENSG00000081087,1.199879623,1.453757956,4.075671702
ENSG00000081154,15.6582799,19.52667254,18.27244518
ENSG00000081177,3.269690157,2.29043998,2.066721786
ENSG00000081181,0.609499824,0.145822828,2.860859867
ENSG00000081320,4.749256082,2.46973598,5.151609172
ENSG00000081377,4.908444235,3.506083254,3.779918436
ENSG00000081721,2.521606374,3.17474319,4.857152662
ENSG00000081760,14.3808901,12.67657333,11.49182805
ENSG00000081791,12.73956132,12.49121254,5.192927138
ENSG00000081803,2.293211427,1.224287262,3.563565444
ENSG00000081870,5.690202904,4.563942049,5.399018777
ENSG00000081913,6.417480415,6.549775358,2.581887259
ENSG00000081923,1.666844626,1.704182761,0.478240487
ENSG00000082068,4.04548911,3.142286541,2.092166666
ENSG00000082146,4.134155548,4.814660282,2.429923848
ENSG00000082153,34.450562,26.5695364,42.3238993
ENSG00000082212,6.219871846,3.828217255,10.24656245
ENSG00000082213,4.100687493,4.036953607,6.791242597
ENSG00000082258,7.845147078,12.05696588,4.917817221
ENSG00000082269,5.566177487,5.996783563,4.133727365
ENSG00000082438,2.49299608,4.160551704,6.941325415
ENSG00000082458,19.35009067,14.9948081,23.43965404
ENSG00000082497,3.605964572,2.154664983,1.216564992
ENSG00000082512,22.18706031,24.19779412,5.650073392
ENSG00000082515,3.877959756,3.148947715,6.398964309
ENSG00000082516,4.418565339,3.960355664,6.438715278
ENSG00000082641,32.0241368,28.7627768,25.44951802
ENSG00000082701,17.82197178,19.33354027,14.05926424
ENSG00000082781,12.26292769,9.283193565,8.557334169
ENSG00000082805,3.362713159,2.872041181,4.412248729
ENSG00000082898,22.50416374,21.23248845,22.63318458
ENSG00000083093,3.386671925,5.437972753,9.141015834
ENSG00000083097,6.602263428,11.36980806,3.320511363
ENSG00000083099,5.251182207,4.630097491,6.789258402
ENSG00000083123,10.3384549,6.662025325,4.894692799
ENSG00000083168,7.193642303,6.63529491,7.866999701
ENSG00000083223,9.471075916,10.16960252,7.425644596
ENSG00000083290,3.580802233,2.315463861,1.624663424
ENSG00000083307,8.22639655,8.499274943,5.357636471
ENSG00000083312,17.87342459,17.603172,22.22526759
ENSG00000083444,20.78221248,17.47221566,16.64718241
ENSG00000083457,1.457037804,1.424454115,3.00270525
ENSG00000083520,6.860752198,7.364272357,9.80457076
ENSG00000083535,3.330969312,2.069315543,2.003548214
ENSG00000083544,2.383883829,2.437165216,2.076629713
ENSG00000083635,1.729918249,1.284971897,2.410874774
ENSG00000083642,4.61426028,3.794868478,5.855243309
ENSG00000083750,4.246357038,5.824495029,2.854274925
ENSG00000083799,1.494653478,2.052864973,4.40001469
ENSG00000083807,0.841534276,0.743958681,1.005552066
ENSG00000083812,1.712417815,1.640725488,2.320780267
ENSG00000083817,0.705537502,0.798226768,1.011935753
ENSG00000083828,2.534945318,4.316102438,0.236509806
ENSG00000083838,1.882750328,2.368164132,0.941864132
ENSG00000083845,48.85005212,36.16646004,33.55556793
ENSG00000083857,38.07461288,43.97371687,61.63874051
ENSG00000083896,14.17158475,17.49806226,14.81363542
ENSG00000083937,17.84296878,13.36526712,18.71714731
ENSG00000084070,9.11312273,6.548061759,8.928657713
ENSG00000084072,7.566026379,8.649005992,6.531667355
ENSG00000084073,5.241032971,4.802023293,19.73088166
ENSG00000084090,12.8156217,11.29410861,25.61394381
ENSG00000084092,7.606081636,6.698013802,5.367708832
ENSG00000084093,7.953405188,8.772537194,8.098107863
ENSG00000084112,5.68974634,5.272664358,8.744166527
ENSG00000084207,30.1896575,24.92683734,36.22095074
ENSG00000084234,86.48997601,71.66647904,104.5457307
ENSG00000084444,4.167571669,2.762934544,2.357535722
ENSG00000084463,12.38216925,13.3565032,31.7367599
ENSG00000084623,17.61812427,13.02828863,25.4435085
ENSG00000084636,7.292202104,10.85513956,1.53381604
ENSG00000084652,10.98719845,13.70003151,16.74255178
ENSG00000084676,3.209606851,3.852175088,3.743954902
ENSG00000084693,5.095492751,5.314575759,2.975962122
ENSG00000084710,2.024843765,1.757872731,1.118053376
ENSG00000084731,3.520421752,3.84319672,3.620356483
ENSG00000084733,27.120542,22.81716596,32.33716143
ENSG00000084754,23.17359343,17.03516418,35.55471104
ENSG00000084764,9.599900054,9.848074508,5.528589599
ENSG00000084774,6.528493571,6.525203383,6.106825495
ENSG00000085117,5.557814004,6.557466455,7.391121
ENSG00000085185,1.923851437,1.767204454,2.726871856
ENSG00000085224,10.95286948,12.64428879,15.42729162
ENSG00000085231,3.054948104,2.808027916,5.339360467
ENSG00000085274,2.749201741,2.932850322,2.566756111
ENSG00000085276,16.4653414,20.00703769,10.26087666
ENSG00000085365,10.43456423,6.362592285,5.986737296
ENSG00000085377,17.46622882,16.78257334,10.20833741
ENSG00000085382,3.607290697,2.222992826,1.314000847
ENSG00000085415,3.869353727,4.192707189,4.611212115
ENSG00000085433,2.625660812,2.865425016,3.840542116
ENSG00000085465,1.581592743,2.253336741,1.242711192
ENSG00000085491,13.16966912,10.31302121,14.05974322
ENSG00000085511,4.893432771,7.248793852,3.954374926
ENSG00000085552,1.903737045,2.988630073,1.798907778
ENSG00000085563,5.607177937,4.255256408,18.9959096
ENSG00000085719,9.770325884,8.147670377,8.517735043
ENSG00000085733,45.40060968,45.98940217,22.36531752
ENSG00000085760,7.60671096,8.983845487,10.72794847
ENSG00000085788,9.586460388,10.21142842,4.406677568
ENSG00000085831,1.065909881,0.707319075,5.296983041
ENSG00000085832,5.336600855,4.781549849,5.481299952
ENSG00000085840,2.976259537,0.711493965,9.286970554
ENSG00000085871,4.989368775,4.251825604,6.220096046
ENSG00000085978,6.459619387,8.251992756,9.600222229
ENSG00000085982,10.13397883,10.88225523,2.909830475
ENSG00000085998,10.10744481,8.255547769,4.493670491
ENSG00000085999,2.388332252,1.140310771,6.581150738
ENSG00000086015,19.27197452,11.59634736,10.41388723
ENSG00000086061,9.170534283,9.247218874,37.66033102
ENSG00000086062,13.73513498,9.283188898,17.4305727
ENSG00000086065,10.16499539,11.22949909,12.92428296
ENSG00000086102,7.871365218,11.58293746,6.075495021
ENSG00000086200,1.755718323,0.908167411,2.675468538
ENSG00000086232,19.86013351,15.97499442,31.99122889
ENSG00000086475,5.628434088,4.793920138,7.902494748
ENSG00000086504,4.650853481,4.497086304,4.500201155
ENSG00000086544,2.15216853,2.273943084,3.139025699
ENSG00000086589,7.032531222,7.222605439,6.956865536
ENSG00000086598,25.96004129,19.47469077,67.24079809
ENSG00000086666,8.25528307,8.061097909,8.173690537
ENSG00000086712,2.471426207,3.215132319,6.042684847
ENSG00000086730,0.153800767,0.355921742,0.910918514
ENSG00000086758,21.81714057,25.68638801,32.6149785
ENSG00000086827,4.573419622,4.619011012,7.177727691
ENSG00000086848,1.451438646,1.723129767,1.424265771
ENSG00000087008,4.366366902,4.062738089,2.674970486
ENSG00000087053,3.802136862,3.736019514,8.682040437
ENSG00000087074,5.484560929,4.326701295,7.411000208
ENSG00000087077,5.244510724,7.627248326,4.150416987
ENSG00000087086,37.43070885,34.43788686,80.99711073
ENSG00000087087,13.58877482,22.79637845,22.48127956
ENSG00000087088,14.69534526,29.5563406,6.02831291
ENSG00000087095,3.657877116,4.678123586,4.479450425
ENSG00000087152,8.839974573,9.48841131,9.475065079
ENSG00000087157,4.556368382,5.715402722,3.304418369
ENSG00000087191,5.925735368,6.534670416,9.288074381
ENSG00000087206,2.289987961,2.341074013,2.719933316
ENSG00000087253,4.43045382,2.999074538,12.15549893
ENSG00000087266,16.45845533,18.80390427,5.722855891
ENSG00000087269,1.134068297,0.759335488,1.527059688
ENSG00000087274,21.31320139,21.18032059,13.43354952
ENSG00000087299,4.385359203,2.601829975,6.022380787
ENSG00000087301,4.67477406,2.298308772,5.490806459
ENSG00000087302,7.950595997,6.500360004,9.713042833
ENSG00000087338,5.764773998,3.948844336,5.980098263
ENSG00000087365,21.66510948,20.39414481,27.60001787
ENSG00000087448,3.538396608,5.18433985,6.715116226
ENSG00000087460,46.53587007,41.0198978,60.91095608
ENSG00000087470,2.841947225,2.313034254,4.755644773
ENSG00000087502,4.286331086,4.119197085,8.966942675
ENSG00000087510,3.125458468,2.417918623,8.034698049
ENSG00000087586,5.490976266,3.767748504,24.05691078
ENSG00000087842,1.802547039,1.128916247,4.786940846
ENSG00000087903,0.829945296,0.514396922,0.517857012
ENSG00000087995,3.48923571,2.714749064,4.040904084
ENSG00000088035,3.277024093,2.448524417,3.391971719
ENSG00000088038,8.026325288,12.70494678,7.19044994
ENSG00000088179,4.165722463,4.329329224,4.449945888
ENSG00000088205,14.64940278,13.5052906,20.75166668
ENSG00000088247,26.75440326,22.32495427,37.49382769
ENSG00000088256,10.2101876,9.326923843,11.29294149
ENSG00000088280,1.007942011,0.5767768,0.333972359
ENSG00000088298,5.592475509,7.465751325,5.161055651
ENSG00000088305,1.37803501,1.174255689,1.394686692
ENSG00000088325,9.860436023,4.605681483,40.31740566
ENSG00000088340,11.71231129,15.97690177,5.708617199
ENSG00000088356,2.384842146,2.343775968,12.2654678
ENSG00000088367,7.900091972,8.757319021,14.44237223
ENSG00000088386,1.422935284,1.013782352,0.401462682
ENSG00000088387,9.426685966,10.02273933,9.195792805
ENSG00000088448,19.61983267,25.47166593,8.766950047
ENSG00000088451,4.265318941,4.450660246,4.14337125
ENSG00000088682,10.82220891,17.77507549,10.44132273
ENSG00000088727,1.435682385,1.240369724,1.29202528
ENSG00000088808,5.643787482,7.980250285,2.750846584
ENSG00000088812,11.56764035,10.85523132,14.08840073
ENSG00000088826,4.177515647,3.996096675,7.990928254
ENSG00000088833,7.784265986,7.229129702,11.19696305
ENSG00000088836,4.419367574,9.662854843,1.622221261
ENSG00000088888,15.30557092,18.3211624,17.18617294
ENSG00000088899,12.37607466,16.08122935,9.723998706
ENSG00000088930,10.89222248,10.65827438,20.29021061
ENSG00000088970,5.927433975,5.661072376,2.000845401
ENSG00000088986,10.09894343,9.055530475,19.70112674
ENSG00000088992,12.62911036,8.985163206,10.19575524
ENSG00000089006,13.82354983,10.34993484,24.76743955
ENSG00000089009,82.42047703,65.59337084,93.69572322
ENSG00000089022,5.005789692,8.956254364,10.78473269
ENSG00000089048,4.489234879,5.988613999,15.43064887
ENSG00000089050,5.777854556,4.370132898,9.4194773
ENSG00000089053,10.31510912,10.27177384,17.51358686
ENSG00000089057,3.791536816,3.75171573,7.180871021
ENSG00000089060,5.886403291,7.218505054,4.798596419
ENSG00000089063,11.33001677,8.237465774,13.20691737
ENSG00000089091,4.096174955,6.288396401,1.018270565
ENSG00000089094,3.753600557,4.515661011,4.56999092
ENSG00000089123,2.740018774,1.96956197,4.116732057
ENSG00000089127,1.321816213,0.913595279,23.30222363
ENSG00000089154,17.59304852,25.70279656,18.22277659
ENSG00000089157,175.7689346,139.4689405,156.8519436
ENSG00000089159,14.44369714,13.30356722,10.19382324
ENSG00000089177,5.811676686,5.143510899,9.951534999
ENSG00000089195,2.747825283,2.909966393,18.74023054
ENSG00000089220,21.45123324,17.41093325,55.18608493
ENSG00000089234,4.057732108,4.446268072,8.991884954
ENSG00000089248,16.24626267,15.08119985,24.25888246
ENSG00000089280,31.31718546,35.49009414,41.76345685
ENSG00000089289,8.854760079,6.975539966,8.146583674
ENSG00000089327,2.319615386,2.455394362,9.778455961
ENSG00000089335,5.976320434,7.51859247,3.204823455
ENSG00000089351,6.434914699,7.158844437,4.388603214
ENSG00000089472,25.61338765,26.32497497,43.89278787
ENSG00000089486,3.291080861,3.223572948,0.257648079
ENSG00000089597,69.01661402,60.91978984,48.38212168
ENSG00000089639,4.91304296,7.670818215,4.658351014
ENSG00000089682,5.426426211,5.853665541,7.974775842
ENSG00000089685,5.298510945,1.526733167,19.35316672
ENSG00000089693,18.89321132,15.82122468,35.22555957
ENSG00000089723,7.97004413,7.057735088,7.251212365
ENSG00000089737,15.23171576,16.33325994,20.64820929
ENSG00000089775,6.630951681,4.601706277,1.925551584
ENSG00000089820,0.330175133,0.390999572,9.712831743
ENSG00000089876,6.568045053,5.94077009,3.733380688
ENSG00000089902,12.59157407,11.32455893,7.064567606
ENSG00000089916,13.42064999,14.36300531,5.307823798
ENSG00000090006,6.184770461,4.755881274,1.161362156
ENSG00000090013,5.517284261,4.312113314,7.378061578
ENSG00000090020,5.636333886,4.404755834,6.846911115
ENSG00000090054,13.78412492,12.8285702,19.42660035
ENSG00000090060,25.66360897,24.02437289,24.34595927
ENSG00000090061,4.139886028,3.952467637,4.412055189
ENSG00000090097,2.706290295,2.540459463,2.200726204
ENSG00000090238,1.794390181,2.476329504,0.360123631
ENSG00000090263,4.041051481,2.851491628,9.74502936
ENSG00000090266,5.34160606,4.653170166,6.650948774
ENSG00000090273,10.32608546,12.32282,19.54039346
ENSG00000090316,7.388308438,12.44916353,10.24916803
ENSG00000090372,10.89154565,11.2987117,8.515271526
ENSG00000090382,177.5808415,213.9307122,102.0471855
ENSG00000090432,4.322216641,4.019392775,9.401342308
ENSG00000090447,1.774884163,2.055042111,2.381690725
ENSG00000090470,5.781661629,5.806615101,5.51202034
ENSG00000090487,12.7560546,13.2983722,15.23334083
ENSG00000090520,4.330352267,5.586357243,9.541570195
ENSG00000090565,9.906056093,11.50023103,6.833781491
ENSG00000090581,7.091369163,7.3836415,6.351933306
ENSG00000090612,3.47188587,4.687341959,6.343232305
ENSG00000090615,7.769653173,10.43752261,10.76979813
ENSG00000090621,17.566706,20.91330174,10.09122987
ENSG00000090674,1.887651427,2.354750783,2.791593891
ENSG00000090686,11.8316147,13.21250692,8.22578915
ENSG00000090776,17.89771269,16.38597727,25.99665682
ENSG00000090857,1.382237261,3.673862172,1.534904122
ENSG00000090861,18.70351796,11.11946117,27.63802014
ENSG00000090863,35.20864584,32.78393464,29.62111158
ENSG00000090889,4.563608821,1.66671546,17.92795431
ENSG00000090905,6.903731099,9.78769725,4.828469021
ENSG00000090924,4.505458504,4.575234824,1.171979848
ENSG00000090971,2.002618127,2.046268883,0.286580938
ENSG00000090975,1.96387525,1.981184047,1.687662713
ENSG00000090989,9.479311593,8.107990906,4.873037363
ENSG00000091039,9.490835731,7.618423164,14.0562908
ENSG00000091073,13.04185266,22.29222436,4.981663138
ENSG00000091127,4.948683082,4.59673289,8.187545224
ENSG00000091129,3.114086944,3.152860882,23.19029377
ENSG00000091136,27.72237721,22.14728755,21.85580339
ENSG00000091138,0.428095087,0.266514103,2.846526371
ENSG00000091140,11.02444639,10.86428683,28.57109842
ENSG00000091157,2.3805661,1.994935888,2.146147229
ENSG00000091164,8.286730694,7.178648441,10.0947672
ENSG00000091262,1.214234103,1.796096718,2.594626019
ENSG00000091317,16.10743343,15.01518526,20.6042953
ENSG00000091409,20.19742226,18.895314,21.66954525
ENSG00000091428,0.290768153,0.430648391,1.081855713
ENSG00000091436,0.746248519,0.653440143,0.836182022
ENSG00000091483,6.828379369,4.260444437,14.90743004
ENSG00000091490,17.95654142,11.47430229,20.25603191
ENSG00000091527,21.47052312,16.41608885,29.89729866
ENSG00000091542,15.94743042,16.36484717,13.7053899
ENSG00000091640,5.178849507,4.272871308,1.837072565
ENSG00000091651,2.953646232,1.427105674,20.95370244
ENSG00000091732,1.45304287,1.867743317,1.933964501
ENSG00000091947,4.753968954,4.143440817,3.32883285
ENSG00000092010,14.79702619,10.84880061,10.05656649
ENSG00000092068,2.092709617,2.385390548,11.82154509
ENSG00000092094,4.597632387,6.023095681,2.048104358
ENSG00000092108,6.487734797,6.102497063,3.589360833
ENSG00000092140,4.870299166,3.055472617,3.583764962
ENSG00000092148,8.002798285,7.840288157,5.052170041
ENSG00000092199,34.21267523,62.56261734,102.7505995
ENSG00000092201,18.27241551,17.38456692,29.01804323
ENSG00000092203,9.707275553,10.17457839,6.697764812
ENSG00000092208,1.466388305,1.399718347,1.718083891
ENSG00000092330,4.456782647,3.478553571,3.337989243
ENSG00000092439,9.530021599,9.117289545,10.04909657
ENSG00000092445,0.416727435,0.321954491,4.293720267
ENSG00000092470,2.134642909,0.259346598,6.080843779
ENSG00000092621,16.35772017,4.938004893,12.0462576
ENSG00000092820,30.94299018,27.98604341,31.48048994
ENSG00000092841,33.74676012,27.61850568,41.5040181
ENSG00000092847,8.262981381,11.38882042,6.762828867
ENSG00000092853,1.965466309,0.386904519,13.58546029
ENSG00000092871,3.518979236,3.827827768,4.722621008
ENSG00000092931,2.568288504,1.349742087,2.881204054
ENSG00000092964,16.19658191,12.67763699,6.498878091
ENSG00000092969,1.136733588,0.537495436,0.424575355
ENSG00000092978,3.306660646,3.684747958,5.724249361
ENSG00000093000,10.04812992,10.30011244,20.27176295
ENSG00000093009,2.633454977,0.586726583,7.31559695
ENSG00000093010,11.98384029,10.35991371,15.87200841
ENSG00000093144,7.903332993,7.309744589,12.8782321
ENSG00000093167,5.240446113,4.757929759,6.803943188
ENSG00000093183,5.595255243,4.788091067,5.923801864
ENSG00000093217,2.16860852,1.876469789,2.333716827
ENSG00000094631,11.8306791,12.00091979,4.922151244
ENSG00000094804,4.032508419,1.162391716,27.07473118
ENSG00000094841,2.557637892,1.566679091,5.568940294
ENSG00000094880,6.949526965,7.038040494,9.150937058
ENSG00000094914,5.941646232,5.792104121,4.389595125
ENSG00000094916,20.59096855,14.00597366,38.51892368
ENSG00000094975,8.357676115,8.051005661,13.50131042
ENSG00000095002,6.252394702,3.286239442,12.11344773
ENSG00000095015,5.532811034,6.361130307,3.874101046
ENSG00000095066,16.64846257,16.92763842,6.202587779
ENSG00000095139,22.17384508,17.50082133,24.96765519
ENSG00000095203,13.63460402,11.10327824,17.15034123
ENSG00000095209,2.359414149,1.267598518,8.936707333
ENSG00000095261,5.377175246,5.113624158,8.933769014
ENSG00000095319,11.75316282,8.3015664,11.35603188
ENSG00000095321,6.434969072,6.000546491,2.283664254
ENSG00000095380,4.832231598,3.944416787,6.095914493
ENSG00000095383,4.095790736,3.535882944,2.587085397
ENSG00000095397,2.300160428,3.928484432,0.581109939
ENSG00000095485,3.597311222,3.614940417,3.678293059
ENSG00000095564,23.00481761,22.62773347,4.888416969
ENSG00000095574,1.525753703,2.071437637,0.926831626
ENSG00000095585,5.570159641,9.028454035,1.115620188
ENSG00000095637,5.647934633,5.298084175,3.308799924
ENSG00000095739,0.755245244,0.680869985,10.26270757
ENSG00000095787,19.03685958,19.48718588,15.58494656
ENSG00000095794,1.204606294,0.866217027,1.639740168
ENSG00000095932,2.409844986,1.795352651,1.24376773
ENSG00000095951,1.68532617,1.554250371,2.641552386
ENSG00000096060,2.010796305,0.743366237,7.719414041
ENSG00000096063,7.575415862,7.818389039,11.55378896
ENSG00000096070,7.719997206,9.062919367,7.413012445
ENSG00000096080,2.525709797,2.272277712,4.911332804
ENSG00000096092,4.81112973,4.044507613,6.189724
ENSG00000096093,5.489085224,5.158653139,1.232366762
ENSG00000096384,114.8359507,85.46307191,155.4315344
ENSG00000096401,10.40337781,8.74582559,9.739713114
ENSG00000096433,33.94681076,34.48222933,13.01922695
ENSG00000096654,2.375204763,1.601621766,2.78156812
ENSG00000096696,52.4455078,59.73830265,44.12224699
ENSG00000096717,3.254088224,3.497760959,3.459264612
ENSG00000096746,11.97276906,12.63351236,9.592521432
ENSG00000096872,3.684045726,3.212837493,3.708444271
ENSG00000096968,1.765219133,2.259254756,1.845502671
ENSG00000097007,13.42490051,14.23778847,9.560429491
ENSG00000097021,4.27511865,2.52343834,6.897957766
ENSG00000097033,15.11437281,12.04400514,17.49927845
ENSG00000097046,6.87427082,4.939212383,5.762912875
ENSG00000097096,2.296384384,2.255758498,3.611602468
ENSG00000099139,4.373616669,5.343104735,1.006006509
ENSG00000099194,278.755665,188.8344303,229.5171365
ENSG00000099203,1.617187077,1.190556672,1.880576656
ENSG00000099204,29.29683875,28.07281576,17.58306382
ENSG00000099219,22.43162847,21.00715222,23.79211593
ENSG00000099246,8.495204372,6.196825373,13.12266208
ENSG00000099250,9.585095544,6.395226571,7.443077626
ENSG00000099256,2.954832153,1.173798685,2.857016677
ENSG00000099282,14.94873912,16.32073712,6.305362954
ENSG00000099290,7.527086809,9.427082596,5.177174614
ENSG00000099308,2.367759859,3.497689025,1.588139684
ENSG00000099330,2.670854744,2.64186022,0.863365954
ENSG00000099331,8.388380379,10.98883489,7.379079032
ENSG00000099337,4.312786449,3.418576659,3.832960851
ENSG00000099341,11.30380574,8.365381316,16.0465626
ENSG00000099364,6.983750186,7.522007474,4.823804775
ENSG00000099377,0.769331222,0.731673135,1.629082532
ENSG00000099381,4.597880297,6.519024434,7.240939369
ENSG00000099385,1.009327138,1.308024849,0.692551501
ENSG00000099622,34.02317677,36.84859809,16.52193531
ENSG00000099624,6.176733272,4.028835515,2.796065458
ENSG00000099783,19.50666852,18.56589064,32.91923034
ENSG00000099785,1.198842633,1.205908989,1.20767596
ENSG00000099795,5.207455165,5.411400345,5.737352328
ENSG00000099797,16.29652271,13.52730362,17.73641493
ENSG00000099800,4.225143313,3.919570704,8.213392068
ENSG00000099804,6.470007608,17.30386153,9.402389546
ENSG00000099812,15.88625868,12.85903478,16.82157625
ENSG00000099814,14.8823639,27.31457408,10.1454649
ENSG00000099817,12.28933756,9.449553,15.91413521
ENSG00000099821,8.462957809,17.91011196,4.319820034
ENSG00000099834,9.97242757,10.8680555,4.707614011
ENSG00000099840,1.474035343,1.7729936,0.262726523
ENSG00000099849,20.65622836,25.08413877,6.013607374
ENSG00000099860,1.58933441,0.576011644,2.376817453
ENSG00000099875,62.81626196,57.46856099,34.15854888
ENSG00000099889,16.49684679,36.53726192,2.081344277
ENSG00000099899,3.722790055,4.950295352,2.737486286
ENSG00000099901,7.920335615,4.823205496,26.1692766
ENSG00000099904,5.94050307,7.530987899,2.506392869
ENSG00000099910,2.704980642,2.434076157,2.329439141
ENSG00000099917,15.51104118,21.9380405,7.113307311
ENSG00000099940,3.658126892,3.254939663,5.967020907
ENSG00000099942,18.0123702,17.09097934,16.45785737
ENSG00000099949,1.124851405,1.848638637,0.768235595
ENSG00000099953,1.783875804,1.895669014,0.28445288
ENSG00000099956,13.09376593,11.21930635,7.93130165
ENSG00000099968,8.416001141,6.352124021,6.399620293
ENSG00000099974,0.593560358,0.443779098,0.25482105
ENSG00000099991,15.34878509,16.91832079,9.301173636
ENSG00000099992,1.19142321,1.982309574,1.168489613
ENSG00000099995,17.95195974,19.16947967,15.64934815
ENSG00000099999,2.868097614,4.565392543,0.469067164
ENSG00000100023,10.22439055,12.80353576,3.670154879
ENSG00000100029,7.677220286,6.545692311,11.95175787
ENSG00000100030,16.83182798,14.85570322,22.13621443
ENSG00000100034,4.493017127,4.875362578,2.679556979
ENSG00000100036,0.968018348,0.934195605,4.160004429
ENSG00000100056,2.2456169,2.844412306,4.288880863
ENSG00000100058,4.54515936,4.748908073,2.40277596
ENSG00000100065,14.04976417,20.51777458,3.753483647
ENSG00000100068,4.740723555,13.44802955,1.904180308
ENSG00000100075,18.51827408,12.30471798,15.144695
ENSG00000100077,6.673488691,7.394631308,5.487732812
ENSG00000100083,10.26378526,16.30164356,4.48874245
ENSG00000100084,1.123608398,0.999990292,1.712530466
ENSG00000100099,11.81105061,18.31841648,6.873689298
ENSG00000100100,7.929423929,17.67871649,2.388016761
ENSG00000100104,1.968904613,1.666637161,2.05675213
ENSG00000100105,7.762035814,11.9481046,3.412022861
ENSG00000100106,19.27213216,13.89527317,5.204290106
ENSG00000100109,4.621262089,5.402476827,5.992949335
ENSG00000100116,2.333293951,1.825848284,0.779364592
ENSG00000100124,3.201175001,3.040532095,3.290285832
ENSG00000100129,23.66568256,18.80925749,10.58034543
ENSG00000100138,10.77555729,9.742035038,11.13042766
ENSG00000100139,4.5922969,9.434125223,3.835739179
ENSG00000100142,2.751926142,2.579280921,6.028179941
ENSG00000100147,4.832159246,7.530691192,5.283393358
ENSG00000100151,3.049493549,5.337525372,1.20376601
ENSG00000100154,1.105377883,1.138955401,0.250425615
ENSG00000100162,1.666137371,0.466856181,5.245185674
ENSG00000100167,1.080890641,0.718814477,1.557255415
ENSG00000100170,5.041998147,8.337057325,8.57788892
ENSG00000100196,2.323993715,0.808238133,3.328928958
ENSG00000100201,71.28113634,75.53810085,30.1162197
ENSG00000100207,11.69067287,11.65081574,13.34924404
ENSG00000100209,1.601185912,1.727632454,1.471083468
ENSG00000100211,1.580106029,1.409312211,0.335946938
ENSG00000100216,4.565319724,4.410769611,9.868695673
ENSG00000100219,26.92319632,21.49306495,25.95541832
ENSG00000100220,6.376173625,7.095437803,16.61837507
ENSG00000100221,9.192427519,6.775176979,10.07964629
ENSG00000100225,10.96176186,11.04226277,7.845098632
ENSG00000100226,6.832025956,6.285468853,6.039651564
ENSG00000100228,3.707102955,3.795423232,3.527106001
ENSG00000100239,8.816630795,9.820238174,4.745875267
ENSG00000100241,25.83192611,49.39290044,11.00204159
ENSG00000100242,5.888651772,4.793788823,1.604706034
ENSG00000100243,6.528169702,5.961872041,2.966253634
ENSG00000100258,7.7451402,6.370024854,6.172423721
ENSG00000100263,2.465485801,3.014396213,2.31259352
ENSG00000100266,21.13225633,18.8589396,12.24976476
ENSG00000100271,1.642811489,1.229233049,0.291065641
ENSG00000100280,16.07921634,15.3645335,17.30565351
ENSG00000100281,8.827141056,7.556084114,7.884250275
ENSG00000100284,6.60837695,7.007495077,4.555847673
ENSG00000100290,6.556194066,9.579530206,2.645674151
ENSG00000100292,1.048496418,1.039508252,3.52044984
ENSG00000100294,3.104895989,3.140132379,3.186849473
ENSG00000100296,2.135059011,2.466152634,2.777184253
ENSG00000100297,4.357314814,2.368725743,9.089649536
ENSG00000100299,6.18989728,7.538558268,3.272306702
ENSG00000100300,16.09034148,11.00497786,5.31637783
ENSG00000100304,11.18641684,7.010988916,12.44201453
ENSG00000100307,1.183712871,1.348877767,1.012464066
ENSG00000100311,4.570558365,2.047043337,0.660788732
ENSG00000100316,155.26811,71.95702036,56.37466395
ENSG00000100319,1.663105814,1.350011256,1.019981404
ENSG00000100320,21.42677422,21.14795953,9.896309185
ENSG00000100324,6.286464248,7.899472822,4.296609758
ENSG00000100325,7.855977635,11.58751293,7.208861497
ENSG00000100330,0.771619816,1.341137612,0.617616488
ENSG00000100335,7.065019613,7.925602987,13.95677593
ENSG00000100342,2.721334565,3.238441187,79.31885483
ENSG00000100344,7.107424947,5.689279114,2.303433338
ENSG00000100345,179.7295458,211.164322,101.0779282
ENSG00000100347,5.14166177,5.876879609,8.069189006
ENSG00000100348,8.069127575,7.67680343,8.038282544
ENSG00000100350,3.963966418,2.745144009,8.667888712
ENSG00000100353,25.65364958,19.50050756,19.59402855
ENSG00000100354,5.312945464,6.565906769,4.612907558
ENSG00000100360,6.629533568,6.77991621,2.257218621
ENSG00000100364,8.511431865,8.325907759,8.676485588
ENSG00000100372,2.786163774,2.442015272,4.793310513
ENSG00000100373,0.783375711,0.732490355,0.874934544
ENSG00000100376,6.679295524,8.648065907,5.076360272
ENSG00000100379,2.074860124,2.384043992,3.69323826
ENSG00000100380,25.34907474,19.05322454,38.28586955
ENSG00000100387,4.967978672,4.497264842,5.403264058
ENSG00000100393,6.736672463,9.908511252,4.040188601
ENSG00000100401,7.306116105,6.317907636,13.7246012
ENSG00000100403,13.83664852,19.09763947,10.99809948
ENSG00000100412,17.76288844,14.20912949,11.97945643
ENSG00000100413,2.963740696,3.216222803,4.282382695
ENSG00000100416,8.296159417,13.23614286,7.751292087
ENSG00000100417,2.120295056,1.931765429,2.131039088
ENSG00000100418,6.021170962,4.366590102,9.441059656
ENSG00000100422,8.456589695,6.67429772,1.596596874
ENSG00000100425,9.845497248,16.50128881,7.590556821
ENSG00000100426,9.38828786,8.329007601,7.291910835
ENSG00000100439,4.141306287,4.15427482,3.610355628
ENSG00000100441,27.5349077,26.92776915,11.33417839
ENSG00000100442,5.824976962,6.273896423,9.150773471
ENSG00000100445,1.998273797,2.986249077,1.330060145
ENSG00000100461,8.151114709,9.818623408,6.239316114
ENSG00000100462,6.034037264,5.494037906,3.898464435
ENSG00000100479,1.290365859,0.393466695,1.605726149
ENSG00000100483,1.47420927,2.471168253,1.550126582
ENSG00000100485,6.235200158,5.517084475,2.296052581
ENSG00000100490,0.231894267,0.492853567,0.177491259
ENSG00000100503,10.74254589,9.765292959,3.265900096
ENSG00000100519,8.408383635,7.533024734,8.179177238
ENSG00000100522,4.556894555,3.468870843,11.87786343
ENSG00000100523,4.913066896,6.483562053,3.806332971
ENSG00000100526,2.638076588,0.930494259,8.276017899
ENSG00000100528,12.98176354,8.721478316,12.92426479
ENSG00000100532,1.149796409,1.71124565,1.928931515
ENSG00000100554,5.970929116,4.305271743,9.109978987
ENSG00000100558,5.771714904,2.936617536,6.221445435
ENSG00000100564,2.742585044,3.13730155,1.581728404
ENSG00000100568,3.272477763,2.186727739,3.351981899
ENSG00000100577,3.881381383,2.252802347,0.581654243
ENSG00000100578,4.970764755,3.991115377,2.502601169
ENSG00000100580,5.659702813,4.508019783,6.583172832
ENSG00000100591,6.608735209,6.416495996,13.01172592
ENSG00000100592,8.577625745,7.019339886,4.240500191
ENSG00000100596,24.52898364,14.86074476,9.661908658
ENSG00000100599,4.889020821,4.773705719,1.535117319
ENSG00000100600,35.65104099,32.71049211,17.41810262
ENSG00000100601,1.691856768,1.673533378,2.954109747
ENSG00000100605,10.83730332,8.562672255,8.810753649
ENSG00000100614,8.028781059,9.901568807,7.581508248
ENSG00000100629,1.449466868,0.76894321,2.946553941
ENSG00000100632,8.733641807,7.526779064,16.69103165
ENSG00000100647,5.023233911,6.67916955,2.808914699
ENSG00000100650,27.24856316,26.92129989,15.62634225
ENSG00000100664,27.18751829,34.99732906,53.36672222
ENSG00000100697,15.36161324,19.60167946,8.618325002
ENSG00000100711,6.271651732,5.666473057,3.13791498
ENSG00000100714,7.76122986,4.272453885,9.528336254
ENSG00000100722,8.943048133,11.90869088,8.198307361
ENSG00000100726,5.440531272,7.10291176,6.169853489
ENSG00000100731,6.253330234,8.661120959,4.328679194
ENSG00000100744,7.402487012,6.2666729,10.62727178
ENSG00000100749,2.957106309,1.781566997,8.037764272
ENSG00000100764,8.615316824,8.456327669,17.45106485
ENSG00000100784,1.559173923,1.092956525,1.423928383
ENSG00000100796,15.32900793,21.42551019,10.72216022
ENSG00000100802,1.22122077,2.17450204,0.517177487
ENSG00000100804,10.4511073,8.035125722,10.65980769
ENSG00000100811,10.38172536,8.68331283,9.839003021
ENSG00000100813,29.03387817,42.8271449,16.12649651
ENSG00000100814,8.130370316,5.427398361,4.375640942
ENSG00000100815,9.298343135,9.900093756,5.688188207
ENSG00000100823,22.0979751,22.50395708,16.28477864
ENSG00000100852,15.06326964,16.10357622,11.67351824
ENSG00000100865,3.535184669,4.064958798,4.877642967
ENSG00000100883,9.995986398,9.431547182,11.39059661
ENSG00000100888,12.6481778,15.78416419,8.582603672
ENSG00000100897,6.176084853,5.794880232,5.765402022
ENSG00000100906,8.151318928,10.25621306,6.974039583
ENSG00000100908,1.39886001,1.668449995,1.644978725
ENSG00000100911,8.73048763,8.630717896,21.73577591
ENSG00000100916,1.348675289,1.317571426,2.293938887
ENSG00000100918,1.377495071,1.470121442,0.78385726
ENSG00000100934,10.54965212,9.600140459,7.986655077
ENSG00000100938,6.924604466,5.632126151,5.020409421
ENSG00000100941,20.28156031,24.66739503,18.73788351
ENSG00000100949,4.06238236,4.201190532,1.658607778
ENSG00000100968,5.233238578,5.034178684,0.134791289
ENSG00000100979,3.756186195,4.08982631,5.998647694
ENSG00000100982,5.878492176,5.190148734,2.777396522
ENSG00000100983,12.76609789,10.6646083,11.79165329
ENSG00000100991,14.20189535,12.0338869,11.88095929
ENSG00000100994,87.346394,106.9184763,62.24835406
ENSG00000100997,9.816675453,8.881598231,17.76595999
ENSG00000101000,0.759075619,0.765111302,13.80758466
ENSG00000101003,3.069691371,0.836110983,17.65904414
ENSG00000101019,9.294493984,8.407997993,10.09190984
ENSG00000101040,16.53874638,24.55619218,16.04132666
ENSG00000101049,6.18742814,4.870951651,10.19030493
ENSG00000101052,3.842336919,3.082931272,3.57587129
ENSG00000101057,6.122690174,0.734951643,41.69220854
ENSG00000101074,0.50882151,0.269754896,0.516317134
ENSG00000101076,16.69890238,16.66413933,22.58208824
ENSG00000101079,7.157218723,4.288928009,6.635238799
ENSG00000101104,11.02188968,10.55116941,2.5539576
ENSG00000101109,8.620253293,8.924477649,17.7604557
ENSG00000101126,15.97451001,15.54264226,20.55962669
ENSG00000101132,1.906907344,1.552107532,4.594853935
ENSG00000101138,5.828906709,6.974711956,11.8909898
ENSG00000101144,20.36392746,22.73490473,18.82984011
ENSG00000101146,5.631714174,6.009265086,14.65296205
ENSG00000101150,8.325515123,10.9194816,18.38507247
ENSG00000101152,17.59535536,21.52685962,24.54751471
ENSG00000101160,13.27805906,11.83124985,37.77647721
ENSG00000101161,8.973102648,9.511048188,11.22708353
ENSG00000101166,11.14240587,10.49102645,45.1255743
ENSG00000101181,2.977342908,4.365560809,9.62181275
ENSG00000101182,8.507989334,7.154812169,34.84959811
ENSG00000101187,22.16852858,35.14372666,20.83929973
ENSG00000101189,3.457387128,3.806960172,7.952980081
ENSG00000101190,3.778699598,3.272719699,6.323719224
ENSG00000101191,11.92385021,14.03878886,10.96509362
ENSG00000101193,8.964123554,9.365862276,17.70451857
ENSG00000101194,12.03444211,7.607748465,11.9161786
ENSG00000101199,11.97715522,13.77994149,12.06934073
ENSG00000101213,14.20791597,12.17928938,5.366567101
ENSG00000101216,4.414245727,4.895425534,6.196017702
ENSG00000101220,2.892521086,2.002539787,10.10157258
ENSG00000101224,7.111780007,4.283369957,39.02174058
ENSG00000101230,0.291892433,0.328934208,0.175385148
ENSG00000101236,5.167674478,5.517779968,7.282089458
ENSG00000101246,3.41190067,3.190047355,4.218390598
ENSG00000101247,3.746877485,6.258892418,4.149719753
ENSG00000101255,18.36950792,6.996148016,15.74338635
ENSG00000101266,21.03801262,15.01687061,26.54213707
ENSG00000101276,4.961108055,4.014600106,17.58376815
ENSG00000101290,8.205075243,9.116460492,9.293226155
ENSG00000101294,6.260481034,5.394854407,18.01024989
ENSG00000101298,1.598484915,3.872179734,2.470480641
ENSG00000101310,11.72506344,8.604279164,25.34925909
ENSG00000101311,21.55014652,23.95532117,40.600964
ENSG00000101333,12.57496267,10.00385372,20.91603069
ENSG00000101337,17.54154895,14.91512165,25.77602886
ENSG00000101342,0.889163565,0.571140185,0.920568905
ENSG00000101343,4.983276286,4.893964052,11.01572596
ENSG00000101346,9.294709596,7.350877029,18.24621696
ENSG00000101347,1.334977115,1.142483771,15.42321439
ENSG00000101350,10.26016629,10.69557789,24.40601215
ENSG00000101353,0.32555339,0.359853182,0.27482835
ENSG00000101361,11.79668471,11.68054003,44.41868989
ENSG00000101363,6.444664871,5.928059673,6.897658319
ENSG00000101365,9.68857812,9.159498952,17.30739748
ENSG00000101367,6.207642065,6.22327079,21.57585523
ENSG00000101384,19.99900796,20.54629512,41.18726792
ENSG00000101391,4.324620731,6.837252162,5.668446267
ENSG00000101400,1.056272937,0.576816766,1.122872934
ENSG00000101407,6.882099386,7.793880446,11.87847704
ENSG00000101412,2.493656104,0.342171779,14.85743532
ENSG00000101413,6.639518458,8.721202515,10.02193794
ENSG00000101417,2.857094035,2.568480808,6.149725301
ENSG00000101421,17.00427641,16.6198522,34.88200544
ENSG00000101439,14.74195098,12.48715818,25.4207882
ENSG00000101442,4.376749734,5.710513423,4.992383721
ENSG00000101444,15.06277146,8.460031623,24.69081913
ENSG00000101447,3.856181508,1.659045936,14.91190255
ENSG00000101452,2.588869356,3.600262254,4.989191562
ENSG00000101457,4.37839465,4.514563186,7.907510165
ENSG00000101460,5.738827495,11.22711621,2.224812976
ENSG00000101464,3.81707311,2.722816757,7.600966543
ENSG00000101473,2.356353739,3.179383646,2.929490055
ENSG00000101474,17.23247484,13.29058467,37.56857171
ENSG00000101493,6.324467193,7.788082311,2.081001853
ENSG00000101544,7.275478833,6.329274709,5.19187661
ENSG00000101557,9.241615755,7.602637993,13.40616241
ENSG00000101558,16.59727763,12.18078773,14.39131895
ENSG00000101574,3.332128341,2.117190409,2.59648554
ENSG00000101577,9.409564535,7.815676772,9.392268075
ENSG00000101596,1.562881068,1.247277839,0.675833354
ENSG00000101608,17.23981676,14.54957286,21.21384229
ENSG00000101639,9.862138878,10.46940035,4.262402503
ENSG00000101654,13.03601934,11.28237084,7.704281597
ENSG00000101665,1.527857679,1.404005674,2.583941789
ENSG00000101670,48.52634145,43.58170247,16.26431873
ENSG00000101745,7.761483198,9.34770379,3.875091869
ENSG00000101751,9.660252937,13.25353658,1.94433028
ENSG00000101752,13.58659762,13.49775114,6.473511065
ENSG00000101773,5.334002052,4.56656978,10.41517496
ENSG00000101782,13.76904062,14.99653074,10.03752435
ENSG00000101811,5.274772596,5.26021254,12.48662655
ENSG00000101843,5.27510013,3.933371618,15.99067123
ENSG00000101844,1.286949226,1.649478178,6.765298999
ENSG00000101846,25.08958612,20.73350021,10.73599986
ENSG00000101849,4.451318841,4.143664406,4.525375171
ENSG00000101856,19.26140676,13.54986088,42.90450343
ENSG00000101868,3.553543289,1.300492845,10.21486661
ENSG00000101871,7.273835042,7.115962136,9.621679992
ENSG00000101882,2.944771964,2.4796344,7.901728071
ENSG00000101888,2.433332162,1.43622307,5.258888234
ENSG00000101901,11.3856393,11.97682633,4.998449527
ENSG00000101911,10.79896146,5.533003572,31.55012546
ENSG00000101928,1.983395048,2.116763718,6.743945221
ENSG00000101935,3.343197238,3.536417681,9.302650307
ENSG00000101940,8.896348564,9.594854545,6.50579849
ENSG00000101966,8.104156146,7.549280736,17.74860378
ENSG00000101972,15.08791748,10.13284171,19.92894268
ENSG00000101974,2.774456579,2.607836595,4.676384261
ENSG00000101986,1.349780969,1.541214977,3.28860634
ENSG00000101997,3.051939777,3.030745661,3.797529251
ENSG00000102007,17.24974675,10.26904273,42.18716131
ENSG00000102024,11.0128989,9.429585886,31.29823526
ENSG00000102034,4.031832918,3.195517565,11.84111448
ENSG00000102043,0.571710302,0.585550631,1.450776476
ENSG00000102048,3.428891268,2.806502302,10.86675124
ENSG00000102053,0.403578949,0.473672222,0.356171998
ENSG00000102054,14.20658311,11.53961745,44.96992373
ENSG00000102057,0.992210831,1.335298693,0.283976967
ENSG00000102078,2.11005833,2.724262049,4.208965698
ENSG00000102081,5.057239927,6.182016081,14.32357966
ENSG00000102096,4.995919515,5.157257858,5.721795239
ENSG00000102098,0.607753662,0.501206833,3.538721715
ENSG00000102100,4.530583497,4.972205904,13.94441707
ENSG00000102103,3.397019249,3.727163624,11.05967681
ENSG00000102119,4.44288443,4.785997789,8.690588585
ENSG00000102125,3.655056178,4.254217166,2.921104045
ENSG00000102144,184.551734,142.9170396,211.2980656
ENSG00000102158,15.08294768,9.864355613,28.98180636
ENSG00000102172,13.70626642,11.65217646,33.97834145
ENSG00000102178,3.914846973,3.306950982,12.66477824
ENSG00000102181,4.038950714,5.319336926,9.82295142
ENSG00000102189,4.761712397,3.495452326,7.487605309
ENSG00000102218,3.833744665,3.760033246,13.97937808
ENSG00000102221,2.101847893,1.608063949,8.076048289
ENSG00000102225,14.48632858,12.87688831,21.28829498
ENSG00000102226,6.610139538,8.79039638,9.310317228
ENSG00000102241,8.790146784,8.216439924,30.97308893
ENSG00000102287,11.85638793,19.35551254,6.992605453
ENSG00000102309,3.449056493,3.790357765,10.80891864
ENSG00000102312,1.942854744,2.347695391,1.395510401
ENSG00000102316,7.817273924,7.530123472,9.474259626
ENSG00000102317,15.5458835,15.00654679,33.515331
ENSG00000102359,1.574465783,0.945124603,11.40460993
ENSG00000102362,3.112871111,2.758272806,4.370427823
ENSG00000102384,2.752193538,0.610731286,12.21389792
ENSG00000102390,3.235630074,2.825655715,11.44745508
ENSG00000102401,11.9567094,11.15054999,25.42839007
ENSG00000102445,26.03896937,45.27752721,9.52620055
ENSG00000102471,13.6582712,9.331276602,13.24570995
ENSG00000102524,0.371505481,0.7900683,0.293665601
ENSG00000102531,18.6060187,19.61307355,9.14717557
ENSG00000102543,2.558893571,2.900345845,2.345031576
ENSG00000102547,3.878615845,5.242170764,10.98037299
ENSG00000102554,46.49031872,38.40105529,24.88743395
ENSG00000102572,14.01110361,14.07007686,15.84739885
ENSG00000102580,12.11420548,9.965179005,15.91055935
ENSG00000102595,7.03332465,4.042416882,6.547470601
ENSG00000102606,11.97915825,15.70703734,6.664352406
ENSG00000102710,6.597727241,8.166822973,4.088719405
ENSG00000102738,5.019741978,5.217378295,3.115380706
ENSG00000102743,2.370205306,1.516740428,3.30215159
ENSG00000102753,3.535616254,3.215798718,10.7279031
ENSG00000102763,4.120599353,3.606868492,2.643616403
ENSG00000102780,5.681505662,6.388863277,3.162058722
ENSG00000102781,0.831858376,0.631045716,1.240188907
ENSG00000102786,4.115399494,3.581486382,3.531839997
ENSG00000102804,30.66387309,26.58173181,37.65871697
ENSG00000102854,5.137772988,3.746617189,3.85953552
ENSG00000102858,10.53923575,15.4434032,10.49308858
ENSG00000102870,6.958214114,11.25108078,11.19042052
ENSG00000102871,6.842340828,7.371304579,1.861419458
ENSG00000102878,1.416689907,2.720832255,0.671601227
ENSG00000102879,1.89252294,1.152717946,1.703366396
ENSG00000102882,8.909734824,5.372271902,7.199083895
ENSG00000102886,0.774002325,0.619536199,0.562653165
ENSG00000102890,6.512782725,10.93571522,2.597491739
ENSG00000102893,11.43113775,7.475858294,7.753042942
ENSG00000102897,4.612663582,4.130063532,7.957044324
ENSG00000102898,6.765562886,6.155646428,10.13212023
ENSG00000102900,3.660796953,2.649232424,9.642116576
ENSG00000102901,1.640006422,2.408725193,1.50127137
ENSG00000102908,12.00036374,17.63520506,8.594195712
ENSG00000102910,15.19692409,13.50159057,16.86664385
ENSG00000102921,4.718426616,4.406017345,4.846220301
ENSG00000102931,1.201813335,1.414023285,2.286213556
ENSG00000102934,1.654349413,1.080212587,0.541125926
ENSG00000102967,2.886888242,3.731658266,2.441001601
ENSG00000102974,7.387046126,7.516588122,10.61496017
ENSG00000102977,3.002697836,2.170940594,4.683874611
ENSG00000102978,6.352764711,5.857943723,11.84922914
ENSG00000102981,0.781566339,0.58040355,1.783050601
ENSG00000102996,11.6523094,9.614412939,9.63286709
ENSG00000103005,3.110717763,3.895663303,9.970011411
ENSG00000103018,24.40465802,21.86818525,64.8116396
ENSG00000103021,1.12839929,1.050609548,1.688682655
ENSG00000103024,3.457142113,3.20558015,1.216413431
ENSG00000103034,2.025990772,2.123276804,1.34842433
ENSG00000103035,6.290542566,7.39201688,24.84194445
ENSG00000103037,2.114184179,2.324075503,1.932664324
ENSG00000103042,2.019073292,2.959032702,4.105491303
ENSG00000103043,4.806007248,5.235264038,6.181153779
ENSG00000103044,3.631496894,1.886490957,9.482432815
ENSG00000103047,0.699879123,0.377916489,2.487776146
ENSG00000103051,9.169123202,8.888354315,9.880019905
ENSG00000103056,2.731720874,2.394566211,1.651016039
ENSG00000103061,2.379776406,3.037780774,2.846054012
ENSG00000103064,0.669521873,1.069079195,2.084371143
ENSG00000103066,1.374753864,1.645940588,2.559365308
ENSG00000103067,11.53303976,23.50550375,14.70211542
ENSG00000103089,11.07972034,7.586761196,6.18711446
ENSG00000103091,8.44531288,12.95218619,3.736325472
ENSG00000103111,7.663030536,8.706157088,10.80071532
ENSG00000103126,9.044273625,9.62035714,8.156613392
ENSG00000103145,2.590335572,1.963613571,0.929730739
ENSG00000103148,7.375700735,6.238924247,3.914298173
ENSG00000103150,0.467466105,0.565419715,0.419638833
ENSG00000103152,3.899668633,3.829718575,2.162092241
ENSG00000103160,4.658890455,5.604551676,5.593490495
ENSG00000103168,10.57845909,13.70902142,3.821334006
ENSG00000103187,18.78714478,13.81438172,21.86298997
ENSG00000103194,11.09189891,9.783428705,15.16376537
ENSG00000103196,1.672884379,1.455480542,0.851610397
ENSG00000103197,15.45451802,17.44881148,7.352300942
ENSG00000103199,2.117391036,2.306997943,0.816992073
ENSG00000103202,4.442342655,3.124131057,5.685818629
ENSG00000103222,13.90472782,20.24853351,12.55190737
ENSG00000103226,3.003235366,2.092981657,10.18543906
ENSG00000103227,2.839954292,2.913293364,0.954490707
ENSG00000103245,1.679952741,1.818530259,2.395176109
ENSG00000103248,6.024419088,7.135067639,4.663690432
ENSG00000103249,5.132110029,6.575056771,8.85851277
ENSG00000103253,0.55977272,0.592188112,0.558634743
ENSG00000103254,1.179730113,1.636255454,0.994999789
ENSG00000103257,13.50381861,5.017197316,11.62591212
ENSG00000103260,2.430023374,1.983909987,1.151919576
ENSG00000103264,2.503018301,3.68022377,3.018871607
ENSG00000103266,5.282194518,5.467022614,6.015428444
ENSG00000103269,2.085005678,2.928555034,0.18581179
ENSG00000103274,2.151458795,1.593232028,4.634730262
ENSG00000103275,11.8551281,13.21021441,19.67313461
ENSG00000103316,0.964956046,0.833681792,0.959311412
ENSG00000103319,7.647090994,7.555930135,3.856184816
ENSG00000103326,5.824299763,19.91300428,7.410997873
ENSG00000103335,16.83320406,14.66249772,10.59622751
ENSG00000103342,3.482133307,3.97458301,6.221683909
ENSG00000103351,2.389116602,2.557685582,1.333583677
ENSG00000103353,8.238684505,6.989049516,9.966852903
ENSG00000103356,5.069467637,4.737108863,7.509295309
ENSG00000103363,6.283291275,8.36999215,6.830362822
ENSG00000103365,12.90861798,14.53913313,13.00407354
ENSG00000103381,5.515385516,4.413068396,5.455888607
ENSG00000103404,1.816244531,1.966415134,4.562138456
ENSG00000103415,2.746034213,2.569790261,11.54426834
ENSG00000103423,9.949842679,19.5833303,20.17480512
ENSG00000103429,8.417586523,5.527154388,8.577973032
ENSG00000103460,9.774731507,10.05943823,5.859912542
ENSG00000103479,13.28033131,12.23326102,7.976624846
ENSG00000103485,15.89687149,13.32664938,32.31640786
ENSG00000103489,5.463758825,4.735987656,5.101332832
ENSG00000103490,0.893299863,0.873847152,0.827091959
ENSG00000103494,3.444501699,4.502011427,2.921001494
ENSG00000103495,2.993994963,3.059680983,4.192165382
ENSG00000103496,6.11134298,8.015093291,8.186367725
ENSG00000103502,5.101440231,4.590888215,6.689402237
ENSG00000103507,8.887070085,6.456648116,5.215705228
ENSG00000103510,6.173624999,9.399447294,5.366872498
ENSG00000103512,18.52630704,13.98031612,32.63838627
ENSG00000103534,8.920837772,9.297846559,6.070561569
ENSG00000103540,6.278413486,5.92812447,9.206812123
ENSG00000103544,4.724796985,4.478045211,0.918330269
ENSG00000103549,12.29492005,15.05662075,16.92797183
ENSG00000103591,5.743456294,5.660794229,14.6499119
ENSG00000103642,1.035292414,0.779036646,0.615372222
ENSG00000103653,6.666935782,8.188409971,7.44766975
ENSG00000103657,4.658495812,5.610878469,4.062221223
ENSG00000103671,3.673792922,3.59321198,3.217683366
ENSG00000103707,2.923784397,2.729111554,3.470978404
ENSG00000103769,28.45373273,19.51541014,23.05540085
ENSG00000103811,19.11596551,15.41407822,22.41061722
ENSG00000103852,3.292999481,3.056696867,2.854679844
ENSG00000103855,11.65705977,9.890806756,9.595105499
ENSG00000103876,3.080586078,2.440604381,2.300331016
ENSG00000103888,23.08009516,29.83242778,20.45677007
ENSG00000103932,8.242588944,9.823590325,4.363722838
ENSG00000103966,8.590812685,8.022637501,12.91455668
ENSG00000103978,8.599390372,9.578332252,10.19777027
ENSG00000103994,11.90454189,12.46872531,11.707983
ENSG00000103995,3.607653342,1.663914362,3.542045616
ENSG00000104047,5.398083434,8.050986253,3.884366459
ENSG00000104064,2.472128449,2.733969634,3.968974818
ENSG00000104067,7.91708605,9.33328727,9.12860361
ENSG00000104081,0.878708176,1.250900547,0.544898889
ENSG00000104093,4.006740645,3.010474624,2.584338787
ENSG00000104129,1.900645753,2.385661491,0.946705257
ENSG00000104131,2.335123175,1.618650995,6.876995069
ENSG00000104133,15.7148946,13.49876006,5.903580356
ENSG00000104140,2.386065536,2.358642585,5.693264773
ENSG00000104142,4.532221127,5.382798291,9.04724092
ENSG00000104205,1.239378599,0.989392808,0.558630071
ENSG00000104218,2.251357576,2.150293847,1.719962779
ENSG00000104219,0.332110521,0.367409909,1.696365628
ENSG00000104221,2.048141689,2.087467681,2.596861048
ENSG00000104228,1.873780491,2.789134407,5.327801748
ENSG00000104231,8.420383162,6.719673303,6.164958362
ENSG00000104290,6.283627899,6.868872986,6.152915352
ENSG00000104299,3.710729663,5.244394205,2.701746094
ENSG00000104312,4.951104727,3.679647972,4.725182164
ENSG00000104320,8.458497559,9.442998553,8.337618004
ENSG00000104325,6.368221066,6.105294418,6.4027488
ENSG00000104331,15.30981834,12.48707021,20.03662132
ENSG00000104341,10.59536791,7.684775153,20.54628818
ENSG00000104356,3.001457557,5.962892328,8.746095215
ENSG00000104361,5.177646023,3.775243503,6.157340952
ENSG00000104365,8.381954269,12.72398864,2.968106604
ENSG00000104369,8.317064305,11.7706919,9.103440373
ENSG00000104375,3.91278979,3.28106115,5.613164137
ENSG00000104381,1.992653359,1.732465432,1.287064651
ENSG00000104388,12.64940384,10.2399087,17.52579985
ENSG00000104408,37.12094853,27.02315762,29.92517339
ENSG00000104412,7.116792007,6.214510025,6.021391749
ENSG00000104413,24.89593288,19.94994188,11.81566657
ENSG00000104419,90.3880316,52.56188059,45.33981133
ENSG00000104442,6.235255107,4.995218599,10.8606506
ENSG00000104450,4.169095041,7.608313535,8.682345905
ENSG00000104472,4.415580676,2.475160507,5.00735934
ENSG00000104497,1.792105208,2.870027265,1.641794198
ENSG00000104517,13.16095632,16.76184116,9.440530329
ENSG00000104518,5.277923186,6.595151401,2.457743893
ENSG00000104522,3.132119293,3.842549087,4.755169658
ENSG00000104524,1.240513593,1.244094058,1.775978508
ENSG00000104529,13.2208675,33.72897969,15.14787756
ENSG00000104549,16.75061101,8.899673172,20.84221376
ENSG00000104611,5.997681018,4.73720705,9.61746048
ENSG00000104613,8.685163894,9.750425718,9.063102631
ENSG00000104626,4.030437403,2.989648946,8.804387062
ENSG00000104635,7.305825503,5.042390583,12.20524106
ENSG00000104643,1.202339696,1.748951795,1.121641378
ENSG00000104660,4.157712313,3.510927708,8.021473115
ENSG00000104671,1.911481955,1.838517983,1.841504069
ENSG00000104679,2.796216988,3.684753458,3.14148824
ENSG00000104687,12.61624387,9.415945232,19.06726714
ENSG00000104689,4.142771249,5.909582868,7.106056891
ENSG00000104691,1.125425723,1.247107245,1.239733249
ENSG00000104695,9.230430393,7.976906334,12.15052249
ENSG00000104714,5.477859085,5.225085432,4.541240821
ENSG00000104731,5.835793753,6.140520543,5.98499357
ENSG00000104738,6.864310244,1.451659894,22.59679828
ENSG00000104756,5.96849853,5.156533889,10.22332078
ENSG00000104763,24.5959776,22.52615586,39.56978627
ENSG00000104765,30.97456115,21.4639868,12.49989861
ENSG00000104774,8.637828714,8.511391017,4.20505181
ENSG00000104783,38.15237935,53.74728143,7.098571903
ENSG00000104805,14.86437639,13.29753278,9.874286984
ENSG00000104812,19.34935122,24.06775337,8.190762175
ENSG00000104823,11.92572118,8.520516606,4.685647614
ENSG00000104824,24.58153909,15.58963323,16.030913
ENSG00000104825,2.544489188,2.647576885,5.089971136
ENSG00000104852,36.52674174,31.35766969,20.43397397
ENSG00000104853,13.80182967,14.8066676,21.37528698
ENSG00000104856,3.208546339,2.729620924,2.302904654
ENSG00000104859,7.15594986,13.47484244,4.282828721
ENSG00000104863,0.48532172,0.689256545,0.445247898
ENSG00000104870,11.50159246,9.989921419,5.280442005
ENSG00000104872,7.017883889,6.960777612,3.797914205
ENSG00000104880,7.977135363,9.108039667,7.636093228
ENSG00000104881,11.21498189,9.045583562,2.490025273
ENSG00000104883,1.108355917,1.444662613,0.231561588
ENSG00000104884,4.659634784,4.559260689,2.088797271
ENSG00000104885,8.964622514,9.128624859,5.3214827
ENSG00000104886,5.129058916,4.461959449,5.829788313
ENSG00000104897,8.030055758,8.019886943,7.448761783
ENSG00000104907,6.648020899,12.21688646,4.853006786
ENSG00000104915,4.710919954,3.90983479,4.778865144
ENSG00000104936,4.097661396,8.451480657,2.140244313
ENSG00000104946,5.652188155,5.967922594,2.99044
ENSG00000104957,7.928461237,13.89210657,2.868176682
ENSG00000104960,4.961281258,9.913481304,1.604313482
ENSG00000104964,15.71060533,17.16151156,11.40816527
ENSG00000104969,8.733207449,8.382785156,14.80631978
ENSG00000104973,6.97387055,10.50292264,4.456660868
ENSG00000104976,2.372441472,1.831462014,3.303789189
ENSG00000104979,4.246953139,4.006912845,9.512035313
ENSG00000104980,5.46965141,4.818665077,7.120642732
ENSG00000104983,3.886119216,3.494795003,1.990461422
ENSG00000104998,0.79687623,0.692016642,1.222648543
ENSG00000105011,3.919665184,0.877175046,18.0343613
ENSG00000105053,5.992254416,5.524978547,3.972736404
ENSG00000105058,8.491358442,7.640700335,13.49471423
ENSG00000105063,13.92022129,23.61659607,22.0542968
ENSG00000105127,6.050936388,9.863133154,6.432459318
ENSG00000105135,12.22980337,10.73369024,12.30659415
ENSG00000105171,3.840683421,4.268520065,8.564177226
ENSG00000105173,0.842695466,0.204765117,6.662728197
ENSG00000105176,7.895303343,8.190952781,13.80439472
ENSG00000105185,6.523557838,4.871221449,8.892155082
ENSG00000105186,5.464179092,5.785886629,6.858394403
ENSG00000105193,51.97599646,42.69167162,40.41401029
ENSG00000105197,5.858403055,3.836374154,7.996918638
ENSG00000105202,11.94320707,10.60915416,33.05402693
ENSG00000105204,2.863047913,4.4315617,0.657358202
ENSG00000105220,59.93947644,59.40775611,57.73280454
ENSG00000105221,12.28588796,18.47082277,12.29420142
ENSG00000105223,21.4882377,17.67664821,8.195073655
ENSG00000105227,1.620251059,1.4485576,0.534165418
ENSG00000105229,4.444070334,6.069117446,5.145866388
ENSG00000105245,3.257003486,4.657514846,1.363056969
ENSG00000105248,2.602888429,2.322003406,3.017966404
ENSG00000105254,5.520505836,5.348957248,4.519358239
ENSG00000105258,0.757434857,0.532005822,0.743727471
ENSG00000105281,13.18269978,5.886284671,19.58144279
ENSG00000105287,6.569953323,9.474445834,5.273533453
ENSG00000105289,18.89442575,18.82705944,6.920969241
ENSG00000105290,0.737666985,0.685412653,1.139277874
ENSG00000105298,4.003691574,11.00173158,4.601223637
ENSG00000105321,3.193323705,3.7273969,3.483379632
ENSG00000105323,19.33955736,16.3116733,16.90478682
ENSG00000105325,8.068649036,10.83040434,7.089129734
ENSG00000105327,6.504162655,12.55794805,2.832041038
ENSG00000105339,5.940186265,5.649717551,1.292062131
ENSG00000105341,5.782053857,4.462499035,5.47454023
ENSG00000105355,6.529097859,5.289236178,8.967934437
ENSG00000105357,45.0690698,41.92810091,30.94973085
ENSG00000105364,0.511765594,0.508979878,1.012155121
ENSG00000105372,61.56718905,57.63871319,43.05639965
ENSG00000105373,32.29867123,23.94512958,11.12055399
ENSG00000105397,12.50906091,15.7739339,6.447239109
ENSG00000105401,21.85315476,25.86371281,19.75570687
ENSG00000105402,1.19396106,0.96939206,3.318381132
ENSG00000105404,0.294207623,0.159442139,0.18765478
ENSG00000105426,1.978753336,1.968477205,0.410229546
ENSG00000105427,0.631668096,0.327440939,0.339697955
ENSG00000105429,10.80357401,12.01986978,3.415382354
ENSG00000105438,22.42801289,17.84605138,18.90367047
ENSG00000105443,11.82779784,17.38195741,5.325209905
ENSG00000105447,3.70030538,3.298629424,6.776548597
ENSG00000105472,0.405430739,0.280220204,0.280146042
ENSG00000105483,4.790371603,4.430775156,1.700845878
ENSG00000105486,5.927597997,4.52875644,8.116748158
ENSG00000105514,3.397493086,4.105914931,0.745273785
ENSG00000105516,4.845691553,4.063814409,4.45564257
ENSG00000105520,3.230856003,3.268714452,1.948788835
ENSG00000105523,12.70101692,15.16801683,8.123458005
ENSG00000105552,4.439470789,4.656753359,3.506806842
ENSG00000105556,3.214141605,6.368143418,4.451695221
ENSG00000105559,1.50191366,0.944569762,3.43584672
ENSG00000105568,22.54486134,19.4930577,20.13623984
ENSG00000105576,11.06520427,13.38970683,13.85047844
ENSG00000105607,2.834109906,1.992705203,3.509598328
ENSG00000105612,4.518775411,3.360530846,5.437905731
ENSG00000105617,1.193821223,1.457688879,1.841286523
ENSG00000105618,4.31388823,6.194910914,5.104193643
ENSG00000105619,1.352292484,1.61485666,1.091339138
ENSG00000105639,1.494339728,1.297407061,0.258238925
ENSG00000105640,51.35015462,41.28585395,37.1500301
ENSG00000105643,2.650911292,4.205422117,2.726955283
ENSG00000105649,2.688681392,2.75804503,1.304308918
ENSG00000105656,2.480406331,2.756433786,2.479685557
ENSG00000105662,8.171721025,8.340010922,1.414833854
ENSG00000105669,6.45322216,5.758402568,4.607319617
ENSG00000105676,1.873255724,2.222791638,3.41021774
ENSG00000105677,4.168837377,3.110560546,4.980056155
ENSG00000105698,7.869543357,11.45372425,5.855500724
ENSG00000105699,29.75526513,28.28383697,31.67754944
ENSG00000105700,5.411129349,4.719351375,4.139984586
ENSG00000105701,11.65744733,9.721184332,9.600786362
ENSG00000105705,5.649294157,5.437017094,3.696658376
ENSG00000105708,1.202933919,1.039284753,0.750588946
ENSG00000105717,1.62740537,3.26026721,1.333223603
ENSG00000105723,3.562453328,4.274737706,6.259189629
ENSG00000105726,7.565649033,12.5735602,8.424678815
ENSG00000105732,2.905919683,2.730677942,3.316482946
ENSG00000105738,8.580155646,9.618767214,5.634409243
ENSG00000105755,3.953140578,3.196067736,2.382948151
ENSG00000105767,4.801139885,4.696396127,2.216580568
ENSG00000105771,8.173323704,8.176006167,6.110461342
ENSG00000105778,6.017680381,6.845738715,8.689293473
ENSG00000105792,2.770476081,2.39866854,0.664227532
ENSG00000105793,2.676193809,3.307615931,5.013755144
ENSG00000105810,15.42514885,17.18298694,10.54140012
ENSG00000105819,9.919987786,7.839020694,12.44720659
ENSG00000105835,12.27028435,9.116181509,23.79959216
ENSG00000105849,3.276082331,3.529472886,14.15436641
ENSG00000105852,0.316500037,0.421883233,3.239590245
ENSG00000105854,9.554273165,10.9951528,20.5191391
ENSG00000105855,14.47812368,14.72850163,5.900569756
ENSG00000105856,4.876131101,4.484861697,2.693355245
ENSG00000105866,0.74141673,0.480414857,2.076919836
ENSG00000105875,1.480679395,1.387860428,1.900726361
ENSG00000105877,0.285324358,0.76796832,0.594963246
ENSG00000105879,5.120748738,5.131246295,11.55654091
ENSG00000105887,4.969943568,4.404718249,7.652063665
ENSG00000105889,0.389341757,0.322061214,0.29060396
ENSG00000105926,1.031997309,0.43406971,0.827611707
ENSG00000105939,6.701207988,7.898979484,26.45692033
ENSG00000105948,2.644378351,2.145325777,4.330939897
ENSG00000105953,15.8791184,15.8333227,23.69061264
ENSG00000105963,3.29706341,3.352320361,3.985015681
ENSG00000105968,17.51509145,12.62744971,31.09128233
ENSG00000105971,9.153311408,4.686939527,0.259775417
ENSG00000105976,35.2119721,19.15136667,23.49684307
ENSG00000105982,1.799049944,1.404851824,1.189172389
ENSG00000105983,7.928745628,5.614840701,14.02146092
ENSG00000105991,0.614431659,0.436661454,0.884943702
ENSG00000105993,7.516219404,8.938303805,17.27312617
ENSG00000105997,0.672917077,0.571348639,0.460452447
ENSG00000106003,9.09644624,14.93672695,4.256698747
ENSG00000106009,6.974065471,8.899295129,5.350959691
ENSG00000106012,5.604215453,7.86793881,8.960283672
ENSG00000106025,2.237133843,2.342388328,5.197367439
ENSG00000106028,8.072618057,7.246763603,20.85269033
ENSG00000106031,7.729080245,6.358239462,8.359307448
ENSG00000106049,8.266892613,5.364439994,10.35880835
ENSG00000106052,16.94941134,13.81109763,34.04352478
ENSG00000106066,0.657687347,0.440856037,2.79662309
ENSG00000106070,7.131403988,5.796768256,1.089108941
ENSG00000106077,13.23683183,12.61294189,10.06138974
ENSG00000106078,7.473875865,5.742049217,2.924015047
ENSG00000106086,5.309144096,6.629146722,8.403297007
ENSG00000106089,0.971549934,3.441452412,0.860673322
ENSG00000106100,2.21936467,2.876157817,2.58947538
ENSG00000106105,12.6740547,7.055250681,23.20380606
ENSG00000106133,5.542254871,6.95404001,1.095913233
ENSG00000106144,12.39040301,9.379600372,13.75045935
ENSG00000106153,18.35630436,13.86426337,28.42065586
ENSG00000106178,0.989503591,0.573676082,8.166016531
ENSG00000106211,5.126934204,3.606078422,29.25964662
ENSG00000106244,13.71474654,14.40446521,22.08280242
ENSG00000106245,3.330007164,2.571273328,9.451116377
ENSG00000106246,0.359874419,0.384073316,0.630107352
ENSG00000106258,33.43842103,43.60402376,10.69050649
ENSG00000106261,52.15579542,56.1543015,33.05488612
ENSG00000106263,19.24489594,17.50614206,50.32412411
ENSG00000106266,3.427020667,4.109556078,7.593736023
ENSG00000106268,1.672803488,0.987575521,3.688278008
ENSG00000106290,4.255359877,4.555605445,5.685024171
ENSG00000106299,9.284508106,8.045372472,14.78424703
ENSG00000106305,2.136854425,1.708291048,4.838185553
ENSG00000106330,2.217997982,2.066707774,1.032775928
ENSG00000106333,1.784513651,2.226254759,0.31485985
ENSG00000106344,4.6484326,5.279927139,8.495062876
ENSG00000106346,2.054188657,2.816673584,3.000838983
ENSG00000106348,4.783828667,4.57072772,5.709368435
ENSG00000106351,5.89902659,6.125440345,6.817989503
ENSG00000106355,3.855441067,3.077499227,10.5195703
ENSG00000106367,11.02721953,11.19128308,21.60993652
ENSG00000106384,2.880371787,1.369344963,0.545432892
ENSG00000106392,10.62835458,10.32284097,13.84917569
ENSG00000106397,14.09569608,13.48588902,21.64257425
ENSG00000106399,1.991410157,1.240888238,6.107371461
ENSG00000106400,6.841811151,6.355421042,9.092678698
ENSG00000106404,1.211094807,1.330665697,0.48279623
ENSG00000106415,1.731698023,2.009317096,3.510524586
ENSG00000106443,5.864583411,6.260963613,8.012365446
ENSG00000106459,1.929983261,2.06219624,3.063921274
ENSG00000106460,16.68798552,10.50263052,18.69198747
ENSG00000106462,6.27214564,4.080948275,11.92318563
ENSG00000106477,2.408823545,2.552256848,3.928637702
ENSG00000106479,8.270979113,11.09649458,3.294653394
ENSG00000106484,5.395777935,4.920385427,7.247747635
ENSG00000106524,4.997910351,3.834937238,5.581226829
ENSG00000106526,0.868654649,1.227138506,0.881829241
ENSG00000106537,17.54674378,14.9459804,20.57375935
ENSG00000106541,54.79378548,44.78017604,43.26088612
ENSG00000106554,6.86249806,5.066889471,16.57605638
ENSG00000106560,2.177281591,1.404649645,5.49835123
ENSG00000106565,5.125090381,5.077667891,7.410545707
ENSG00000106591,4.817621719,4.420645103,9.918026121
ENSG00000106605,1.465195471,0.76739136,2.711639782
ENSG00000106609,17.14379428,16.39654347,16.61442189
ENSG00000106610,2.252071762,2.37440881,1.548705734
ENSG00000106615,6.241135406,4.875339708,17.97498896
ENSG00000106617,2.509360419,2.438980628,4.462587633
ENSG00000106628,12.08252667,10.45353741,26.51770763
ENSG00000106635,5.157031194,5.517093528,7.443106533
ENSG00000106636,6.866996779,7.102244855,24.76275471
ENSG00000106638,7.382526652,5.497802146,9.484374338
ENSG00000106665,12.00600273,10.40640199,9.815067173
ENSG00000106682,36.26270749,33.41958522,60.19592556
ENSG00000106683,5.260830739,5.040295189,7.078713729
ENSG00000106686,2.822466601,3.988383383,0.474644046
ENSG00000106688,2.381995867,2.65145907,0.388956346
ENSG00000106692,7.405895887,6.519796763,6.983981227
ENSG00000106701,0.692415712,0.816798073,0.943684393
ENSG00000106723,11.0211566,10.55970807,9.070499048
ENSG00000106733,4.274479699,4.665650899,2.124037572
ENSG00000106771,20.23995737,13.86617705,19.92807081
ENSG00000106772,0.432906667,0.620702942,0.244788429
ENSG00000106780,5.126659846,5.065920792,6.032742506
ENSG00000106785,8.935840354,8.626927647,12.55363105
ENSG00000106789,10.66226625,10.91186389,8.967623101
ENSG00000106799,5.556552971,4.553671715,6.573932163
ENSG00000106803,3.655371903,3.433091048,6.03070819
ENSG00000106804,1.9468837,0.41555945,2.641832523
ENSG00000106829,3.140886412,3.304410431,1.534298238
ENSG00000106853,6.30135802,5.031214581,5.15571831
ENSG00000106868,6.10505745,4.249519126,4.422562114
ENSG00000106948,5.897471563,6.260731212,3.066365896
ENSG00000106976,4.315307063,2.907080858,0.17543863
ENSG00000106992,0.804590168,0.902634556,2.106387765
ENSG00000106993,2.183696789,2.237416943,2.734879326
ENSG00000107020,2.017072865,1.382988525,2.780049086
ENSG00000107021,3.746028326,4.68318729,4.327391024
ENSG00000107036,1.857248308,2.613181457,1.626489413
ENSG00000107077,10.85623439,13.00065187,5.275936222
ENSG00000107104,8.409346429,9.1846639,6.41749573
ENSG00000107130,1.81141727,1.480570505,4.258759657
ENSG00000107140,3.683559896,3.511574996,5.633171285
ENSG00000107159,59.02709686,57.25968475,14.42136438
ENSG00000107164,9.852194343,11.0207289,15.57705674
ENSG00000107175,4.440985242,4.374563084,7.123222572
ENSG00000107185,5.460740537,5.518996858,3.78788673
ENSG00000107223,11.87392827,13.70670836,10.57988645
ENSG00000107242,8.036488701,7.516461238,3.293630134
ENSG00000107249,8.689353019,11.84212723,0.509138831
ENSG00000107262,10.41753167,10.39850119,6.706436464
ENSG00000107263,8.546688547,10.05798791,7.527206399
ENSG00000107281,20.73506981,25.42868069,5.608374405
ENSG00000107282,0.314338717,0.337128264,0.380249174
ENSG00000107290,8.771120784,9.267077794,11.66128184
ENSG00000107331,28.50837918,37.42414596,7.487275748
ENSG00000107338,2.514721927,1.928053537,1.469604122
ENSG00000107341,10.37020715,7.215249038,9.429967501
ENSG00000107362,3.709339674,3.794153447,5.267015985
ENSG00000107372,19.04382934,22.81969907,10.67974873
ENSG00000107404,11.94177406,15.94025191,7.050931912
ENSG00000107438,20.38925124,20.84655496,6.918099113
ENSG00000107485,1.493253614,1.306235226,0.687875962
ENSG00000107521,8.192686654,13.45105341,5.307282736
ENSG00000107537,4.710121644,2.949545928,3.884407772
ENSG00000107551,4.222189558,4.169372223,0.605895024
ENSG00000107554,12.16701914,13.67547178,8.444625084
ENSG00000107560,2.733758767,2.800616915,1.688540428
ENSG00000107566,9.687338612,6.078868531,6.889518256
ENSG00000107581,44.7445401,35.2959026,41.06981838
ENSG00000107614,2.125078204,1.835978969,0.897834871
ENSG00000107625,7.472284406,5.925532317,5.50591261
ENSG00000107643,5.356364691,5.815005158,3.045526617
ENSG00000107651,8.253737769,7.833583753,5.685703984
ENSG00000107669,3.486136038,3.481832735,3.910409325
ENSG00000107672,5.007173832,4.644992247,3.299678463
ENSG00000107679,10.70330218,9.823334081,10.52869156
ENSG00000107719,10.4426191,9.416959332,7.651609647
ENSG00000107745,6.821428363,5.231922288,5.742029628
ENSG00000107758,7.057721644,4.804736502,2.130916152
ENSG00000107771,21.32485964,20.74097506,7.254484763
ENSG00000107779,7.777654088,8.34265313,5.512033213
ENSG00000107789,5.292972472,5.673476705,4.968855832
ENSG00000107798,6.139247325,4.229376176,11.78722125
ENSG00000107815,2.270073816,1.833895292,3.800016325
ENSG00000107816,12.47649521,18.96539901,2.341251758
ENSG00000107819,11.61294501,8.201504852,3.724781382
ENSG00000107821,0.740073077,0.512055685,1.33345098
ENSG00000107829,3.992378689,4.349655032,2.846448389
ENSG00000107833,2.705951523,1.766621636,2.231694189
ENSG00000107854,13.46553651,13.48006125,6.971550833
ENSG00000107862,12.16306991,12.52906112,5.760349126
ENSG00000107863,14.56784401,18.90652519,11.68389091
ENSG00000107864,0.829713759,0.515039136,0.429896377
ENSG00000107872,1.322448505,1.152927103,0.623677918
ENSG00000107874,4.904314003,5.117958396,4.353960123
ENSG00000107882,4.092079951,4.844159345,2.168075344
ENSG00000107890,3.317575619,2.659089354,2.657602115
ENSG00000107897,15.23246288,13.82049162,12.37258988
ENSG00000107902,3.728903773,1.683798466,0.532664942
ENSG00000107929,14.67002577,16.63661542,10.3685095
ENSG00000107937,6.477127666,6.900177661,11.8988302
ENSG00000107949,5.616374343,5.084958429,10.23832479
ENSG00000107951,4.266696826,5.399269377,3.88013702
ENSG00000107957,8.516771033,9.797516829,7.12929674
ENSG00000107960,6.599568984,4.533195412,3.730955749
ENSG00000107968,4.044479939,5.887207567,2.794669808
ENSG00000108010,6.675328114,7.238995943,11.85920306
ENSG00000108021,4.521794643,4.815360958,5.266692963
ENSG00000108039,18.24235919,15.94227633,7.140410031
ENSG00000108055,8.850007401,6.999497488,13.78689554
ENSG00000108061,7.724308803,6.077634264,8.090210983
ENSG00000108064,8.853486758,8.301309725,15.19592575
ENSG00000108091,12.97607823,12.24189151,11.22689913
ENSG00000108094,5.437207031,5.127499149,6.851389432
ENSG00000108100,17.72565683,11.83912745,6.958524026
ENSG00000108106,4.605077609,2.011483003,11.66533363
ENSG00000108107,55.33007443,42.6324519,36.2080401
ENSG00000108175,11.08486945,14.38649576,2.747426018
ENSG00000108179,6.404265969,5.993705858,19.38448756
ENSG00000108187,1.310252097,1.269812268,0.999229927
ENSG00000108219,15.90487784,25.41825712,12.09480469
ENSG00000108239,1.023762943,0.950825137,0.462533078
ENSG00000108256,16.84105696,17.81629111,22.12745774
ENSG00000108298,61.98065774,48.84890551,46.80004618
ENSG00000108306,2.444378532,2.59898654,0.978487983
ENSG00000108312,1.033597954,1.107645525,1.162158727
ENSG00000108344,14.6836707,17.00158472,22.70714039
ENSG00000108349,11.21441937,10.50476633,7.109489046
ENSG00000108352,6.044103451,4.7460303,1.906541671
ENSG00000108370,0.580421217,0.451313759,1.102405256
ENSG00000108384,1.591144356,1.582967595,5.219634146
ENSG00000108389,10.79171223,7.422746939,6.349898525
ENSG00000108395,4.022627409,2.552743334,4.364514694
ENSG00000108406,9.402738145,8.0169185,7.36364294
ENSG00000108423,1.2553213,1.274151082,1.493115157
ENSG00000108424,27.4332659,21.27660794,57.04545769
ENSG00000108439,2.317137668,2.192790161,1.84456394
ENSG00000108443,1.734848024,2.763041799,2.120006685
ENSG00000108448,3.791058256,3.721268948,0.977550827
ENSG00000108468,10.83312686,9.296242232,19.68219154
ENSG00000108469,5.599537156,6.837723991,2.982123718
ENSG00000108474,3.977396456,1.723398622,0.839180523
ENSG00000108479,2.344598933,1.503064808,1.842807516
ENSG00000108506,7.783299086,7.478531128,4.485931127
ENSG00000108509,7.097348409,8.97829098,2.347453201
ENSG00000108510,14.73788595,16.7277437,14.04977311
ENSG00000108515,1.313775242,2.347643867,0.815412776
ENSG00000108518,30.15908953,21.167519,32.13074137
ENSG00000108523,10.58832811,8.873788644,10.48971788
ENSG00000108528,6.755357264,4.625522795,5.262710404
ENSG00000108556,1.754893828,1.421395408,0.36499758
ENSG00000108557,13.45790428,12.51463066,3.119297647
ENSG00000108559,4.098281312,5.293442016,5.965977206
ENSG00000108561,11.20648147,7.666232268,18.27094394
ENSG00000108578,3.105370199,2.375283439,4.653904562
ENSG00000108582,39.16636394,36.1716908,36.42726285
ENSG00000108587,8.202673345,9.14445612,10.32856404
ENSG00000108588,11.56405292,11.33067429,26.77499031
ENSG00000108590,2.553071334,2.576178015,1.937125354
ENSG00000108591,3.276446427,4.437883901,3.068215525
ENSG00000108592,5.356568383,5.792278971,12.66218634
ENSG00000108599,6.59098149,8.438070963,3.648216473
ENSG00000108602,0.51321338,1.039206945,3.300713321
ENSG00000108604,15.00884948,12.94232111,13.7619808
ENSG00000108639,26.53910273,51.13125808,18.78166808
ENSG00000108641,3.20948346,2.649410657,0.444007543
ENSG00000108651,3.674073898,3.212812281,5.672435742
ENSG00000108654,51.624694,58.07182097,61.17191513
ENSG00000108669,10.07140974,9.032098043,4.691384736
ENSG00000108671,9.394820381,14.2314838,18.3624908
ENSG00000108679,128.0517459,116.4029849,110.1077995
ENSG00000108733,1.499648998,1.351305992,1.419838552
ENSG00000108771,4.469266123,4.567587571,2.278964587
ENSG00000108773,9.790562095,9.679827369,4.669112158
ENSG00000108784,0.789965072,0.511872665,0.63550454
ENSG00000108788,6.306903275,6.629011159,8.700398593
ENSG00000108799,8.800480307,9.252857372,1.824792463
ENSG00000108819,5.016883643,7.820281607,5.40238836
ENSG00000108821,1.169632414,1.142427983,0.392001557
ENSG00000108826,3.186049767,3.673924991,3.721173327
ENSG00000108828,15.65007021,9.46560145,7.053710119
ENSG00000108829,11.92531017,9.061008552,33.20338443
ENSG00000108840,0.737623636,1.047437793,1.276300274
ENSG00000108846,53.8978474,53.72015064,5.390714537
ENSG00000108848,27.63491073,27.38156382,15.68229715
ENSG00000108854,4.596254486,4.365990429,2.737215169
ENSG00000108861,8.45337996,8.806723433,17.03911294
ENSG00000108883,10.88045391,9.980323277,16.78551163
ENSG00000108946,27.03401722,22.91442662,20.67048175
ENSG00000108953,51.49225183,38.64895375,66.50744476
ENSG00000108960,3.127287568,2.997668638,5.840064652
ENSG00000108963,4.503551224,4.829269319,1.436252582
ENSG00000108984,14.3028906,16.78791295,10.62751691
ENSG00000109016,2.172862447,2.066052424,4.01772642
ENSG00000109046,47.30291783,46.18499266,7.465752544
ENSG00000109062,7.065682477,5.858957782,17.69592389
ENSG00000109065,4.398248227,5.969718635,5.440292787
ENSG00000109066,1.575319528,1.794336572,4.716044541
ENSG00000109079,9.5928216,10.83969049,13.52007083
ENSG00000109083,2.066416016,2.296982907,2.619504683
ENSG00000109084,7.574221786,3.768159,42.92908475
ENSG00000109089,2.443368381,2.156859029,3.493351575
ENSG00000109111,12.82882686,15.02033488,13.46764862
ENSG00000109118,9.831388667,11.79171319,4.489138783
ENSG00000109133,7.370969706,7.373838,18.9974009
ENSG00000109171,8.626777182,6.977819785,9.658648636
ENSG00000109180,13.12721254,13.52131755,14.33439871
ENSG00000109184,6.921634132,6.560384915,5.069024848
ENSG00000109189,3.012192486,2.764119091,5.885972091
ENSG00000109205,0.470307812,0.666629154,3.702840637
ENSG00000109255,6.639070809,4.115795502,1.509243601
ENSG00000109265,3.665535227,5.17721086,1.731846277
ENSG00000109270,5.915684914,4.983132498,8.284652326
ENSG00000109320,7.748664985,7.243764578,6.923866043
ENSG00000109321,7.290262164,4.897180821,13.35213794
ENSG00000109323,14.01128654,9.464638052,12.27490144
ENSG00000109332,23.30974574,19.61072237,33.7482324
ENSG00000109381,3.577320935,3.888244822,3.551397128
ENSG00000109390,3.776107805,3.245607945,3.67181099
ENSG00000109436,0.265925626,0.266804888,0.227978014
ENSG00000109445,6.482717467,6.005778362,9.273438041
ENSG00000109452,11.87430889,9.115662178,6.162359202
ENSG00000109458,3.712940336,3.021951639,3.069106648
ENSG00000109466,1.335309016,2.013829932,4.955807894
ENSG00000109472,3.046909837,2.688411642,3.51468479
ENSG00000109475,24.02624794,17.91415918,15.57187592
ENSG00000109501,3.423972897,2.600075587,8.493008612
ENSG00000109519,6.171383763,6.380293254,15.7195232
ENSG00000109534,2.210806103,2.191434754,4.917237255
ENSG00000109536,1.972744039,1.42947044,6.516885562
ENSG00000109572,29.39098144,23.70624752,23.22446639
ENSG00000109576,5.306381772,6.723922503,5.59917425
ENSG00000109586,13.41055632,14.89173946,9.383514152
ENSG00000109606,26.60886849,30.95120439,33.76438298
ENSG00000109610,13.35772355,11.173008,1.337946999
ENSG00000109618,2.596644423,3.721992138,1.916922043
ENSG00000109667,0.692728522,0.444332417,1.242220829
ENSG00000109670,3.474769615,7.505140189,3.613120262
ENSG00000109674,2.203803738,0.411089732,5.927886939
ENSG00000109680,1.667250271,2.045109192,0.87196987
ENSG00000109685,15.38361309,10.07217944,15.1748433
ENSG00000109686,13.83950709,13.86435237,13.96551391
ENSG00000109689,4.939741612,4.133186957,7.092102062
ENSG00000109736,10.21964447,13.5308942,3.338624717
ENSG00000109756,9.443536462,14.34880596,7.591058843
ENSG00000109762,6.612244994,4.964752028,8.963989987
ENSG00000109775,4.49902104,3.914229896,2.166109358
ENSG00000109787,18.44925445,16.93833066,14.3086366
ENSG00000109805,6.100937178,1.891199261,16.49427441
ENSG00000109814,10.86583325,8.027101266,15.7360693
ENSG00000109819,3.526804444,2.957856743,3.097426041
ENSG00000109854,5.576060748,4.352909453,15.42595651
ENSG00000109861,5.923204452,4.990504898,22.55787591
ENSG00000109881,1.744256303,1.742787448,6.192578543
ENSG00000109911,1.891274167,1.314138738,2.63506787
ENSG00000109917,5.405498107,5.183210478,9.096200463
ENSG00000109919,10.30260142,6.850381123,18.54932437
ENSG00000109920,14.62263151,17.94067527,7.451620098
ENSG00000109929,11.0553939,8.958390334,26.91649988
ENSG00000109944,0.49762528,0.300949247,0.822891208
ENSG00000109971,51.20284427,41.28101148,100.5676783
ENSG00000110002,12.30323376,12.60826837,6.03973207
ENSG00000110013,18.08265476,15.65644583,15.94694236
ENSG00000110031,2.923649734,3.608444966,13.93807887
ENSG00000110042,20.8747812,32.15451684,13.35366918
ENSG00000110046,5.339599895,6.967416356,3.466042024
ENSG00000110047,10.29196614,9.419822438,7.377015764
ENSG00000110057,6.851620723,8.472305335,5.665044239
ENSG00000110063,3.030084363,1.650550481,1.584020612
ENSG00000110066,9.655721589,10.87484492,5.603880185
ENSG00000110074,3.524954191,4.375622415,2.994123387
ENSG00000110075,11.74164576,14.26588269,8.552352236
ENSG00000110080,23.84063691,13.32924028,9.463761383
ENSG00000110090,14.10810361,9.378285978,8.173474446
ENSG00000110092,31.07472822,34.55640348,41.11007962
ENSG00000110107,11.08027463,9.135250919,16.12655912
ENSG00000110171,1.331598101,2.584031153,2.537735868
ENSG00000110172,3.035842237,3.124820283,8.207117337
ENSG00000110200,0.861754792,0.784405223,1.53772259
ENSG00000110218,2.597856869,2.352202873,5.422723128
ENSG00000110274,5.374710121,8.23470166,3.989374521
ENSG00000110315,13.71159925,8.415029547,8.895967464
ENSG00000110318,2.283233883,1.741316225,0.644388339
ENSG00000110321,69.00131278,83.17960016,81.70415484
ENSG00000110328,6.233513916,3.566741197,0.348307422
ENSG00000110330,9.06299529,8.817666527,6.41907988
ENSG00000110344,12.5257458,15.44713564,8.812828701
ENSG00000110367,15.08903248,15.43771772,11.4541864
ENSG00000110395,4.72525244,6.672957432,6.98814165
ENSG00000110400,16.92057427,20.20801645,12.09342876
ENSG00000110422,8.519831015,7.630263364,8.040160052
ENSG00000110429,6.570519246,6.548704381,6.786603947
ENSG00000110435,5.912591249,6.558311184,7.893910741
ENSG00000110442,3.358216814,3.638166968,3.647566504
ENSG00000110455,4.9649805,5.676877212,0.276139598
ENSG00000110492,1.845680297,1.415488233,2.8672527
ENSG00000110497,4.005427793,5.607562198,3.779343582
ENSG00000110514,11.18681295,13.85292326,7.837091987
ENSG00000110583,5.24087232,8.852007162,5.296531556
ENSG00000110619,7.201549556,5.586509981,4.708386509
ENSG00000110628,15.00521449,23.11041528,6.70862818
ENSG00000110651,30.62388692,29.63402697,31.60850494
ENSG00000110660,3.153878616,2.006903082,6.43778964
ENSG00000110696,12.7769922,16.88448665,18.38919644
ENSG00000110697,7.512839004,8.844830046,2.469588786
ENSG00000110700,27.48418463,20.4410241,27.8848873
ENSG00000110711,4.359406006,3.586453102,4.432540915
ENSG00000110713,12.49864728,11.67202232,15.65064024
ENSG00000110717,3.630569546,3.866951957,3.648341547
ENSG00000110719,16.87814144,22.38720963,7.077745603
ENSG00000110721,8.202599522,10.40891423,5.41077286
ENSG00000110723,5.06768099,4.873971807,4.294253351
ENSG00000110756,3.68625133,4.40581801,6.569545755
ENSG00000110768,6.097742671,6.683915711,7.52387599
ENSG00000110811,1.293886344,0.984630083,0.695731066
ENSG00000110841,9.187696279,9.054292436,6.685145671
ENSG00000110844,2.226411396,4.230225878,1.62186463
ENSG00000110851,3.563488672,4.519611481,6.511840607
ENSG00000110871,4.671431171,4.784123775,5.113810536
ENSG00000110880,16.38886107,12.20436075,48.60120671
ENSG00000110881,5.032089841,4.813065293,1.357171956
ENSG00000110888,8.563926159,8.602271966,2.968508318
ENSG00000110906,4.426556051,4.043790359,6.700329076
ENSG00000110911,26.78569793,20.23050232,13.46568238
ENSG00000110917,100.355948,99.53167152,119.6677753
ENSG00000110921,4.838987615,3.025107287,7.661803309
ENSG00000110925,6.040266746,8.706719723,9.845712633
ENSG00000110931,9.007084329,9.250139808,8.951339081
ENSG00000110955,67.91260329,54.91034767,114.114078
ENSG00000110958,31.07534793,20.15325726,78.47527442
ENSG00000110987,3.159724277,4.03471358,2.964608604
ENSG00000111011,13.21190185,14.65857788,13.12049369
ENSG00000111012,0.37703758,0.625429919,1.619274457
ENSG00000111057,64.82579413,50.46559115,96.08656107
ENSG00000111077,1.021926373,1.64219731,1.013936704
ENSG00000111110,10.50188483,12.02768305,12.42389347
ENSG00000111142,9.97295411,6.841423231,23.43866578
ENSG00000111144,14.18222809,10.74536685,19.63944291
ENSG00000111145,1.077628675,1.228534633,4.969901396
ENSG00000111186,1.238929684,1.25124151,0.236160068
ENSG00000111196,1.923337122,2.268586868,4.17706851
ENSG00000111203,4.865320242,5.234290605,4.316383704
ENSG00000111206,5.263607871,1.987023599,20.01654236
ENSG00000111224,2.414326715,2.663722099,2.167698107
ENSG00000111231,3.123739351,2.399307524,8.800280555
ENSG00000111237,9.789554551,8.766428164,15.61852316
ENSG00000111247,4.365244056,0.744353066,12.24936662
ENSG00000111261,7.541160756,7.204871381,20.2344633
ENSG00000111266,13.0864172,12.22732489,19.32465574
ENSG00000111269,6.058163312,5.529835334,10.66823508
ENSG00000111271,6.982499619,6.635847409,2.738625373
ENSG00000111275,15.95331582,11.79233007,25.7706141
ENSG00000111276,10.01887482,10.30222629,5.486852647
ENSG00000111300,6.535477104,6.160470264,7.131311495
ENSG00000111319,61.30481701,69.43672418,22.77413154
ENSG00000111321,11.7685336,13.8355526,16.46960035
ENSG00000111328,6.532044397,4.859011599,12.11559388
ENSG00000111358,9.6434698,8.347455764,10.2593343
ENSG00000111361,8.025727655,7.426993588,10.2331139
ENSG00000111364,4.740820922,9.034503342,8.423158624
ENSG00000111371,25.81258829,20.58110116,37.00919884
ENSG00000111412,10.54193548,13.69891442,19.48181565
ENSG00000111424,7.395934287,7.584337152,21.68814355
ENSG00000111445,4.994186918,3.767373176,14.96843545
ENSG00000111450,1.938593829,2.049200262,4.254608144
ENSG00000111481,11.21934199,9.195859198,19.96553906
ENSG00000111530,16.46205654,13.19279022,36.17465843
ENSG00000111540,24.44027472,22.61228827,30.4858364
ENSG00000111554,3.140699401,2.644993626,3.804364812
ENSG00000111581,7.731450243,8.095144507,11.44427568
ENSG00000111596,10.50207058,11.34873343,9.517346268
ENSG00000111602,5.923173948,2.900047418,21.75203329
ENSG00000111605,17.49971339,20.52644812,18.95008522
ENSG00000111615,5.627765872,9.255371343,18.45396405
ENSG00000111639,5.261958047,3.963883422,15.19507816
ENSG00000111640,361.8530115,327.7846056,374.2615893
ENSG00000111647,2.358532691,2.026226306,6.458262584
ENSG00000111652,8.205355964,7.479010309,5.893561808
ENSG00000111653,3.853243131,4.199883373,1.71579128
ENSG00000111665,2.645677001,0.878409835,7.275289008
ENSG00000111666,8.970734561,7.766093374,12.72160263
ENSG00000111667,9.44153166,8.207641832,14.25658943
ENSG00000111669,81.1552575,65.19357015,131.5327056
ENSG00000111670,9.35376931,6.675719694,15.20922615
ENSG00000111671,0.802873097,0.659812351,0.950641616
ENSG00000111674,65.19765463,66.36975986,10.77615217
ENSG00000111676,13.99880554,18.11587112,15.21883285
ENSG00000111678,1.140518195,1.089082293,0.551104552
ENSG00000111679,9.849888637,17.20220388,6.852626213
ENSG00000111696,10.71273367,9.489549462,4.203333911
ENSG00000111707,12.69682347,12.67549779,15.20191584
ENSG00000111711,3.908417882,3.406236181,8.884379296
ENSG00000111725,19.90901563,24.12745141,7.831344001
ENSG00000111726,13.33154272,11.07963264,30.41298187
ENSG00000111727,2.351048588,1.372228278,2.489747365
ENSG00000111737,5.814449054,6.639428763,14.88224179
ENSG00000111752,5.457902293,4.041771453,1.133590541
ENSG00000111785,3.23850922,4.469660277,3.868530359
ENSG00000111786,16.91025933,16.93617038,21.04094766
ENSG00000111788,2.828786745,2.230911783,3.125850249
ENSG00000111790,4.569314022,6.283034892,14.93232384
ENSG00000111801,5.108794991,4.929587229,3.463454422
ENSG00000111802,7.253423566,8.500463388,11.70054653
ENSG00000111817,0.899729554,1.859685412,0.38742651
ENSG00000111832,2.490015766,1.988673833,5.140135618
ENSG00000111843,8.170766339,6.751791859,5.632337895
ENSG00000111845,1.900383249,1.433255958,5.36513722
ENSG00000111846,0.334413174,0.26204285,0.223220023
ENSG00000111850,1.747724493,1.350653273,1.431792957
ENSG00000111859,0.732519964,0.680095567,1.220361288
ENSG00000111860,0.24830229,0.614315365,0.863863253
ENSG00000111877,1.971695807,2.072546617,2.36772058
ENSG00000111880,4.371045095,3.248294684,4.378013396
ENSG00000111885,0.241086757,0.321622577,8.555487495
ENSG00000111897,13.84089353,13.49553686,16.5858175
ENSG00000111906,3.075846303,2.063395244,2.718408827
ENSG00000111911,6.692129445,5.165770457,5.605033361
ENSG00000111912,11.26672705,9.125608533,11.2662887
ENSG00000111961,1.984180291,2.679905571,2.061348262
ENSG00000112029,2.685240688,1.205055095,13.37503012
ENSG00000112031,1.932273218,1.965431445,2.137704047
ENSG00000112033,17.63405144,16.40616981,12.02506702
ENSG00000112039,0.777850399,0.564025442,1.732542597
ENSG00000112062,11.2679253,10.45147952,11.56638593
ENSG00000112078,7.360060746,7.897201504,7.746467608
ENSG00000112079,11.75585345,15.18148888,9.832424085
ENSG00000112081,19.96486301,25.4539149,46.14482367
ENSG00000112096,15.47628791,12.23774315,18.61191004
ENSG00000112110,4.907102116,4.869587979,9.020478825
ENSG00000112118,9.473080507,4.588939531,20.64911246
ENSG00000112130,3.578635406,3.360394772,6.799878052
ENSG00000112144,7.318148533,9.764664883,5.268114848
ENSG00000112146,9.372625223,9.411990595,5.138202456
ENSG00000112159,4.912963835,6.103543039,3.9519969
ENSG00000112167,3.305614501,2.430087501,3.915869372
ENSG00000112186,0.803479997,1.054114888,0.179264144
ENSG00000112200,1.251755479,0.858118607,1.484962876
ENSG00000112208,1.290325018,0.875281995,0.79300391
ENSG00000112210,2.565187203,1.878148131,4.236751121
ENSG00000112234,4.780101879,3.488370353,2.465066291
ENSG00000112242,3.693227904,4.182018206,5.250278046
ENSG00000112249,9.065493152,13.78017105,9.102882823
ENSG00000112282,9.43976423,13.62777422,4.694676686
ENSG00000112290,2.662018661,3.389286729,2.293679201
ENSG00000112294,3.433746988,2.628603986,1.800898269
ENSG00000112297,22.41793532,19.06923958,9.605524688
ENSG00000112304,4.404874407,3.754363438,5.387598863
ENSG00000112305,2.464046498,2.142410186,1.844277954
ENSG00000112306,50.3104079,39.41261998,26.59896693
ENSG00000112308,19.32999627,18.51287204,20.97735861
ENSG00000112312,5.927422519,5.06101022,12.32160726
ENSG00000112335,13.48982427,10.2851115,12.21443525
ENSG00000112339,7.871651444,8.096675066,11.43183834
ENSG00000112343,7.500447929,14.19291174,6.313571121
ENSG00000112357,1.963896076,1.102870814,1.476871012
ENSG00000112365,1.803712438,2.75194861,3.086942255
ENSG00000112367,6.087649126,4.495817635,2.479794639
ENSG00000112378,32.1845878,28.40819807,47.08432907
ENSG00000112379,21.1068351,25.23228509,12.92761332
ENSG00000112394,1.328373513,1.013358772,0.941419975
ENSG00000112414,17.13804204,10.50321859,1.824231917
ENSG00000112419,1.265690826,2.1049954,1.764093464
ENSG00000112425,1.033408652,0.59521466,0.60014309
ENSG00000112473,13.72371555,12.69641108,23.14459984
ENSG00000112494,9.392125663,8.529434311,5.192608389
ENSG00000112511,3.731950974,4.193565726,2.184502552
ENSG00000112514,7.22623583,5.049742035,7.375406278
ENSG00000112559,0.687992431,0.422818325,0.256357073
ENSG00000112561,0.91260102,1.175328049,1.018348058
ENSG00000112562,76.00616608,79.33273463,3.957985094
ENSG00000112576,2.143895149,2.270199023,10.9027329
ENSG00000112578,2.659050896,2.57976515,4.379082069
ENSG00000112584,7.800650405,6.920883096,5.071180306
ENSG00000112592,4.15235898,6.076419388,4.058669163
ENSG00000112624,4.367732707,3.802894636,1.714082052
ENSG00000112640,4.933432942,4.85564448,6.054869067
ENSG00000112655,39.6306367,44.15855706,1.67664129
ENSG00000112658,7.262116514,7.244422553,5.498208867
ENSG00000112659,6.617536903,13.37499232,2.080350451
ENSG00000112667,4.036857905,2.256245972,1.30673824
ENSG00000112679,2.025990543,2.180007967,2.51268857
ENSG00000112685,3.521311834,3.894769894,5.676709121
ENSG00000112695,13.08185302,10.78163012,18.78490143
ENSG00000112697,35.26464711,36.40099874,21.63894552
ENSG00000112699,18.91924083,13.95731516,14.80041166
ENSG00000112701,10.71726461,11.10968746,5.537449751
ENSG00000112715,97.97156101,95.67352476,19.89315884
ENSG00000112739,7.826023006,10.94795672,5.632168554
ENSG00000112742,4.676967056,1.659434973,10.13679916
ENSG00000112759,4.670715395,2.989817637,9.435909104
ENSG00000112763,7.719533754,11.05842094,8.9604663
ENSG00000112773,13.32742897,18.02755612,6.237903699
ENSG00000112782,3.604997329,2.654620033,1.528323218
ENSG00000112787,9.004327869,10.37880984,8.275039549
ENSG00000112796,7.009768501,5.20680994,5.025385882
ENSG00000112812,4.127706749,3.445422316,2.646600225
ENSG00000112818,0.483384932,0.226710404,2.985300855
ENSG00000112851,13.72218496,13.4809477,9.430843736
ENSG00000112855,7.781330731,10.393803,5.136235133
ENSG00000112874,7.107119701,5.573161484,2.847249604
ENSG00000112877,3.369354215,7.127623979,2.910211152
ENSG00000112893,14.67010129,10.09045432,14.46089125
ENSG00000112902,2.108650226,2.014534557,4.299596521
ENSG00000112941,7.44850542,8.00210185,6.186052897
ENSG00000112972,19.03211673,9.176550677,16.59395055
ENSG00000112977,12.46033689,10.10488416,19.89460766
ENSG00000112983,8.044390592,9.060144053,4.780656044
ENSG00000112984,6.298137167,2.944670727,6.915748704
ENSG00000112992,10.08438274,7.936787294,14.65181293
ENSG00000112996,6.826033689,5.299625742,9.017760932
ENSG00000113013,28.40368382,25.96327933,60.72595912
ENSG00000113048,9.857196409,8.693060861,11.38262558
ENSG00000113068,0.995915554,0.914206361,4.15764202
ENSG00000113070,1.555690486,0.775414454,2.155939528
ENSG00000113108,4.504076567,8.395687164,0.442732229
ENSG00000113141,10.9208893,14.79997742,11.1544273
ENSG00000113161,25.40239408,14.92293301,22.16378561
ENSG00000113163,8.777984762,8.267237855,6.395029354
ENSG00000113194,10.38685741,9.598914824,14.19134761
ENSG00000113240,3.565312765,3.494260201,2.779991362
ENSG00000113269,5.361716223,5.136173173,6.110824533
ENSG00000113272,4.025180951,2.302647748,2.94225018
ENSG00000113273,0.643422052,0.547948544,1.602493255
ENSG00000113282,14.79510443,14.6802028,16.14023809
ENSG00000113300,9.415471726,9.689953452,7.11508793
ENSG00000113312,5.72098271,5.479939512,8.514382015
ENSG00000113318,8.421141959,5.416481531,3.440304237
ENSG00000113328,33.11037684,27.56150431,17.67187992
ENSG00000113356,0.7565802,0.799468817,3.056279223
ENSG00000113360,10.3623786,10.11419161,7.686483867
ENSG00000113368,11.57532708,6.274073102,20.2947881
ENSG00000113369,28.16757812,31.56984017,11.84993075
ENSG00000113384,12.82001683,10.46037082,13.92560554
ENSG00000113387,15.64002645,12.89871906,27.84050154
ENSG00000113391,6.364204632,5.731691131,3.415440887
ENSG00000113407,17.99791897,11.80553383,21.63903757
ENSG00000113441,8.872312482,9.564448307,10.33401641
ENSG00000113448,6.65710849,6.192867916,2.523730206
ENSG00000113456,3.711759041,3.591498564,6.884309643
ENSG00000113460,3.449771161,2.756437067,6.775290407
ENSG00000113494,3.50566474,4.617599678,5.513688377
ENSG00000113504,33.05239346,56.08962707,21.3710177
ENSG00000113552,4.357365225,5.299858297,12.19485824
ENSG00000113558,15.27886142,12.66134231,20.98633886
ENSG00000113569,7.652199299,5.320563617,15.264913
ENSG00000113583,12.2871121,10.31210159,7.499773714
ENSG00000113593,10.09558368,15.16342632,5.328644364
ENSG00000113595,1.733796379,3.131605276,1.63576501
ENSG00000113597,2.435354454,2.779907912,3.868310414
ENSG00000113615,6.359278611,5.181749171,5.387862921
ENSG00000113621,2.494265042,2.323841786,2.379213528
ENSG00000113638,3.074019411,3.389670881,1.856076994
ENSG00000113643,14.5428598,12.90531978,15.63101953
ENSG00000113645,14.32060373,15.78177622,7.428464793
ENSG00000113648,12.63582264,10.60491468,17.64139602
ENSG00000113649,14.42645426,28.27204245,10.82766461
ENSG00000113658,14.74589182,17.49462612,12.00674384
ENSG00000113712,23.92357782,22.58321079,20.83905156
ENSG00000113716,11.18686371,12.9812977,10.66132403
ENSG00000113719,30.13159671,30.23555582,13.36729808
ENSG00000113722,4.597594201,4.022093601,16.61436209
ENSG00000113732,9.439452424,8.455889089,20.83042902
ENSG00000113734,0.889044209,0.702527863,1.129509899
ENSG00000113739,15.89186897,10.22077833,1.810956995
ENSG00000113742,6.31125484,7.538578365,8.127577427
ENSG00000113758,8.616584182,12.02230886,0.810406478
ENSG00000113761,2.142257293,1.856446581,1.945075721
ENSG00000113790,2.4979708,2.534397754,3.887122665
ENSG00000113811,3.395537016,2.668488006,6.755865328
ENSG00000113812,4.727221337,4.416765579,6.548783185
ENSG00000113838,2.726557472,2.097984732,2.083276789
ENSG00000113845,6.642130106,6.352501988,8.250638924
ENSG00000113851,3.723783754,3.688002775,2.920656189
ENSG00000113924,25.56245516,31.37558692,10.50084779
ENSG00000113946,0.171015863,0.443251726,2.065894715
ENSG00000113966,2.909791106,2.615073645,2.002914775
ENSG00000114019,8.905355661,7.228471545,5.754000709
ENSG00000114021,4.678926065,4.164732745,5.203004242
ENSG00000114023,15.89258029,15.89202079,14.93232389
ENSG00000114026,2.238013751,1.545628201,2.438789301
ENSG00000114030,2.195548572,1.956139379,4.204600002
ENSG00000114054,4.870775663,2.762048439,3.867104787
ENSG00000114062,1.37949355,1.208973472,0.886214029
ENSG00000114098,2.730119369,3.086191665,2.381744776
ENSG00000114107,5.82954154,5.039730185,4.685811088
ENSG00000114120,26.90587253,29.31133741,6.834302484
ENSG00000114125,0.303265674,0.303692132,0.578831466
ENSG00000114126,6.545135049,6.345154393,3.164820115
ENSG00000114127,7.112051664,7.887734216,3.257715319
ENSG00000114166,0.998062909,0.510083932,5.671080454
ENSG00000114209,5.968981019,4.887139891,12.97254878
ENSG00000114248,3.869503948,5.457695254,3.287482762
ENSG00000114268,33.26767723,38.68758798,12.88242792
ENSG00000114270,2.212749371,2.332525247,0.493770413
ENSG00000114302,6.595766886,4.89004968,12.94748154
ENSG00000114315,9.508488853,7.165452474,5.404672072
ENSG00000114316,8.002660936,9.294853901,8.009605557
ENSG00000114331,8.998698531,7.46590943,7.036766864
ENSG00000114346,12.70085135,4.608323688,20.29071472
ENSG00000114353,19.02280975,16.10836566,15.19719174
ENSG00000114354,14.47245907,11.7962647,15.60120782
ENSG00000114378,0.828981521,0.67796149,0.573240529
ENSG00000114383,3.316151294,3.267539434,5.407311624
ENSG00000114388,4.068933635,6.453249839,3.103365678
ENSG00000114391,30.53397924,22.04079294,29.86523469
ENSG00000114416,15.78131981,14.21335787,12.99485344
ENSG00000114423,5.209528475,5.685649875,2.233064134
ENSG00000114439,8.072432501,7.935369741,5.569924362
ENSG00000114446,5.164883236,5.172548107,8.304711995
ENSG00000114455,1.978120619,1.074809424,6.806864962
ENSG00000114473,2.673962994,4.700549496,1.461632515
ENSG00000114480,26.38952958,20.85217858,8.634869646
ENSG00000114491,5.765276374,6.628025627,12.1317854
ENSG00000114503,12.61992254,12.33885438,20.16529774
ENSG00000114520,4.576952414,4.055338157,5.383005306
ENSG00000114529,6.644501763,4.147004483,5.656875627
ENSG00000114541,4.445148974,5.920875275,2.050531688
ENSG00000114544,5.539965547,4.493260528,3.378651957
ENSG00000114554,11.98359251,13.83828427,8.076259035
ENSG00000114573,11.6849516,9.39598219,20.68850825
ENSG00000114626,1.818143104,2.802560583,0.228092103
ENSG00000114631,5.04690426,4.972595787,13.11952375
ENSG00000114648,2.302407981,2.568642597,5.860001069
ENSG00000114650,9.112045277,12.03573007,11.42351505
ENSG00000114656,0.463573602,1.658626618,6.781394918
ENSG00000114670,2.193595728,2.475164231,0.743797625
ENSG00000114686,7.863274465,6.427854088,16.21748056
ENSG00000114698,1.483424222,1.023628907,0.604158817
ENSG00000114735,8.465581118,10.25085438,1.449151396
ENSG00000114737,1.614650273,1.148089541,1.207595863
ENSG00000114738,5.295683337,4.111678067,7.309782004
ENSG00000114739,2.614391648,3.762097798,0.712855464
ENSG00000114742,5.544969925,5.817184867,3.377392223
ENSG00000114744,3.676944029,3.810286931,4.896957565
ENSG00000114745,8.207982446,13.95426945,9.766113622
ENSG00000114767,2.537793956,2.988400993,3.197160275
ENSG00000114770,2.864479578,5.291669588,2.683362606
ENSG00000114784,3.160254013,2.468739426,4.056898117
ENSG00000114790,2.648733742,2.895860514,2.160441576
ENSG00000114796,3.590431883,4.934729732,2.304616894
ENSG00000114805,4.740557277,4.6602576,2.656514466
ENSG00000114812,3.908091251,5.200174525,1.538921816
ENSG00000114841,3.893531692,4.457099994,0.393207489
ENSG00000114850,12.34833522,7.636734081,18.51037245
ENSG00000114853,1.775755812,2.335787506,1.500737844
ENSG00000114859,5.138649902,6.915170532,4.259609135
ENSG00000114861,2.381490839,2.180271849,1.999941751
ENSG00000114867,30.87635138,30.26063046,57.71152071
ENSG00000114902,7.515959858,6.646900687,13.15355605
ENSG00000114904,5.765307842,5.441824826,6.072519846
ENSG00000114923,0.632566195,1.31715248,0.952008834
ENSG00000114933,1.865808644,2.71763443,0.8476288
ENSG00000114942,24.24788984,17.4204034,24.27612461
ENSG00000114956,2.489239307,2.197098417,3.168276771
ENSG00000114978,21.90383512,16.30171187,27.9386826
ENSG00000114982,10.1551404,9.91304881,8.724296865
ENSG00000114988,4.636313444,5.301003625,5.145362152
ENSG00000114993,8.921307375,10.7375676,8.735965227
ENSG00000114999,3.3175037,3.053611459,6.599217413
ENSG00000115009,0.564892112,0.765340524,1.910712436
ENSG00000115020,5.587693749,6.915192225,5.802825718
ENSG00000115041,1.004409335,1.09967125,0.561483563
ENSG00000115042,7.252627107,6.058269638,3.276099724
ENSG00000115053,46.78470438,41.29706163,140.9673461
ENSG00000115073,16.63621996,20.5239819,6.65954338
ENSG00000115084,15.01997005,12.28600737,10.74390162
ENSG00000115091,14.99988043,13.18195287,31.45094981
ENSG00000115109,5.077681571,3.522898853,9.038088881
ENSG00000115112,18.42745611,21.85905465,10.48314361
ENSG00000115128,5.294881633,4.508225898,7.868969974
ENSG00000115137,2.192273937,2.534662184,1.63363546
ENSG00000115145,6.404883936,6.138613119,3.979651758
ENSG00000115159,11.01833207,7.779835056,12.78174622
ENSG00000115163,1.799130561,0.839361849,5.485248264
ENSG00000115170,2.968823347,2.855364369,2.674827371
ENSG00000115183,11.08268207,10.45373955,6.51261942
ENSG00000115204,7.846142159,9.433271382,5.347960735
ENSG00000115207,6.691522114,7.404323026,6.191214434
ENSG00000115211,2.441232094,2.763678085,2.674701396
ENSG00000115216,7.432278979,12.24827286,11.84616292
ENSG00000115221,6.089256383,5.555589894,2.314877555
ENSG00000115233,8.730799052,6.438476962,18.35394939
ENSG00000115234,7.634539688,6.550922558,6.913554486
ENSG00000115239,3.551276198,4.45554718,1.842473621
ENSG00000115241,9.284865042,6.457603539,28.33998186
ENSG00000115255,4.953508474,2.742646626,1.226038768
ENSG00000115257,3.289262855,4.017279526,0.216211205
ENSG00000115266,3.923675326,1.092124525,1.001827542
ENSG00000115267,3.648054863,2.192667861,16.85557143
ENSG00000115268,32.81805243,24.93725407,42.9456857
ENSG00000115271,11.56494097,12.68232499,8.53300791
ENSG00000115275,12.38030254,14.04029534,9.44151803
ENSG00000115282,4.15685191,5.277876434,2.219067133
ENSG00000115286,2.809846823,1.996888965,2.448557109
ENSG00000115289,2.107202975,2.320290364,2.188822748
ENSG00000115306,37.15557096,36.77450881,26.2503873
ENSG00000115307,12.30171964,17.9052747,15.87551079
ENSG00000115310,28.26955219,22.39439113,59.68661244
ENSG00000115317,2.002218273,1.593778821,2.271953719
ENSG00000115325,1.989285883,2.438166906,2.236578984
ENSG00000115339,18.77490184,12.0550204,19.39656312
ENSG00000115350,1.746031287,1.016074449,4.084650305
ENSG00000115363,2.72743397,3.245765719,2.211218474
ENSG00000115364,0.654798544,0.882521082,1.837663938
ENSG00000115365,1.382907728,0.636689107,0.986516261
ENSG00000115368,9.771818275,10.28869799,10.58276736
ENSG00000115392,8.304473745,7.33778088,7.238413539
ENSG00000115414,22.28034198,22.82524097,22.55324206
ENSG00000115415,13.98238928,9.93719245,46.27497572
ENSG00000115419,3.940766933,5.730741694,7.664283332
ENSG00000115421,3.267483191,3.729328664,2.979808135
ENSG00000115423,1.520978762,1.46391144,0.98336521
ENSG00000115425,2.802425681,1.722029522,2.12890202
ENSG00000115446,7.5068263,6.598518017,4.70471284
ENSG00000115457,2.88068364,2.179813835,1.608447099
ENSG00000115459,5.162386477,5.590703064,2.17468623
ENSG00000115464,12.67169953,12.78133774,6.753218447
ENSG00000115484,3.121719,2.439377868,5.311325738
ENSG00000115486,6.376297797,5.732604485,4.499903317
ENSG00000115504,2.734804648,3.05189471,2.442888519
ENSG00000115514,1.607950131,1.541274268,2.852262157
ENSG00000115520,2.348189936,2.193696285,7.706861931
ENSG00000115524,49.25160871,50.26580406,31.14873423
ENSG00000115525,1.312848198,0.749755902,3.311654319
ENSG00000115539,2.189533427,1.916555931,5.043106536
ENSG00000115540,3.666501983,2.468237026,6.423590706
ENSG00000115548,20.88777349,24.93519171,13.36547127
ENSG00000115561,9.214416942,6.988988224,8.845759152
ENSG00000115568,2.963742836,4.278277004,3.990297255
ENSG00000115616,5.173141385,3.682852894,11.81601315
ENSG00000115641,23.9634179,20.79075007,7.278387575
ENSG00000115648,20.24453806,45.02508179,6.441767986
ENSG00000115649,6.780315252,6.886317051,5.311030342
ENSG00000115652,6.932893427,5.166142877,13.42299998
ENSG00000115661,4.204660507,3.850405513,3.259340285
ENSG00000115677,55.30175542,47.36919778,51.56253213
ENSG00000115685,6.227103827,5.558102391,10.12687852
ENSG00000115687,4.926114683,4.775916339,5.718524906
ENSG00000115694,13.20586101,15.0522795,6.68525979
ENSG00000115738,5.90002606,4.708676968,7.034848732
ENSG00000115750,2.265848713,1.865725951,3.921770209
ENSG00000115756,15.87145,11.64395278,4.294420986
ENSG00000115758,21.28904111,27.74750857,49.90749982
ENSG00000115760,9.338451183,10.12292915,6.307373937
ENSG00000115761,3.999565489,3.848824682,4.631365767
ENSG00000115762,16.1782251,16.55497792,25.82504056
ENSG00000115806,10.22499011,9.403678733,17.95231228
ENSG00000115808,7.620773868,8.145763022,10.92700378
ENSG00000115816,8.284247494,8.125047939,13.74528816
ENSG00000115825,8.889638329,9.115167326,8.222305112
ENSG00000115827,3.334155492,4.310737902,3.245556643
ENSG00000115828,12.27033932,11.76294775,19.72066808
ENSG00000115839,6.177921524,4.77803162,4.221431139
ENSG00000115840,3.689478807,3.166142343,4.215700843
ENSG00000115866,24.50938398,20.37008264,14.44546527
ENSG00000115875,12.2890228,10.54926449,18.47159563
ENSG00000115884,17.51210189,18.45875673,42.14019758
ENSG00000115904,9.467325673,10.09826782,7.104539883
ENSG00000115942,5.572125403,6.438021661,3.767788972
ENSG00000115944,8.7152323,5.488865357,10.40660217
ENSG00000115947,6.631949935,6.11001994,9.088190853
ENSG00000115963,6.969069776,5.6112242,8.684388106
ENSG00000115966,8.352548166,5.153519186,4.782358954
ENSG00000115970,4.659218224,3.313459825,3.064077219
ENSG00000115977,4.21620976,3.454622768,4.273851284
ENSG00000115993,6.686666611,4.480359624,6.025650706
ENSG00000115998,1.423768363,1.814191047,1.285240363
ENSG00000116005,21.08061704,16.62166672,25.94517629
ENSG00000116016,12.64798264,11.00327596,11.56551575
ENSG00000116017,1.830655856,1.5448287,1.60664922
ENSG00000116030,9.246059572,7.152708426,22.88985293
ENSG00000116044,12.69712205,12.65808503,17.63188332
ENSG00000116062,0.477417904,0.487064652,0.92865362
ENSG00000116095,2.846185743,3.365261519,6.409996491
ENSG00000116096,2.301179919,1.578017314,6.433809384
ENSG00000116117,1.706755875,0.907620745,2.371193956
ENSG00000116120,9.521590639,6.946057487,13.17092713
ENSG00000116127,3.090648573,2.01255771,3.017148118
ENSG00000116128,6.757824058,7.965076269,5.360185749
ENSG00000116133,32.04405689,18.42336248,60.83190076
ENSG00000116138,5.984215684,7.746609493,4.521883494
ENSG00000116151,5.230689506,5.534781547,1.088816007
ENSG00000116161,5.518425901,3.807458621,18.30865885
ENSG00000116171,18.07454665,14.79608311,23.25819112
ENSG00000116191,6.574445684,7.10258542,6.081156023
ENSG00000116198,8.456216198,9.202047463,7.609002322
ENSG00000116199,11.28740132,7.364919331,14.19538458
ENSG00000116205,3.910089763,3.649556364,4.093768121
ENSG00000116209,28.63249945,24.16595966,25.89403855
ENSG00000116212,6.361990542,5.264611217,5.981139576
ENSG00000116213,4.584173093,5.769955058,3.522728433
ENSG00000116221,9.911483429,7.809235618,19.29949326
ENSG00000116237,8.267198032,5.412652539,21.26882769
ENSG00000116251,0.864685156,1.564139966,0.296826674
ENSG00000116260,182.5076866,169.8556395,70.97347401
ENSG00000116266,6.555553992,6.757484909,9.727136957
ENSG00000116273,2.438962105,1.772060406,3.773804202
ENSG00000116285,15.03736289,10.93808623,9.648344927
ENSG00000116288,11.98626693,10.48538927,27.37963868
ENSG00000116299,15.78878573,18.86995524,3.23115874
ENSG00000116337,5.266593489,6.545646412,4.898033188
ENSG00000116350,14.38151848,13.91438142,18.9760442
ENSG00000116353,4.445827517,4.56155352,2.324677088
ENSG00000116406,11.4008281,11.55711124,10.85733879
ENSG00000116455,3.45345893,5.825548232,8.092349604
ENSG00000116459,17.23509603,14.71955067,22.93687703
ENSG00000116478,35.29699034,36.65458606,34.81988014
ENSG00000116489,24.48244022,23.79257616,26.16817954
ENSG00000116497,3.561040238,3.211825036,2.717845508
ENSG00000116514,1.852984355,2.095725243,2.014587109
ENSG00000116521,5.729056533,5.400866168,8.305437886
ENSG00000116525,1.977821782,3.719669114,2.324745487
ENSG00000116539,9.358633975,12.41091308,5.820809043
ENSG00000116560,34.16655932,64.00685022,32.07439893
ENSG00000116574,3.37464559,3.523160121,9.733914748
ENSG00000116580,6.6808315,10.55588121,4.261242302
ENSG00000116584,15.88148061,23.91151889,7.675477998
ENSG00000116586,2.555304171,2.92737873,2.960898792
ENSG00000116604,7.789228803,6.636232333,3.118052987
ENSG00000116641,11.74047706,10.49450439,7.550672562
ENSG00000116649,3.162911578,2.63347544,7.968446133
ENSG00000116661,0.499199962,0.350878336,0.746543443
ENSG00000116663,1.385003937,1.29750252,2.785011731
ENSG00000116667,4.150310568,4.033907206,5.076716633
ENSG00000116668,1.321017341,1.884300409,0.885940519
ENSG00000116670,2.384697521,3.696034074,4.120381137
ENSG00000116675,2.28641005,1.709448713,1.738794179
ENSG00000116678,2.891243641,7.291496014,1.33594297
ENSG00000116679,40.43428064,59.75747318,16.04533616
ENSG00000116685,15.45319739,13.286675,13.18419924
ENSG00000116688,11.70380404,12.13801225,20.4787974
ENSG00000116691,2.40198907,3.640177238,2.457309534
ENSG00000116698,11.00103769,11.50654042,17.921637
ENSG00000116704,4.805828905,4.766517522,14.07342335
ENSG00000116711,1.838005229,1.389464902,4.148149928
ENSG00000116717,15.99339507,24.10691449,12.57882897
ENSG00000116729,2.048189571,2.091286831,2.58420691
ENSG00000116731,7.044586947,8.708114405,7.22961173
ENSG00000116747,4.663741911,5.903109731,9.373617557
ENSG00000116750,6.961912633,4.737091373,16.01383791
ENSG00000116752,4.355711562,3.814939701,11.37762727
ENSG00000116754,28.84588972,31.44129023,21.14093086
ENSG00000116761,1.369394828,0.373610538,0.775754985
ENSG00000116786,1.607776785,2.544158601,1.511248543
ENSG00000116791,5.953275352,5.02729843,6.526410588
ENSG00000116793,2.885616191,2.343213912,4.542498926
ENSG00000116809,4.655569487,9.331850323,3.074448306
ENSG00000116815,7.638813426,5.278165367,5.877304617
ENSG00000116830,6.131645886,3.13818488,10.77716763
ENSG00000116833,3.233032713,3.102487738,1.742225403
ENSG00000116852,4.103702909,3.014513842,5.366329099
ENSG00000116857,11.82545198,10.04954847,14.65591683
ENSG00000116863,4.322610691,4.925883774,6.832192664
ENSG00000116871,4.136595508,4.143655693,10.11293419
ENSG00000116874,4.084482888,3.079871252,1.452489747
ENSG00000116885,1.64386099,1.321494976,0.80366748
ENSG00000116898,4.916073856,4.807417628,9.978622946
ENSG00000116903,3.455307516,3.728348993,6.305873235
ENSG00000116906,17.44744178,23.55930294,9.720007209
ENSG00000116922,3.755279446,3.540372525,7.172795048
ENSG00000116954,1.071041999,1.069137792,4.554292853
ENSG00000116977,3.883587705,3.785899216,2.137950025
ENSG00000116984,9.146483818,8.958469282,4.250381531
ENSG00000116985,0.843097605,0.412512913,0.338382555
ENSG00000116990,2.919318274,3.80327113,1.543483376
ENSG00000116991,6.53114879,10.55156258,4.814925089
ENSG00000117000,7.651330659,8.218807983,6.642901695
ENSG00000117010,0.923310137,1.070599333,1.766747843
ENSG00000117016,1.641239131,1.146256854,1.859644179
ENSG00000117036,6.795543355,6.966832457,9.093219502
ENSG00000117054,5.61632115,4.547009799,7.433656015
ENSG00000117115,18.90979496,11.88047635,1.041504164
ENSG00000117118,8.54346163,6.394440652,11.64001698
ENSG00000117133,3.846463165,3.503257806,8.762121234
ENSG00000117139,16.7712457,20.42655698,5.305813023
ENSG00000117143,6.568889309,5.405108516,7.613165052
ENSG00000117151,1.252511727,1.386083617,1.077156363
ENSG00000117153,10.07133733,10.13874155,7.986091643
ENSG00000117155,5.773426884,4.604307803,16.89301561
ENSG00000117174,2.780052123,3.879910128,7.329242313
ENSG00000117222,3.777342242,3.76872367,8.968653521
ENSG00000117226,7.208909588,6.604602788,8.298923825
ENSG00000117228,2.071706743,1.840716781,5.76443652
ENSG00000117262,2.515739105,3.131023699,2.144381078
ENSG00000117266,7.998827993,7.724349968,4.611792211
ENSG00000117280,2.064595087,1.946827251,8.727846968
ENSG00000117298,22.20631006,15.88432143,10.71085251
ENSG00000117305,9.229078975,6.490892116,6.01917481
ENSG00000117308,16.34352572,14.39245321,10.54635007
ENSG00000117318,1.443156367,2.401711591,10.52934668
ENSG00000117335,95.1841202,84.72250558,82.46452367
ENSG00000117360,5.327520165,9.744529818,4.71183563
ENSG00000117362,14.96716128,11.3690531,18.43871543
ENSG00000117385,4.951201447,4.318932894,2.918455691
ENSG00000117394,53.89758292,48.80828438,38.95127137
ENSG00000117395,7.206065143,5.979986957,15.25975434
ENSG00000117399,5.117730652,2.328426104,8.650441833
ENSG00000117407,1.199212746,1.108255007,1.713699675
ENSG00000117408,2.785362535,2.140171619,4.988548651
ENSG00000117410,5.767487169,5.857320407,14.7666745
ENSG00000117411,4.721542799,4.193720439,3.457702084
ENSG00000117419,4.539473999,4.764642084,4.181890369
ENSG00000117448,11.07804676,11.50036335,6.981767838
ENSG00000117450,14.9624307,12.53813687,65.14545044
ENSG00000117461,1.814848451,2.627278009,5.496089701
ENSG00000117472,29.28251201,29.67151364,7.706792387
ENSG00000117475,6.489861387,6.233855599,5.834051336
ENSG00000117479,3.111336501,3.065971469,4.164715756
ENSG00000117480,14.27050192,16.22707867,5.427232697
ENSG00000117481,4.822557266,3.854975261,3.216976545
ENSG00000117500,6.58487837,5.053193679,18.13247372
ENSG00000117505,8.321236211,8.095424193,14.52368526
ENSG00000117519,29.0667086,28.38439287,23.22501117
ENSG00000117523,18.61249447,22.00826837,19.86009686
ENSG00000117525,113.8801005,137.2390081,10.22986947
ENSG00000117528,19.19046967,17.59560385,15.67787323
ENSG00000117533,3.64804234,3.021210359,2.218218738
ENSG00000117543,3.684455798,2.616971007,4.112606056
ENSG00000117569,2.724819234,3.461761705,0.854341412
ENSG00000117593,4.286129878,2.31804317,6.027335254
ENSG00000117597,2.266420915,2.814758944,4.061871503
ENSG00000117602,4.127072226,3.52132494,4.387291899
ENSG00000117614,5.598366629,5.264528697,8.678808966
ENSG00000117616,15.75049144,18.61244854,6.423747977
ENSG00000117625,7.025083537,8.13329455,2.750322242
ENSG00000117632,13.08469759,5.690061612,31.81353254
ENSG00000117640,5.955697607,6.162414647,2.422811621
ENSG00000117650,3.789674499,1.441118793,12.59138372
ENSG00000117676,13.88006576,12.59439098,15.4498836
ENSG00000117682,5.297025979,5.847901553,6.541912671
ENSG00000117691,3.058499789,2.659973885,3.656411728
ENSG00000117697,3.083392419,2.428870511,4.314171284
ENSG00000117707,1.890355133,4.636269735,7.981839933
ENSG00000117713,13.76936021,17.3189929,9.093191729
ENSG00000117724,10.89077912,5.746320094,18.78706536
ENSG00000117748,5.80432297,4.724809126,14.00267516
ENSG00000117751,6.768695855,6.639945764,13.22972037
ENSG00000117758,8.915685141,6.574406869,6.804305899
ENSG00000117791,3.254428239,2.627722295,2.074424223
ENSG00000117834,1.004867029,0.655740303,0.106064972
ENSG00000117859,11.28072551,13.54496409,9.823563565
ENSG00000117862,2.806711902,2.017684888,3.738044843
ENSG00000117868,21.62535495,15.81785214,12.57390529
ENSG00000117899,8.041400765,7.424607577,13.91476923
ENSG00000117906,9.809883742,9.140112692,12.53178444
ENSG00000118007,4.162792736,3.113569303,3.611121008
ENSG00000118046,9.346384938,13.24236025,4.946884676
ENSG00000118058,4.712366179,5.9678506,2.592903591
ENSG00000118094,0.445587753,0.594437799,0.215943675
ENSG00000118096,5.217213306,5.186224439,3.145003743
ENSG00000118162,1.584523393,1.411742216,1.065928724
ENSG00000118181,33.85307248,26.18714275,34.8696086
ENSG00000118193,3.581850846,1.047844836,3.582766255
ENSG00000118197,2.151145602,2.522250154,1.449131256
ENSG00000118200,5.553697205,4.894126095,5.431558807
ENSG00000118217,7.807751852,6.866568885,7.729339648
ENSG00000118242,1.40283479,1.46069408,2.103316902
ENSG00000118246,6.895742913,4.745779615,6.59940326
ENSG00000118257,2.820606364,2.67934728,1.790007215
ENSG00000118260,2.217817923,2.565104584,1.983726283
ENSG00000118263,4.496370283,3.5975482,3.366694491
ENSG00000118276,3.098266516,2.689223203,3.883405471
ENSG00000118298,0.466018836,0.345103581,0.268932623
ENSG00000118322,27.46720828,27.09750956,14.93648854
ENSG00000118363,6.776938466,5.658421804,16.08428016
ENSG00000118369,2.543947521,3.265792533,2.738258523
ENSG00000118412,3.493294221,4.51758015,7.458312323
ENSG00000118418,5.758414264,4.690518692,5.357109407
ENSG00000118420,1.21810132,1.404474698,1.028306833
ENSG00000118454,5.408948484,6.511931704,6.13786221
ENSG00000118482,12.12278305,11.47848384,8.126374592
ENSG00000118495,15.57086005,18.80177753,3.08761563
ENSG00000118496,0.851427261,1.080878187,1.542383631
ENSG00000118503,3.972042759,6.532338283,3.796502064
ENSG00000118507,3.816133235,2.995143813,3.847244221
ENSG00000118508,2.217673558,1.558174468,4.857022297
ENSG00000118513,23.54352719,22.78524887,7.839588441
ENSG00000118515,1.684548327,1.54374185,4.400158722
ENSG00000118518,5.735934962,6.307138297,4.375487398
ENSG00000118523,11.03143097,11.13660132,1.081058915
ENSG00000118557,1.509076906,1.927731162,2.795938566
ENSG00000118564,11.10480767,8.224563987,7.390261736
ENSG00000118579,7.212780368,7.501715302,7.661034165
ENSG00000118600,1.035625375,1.34210572,3.182357006
ENSG00000118620,1.937077782,2.323157812,3.549434973
ENSG00000118640,5.092836031,4.741636068,9.64532881
ENSG00000118655,2.493176988,1.437718352,9.320702013
ENSG00000118680,26.5739172,18.91532092,25.21751083
ENSG00000118689,12.18883937,13.11178232,8.911072918
ENSG00000118690,1.864402628,2.958089218,1.824511563
ENSG00000118705,48.16102528,39.14363628,83.58345876
ENSG00000118762,3.722788656,3.82021734,3.157937425
ENSG00000118816,65.4666069,46.69477252,31.48433232
ENSG00000118849,19.80722249,14.34180477,1.026774359
ENSG00000118855,4.978440019,3.914449296,9.379697085
ENSG00000118873,10.44359981,8.117278237,8.23595073
ENSG00000118894,0.734408296,1.134775534,1.881721215
ENSG00000118898,8.254669332,6.639551722,4.950624777
ENSG00000118900,8.723970983,9.288425528,15.57795216
ENSG00000118922,3.090710974,2.175993265,1.074133924
ENSG00000118960,3.041057639,3.196858646,3.774716842
ENSG00000118961,4.842359004,4.909674985,4.849879252
ENSG00000118965,2.970987774,3.714936552,1.425509358
ENSG00000118985,3.962278375,4.126380858,10.58197216
ENSG00000118997,1.154060756,1.37198804,0.304171849
ENSG00000119004,2.145361051,1.955919757,2.471194884
ENSG00000119013,3.035348072,3.18140247,6.691224199
ENSG00000119041,8.89176315,9.27839579,7.300521021
ENSG00000119042,3.169019892,3.234660704,6.292618683
ENSG00000119048,6.110411955,5.873618373,6.168076474
ENSG00000119125,11.92242649,9.200112141,7.055441472
ENSG00000119138,6.544782949,4.995679717,3.534381468
ENSG00000119185,5.589884771,5.497562864,5.962804823
ENSG00000119203,5.124918262,5.51474479,7.92110324
ENSG00000119227,6.577513636,5.117208886,1.52848275
ENSG00000119231,5.304085001,5.204532624,7.259672074
ENSG00000119242,2.837033128,2.732165305,4.302518668
ENSG00000119280,6.714371799,6.025226611,10.04801088
ENSG00000119285,7.431832064,8.601681801,9.052732524
ENSG00000119314,33.63784567,24.11584027,27.90673102
ENSG00000119318,18.76549171,15.54404154,45.40140294
ENSG00000119321,9.73225444,11.09614913,6.734723024
ENSG00000119326,8.123522791,4.603699487,14.81864699
ENSG00000119328,4.780542277,3.686449878,5.300362939
ENSG00000119333,6.611999781,4.651600743,8.359368946
ENSG00000119335,36.44445151,27.98573191,61.90879463
ENSG00000119383,5.239717429,5.50436951,8.934522627
ENSG00000119392,6.076400678,5.525093744,4.569853394
ENSG00000119396,19.24931526,17.33607967,27.82644294
ENSG00000119397,5.191311713,7.242837704,1.958749218
ENSG00000119402,11.45297541,13.5132939,13.5851999
ENSG00000119403,6.385762391,4.488568323,5.316923451
ENSG00000119408,13.75872906,12.51435027,11.58882402
ENSG00000119411,10.7278402,10.09856433,4.665092183
ENSG00000119414,7.800844393,5.778842095,10.030834
ENSG00000119421,5.476862152,4.123671028,10.86507362
ENSG00000119431,7.499882951,8.24912675,7.10736067
ENSG00000119446,6.921327668,6.600807416,9.369969829
ENSG00000119487,6.813708526,6.86711056,9.667318366
ENSG00000119509,2.704937848,3.651489883,2.418705819
ENSG00000119514,12.18989621,6.848776688,2.778142664
ENSG00000119522,3.473355774,3.153654856,4.666729485
ENSG00000119523,6.262396156,5.997854329,8.388007903
ENSG00000119537,6.03305497,5.644096787,5.515314385
ENSG00000119541,13.22967563,10.45399477,14.21356935
ENSG00000119559,2.323120764,3.101426766,5.781494855
ENSG00000119574,3.822059904,3.584712604,2.733101341
ENSG00000119596,14.37582724,14.366225,8.892224815
ENSG00000119599,1.486937362,1.532567163,2.200026852
ENSG00000119616,6.652525224,6.38121777,8.455185417
ENSG00000119630,0.123452845,0.149987969,0.565958613
ENSG00000119632,2.303280273,1.819628107,2.764679933
ENSG00000119638,2.001510876,1.596204876,0.962764663
ENSG00000119640,3.173011029,2.56322192,2.615247846
ENSG00000119650,3.62236895,4.3357664,1.323700858
ENSG00000119655,9.484532992,8.026326297,12.58390475
ENSG00000119661,3.250096556,3.083050926,1.719729052
ENSG00000119669,3.004012421,2.952671112,4.088196042
ENSG00000119682,7.354235504,9.52273316,6.418867019
ENSG00000119684,7.993193327,11.34958859,5.449032552
ENSG00000119685,5.58583726,3.074180407,2.652836333
ENSG00000119688,5.30701447,8.600847417,1.714237303
ENSG00000119689,15.24685103,13.49093324,13.03593072
ENSG00000119703,1.463864244,1.358551567,1.164612789
ENSG00000119705,2.418919886,2.713897147,4.541682151
ENSG00000119707,22.53619307,26.93388285,13.56106648
ENSG00000119718,1.862863302,2.044101484,4.047370038
ENSG00000119720,3.004179344,3.792699177,1.124506517
ENSG00000119723,1.464286013,1.655644314,0.950682498
ENSG00000119760,7.884319362,9.731033162,6.246168784
ENSG00000119771,2.461856198,2.34920988,0.959315816
ENSG00000119772,6.390322581,9.040383617,4.043109235
ENSG00000119777,8.832388805,11.04176333,12.40845775
ENSG00000119778,2.559065292,4.688416949,1.672125262
ENSG00000119787,11.57484006,11.09577588,11.04103558
ENSG00000119801,4.973094111,5.690789367,5.852667801
ENSG00000119812,4.257061997,4.087205264,13.05214015
ENSG00000119820,5.280795628,4.93140387,7.143784445
ENSG00000119844,9.116240682,8.322903116,13.34281708
ENSG00000119862,1.664966725,1.312664792,5.262729206
ENSG00000119866,2.741736167,3.3821129,1.88592269
ENSG00000119878,2.115336484,2.152082978,2.542936488
ENSG00000119888,110.0166791,88.67723309,102.4275586
ENSG00000119899,8.150111006,7.742073589,5.077026537
ENSG00000119906,7.411231871,7.203369763,6.521820123
ENSG00000119912,6.660875101,5.35810941,6.640694508
ENSG00000119927,4.392194875,4.076014306,4.888656178
ENSG00000119929,2.489005376,2.268141946,1.044651394
ENSG00000119943,7.49261017,7.098036338,0.858653492
ENSG00000119950,7.83864976,6.381735605,2.470470512
ENSG00000119953,5.678623522,6.547405404,7.983040636
ENSG00000119965,2.102227374,3.09585819,2.364061374
ENSG00000119969,1.594530954,0.904753536,4.205603955
ENSG00000119977,10.23395319,6.786812788,6.089117468
ENSG00000119979,3.688892487,3.129952336,3.531890405
ENSG00000119986,5.115115007,3.773356289,4.227839814
ENSG00000120008,16.42632166,19.23955572,5.078342564
ENSG00000120029,4.978651145,5.234520608,3.133676591
ENSG00000120053,8.230875392,5.630215805,8.665875914
ENSG00000120063,9.971734669,7.929535582,11.90615366
ENSG00000120071,12.25499841,18.05173517,10.5825604
ENSG00000120137,23.26899962,22.61637622,18.98303933
ENSG00000120149,1.845947997,2.012513611,7.094009393
ENSG00000120158,2.080249283,1.884312599,3.558155731
ENSG00000120159,5.772145209,6.76228977,6.543867952
ENSG00000120162,3.274109817,2.787663827,3.094480927
ENSG00000120253,6.409704264,5.85200608,9.779725818
ENSG00000120254,4.831167621,3.301641792,2.05297529
ENSG00000120262,1.039130174,0.751191245,6.507661791
ENSG00000120265,3.715190374,2.799632363,7.013913103
ENSG00000120278,8.04538031,8.245844371,4.3519041
ENSG00000120306,9.480573196,6.749736905,8.728021015
ENSG00000120314,6.67552193,11.93334823,7.637621666
ENSG00000120318,1.184906397,0.798493586,2.997888401
ENSG00000120333,4.20869151,3.8528931,5.294190166
ENSG00000120334,1.463703226,0.751807377,5.56931451
ENSG00000120370,1.951192911,2.700785622,2.542021948
ENSG00000120437,9.342960793,4.195173934,10.08224088
ENSG00000120438,19.62684376,14.56031885,38.65587597
ENSG00000120440,2.154439975,1.774588647,1.785643181
ENSG00000120451,8.350690638,9.616243797,12.40261953
ENSG00000120458,3.200227507,5.652531116,1.623293098
ENSG00000120509,3.824345964,3.211115144,10.38592415
ENSG00000120519,1.884082134,2.229334999,2.220581087
ENSG00000120526,4.095651626,2.609541221,8.853179272
ENSG00000120533,6.237446113,6.761264903,9.949040238
ENSG00000120539,1.923344793,1.253308342,3.788891635
ENSG00000120549,22.04998233,29.55233481,8.176210577
ENSG00000120616,4.615636928,4.53002152,2.669096009
ENSG00000120647,1.94195516,2.171229556,2.250599791
ENSG00000120656,2.221180419,1.998965913,2.871372316
ENSG00000120662,2.236258272,2.474186286,1.439292601
ENSG00000120675,3.461126875,5.001048843,5.956503069
ENSG00000120685,8.628405475,12.00502933,14.4138385
ENSG00000120686,12.97281573,15.50033531,16.44193402
ENSG00000120688,2.903035755,3.273334791,4.546773297
ENSG00000120690,13.27349623,12.46547568,15.08167503
ENSG00000120693,8.379824312,7.505584332,1.251656796
ENSG00000120694,6.021202938,6.516876771,34.87057079
ENSG00000120697,4.212032102,3.709910129,6.797177929
ENSG00000120699,6.176216552,5.341756012,4.523625753
ENSG00000120705,12.55490126,12.12115124,30.04638963
ENSG00000120708,91.89655843,66.3401691,83.62991387
ENSG00000120709,3.858214274,4.000003529,3.834638543
ENSG00000120725,2.955075222,2.467077841,2.273308943
ENSG00000120727,3.461758915,3.843829617,4.733934445
ENSG00000120733,13.92617615,18.25857726,10.41492864
ENSG00000120738,6.118495585,4.142343638,4.792626079
ENSG00000120742,15.73169588,10.1693475,20.12214923
ENSG00000120756,0.526623191,0.722034241,0.48680676
ENSG00000120798,5.486987902,6.302149203,3.323845797
ENSG00000120800,20.01987611,17.05927224,8.922019565
ENSG00000120802,12.90048241,6.8010067,41.7413258
ENSG00000120805,10.83495181,8.185911834,16.35161099
ENSG00000120832,4.711115202,5.403917282,2.275247571
ENSG00000120837,4.971276172,2.747926454,8.194715442
ENSG00000120860,4.885393833,4.05401566,7.832593749
ENSG00000120868,7.143391578,9.057087768,7.508070981
ENSG00000120875,39.06388719,43.74277533,5.961349644
ENSG00000120885,6.037522793,5.637561457,10.88851829
ENSG00000120889,35.03227092,53.43537486,14.96097375
ENSG00000120896,3.171840755,3.549983539,2.696329732
ENSG00000120899,5.85595829,5.736972031,3.746534853
ENSG00000120910,0.596126038,0.372951342,0.753899838
ENSG00000120913,0.860591661,0.618469558,1.222577064
ENSG00000120915,3.155446378,2.444667003,3.609629544
ENSG00000120925,6.504073605,4.599929466,6.374109371
ENSG00000120942,2.283955049,2.098130669,3.834029729
ENSG00000120948,19.25773581,17.24126077,27.74878961
ENSG00000120963,8.450919327,11.64826214,6.041272555
ENSG00000120992,9.702314912,6.500830726,12.43877325
ENSG00000121022,5.22787561,6.660346003,6.352653439
ENSG00000121039,0.473918897,0.483890926,1.603001194
ENSG00000121057,13.46152714,16.30483606,17.29675483
ENSG00000121058,4.923888159,5.362798282,6.586687874
ENSG00000121060,11.79270605,13.96969445,14.47937841
ENSG00000121064,3.227345427,2.82769167,8.330963914
ENSG00000121067,6.147047873,6.307203871,8.930244029
ENSG00000121073,3.674526476,4.538860005,5.45860037
ENSG00000121104,1.330954264,1.594383898,0.202124776
ENSG00000121152,4.834404418,2.091883619,12.26306938
ENSG00000121210,3.5201073,3.198245763,2.542158078
ENSG00000121274,3.469591286,2.727308409,6.604104743
ENSG00000121289,5.550648936,4.51391261,4.237363589
ENSG00000121310,12.09154701,15.60388247,2.66933164
ENSG00000121316,8.071668821,6.474220555,5.792266168
ENSG00000121350,4.779112049,4.7530977,2.708358372
ENSG00000121380,14.20574671,8.574208704,3.277462294
ENSG00000121390,4.175594159,2.640226104,5.013464219
ENSG00000121417,1.951282678,3.203071073,0.297850319
ENSG00000121440,1.702273964,1.632019832,2.742106358
ENSG00000121481,2.70540628,1.943458028,3.773231169
ENSG00000121486,5.840535186,5.415342168,6.370059247
ENSG00000121542,1.914732783,1.550858714,1.719347139
ENSG00000121578,3.393499733,2.762493995,5.085615819
ENSG00000121579,14.4542023,12.39270869,46.84909537
ENSG00000121621,2.686380642,1.134086336,7.215125958
ENSG00000121644,11.89642459,8.778554875,13.63097593
ENSG00000121671,4.558312365,4.908318987,2.890657388
ENSG00000121680,2.972846376,3.135855919,3.386428751
ENSG00000121690,2.730759031,4.513082552,2.266901435
ENSG00000121691,21.00820139,12.23250554,9.200068196
ENSG00000121741,19.73021842,24.55732522,7.844448635
ENSG00000121749,3.302798032,3.325523854,5.964861967
ENSG00000121766,3.44375403,2.902495395,5.5775504
ENSG00000121769,1.077861368,1.658748599,0.664986305
ENSG00000121774,28.96544239,21.46664083,18.88732219
ENSG00000121775,4.114008766,4.726056769,2.260827886
ENSG00000121797,1.162430642,0.799146678,2.433773651
ENSG00000121851,1.55508011,1.07860408,1.552235529
ENSG00000121858,8.847589217,10.61267717,13.26943049
ENSG00000121864,4.060387359,3.697627304,6.624594456
ENSG00000121879,3.173787562,3.082408837,3.676388505
ENSG00000121892,16.51993204,12.5490569,18.84828697
ENSG00000121897,2.503927691,1.955850446,2.508660097
ENSG00000121900,0.665778823,0.683522997,1.093806939
ENSG00000121903,2.405158451,4.024102569,2.270598344
ENSG00000121964,1.130085519,0.743354929,1.729200851
ENSG00000121988,1.827951743,1.274872027,1.409196309
ENSG00000121989,1.894016836,2.355987951,3.005460616
ENSG00000122008,4.352607611,4.478444326,3.358764315
ENSG00000122012,0.414039975,0.183218995,1.116467838
ENSG00000122026,29.89710786,21.6370326,33.09847269
ENSG00000122033,5.581074422,6.720044006,4.949534709
ENSG00000122034,8.817675316,9.012360585,15.2690214
ENSG00000122035,1.421564554,1.139541501,0.926971279
ENSG00000122042,9.193885777,8.421722106,6.662204863
ENSG00000122068,6.402840965,7.838067063,12.38105775
ENSG00000122085,2.76555916,3.092890811,2.245663009
ENSG00000122126,11.57547031,11.56430438,16.40075117
ENSG00000122140,1.160402862,1.876181424,1.492030407
ENSG00000122176,8.595380809,7.710975864,1.675424245
ENSG00000122203,13.38537781,11.4248612,7.987047201
ENSG00000122218,32.70685492,23.96154967,17.53594274
ENSG00000122257,13.37816287,24.84580589,22.73951083
ENSG00000122299,6.685631413,8.573822986,8.299561335
ENSG00000122335,2.624533001,1.805122404,2.860154783
ENSG00000122359,28.04387883,24.4459653,16.26986692
ENSG00000122376,3.397472197,2.797776754,4.479671551
ENSG00000122378,13.28662919,11.82806159,16.24729978
ENSG00000122417,6.265908436,11.04883138,3.821877075
ENSG00000122435,5.78305117,7.199659028,3.411136977
ENSG00000122477,0.895198501,2.228654024,0.287997058
ENSG00000122482,6.689574726,7.580456307,9.222445768
ENSG00000122483,3.465149931,1.762672331,2.091409113
ENSG00000122484,3.024706457,4.583745999,3.864472169
ENSG00000122490,7.628515247,8.779717784,3.778775743
ENSG00000122507,1.612068676,1.574728784,0.99033645
ENSG00000122512,4.855465631,4.326661154,6.449881951
ENSG00000122515,21.54441489,40.21403053,11.81196279
ENSG00000122545,13.80938001,11.68927336,34.34091878
ENSG00000122547,9.03234487,8.71612333,9.05560178
ENSG00000122550,4.239913063,3.294925187,7.501841345
ENSG00000122557,4.245159379,4.268937892,3.515182421
ENSG00000122565,18.87218362,16.49289564,67.77008955
ENSG00000122566,58.5462855,68.26274309,123.9433787
ENSG00000122642,22.42583296,15.34051572,26.63917701
ENSG00000122643,6.252372607,6.148121075,17.08612018
ENSG00000122644,3.044775622,1.842877627,16.50683817
ENSG00000122674,2.167540518,3.345870095,3.436651564
ENSG00000122678,4.293088633,5.229449108,2.402993763
ENSG00000122692,8.759815486,9.968450458,11.00314854
ENSG00000122694,0.573946411,0.639038281,0.730443085
ENSG00000122705,14.0716962,13.15764785,27.90296858
ENSG00000122707,0.43987993,0.57005688,0.701422782
ENSG00000122729,12.32895358,10.55149771,17.01478635
ENSG00000122778,2.410054389,3.110373653,4.541750062
ENSG00000122779,4.789041821,5.432505675,17.53712056
ENSG00000122783,1.651271237,1.499871643,3.675341525
ENSG00000122870,11.41101919,11.24457026,1.992450168
ENSG00000122873,2.352647303,2.087736951,8.032883145
ENSG00000122882,4.067230108,4.594446793,3.271581978
ENSG00000122884,59.36837886,39.9634143,12.48222114
ENSG00000122912,2.96798848,2.229399991,2.18380253
ENSG00000122952,6.49174616,2.377004209,25.50120345
ENSG00000122958,11.7504683,8.497197332,13.39014822
ENSG00000122965,8.29415163,9.322176569,6.748901695
ENSG00000122966,7.672809567,4.114544008,9.820727472
ENSG00000122970,4.948557512,3.456302289,3.437353989
ENSG00000122971,4.328934966,3.580501545,2.714779583
ENSG00000123064,8.692890865,9.012354336,15.28840919
ENSG00000123066,11.04511939,19.38631438,9.321962654
ENSG00000123080,1.885380899,0.509461494,3.590606372
ENSG00000123091,10.88162174,8.181311901,12.99934813
ENSG00000123104,6.120629676,6.690340933,7.668129657
ENSG00000123106,1.142913229,1.264797182,2.293437956
ENSG00000123124,5.585125736,7.083347578,10.47328667
ENSG00000123130,4.212666703,5.978114605,6.214209061
ENSG00000123131,8.095334092,6.784453902,20.52188935
ENSG00000123136,4.789348845,5.981583237,18.0702514
ENSG00000123143,8.90857021,8.27110448,3.442302096
ENSG00000123144,11.56900088,13.13544705,15.01404862
ENSG00000123146,11.25289271,13.74746662,14.3217017
ENSG00000123159,14.79967627,12.97418221,16.51924886
ENSG00000123178,3.133677999,3.156768164,4.133732363
ENSG00000123179,5.261935424,4.514631974,6.135661535
ENSG00000123191,5.043286249,3.120769786,2.31127269
ENSG00000123200,9.211312546,10.44716006,12.42381436
ENSG00000123213,4.474786952,3.130978787,4.694793717
ENSG00000123219,7.295610349,4.527741783,10.70255789
ENSG00000123240,7.188912597,5.135622846,6.970055658
ENSG00000123268,4.195053261,3.92200314,6.348229294
ENSG00000123352,5.450100557,5.424626771,7.099099424
ENSG00000123358,2.774161457,2.128322736,5.835241464
ENSG00000123384,24.74958333,36.5591206,17.54804513
ENSG00000123395,1.82039566,2.014528525,7.037659018
ENSG00000123411,0.765477862,0.964833042,0.601946642
ENSG00000123415,4.067719947,4.79228242,6.131229963
ENSG00000123472,6.875186282,6.340114763,10.84068546
ENSG00000123473,4.439507072,2.371178066,9.642406232
ENSG00000123485,8.02634743,3.464085516,14.86243486
ENSG00000123505,12.54852181,9.316975785,24.19209502
ENSG00000123545,1.397218907,1.293363088,4.717647134
ENSG00000123552,3.278856227,2.501052272,2.42784775
ENSG00000123562,24.31509805,24.23172567,51.81195597
ENSG00000123575,9.360643941,8.249559043,23.69101403
ENSG00000123595,3.191946963,2.245563122,7.638174218
ENSG00000123600,2.269151105,2.505021934,3.461990091
ENSG00000123607,4.160636831,4.43562143,2.587021835
ENSG00000123609,2.443029468,2.124784399,4.013649116
ENSG00000123612,1.208376237,1.804858343,1.992166898
ENSG00000123636,10.08500565,15.04771027,5.499795034
ENSG00000123643,0.922779383,0.746137599,4.619745815
ENSG00000123684,13.88760746,11.35861474,10.89721227
ENSG00000123728,4.484224095,3.375606411,11.44473363
ENSG00000123737,5.05360107,4.555481964,8.066833761
ENSG00000123739,6.274800566,3.108640688,5.27104585
ENSG00000123815,4.747186896,5.438325589,3.010084895
ENSG00000123836,9.382371028,7.915171109,9.919975608
ENSG00000123908,6.659105183,9.287728381,9.0683669
ENSG00000123933,5.346488968,8.598211623,2.101876763
ENSG00000123975,3.942767034,2.769678608,25.85981371
ENSG00000123983,20.3581195,13.22572393,34.93289259
ENSG00000123989,14.42885478,11.79974095,15.81921639
ENSG00000123992,8.948097316,8.347004848,7.291225197
ENSG00000124067,9.533272617,14.04148838,5.026481446
ENSG00000124074,2.369850247,2.989929625,0.633150814
ENSG00000124098,8.41951753,8.258650287,8.274106591
ENSG00000124104,1.853889193,1.97320737,1.720200071
ENSG00000124120,4.666102444,4.726035388,10.73930975
ENSG00000124145,19.53534638,13.88328975,38.80076132
ENSG00000124151,5.813601309,8.741753343,8.942205763
ENSG00000124155,17.904046,16.44040402,21.50924126
ENSG00000124160,5.34594791,10.25214447,10.47511523
ENSG00000124164,8.904209035,7.502225848,17.94331383
ENSG00000124171,2.808910033,2.809957131,2.739053278
ENSG00000124172,4.565900869,3.928032954,13.66099516
ENSG00000124177,7.921392169,17.03570467,6.574173038
ENSG00000124181,12.54226851,29.98062243,19.89501273
ENSG00000124198,14.49344354,14.23300172,15.37733049
ENSG00000124201,6.085970321,7.472694896,22.53960769
ENSG00000124207,14.89132499,9.816397463,40.43108018
ENSG00000124209,5.768674824,6.233609835,14.87368041
ENSG00000124214,18.99607617,17.03325264,38.99927169
ENSG00000124217,1.540272326,1.221909606,3.198265267
ENSG00000124225,14.77467957,18.5079377,0.824632785
ENSG00000124226,21.67224179,25.34902554,29.7192916
ENSG00000124228,6.504206432,11.49588366,10.86757477
ENSG00000124243,0.800708051,0.815310225,1.074126015
ENSG00000124253,12.90815281,5.59335643,1.735214812
ENSG00000124275,4.643422044,6.338406809,5.512325465
ENSG00000124299,3.436907338,2.764562257,4.488271907
ENSG00000124313,6.38146404,7.408522235,5.186186859
ENSG00000124333,3.531403241,2.913027577,13.02497287
ENSG00000124356,5.703018136,8.107829186,6.096025357
ENSG00000124357,5.911018647,8.683156954,6.018125208
ENSG00000124370,1.355076678,0.734366845,1.056378997
ENSG00000124374,5.07075773,4.303384802,6.797727376
ENSG00000124380,2.251451931,2.286065035,3.170651674
ENSG00000124383,5.147328768,5.504493645,13.97558055
ENSG00000124406,7.71188628,4.336196927,1.020804154
ENSG00000124422,23.54870602,27.97299267,13.45943209
ENSG00000124429,35.92732942,27.66992466,44.62678004
ENSG00000124459,1.831785401,1.199702453,1.340065664
ENSG00000124466,1.788220208,0.915755293,3.571985564
ENSG00000124486,21.09697064,19.2178803,28.99202199
ENSG00000124496,6.313208384,6.015825917,1.342253611
ENSG00000124508,3.839460627,4.323149926,3.390136442
ENSG00000124523,6.127291663,5.276972243,2.439175393
ENSG00000124532,8.675604747,8.35558278,7.342565822
ENSG00000124535,12.1323984,11.27716618,8.460479546
ENSG00000124541,4.345150796,5.601715339,9.972008041
ENSG00000124549,2.046561776,2.218847433,0.924275083
ENSG00000124562,5.928590423,4.844928841,7.066682696
ENSG00000124570,25.08706517,22.06785669,13.76500275
ENSG00000124571,2.470426903,2.510734636,2.190309485
ENSG00000124574,5.639370468,6.436351862,3.010475912
ENSG00000124587,6.706246481,7.903549291,5.334395946
ENSG00000124588,5.494165193,5.141001996,2.88541271
ENSG00000124596,4.70296168,3.94754436,4.274633632
ENSG00000124602,1.18143017,1.079593319,1.078804423
ENSG00000124613,1.600163612,1.351054768,1.353113475
ENSG00000124615,0.753208068,0.734953827,1.949938184
ENSG00000124659,2.963974791,2.318065126,2.91746202
ENSG00000124688,3.445090752,4.62726778,4.129271438
ENSG00000124702,5.973061457,5.621534995,4.741437065
ENSG00000124733,4.767986808,3.328943103,7.945057699
ENSG00000124743,1.280731018,1.087901595,0.217379722
ENSG00000124762,34.93330719,75.77859237,24.67890475
ENSG00000124766,33.15341767,48.00183121,16.93154845
ENSG00000124767,23.58576715,16.04368113,42.30872776
ENSG00000124782,12.67165988,13.02701647,5.551849579
ENSG00000124783,5.679767932,5.26590099,9.05285446
ENSG00000124784,3.198614676,3.986133527,5.019846168
ENSG00000124787,0.848263811,0.89317869,1.544244205
ENSG00000124788,6.952435217,7.360949674,1.718223755
ENSG00000124789,7.727606704,7.836382536,8.399450154
ENSG00000124795,32.64298522,25.9323672,52.95422094
ENSG00000124813,3.929193244,3.053035609,4.902590458
ENSG00000124831,22.88848021,20.11485832,21.18491771
ENSG00000124839,4.835142145,4.00222341,3.426671306
ENSG00000124882,10.67236544,6.617678065,9.673540159
ENSG00000124942,70.57595066,54.50733588,25.73573191
ENSG00000125037,6.107566046,4.887618283,11.28585804
ENSG00000125089,3.294353134,2.80552399,1.447521564
ENSG00000125107,36.11135859,29.98136199,49.72000377
ENSG00000125124,5.449745006,5.668608569,5.361400509
ENSG00000125148,1.751111042,1.999641858,0.507197268
ENSG00000125149,2.790700906,4.970562086,3.71928538
ENSG00000125166,10.34918833,13.69432273,27.90844481
ENSG00000125170,9.418657568,9.066440214,10.94901622
ENSG00000125246,0.519243983,0.363733908,0.305828582
ENSG00000125247,4.263776005,3.791581506,1.878381036
ENSG00000125249,5.10495054,3.949815922,20.51742699
ENSG00000125257,7.111333643,4.651806804,2.4569079
ENSG00000125266,3.924257822,2.768488345,6.010688956
ENSG00000125304,28.51102123,25.3257265,36.55231526
ENSG00000125319,1.091209676,0.570040727,2.517856589
ENSG00000125351,3.637611576,5.371528001,21.1039221
ENSG00000125352,2.536597234,1.963478311,6.581001679
ENSG00000125354,3.459735984,2.638537325,0.901825305
ENSG00000125356,4.844311412,4.301540953,15.40158019
ENSG00000125375,1.908344594,1.922406024,1.806911939
ENSG00000125378,49.92453055,67.37837203,38.54302547
ENSG00000125386,4.067778008,4.416313856,2.404492137
ENSG00000125388,0.735412662,0.387868705,0.690876953
ENSG00000125434,0.794348187,0.330549496,0.960639758
ENSG00000125445,4.954134508,4.222520336,6.880144046
ENSG00000125447,8.735739511,10.42701344,6.291680002
ENSG00000125449,1.544340652,1.636778445,1.985328845
ENSG00000125450,6.299474834,10.27176671,6.256268713
ENSG00000125454,0.920820144,0.829645223,3.001897402
ENSG00000125457,1.912445007,1.302645071,1.852623027
ENSG00000125458,1.785505848,2.287153582,0.53760799
ENSG00000125459,1.890655082,0.973505342,2.46746751
ENSG00000125482,4.110349125,3.724176005,4.884892994
ENSG00000125484,7.719932698,7.394287815,9.760660637
ENSG00000125485,2.965853289,2.929772742,3.755607789
ENSG00000125503,7.893820806,14.67002595,5.50343898
ENSG00000125505,13.62665783,11.60434454,13.81556052
ENSG00000125508,4.851997042,5.007472405,11.65383221
ENSG00000125520,4.188498529,2.967504501,5.556035403
ENSG00000125534,25.21504172,16.23938675,20.6832935
ENSG00000125611,1.646809685,1.26694718,0.883658469
ENSG00000125629,19.95922673,16.31719642,11.16260526
ENSG00000125630,4.519984808,4.491715767,9.617139047
ENSG00000125633,1.748196562,3.532203733,2.939688313
ENSG00000125637,11.18452451,7.534084795,4.980343556
ENSG00000125648,11.02534223,9.029619581,8.171449006
ENSG00000125650,0.806704583,0.811991215,0.316384615
ENSG00000125651,8.581668496,7.588422142,12.18900439
ENSG00000125652,3.138118852,2.342575259,1.736271934
ENSG00000125656,2.650436834,2.121301192,4.191310423
ENSG00000125657,8.667532034,12.80605011,2.805245043
ENSG00000125676,12.01946682,13.00041895,17.93422877
ENSG00000125686,8.751519514,9.024357277,9.072467699
ENSG00000125691,56.32080834,44.13011368,49.73383752
ENSG00000125703,3.08030153,1.938009442,4.250828515
ENSG00000125731,7.625083778,7.445251444,2.729865961
ENSG00000125733,10.26581497,9.98939917,4.695021956
ENSG00000125734,7.049640083,9.197413837,4.977164196
ENSG00000125741,2.984357497,2.843779911,4.279800934
ENSG00000125743,10.22118376,6.91019197,17.41806707
ENSG00000125746,11.66339522,9.782327448,3.605084196
ENSG00000125753,11.74074339,9.464938689,11.35336094
ENSG00000125755,10.9862488,17.43239685,6.081197471
ENSG00000125772,17.43494397,23.90814861,19.43835976
ENSG00000125775,4.815114781,4.87915423,7.146703692
ENSG00000125779,3.349607837,3.501952901,9.394469313
ENSG00000125798,6.817925809,5.451151441,3.42171234
ENSG00000125812,2.529952498,2.289505101,8.022828046
ENSG00000125814,2.718908145,4.49971214,3.912254977
ENSG00000125817,6.427454163,5.42675409,31.11067002
ENSG00000125818,12.1413763,9.032876939,22.77119667
ENSG00000125821,1.750160809,0.955497007,1.686336176
ENSG00000125826,26.36073949,14.71098009,20.1921235
ENSG00000125827,5.193999331,3.536233701,27.47103208
ENSG00000125834,9.259732851,8.93025837,19.59176939
ENSG00000125835,10.30490169,6.349625017,19.00295586
ENSG00000125843,1.769293603,1.264731138,2.843667426
ENSG00000125844,29.01860693,35.99006168,53.39126202
ENSG00000125850,1.495401137,2.359918543,1.326877507
ENSG00000125863,3.318413307,2.563242161,8.431422047
ENSG00000125864,2.298777888,2.281591149,2.880098762
ENSG00000125868,30.94514388,24.14375036,71.48772009
ENSG00000125870,5.293353441,5.028525538,17.85777858
ENSG00000125875,10.58624774,10.05617148,14.58542714
ENSG00000125877,5.356256963,8.366599142,6.159456422
ENSG00000125898,2.965094135,5.311797018,4.754561159
ENSG00000125901,5.124365455,5.383679301,7.582776091
ENSG00000125912,14.85870006,16.70961171,14.3984294
ENSG00000125944,16.79837964,15.63764595,37.13848493
ENSG00000125945,3.796525177,4.243842533,3.156038076
ENSG00000125952,4.387459688,4.397834471,7.180024599
ENSG00000125967,3.940877994,2.534926546,2.140547766
ENSG00000125968,9.182590258,8.507327077,14.60286248
ENSG00000125970,17.58973241,23.93052228,23.63698902
ENSG00000125971,1.608400906,1.434416851,1.305341574
ENSG00000125991,27.45765061,29.10892983,33.9081861
ENSG00000125995,3.474482779,2.486829676,4.376674773
ENSG00000126001,8.778215402,17.93319711,11.16885581
ENSG00000126003,5.613088056,5.325461695,11.96156887
ENSG00000126012,23.52647544,35.97448321,23.90473746
ENSG00000126016,7.686976053,8.159598759,20.90838801
ENSG00000126067,9.41517907,7.934365447,18.96755819
ENSG00000126070,3.375436254,3.693520938,3.113551913
ENSG00000126088,2.654927935,2.623194515,4.340164602
ENSG00000126106,2.546172156,2.749733233,1.938591817
ENSG00000126107,6.026527104,5.902110653,6.794954971
ENSG00000126214,3.661853913,3.351684218,1.830711668
ENSG00000126216,5.989804841,4.870700578,6.367473312
ENSG00000126217,9.242255895,17.99902863,1.473073907
ENSG00000126218,0.329833285,0.160291241,0.876574736
ENSG00000126226,8.182710072,7.833943619,4.290965542
ENSG00000126243,1.805584288,1.610185209,3.461480138
ENSG00000126247,14.87987396,12.96964087,13.50698095
ENSG00000126249,0.412555312,0.328078156,1.614726538
ENSG00000126254,6.058471821,6.205038593,8.778273474
ENSG00000126261,14.13150181,10.86077733,23.10061095
ENSG00000126267,8.837119424,7.436040159,17.41662573
ENSG00000126351,3.910065097,3.129502618,4.795056138
ENSG00000126368,2.333366815,2.147545016,6.367117604
ENSG00000126391,2.356326182,4.074036105,4.929784973
ENSG00000126432,16.16167784,15.52830349,38.38667333
ENSG00000126453,3.004107821,2.355965156,8.205578581
ENSG00000126456,11.38906095,14.02829434,6.381210638
ENSG00000126457,14.8490518,13.08823571,15.99631919
ENSG00000126458,5.791019739,3.789986351,1.479943637
ENSG00000126460,0.60439661,0.562968275,0.602348395
ENSG00000126461,11.91129711,12.74126561,11.53420102
ENSG00000126464,7.173240269,10.81347065,6.08600875
ENSG00000126522,5.726627907,5.775343074,3.469462124
ENSG00000126524,8.988089062,9.291753012,16.24489423
ENSG00000126561,2.382270775,2.808913175,2.414848698
ENSG00000126562,10.2675616,15.42604057,2.144158914
ENSG00000126581,8.739601245,8.515260631,7.016020878
ENSG00000126602,3.725165689,3.344469018,5.250120718
ENSG00000126653,4.645964991,4.740916759,8.599905982
ENSG00000126698,7.851941719,6.63721743,15.03291465
ENSG00000126705,8.212626922,7.79821024,2.28556553
ENSG00000126709,1.998356435,1.612482714,37.4300939
ENSG00000126746,6.525035277,7.57764039,7.589745592
ENSG00000126749,2.926420803,2.644144265,8.093394242
ENSG00000126756,4.921190092,4.620993844,4.753173613
ENSG00000126767,5.148851045,4.998404994,13.69364328
ENSG00000126773,5.91746122,5.689075431,4.096184002
ENSG00000126775,1.924663718,2.785627436,0.602332222
ENSG00000126777,30.97485043,23.86402223,22.66158252
ENSG00000126787,6.249885324,2.213781588,11.9521298
ENSG00000126790,3.698997013,5.807187345,0.921264316
ENSG00000126803,2.678147637,1.5425386,0.824386701
ENSG00000126804,3.60049701,3.606229161,0.398447947
ENSG00000126821,3.584634119,2.950614577,3.558529512
ENSG00000126822,18.58200857,24.9213216,4.448555999
ENSG00000126858,5.99976216,5.983541695,6.903944886
ENSG00000126870,13.68063274,12.78536264,4.029818009
ENSG00000126883,6.805506443,5.565167251,4.702822134
ENSG00000126903,2.435686029,1.906097083,5.272335027
ENSG00000126934,10.74974796,7.984777513,9.33401104
ENSG00000126945,8.880724601,8.571187115,23.2049126
ENSG00000126953,1.241166684,1.052819609,6.237279834
ENSG00000126970,1.868141248,1.484134392,1.529395192
ENSG00000127022,88.72872608,68.98868976,119.6785444
ENSG00000127054,10.84024515,14.71350182,6.136405558
ENSG00000127080,1.939745623,2.132114246,2.806979379
ENSG00000127084,0.795475671,0.683640668,2.243149907
ENSG00000127124,5.895968142,5.726442831,2.150688246
ENSG00000127125,8.209713885,8.421531999,11.16907627
ENSG00000127152,1.533763936,1.422542514,1.494598087
ENSG00000127184,18.98569055,16.43209669,25.86958336
ENSG00000127191,4.169064351,4.31805086,3.71542645
ENSG00000127311,1.307446832,1.052562765,0.905530365
ENSG00000127314,7.202354144,6.510308189,21.14092954
ENSG00000127324,110.5872901,88.19859677,49.11129046
ENSG00000127328,3.207445847,2.087858213,4.645299815
ENSG00000127329,3.524798428,3.740805544,4.733919286
ENSG00000127334,6.202045682,5.366814144,4.660516777
ENSG00000127337,3.545746746,2.172937953,10.5965929
ENSG00000127399,1.835512435,1.071114726,0.878630767
ENSG00000127415,5.43951598,7.984452404,1.325032358
ENSG00000127418,10.75819481,9.328014248,7.229241515
ENSG00000127419,3.781343623,4.914991069,1.779240005
ENSG00000127423,0.433104886,0.287834281,5.324262747
ENSG00000127445,5.445929876,5.344068665,9.036702771
ENSG00000127452,4.715247973,6.766281325,3.481897363
ENSG00000127463,4.294765465,3.904765229,4.577510236
ENSG00000127481,19.15985755,21.8506727,24.9434996
ENSG00000127483,26.02947462,24.13738121,22.24548529
ENSG00000127511,9.40211099,25.19168121,5.855981734
ENSG00000127527,7.19289233,7.234510764,5.896109914
ENSG00000127554,1.268201276,0.817406862,1.069971233
ENSG00000127564,2.597584056,0.948132835,7.848845692
ENSG00000127578,0.245345188,0.550301572,0.120375999
ENSG00000127580,2.20804615,2.937391306,1.53786499
ENSG00000127585,2.063560925,1.041045728,0.329050849
ENSG00000127586,6.389936396,3.867885164,8.315782443
ENSG00000127603,48.4578998,54.1207167,15.22054102
ENSG00000127616,22.39798828,29.32009292,16.71585343
ENSG00000127663,17.3470044,39.62953952,5.711989369
ENSG00000127666,3.335888657,3.041379049,4.063008941
ENSG00000127720,1.033545296,1.00455755,0.45779678
ENSG00000127804,3.695652,3.573465829,4.190175701
ENSG00000127824,10.38888383,5.054764322,28.28033014
ENSG00000127831,70.68371849,45.50387359,48.13888253
ENSG00000127837,9.660264217,6.666574013,11.630179
ENSG00000127838,3.211439066,2.297537014,3.080072349
ENSG00000127863,4.742549063,5.86366105,18.17692431
ENSG00000127870,6.621256677,7.803522564,15.45560338
ENSG00000127884,15.08672279,11.87246778,16.2434695
ENSG00000127914,5.043185835,6.498571727,5.140637873
ENSG00000127922,5.371313888,6.184505792,17.42389235
ENSG00000127946,3.225474414,2.085784327,2.334386506
ENSG00000127947,11.99279771,10.02490399,10.23542593
ENSG00000127948,10.10751645,10.35220566,27.62082408
ENSG00000127952,3.354714758,2.85281012,3.080779652
ENSG00000127955,6.09547618,5.269346043,1.025140726
ENSG00000127957,1.945359371,2.912994215,1.034008971
ENSG00000127980,5.47958989,8.237909621,9.125273294
ENSG00000127989,2.103156185,2.165252357,3.341961035
ENSG00000127993,2.326129465,1.767470021,2.488905729
ENSG00000128000,5.860935548,6.147291926,2.194827677
ENSG00000128016,7.157115997,6.564716349,5.117748184
ENSG00000128050,31.27231771,19.49782564,44.38720699
ENSG00000128059,5.56208281,4.622478517,13.49638078
ENSG00000128159,11.51251498,18.28250136,4.815108481
ENSG00000128165,2.038949687,1.14353858,0.619288372
ENSG00000128185,2.471005788,2.0449079,3.337384954
ENSG00000128191,6.888645348,10.03228398,6.18813848
ENSG00000128203,0.68367749,0.478920687,0.687498986
ENSG00000128228,1.707449323,0.906752815,2.336881158
ENSG00000128242,1.51114348,1.102035825,0.586375272
ENSG00000128245,6.726030421,3.325525762,19.49499741
ENSG00000128272,36.7120694,26.82964442,24.39640877
ENSG00000128283,15.27198434,15.40594762,9.024534647
ENSG00000128294,2.875640152,2.727664421,3.256476194
ENSG00000128298,1.719323713,1.515132486,2.510082959
ENSG00000128309,5.12982466,3.896877182,4.570992784
ENSG00000128311,5.533716267,4.1620354,6.790543687
ENSG00000128335,4.544026915,6.318671482,14.13231301
ENSG00000128340,6.648343519,6.146821326,2.320682837
ENSG00000128342,20.17937694,20.13357025,4.308110333
ENSG00000128346,1.609782431,2.074187832,0.511417682
ENSG00000128394,3.081710653,5.386856936,2.447490424
ENSG00000128463,7.240461385,6.882769519,10.76998244
ENSG00000128512,1.263404677,1.510535247,1.291075118
ENSG00000128513,5.268881338,4.119644893,6.226549747
ENSG00000128534,6.114673008,9.4398397,10.11635348
ENSG00000128536,1.233223037,1.297969337,0.818457172
ENSG00000128563,5.81940201,7.169157311,4.705837925
ENSG00000128567,9.98620576,11.67753258,7.458953396
ENSG00000128578,3.311016735,3.434734916,7.098088847
ENSG00000128581,2.061877465,2.091180716,3.084230231
ENSG00000128585,5.990533488,5.695729081,7.405088263
ENSG00000128590,2.477483419,1.17848056,6.272148474
ENSG00000128595,14.90060915,9.541625196,32.70140939
ENSG00000128604,0.680936483,0.677229912,1.531912644
ENSG00000128607,9.404045792,8.964290947,11.8000398
ENSG00000128609,7.461074495,6.833847992,15.84405879
ENSG00000128641,13.47525746,14.73632397,44.33469577
ENSG00000128654,5.743622595,5.233077507,7.431551946
ENSG00000128683,5.642347993,8.657170795,3.410295891
ENSG00000128694,1.224312801,0.793316412,0.991625164
ENSG00000128699,8.298281041,11.08521536,9.021667052
ENSG00000128731,7.170713031,10.62033788,7.731136056
ENSG00000128789,4.685440371,4.735892485,3.519487368
ENSG00000128791,17.3967127,13.20135124,13.70769954
ENSG00000128829,9.413874454,8.810103363,6.910198559
ENSG00000128833,9.445098523,8.497302682,3.775851662
ENSG00000128849,2.696195086,3.802766313,1.509056869
ENSG00000128872,0.963088428,1.100300775,1.603075565
ENSG00000128881,1.655736896,1.77727253,0.977852347
ENSG00000128891,0.813731259,0.495509013,0.802505639
ENSG00000128908,4.941623823,4.507658312,4.209969577
ENSG00000128915,7.790796806,8.946495118,3.873041843
ENSG00000128917,1.866776187,2.191183474,0.821444565
ENSG00000128923,3.393451792,3.556822151,1.482608053
ENSG00000128928,10.06958554,11.6975118,6.704101866
ENSG00000128944,2.626582892,2.211072005,6.292379958
ENSG00000128951,6.644288805,4.147780723,6.847881536
ENSG00000128965,2.799161336,0.663802063,0.582860009
ENSG00000128989,20.79202728,16.00466482,23.17792185
ENSG00000129003,5.759163283,5.575156116,3.350926023
ENSG00000129055,3.240479932,2.894325722,5.89457258
ENSG00000129083,17.18937809,13.85642569,14.78654835
ENSG00000129103,18.13159156,14.9702948,9.58798865
ENSG00000129128,11.44906744,7.3794986,16.1462135
ENSG00000129158,1.363106929,1.263539148,2.44527759
ENSG00000129187,6.583951731,5.824053795,10.88539853
ENSG00000129195,3.8917456,1.299406445,3.802905396
ENSG00000129197,6.035151848,7.139891965,2.13483413
ENSG00000129219,5.679824907,10.32365468,1.156054742
ENSG00000129235,5.345062189,4.504104549,7.071629354
ENSG00000129245,6.052172032,5.855193885,4.408325857
ENSG00000129250,18.6800643,21.31302179,23.25829984
ENSG00000129255,6.770649322,5.324982636,7.018403081
ENSG00000129292,7.249142788,8.889270903,7.866621789
ENSG00000129295,2.806121869,3.310739631,3.362400933
ENSG00000129315,7.935729592,10.45280286,15.38549617
ENSG00000129317,6.762824696,4.832973854,9.067576618
ENSG00000129347,5.203696941,10.86429067,4.467133106
ENSG00000129351,41.79415913,50.50298023,33.16707856
ENSG00000129353,13.75299698,11.99796895,24.16630787
ENSG00000129354,12.57854358,10.06809919,11.73969064
ENSG00000129355,1.639642772,0.764954817,2.680385627
ENSG00000129422,21.85451205,25.04065445,15.77235416
ENSG00000129451,31.75288714,19.94657348,3.064884983
ENSG00000129460,2.869390137,2.978323555,4.114704679
ENSG00000129465,2.582735989,4.549528169,0.976207059
ENSG00000129472,5.540110429,6.100281874,1.952601249
ENSG00000129474,3.760701385,3.004796783,2.013939745
ENSG00000129484,3.668913189,2.576281694,4.601962805
ENSG00000129493,1.099722469,1.312658002,0.769119764
ENSG00000129514,14.52151944,16.38308596,5.293720945
ENSG00000129515,10.87111835,8.322227331,9.291042688
ENSG00000129518,2.341385736,2.173933987,2.898599182
ENSG00000129521,47.23210725,35.00178001,26.30901938
ENSG00000129534,7.982397706,5.047709312,5.836050695
ENSG00000129538,15.73601182,13.50010526,29.62986889
ENSG00000129562,9.823133623,7.442448124,10.45823525
ENSG00000129566,7.024968092,8.924054649,2.485518718
ENSG00000129625,3.466407549,2.372205488,3.960769321
ENSG00000129636,7.64249737,7.21275744,8.605954421
ENSG00000129657,7.369280923,6.508050137,6.872584318
ENSG00000129667,9.918940831,12.39744046,1.556786961
ENSG00000129680,0.698768456,0.808967129,1.901637433
ENSG00000129691,8.136285009,5.610765924,6.172889346
ENSG00000129696,1.600104084,1.528504021,2.586562523
ENSG00000129757,1.073092492,0.76764474,0.702703844
ENSG00000129810,1.392366133,0.309329045,5.011390186
ENSG00000129911,2.268269724,1.623580769,4.380974565
ENSG00000129925,11.11682255,11.1559922,9.925218639
ENSG00000129932,2.282599666,2.110604854,2.861023034
ENSG00000129933,8.242450179,10.66587522,5.990715897
ENSG00000129968,9.280166011,10.22433974,6.130085238
ENSG00000130021,7.314982504,4.40303567,14.86163213
ENSG00000130023,4.871407096,7.302953336,1.723632631
ENSG00000130024,19.00718406,17.09778614,9.372898624
ENSG00000130038,5.662360835,8.996741282,10.39398526
ENSG00000130066,47.30606827,50.77575161,32.09726912
ENSG00000130119,5.771703421,4.809475222,8.828274017
ENSG00000130147,42.55661725,46.20113133,25.18321422
ENSG00000130150,4.759700213,5.852458192,10.59726244
ENSG00000130158,9.378339433,10.73050915,2.454404656
ENSG00000130159,3.911341892,2.99619354,2.966666415
ENSG00000130164,31.46099678,27.50261755,17.62609426
ENSG00000130165,3.401332904,3.615173476,8.672298151
ENSG00000130175,40.24217702,37.98132732,28.78287358
ENSG00000130177,11.96414502,11.71097851,6.249231757
ENSG00000130193,6.69314224,5.413243708,7.439363168
ENSG00000130202,10.33069279,9.157113516,9.517787427
ENSG00000130204,6.406253539,4.721821621,15.91879548
ENSG00000130222,0.492319941,0.530298893,0.591330685
ENSG00000130227,11.68732797,12.41975783,18.84135389
ENSG00000130244,2.923315988,4.22733872,1.496971272
ENSG00000130254,9.226166425,17.30156871,8.171382868
ENSG00000130255,17.34428204,11.67099561,15.50624192
ENSG00000130299,6.00064624,9.957163311,4.576678132
ENSG00000130304,2.627031143,4.635399524,0.436639021
ENSG00000130305,2.472723506,2.617957988,4.412348885
ENSG00000130309,10.61457554,8.57392253,20.75036373
ENSG00000130311,6.539087212,7.092646403,8.194387148
ENSG00000130313,3.204687556,2.205384522,2.045032673
ENSG00000130338,3.075626924,3.852682105,2.880481249
ENSG00000130340,11.05076091,8.709054897,9.673101012
ENSG00000130347,1.043806584,0.846658998,1.764216852
ENSG00000130348,3.255608311,2.265153627,3.453788575
ENSG00000130349,2.67425456,2.541488889,2.910558758
ENSG00000130363,5.811722141,3.226523811,2.601331437
ENSG00000130382,7.963792457,9.682629227,10.36145438
ENSG00000130396,43.21606616,54.85286541,17.6501654
ENSG00000130402,91.64925342,81.24570322,92.49438692
ENSG00000130414,14.07615172,15.80028115,14.65555998
ENSG00000130449,5.958990556,8.036899792,2.900004106
ENSG00000130475,1.190558917,0.634299182,1.778907513
ENSG00000130479,6.519707773,6.075151329,6.309776784
ENSG00000130511,4.504081152,4.218175653,2.089046047
ENSG00000130513,94.58293881,192.4695409,40.56474236
ENSG00000130517,24.20841117,24.30305755,8.113659087
ENSG00000130520,8.473585156,5.775735154,14.88033742
ENSG00000130522,23.51603186,18.74861013,13.22661768
ENSG00000130529,16.56398954,12.46756502,9.525001021
ENSG00000130544,1.393118511,2.810670931,1.876440159
ENSG00000130545,4.493893811,3.959626974,2.86864488
ENSG00000130559,5.997628751,8.647607276,6.340604052
ENSG00000130560,6.011875956,4.307635855,6.890687262
ENSG00000130589,13.25135154,17.06687354,30.79510169
ENSG00000130590,2.195792121,2.010056407,1.6553066
ENSG00000130638,10.12133937,5.588615409,11.35689862
ENSG00000130640,12.37637284,12.4585872,5.068276681
ENSG00000130653,0.559116945,0.815153169,0.167166653
ENSG00000130669,12.8723135,11.41729343,9.86592285
ENSG00000130675,2.123492719,2.500979379,1.969206388
ENSG00000130684,4.353795774,10.83311432,1.54717818
ENSG00000130695,6.426317333,4.913784799,6.47414271
ENSG00000130699,4.390932058,4.934255242,7.64750021
ENSG00000130701,0.834308237,3.171553142,3.139671813
ENSG00000130702,17.87522053,18.8547898,1.05256012
ENSG00000130703,8.003718793,11.73659453,9.648395556
ENSG00000130706,4.073035477,4.329473548,13.64023755
ENSG00000130707,36.51392138,40.35876741,23.76197062
ENSG00000130713,4.936272512,7.148759774,9.497999954
ENSG00000130714,4.806342292,4.164852652,3.562567181
ENSG00000130717,2.719762411,3.595134835,5.981672003
ENSG00000130724,7.337124323,7.163662394,8.590323543
ENSG00000130725,7.334752639,7.033472057,10.69766398
ENSG00000130726,34.66948751,39.98990963,40.43435755
ENSG00000130731,3.874224512,3.867159375,3.919566202
ENSG00000130733,5.848771922,4.890839745,4.075314338
ENSG00000130734,3.817181682,3.787770857,3.05116436
ENSG00000130741,42.13617264,28.50422709,79.56088216
ENSG00000130748,0.992545184,0.553990368,2.486338933
ENSG00000130749,8.628383434,13.38682675,11.64414486
ENSG00000130758,4.542633783,5.946177317,2.941838344
ENSG00000130762,9.219737491,9.028680724,5.148031145
ENSG00000130764,6.613986269,9.721032922,10.1444847
ENSG00000130766,5.018565084,6.867168883,1.968793287
ENSG00000130768,1.141888597,1.059868366,2.394965893
ENSG00000130770,7.963143596,7.968327697,9.599852506
ENSG00000130772,2.632881217,1.888689971,1.221333528
ENSG00000130775,1.472097338,1.492349762,2.8900462
ENSG00000130779,6.809013854,6.336466385,12.01736425
ENSG00000130787,11.0017371,22.10120877,13.57949803
ENSG00000130803,5.372403187,7.139579298,10.76127468
ENSG00000130811,9.520792888,9.274666464,11.4437958
ENSG00000130813,1.52919711,2.510208839,2.523575107
ENSG00000130816,9.296433294,6.880158198,21.78853124
ENSG00000130818,4.058598053,5.032488858,1.080954719
ENSG00000130821,35.46432288,25.4253071,47.81959938
ENSG00000130826,6.244417545,5.759950301,34.67232261
ENSG00000130827,11.89236123,19.61555892,5.148332989
ENSG00000130830,0.716240493,0.868955894,5.297405596
ENSG00000130856,3.415423844,4.426175706,1.610168783
ENSG00000130881,1.363688213,1.372624964,0.767059098
ENSG00000130935,6.520438875,6.121457429,12.34368433
ENSG00000130939,11.50617174,10.92567475,5.362972941
ENSG00000130940,3.768317017,10.65918485,2.086414843
ENSG00000130956,2.838398837,2.245119275,2.729605601
ENSG00000130958,1.637489975,1.378907294,0.705108578
ENSG00000130985,33.27506172,32.81476721,47.91187299
ENSG00000131013,5.552417883,7.886434401,4.975181546
ENSG00000131019,4.148955128,2.809219848,2.366336856
ENSG00000131023,8.152560932,7.364146565,2.961028513
ENSG00000131037,10.09451088,7.981189298,4.483283297
ENSG00000131043,4.077477919,3.963117288,7.839686292
ENSG00000131051,29.80349501,43.57696281,27.59872933
ENSG00000131061,0.868656719,2.02630461,0.778890735
ENSG00000131067,13.9096298,17.36479424,1.866089173
ENSG00000131069,24.1776974,17.77826908,23.3242105
ENSG00000131089,6.599077518,3.929530576,4.367387897
ENSG00000131100,9.242540244,8.620401805,15.69530006
ENSG00000131115,1.165796288,1.317106892,1.027455453
ENSG00000131143,23.11246402,19.63760587,34.74977658
ENSG00000131148,2.359373139,2.505852661,6.424348496
ENSG00000131149,16.15430783,21.27611457,15.04838891
ENSG00000131152,0.367373264,0.546625039,0.188036256
ENSG00000131153,1.729305682,0.375000098,12.52416032
ENSG00000131165,9.059534769,7.989494494,14.47402152
ENSG00000131171,7.386425093,7.024603504,12.19220371
ENSG00000131174,6.357798008,5.138823627,17.65714904
ENSG00000131187,0.337550743,0.176512755,0.390310615
ENSG00000131188,2.747433228,4.764359781,1.05933922
ENSG00000131236,29.6476404,23.29064657,42.92046516
ENSG00000131238,9.974661714,7.728942786,16.9566197
ENSG00000131242,13.61543299,18.54853905,11.75934037
ENSG00000131263,10.21054798,10.12510147,20.39691991
ENSG00000131269,5.266586714,4.169424738,5.658135982
ENSG00000131323,5.566683377,5.795922319,3.572099768
ENSG00000131351,1.218257131,0.704814756,5.35758347
ENSG00000131355,2.97274945,1.926248688,2.342349586
ENSG00000131368,3.597292636,3.017095281,3.51784892
ENSG00000131370,2.051042041,1.766511659,2.23453464
ENSG00000131373,1.946325425,1.861709451,2.610937621
ENSG00000131374,3.686457828,3.343387524,2.372485059
ENSG00000131375,6.864562789,6.606558848,9.598176788
ENSG00000131381,5.287135826,4.542298512,5.012311293
ENSG00000131389,9.67156993,10.35999982,51.29308708
ENSG00000131398,5.533714406,6.451929151,1.133435808
ENSG00000131408,8.262307316,5.78930482,5.575064905
ENSG00000131446,9.225686862,7.729201335,10.09417934
ENSG00000131462,4.388309451,2.547701524,9.931728094
ENSG00000131467,8.942813628,9.38979122,32.47114711
ENSG00000131469,31.84905905,21.68272643,36.76879842
ENSG00000131470,1.311404943,1.060237779,5.090352426
ENSG00000131473,31.18436637,24.85093199,25.85603504
ENSG00000131475,5.000029957,4.582883224,10.85773172
ENSG00000131495,1.238222303,0.944799029,1.494670914
ENSG00000131504,21.39437589,18.1803055,24.21081418
ENSG00000131507,13.80342375,9.022644746,23.97357
ENSG00000131508,8.24497732,7.664602112,14.62049683
ENSG00000131558,10.83431903,7.977296066,7.850197634
ENSG00000131584,9.962164205,15.16980552,8.378303961
ENSG00000131591,3.419484635,2.981902365,1.68165359
ENSG00000131626,1.784636896,2.073524932,0.83954853
ENSG00000131652,5.013189559,3.702710366,2.646006451
ENSG00000131653,8.476799998,7.492032145,12.30159726
ENSG00000131669,3.254827201,3.95204919,3.553565053
ENSG00000131697,5.074545152,7.033112368,1.943895354
ENSG00000131724,14.5481373,12.62252608,28.52072473
ENSG00000131725,3.735716758,2.941993601,6.949706281
ENSG00000131732,4.29400889,5.251258981,5.2558966
ENSG00000131746,16.27754452,19.42787213,22.41994859
ENSG00000131747,26.36201026,11.34807688,62.39556006
ENSG00000131748,4.230756746,6.659559362,4.605367974
ENSG00000131759,2.563625082,3.535454054,1.965568294
ENSG00000131771,38.8904805,34.56257081,23.81996741
ENSG00000131773,2.201853465,1.983102665,3.678218454
ENSG00000131779,4.483539451,3.907940873,3.368226136
ENSG00000131788,7.618946576,9.820479587,5.611931818
ENSG00000131791,10.08690005,13.2233073,5.70968464
ENSG00000131797,4.94243437,8.625090731,2.282860382
ENSG00000131828,12.9823295,19.82644091,33.40183061
ENSG00000131844,17.31763122,12.4831146,16.62280461
ENSG00000131848,1.216244477,1.268051996,1.127669127
ENSG00000131871,5.021435545,3.796022086,6.285288096
ENSG00000131873,5.261208359,5.126793378,5.837358881
ENSG00000131876,4.570334916,6.798356464,9.841903525
ENSG00000131899,6.171414027,6.145072982,3.739203038
ENSG00000131931,1.32686652,1.162169179,2.033105807
ENSG00000131941,29.1767026,48.36779371,15.83649821
ENSG00000131943,1.756472857,1.968267629,2.64369024
ENSG00000131944,0.604965412,0.651116435,2.626939294
ENSG00000131979,3.883582242,3.968232081,5.961711915
ENSG00000131981,39.14932515,31.43283768,24.56749121
ENSG00000132000,0.526767475,0.773678732,0.746641541
ENSG00000132002,14.85147887,12.51492461,31.93484817
ENSG00000132003,5.30378495,3.484024086,1.227045971
ENSG00000132004,2.037109909,1.3981707,0.633820544
ENSG00000132005,3.9401828,4.347409864,1.873855753
ENSG00000132016,1.142142252,0.851083335,2.306897295
ENSG00000132017,4.758461602,9.794948036,4.389409441
ENSG00000132024,10.60146143,10.41350886,7.996606708
ENSG00000132109,3.712033958,4.046533133,8.209403633
ENSG00000132122,4.459307525,5.296581289,1.695911081
ENSG00000132128,9.695950673,11.08962289,9.506213231
ENSG00000132141,1.234671436,1.045706522,0.310044046
ENSG00000132153,9.482295857,18.38476671,8.748730025
ENSG00000132155,7.661114932,7.825479136,6.248027773
ENSG00000132170,16.65049001,11.18904879,9.534471781
ENSG00000132182,7.658095205,3.122902659,11.80052897
ENSG00000132196,5.603819518,5.287017558,3.568703521
ENSG00000132199,11.48394179,6.79309333,2.248693974
ENSG00000132205,1.17089722,1.590537742,2.489448987
ENSG00000132254,8.042411114,9.830276511,10.81260329
ENSG00000132256,3.629919103,4.117723175,2.928080905
ENSG00000132275,2.795784376,3.378707423,3.946041393
ENSG00000132294,9.031046587,7.080834063,10.90766431
ENSG00000132300,14.61160323,13.36020526,9.64025539
ENSG00000132305,14.04220854,11.43397334,19.19720976
ENSG00000132313,6.441243711,6.557621906,10.45849256
ENSG00000132323,2.858910839,4.011227227,3.547741427
ENSG00000132326,6.129019463,9.127844307,2.364483512
ENSG00000132329,5.891939491,4.993359175,0.64899742
ENSG00000132334,2.549071948,4.373684269,2.488587918
ENSG00000132341,19.89789132,16.15594537,90.56147966
ENSG00000132356,14.80664243,11.49900627,10.48963525
ENSG00000132359,8.415781856,9.971926103,2.630576469
ENSG00000132361,16.69668016,23.68684896,14.67506525
ENSG00000132376,1.863218739,2.700457233,1.135353479
ENSG00000132382,7.510646983,14.81057,5.623492241
ENSG00000132383,11.65655806,10.22979249,15.82637004
ENSG00000132386,1.437090314,2.283631606,0.936626554
ENSG00000132388,6.196210422,6.274049066,7.611387057
ENSG00000132394,2.882416148,2.217666444,1.857847324
ENSG00000132405,10.15549456,9.908528833,5.159236884
ENSG00000132406,4.439289076,4.551404409,4.665183798
ENSG00000132423,1.324895185,1.332919696,1.714210391
ENSG00000132424,41.32507777,45.66502156,10.74435855
ENSG00000132432,6.910612804,5.613940231,11.7697192
ENSG00000132434,2.65627672,3.086859419,2.987353114
ENSG00000132436,4.920402864,2.281213328,17.02855158
ENSG00000132463,17.37934478,14.46365484,22.7465727
ENSG00000132466,15.60153187,18.92029086,15.35382551
ENSG00000132467,4.988107344,4.640784289,9.707752806
ENSG00000132470,56.59076087,38.12128284,11.36197701
ENSG00000132471,13.7303127,11.75639191,6.563867017
ENSG00000132475,57.02413057,52.67176386,77.92701375
ENSG00000132478,4.799223988,6.446814845,3.930791371
ENSG00000132481,2.285767419,1.409822645,3.644834036
ENSG00000132485,11.6644487,12.16499595,10.43450989
ENSG00000132507,17.17140881,12.36626143,23.4404997
ENSG00000132510,12.04585309,33.20916834,4.663753358
ENSG00000132535,1.111494417,1.113057423,0.529407533
ENSG00000132541,2.226930022,2.448203752,5.160273904
ENSG00000132549,3.672922217,5.623827862,1.771736854
ENSG00000132570,2.74989299,1.742248122,1.847800996
ENSG00000132581,4.264658317,3.801623851,7.874755446
ENSG00000132589,8.224732466,7.158559344,6.41825459
ENSG00000132591,4.597886173,4.749049412,6.275607833
ENSG00000132600,4.739478854,6.712028124,3.518821022
ENSG00000132604,4.682028628,4.078927551,10.20438193
ENSG00000132613,5.373658161,6.113218179,0.389487097
ENSG00000132635,11.84271172,13.77600621,4.499289446
ENSG00000132640,11.18485403,11.20541678,11.90254353
ENSG00000132646,10.31479905,7.878494096,59.70717131
ENSG00000132661,0.827480442,0.63192814,3.950591829
ENSG00000132664,2.929128931,3.21763485,6.011993819
ENSG00000132669,15.13382879,16.94873898,6.577219976
ENSG00000132670,13.33652961,11.24685873,18.01714161
ENSG00000132676,8.749718425,8.838605061,13.31044167
ENSG00000132680,13.45927128,14.21230463,5.229828989
ENSG00000132692,4.504730199,4.012833796,5.167534047
ENSG00000132694,6.790372327,10.65789793,10.13472739
ENSG00000132698,18.24409077,11.10513971,7.228827422
ENSG00000132716,2.27582666,2.168624282,1.313161306
ENSG00000132740,3.802854113,4.804019229,3.179750273
ENSG00000132744,1.698374493,1.393958515,0.616865569
ENSG00000132749,5.208490217,3.088042916,1.489056858
ENSG00000132763,1.637465193,1.215544627,1.495658984
ENSG00000132780,11.36668763,9.200408559,20.5145836
ENSG00000132792,5.118614703,4.388372582,11.29337414
ENSG00000132793,22.22047286,18.94070419,6.719205506
ENSG00000132801,0.840700553,0.763664958,1.102518657
ENSG00000132819,2.954975177,4.270155203,3.241015478
ENSG00000132823,4.022214548,2.846671837,8.432698741
ENSG00000132824,17.81343623,15.85121758,31.0528736
ENSG00000132842,10.35677315,9.031515803,10.56040813
ENSG00000132849,14.96219146,15.18344972,7.997368395
ENSG00000132879,4.821955792,7.167661934,2.196852507
ENSG00000132881,0.773607506,0.54684379,0.897147181
ENSG00000132906,2.834419158,2.562301881,2.20473265
ENSG00000132912,11.54669581,10.93739281,8.34337024
ENSG00000132950,2.423736537,2.290879799,2.415064044
ENSG00000132952,4.661622201,4.192404495,3.913885838
ENSG00000132953,5.757217351,6.2884277,7.801678362
ENSG00000132963,7.956292313,7.130873247,22.53345838
ENSG00000132964,4.364676762,4.324968037,6.168853288
ENSG00000132967,2.692017486,1.842108699,8.306684921
ENSG00000133019,6.844262999,7.064895778,2.25409959
ENSG00000133026,7.338782565,5.461867667,0.340395926
ENSG00000133027,1.21047586,0.994786009,0.355700438
ENSG00000133028,3.835806627,3.133869556,5.632355121
ENSG00000133030,27.57053304,28.5574163,9.623735382
ENSG00000133056,7.128213011,8.530874396,6.164763185
ENSG00000133059,3.000674851,3.97865657,2.984868354
ENSG00000133065,5.778795241,6.638383762,8.075928555
ENSG00000133103,6.160874588,5.300514404,5.257238261
ENSG00000133106,0.375334667,0.317655677,9.095576546
ENSG00000133111,1.912815288,1.505039743,2.36022184
ENSG00000133112,78.69343191,63.8853754,60.54307788
ENSG00000133119,3.284237434,1.584848818,21.2177093
ENSG00000133121,4.402836155,6.536391494,2.243946691
ENSG00000133131,5.82217505,5.345658866,18.81904759
ENSG00000133135,35.58999766,34.78824117,49.72025379
ENSG00000133142,4.035737327,4.147667501,6.267419925
ENSG00000133193,4.157865573,3.91797313,5.214307851
ENSG00000133195,4.158072852,2.482553941,5.456429776
ENSG00000133216,18.68190242,22.18010793,23.20917183
ENSG00000133226,21.79777324,21.91411139,18.87996964
ENSG00000133243,13.91954575,15.54757597,6.637902101
ENSG00000133247,5.902788815,7.983558234,2.701723522
ENSG00000133250,1.993275314,2.332939509,0.827056539
ENSG00000133265,3.973271602,4.277032852,4.344774254
ENSG00000133275,9.872190704,19.22519032,7.771714459
ENSG00000133302,2.348177746,1.142573391,5.539970853
ENSG00000133313,10.08131153,10.07939301,20.20196512
ENSG00000133315,2.087220661,2.030841053,0.978267386
ENSG00000133316,3.292645379,4.179182488,3.556320992
ENSG00000133318,28.24118575,20.40194216,32.43342012
ENSG00000133321,3.650006605,3.20525564,3.856244053
ENSG00000133393,9.668380756,9.185122743,11.44898536
ENSG00000133398,4.684833136,4.999403212,8.685555115
ENSG00000133422,4.595813662,5.777000023,6.542890426
ENSG00000133424,4.176271705,3.664151414,3.706095441
ENSG00000133466,3.039919083,1.674649799,0.48417576
ENSG00000133477,8.724688062,10.95289209,7.193268431
ENSG00000133519,0.951813098,0.541225314,0.640135263
ENSG00000133597,3.383828466,2.249365072,3.470225743
ENSG00000133606,15.28747914,16.89402188,23.39467648
ENSG00000133612,6.004081859,9.580493853,8.400460172
ENSG00000133624,3.724842184,5.861554494,1.534383942
ENSG00000133627,1.398762567,1.431575163,2.70702461
ENSG00000133639,15.80377124,13.66669257,13.73314263
ENSG00000133641,3.727786086,4.913558451,11.16592275
ENSG00000133657,26.6351313,22.00278686,30.24682988
ENSG00000133678,5.984567754,5.987271108,2.901146957
ENSG00000133703,2.210294345,2.145969856,2.250160664
ENSG00000133704,8.859424822,8.107083361,9.23226831
ENSG00000133706,16.79514482,12.55421959,15.19736609
ENSG00000133731,7.166618494,6.084072104,5.924019215
ENSG00000133739,3.943806688,1.658893698,6.190384192
ENSG00000133740,2.216448823,1.904840851,1.331046369
ENSG00000133773,3.654341194,2.690794119,9.248363895
ENSG00000133789,5.806668276,6.753275976,10.09529811
ENSG00000133794,0.976819173,0.998308669,2.355416582
ENSG00000133805,5.984598069,8.203307229,2.06656249
ENSG00000133812,6.260773833,4.960586348,1.151006775
ENSG00000133816,26.46647091,39.84201574,11.43109716
ENSG00000133835,13.25001089,11.61399034,31.84243398
ENSG00000133858,14.33129345,12.08221475,4.049365652
ENSG00000133872,18.99760798,13.72084267,25.91925795
ENSG00000133874,2.356884418,2.881950425,0.737503228
ENSG00000133884,8.326382747,9.596906481,7.964916093
ENSG00000133895,7.01678916,10.21273368,4.874273581
ENSG00000133943,13.54264617,11.99600307,1.95539757
ENSG00000133961,12.59599538,12.21167009,7.153511622
ENSG00000133985,6.059139456,6.090811584,6.328023748
ENSG00000133997,2.907572469,3.167583554,3.169422106
ENSG00000134001,8.649698967,6.695888744,20.08865049
ENSG00000134014,5.361606005,4.574301499,6.602112371
ENSG00000134030,6.560307132,7.440027158,1.60433519
ENSG00000134046,8.416349191,9.918026128,11.6362267
ENSG00000134056,3.251535017,2.641095102,4.213766335
ENSG00000134057,9.975632247,4.388646378,27.80920655
ENSG00000134058,5.539701119,3.454734207,5.384416641
ENSG00000134070,1.511259883,2.158151035,6.215623728
ENSG00000134086,4.702283967,5.00298871,3.573196155
ENSG00000134107,36.41885102,31.52317234,15.2333677
ENSG00000134108,1.412552968,1.610143935,1.635268875
ENSG00000134109,13.72230046,12.42054582,11.92992509
ENSG00000134138,0.941162034,1.014506123,0.289865666
ENSG00000134146,1.328230506,1.096909202,0.906711324
ENSG00000134152,5.792619581,4.546879092,4.518907941
ENSG00000134153,4.692410215,4.161893257,11.46639873
ENSG00000134186,10.68076313,14.79820209,11.33373503
ENSG00000134215,0.291371033,0.270885979,2.498140805
ENSG00000134222,3.470623791,2.853500855,3.524123886
ENSG00000134243,10.65815979,9.572623102,19.37941442
ENSG00000134245,1.380897352,6.5547713,0.529150365
ENSG00000134247,13.89538971,14.107205,14.85208165
ENSG00000134250,18.63152478,18.51420385,9.868512389
ENSG00000134253,3.014491373,2.474175122,1.127530627
ENSG00000134255,8.254065175,9.951189672,6.778364588
ENSG00000134262,9.617688467,13.11831677,2.047317094
ENSG00000134265,7.642648456,7.554588339,8.526363387
ENSG00000134278,2.104428231,1.549308472,1.871517605
ENSG00000134283,7.390806026,8.251834682,9.138074701
ENSG00000134291,10.67673063,7.599086284,48.78778845
ENSG00000134294,18.49660227,13.03233879,24.9686063
ENSG00000134297,2.55928566,2.291035967,2.414716506
ENSG00000134308,32.4075003,25.31492366,59.99209112
ENSG00000134313,14.85313445,16.29241537,9.586335503
ENSG00000134317,2.768756937,3.750617459,2.476841876
ENSG00000134318,27.28774681,22.91836617,27.29221427
ENSG00000134324,17.10114113,19.26566405,13.72231283
ENSG00000134330,2.689000096,1.78290863,3.170992407
ENSG00000134333,163.3548865,139.2076012,240.5147675
ENSG00000134352,3.901665834,3.963382239,3.74374304
ENSG00000134371,6.972522812,5.319488961,7.11121876
ENSG00000134375,5.811029026,4.950950975,14.22576068
ENSG00000134398,20.84065803,29.13123303,4.836487113
ENSG00000134419,10.10391808,7.062849025,9.534192686
ENSG00000134440,20.33230563,14.40167457,26.48556948
ENSG00000134444,15.852374,19.70435187,7.376802734
ENSG00000134452,10.35347836,12.90959566,7.021713961
ENSG00000134453,9.801195963,12.30686436,12.77054337
ENSG00000134461,2.715400573,3.207574341,1.498653857
ENSG00000134470,1.284835478,1.562072628,0.49283131
ENSG00000134480,3.093393362,2.417890421,4.534504813
ENSG00000134490,1.76467863,1.420183505,1.139272498
ENSG00000134504,4.406147006,3.989623818,1.884265193
ENSG00000134508,0.930493051,0.893628988,0.618226494
ENSG00000134531,12.40002717,8.175256222,9.721129933
ENSG00000134569,3.227083262,3.359390269,5.717594894
ENSG00000134574,16.73132363,30.451844,2.437330773
ENSG00000134575,3.977880963,4.295904131,3.911865103
ENSG00000134597,3.338293098,3.685576884,8.828669115
ENSG00000134602,5.188405589,3.985131285,17.79858504
ENSG00000134644,20.42484773,25.95575149,13.80254158
ENSG00000134684,12.96165731,7.790237984,13.99779661
ENSG00000134686,1.737252943,1.218974445,1.081545532
ENSG00000134690,4.683387536,2.506916734,17.22922281
ENSG00000134697,8.64331763,9.79594291,12.83412478
ENSG00000134698,5.793942679,5.704576116,1.439827404
ENSG00000134709,10.86107722,12.51506536,15.70706242
ENSG00000134716,5.290013347,8.303174047,10.25753476
ENSG00000134717,7.140533878,5.409579216,8.090149953
ENSG00000134744,8.360296463,10.37889335,2.842804955
ENSG00000134748,2.543980313,2.514028209,3.247729429
ENSG00000134755,15.94515382,17.22666168,9.330514032
ENSG00000134758,1.431001251,0.877570275,1.113756634
ENSG00000134759,10.8592532,11.87651627,3.996486508
ENSG00000134769,2.213700064,2.27896665,1.242618768
ENSG00000134779,9.958380009,8.031315901,9.838694063
ENSG00000134780,3.543261377,7.745717747,3.469301939
ENSG00000134809,1.745667076,1.172723623,4.393724736
ENSG00000134815,4.496889748,9.481934796,3.800831392
ENSG00000134824,19.07492157,13.62399944,28.19210043
ENSG00000134825,5.241998736,5.088101089,4.873131947
ENSG00000134851,15.32203883,14.16976061,12.65211672
ENSG00000134852,3.085652665,3.418924609,2.725249065
ENSG00000134864,1.036346448,0.767451534,0.592505569
ENSG00000134871,6.197252457,5.515855295,0.875368539
ENSG00000134882,9.236302226,8.202040004,9.924873645
ENSG00000134884,34.08981748,30.696,14.9023281
ENSG00000134900,8.609362994,8.824253347,4.948768202
ENSG00000134901,0.88365067,0.890676893,1.33076922
ENSG00000134905,5.856516668,7.937413656,10.045583
ENSG00000134909,12.78923743,15.2076307,19.98399765
ENSG00000134910,20.35690313,16.14832184,29.64420472
ENSG00000134982,0.938650352,1.050555043,1.043190116
ENSG00000134986,1.426547014,2.033587288,0.348793502
ENSG00000134987,6.861055869,7.856953807,8.753919098
ENSG00000134996,4.455684133,3.794938959,7.259707636
ENSG00000135002,4.108561705,3.842513879,12.35518466
ENSG00000135018,17.16433639,14.52957424,23.7526447
ENSG00000135040,7.152207209,8.63239826,7.656710769
ENSG00000135045,1.44655514,0.609932343,2.560486035
ENSG00000135046,26.93143058,23.43920829,22.51667004
ENSG00000135048,36.37294193,37.94649019,41.96066989
ENSG00000135049,3.989092656,3.10367286,2.436595003
ENSG00000135052,24.18968728,24.24285412,24.60335166
ENSG00000135069,13.12041676,5.486668367,15.50096299
ENSG00000135070,4.932824798,4.307901356,7.408188783
ENSG00000135074,1.557282784,1.248214436,9.818003913
ENSG00000135077,1.888725273,1.795720393,1.266610977
ENSG00000135083,6.920673732,6.382506076,2.81855521
ENSG00000135090,7.835150318,6.71926893,7.893147563
ENSG00000135093,4.755412116,5.784304276,4.212708168
ENSG00000135100,1.705638248,2.25040775,2.01829303
ENSG00000135108,10.34434508,7.552237597,15.87733786
ENSG00000135111,18.12899803,17.01744282,15.15335744
ENSG00000135114,0.775944415,0.48545021,18.90088152
ENSG00000135119,1.635657206,1.681943366,1.625389224
ENSG00000135124,3.226287036,3.107205756,3.742450067
ENSG00000135127,2.14724376,1.574955631,4.933429417
ENSG00000135148,5.826950387,6.285033851,9.030241532
ENSG00000135164,12.29029694,17.8345968,6.869503894
ENSG00000135185,2.498045311,3.226867562,4.300280609
ENSG00000135205,5.157231819,5.254706673,0.314628694
ENSG00000135211,1.80957847,1.527271352,5.10824834
ENSG00000135241,6.725415569,4.939928029,7.815408882
ENSG00000135249,4.286863623,3.964034987,5.21390184
ENSG00000135250,4.97506709,4.818876757,7.468619926
ENSG00000135253,1.665265706,1.508454026,0.316118544
ENSG00000135269,0.714815923,0.648449713,0.78521596
ENSG00000135297,2.717652902,2.851609545,4.268273429
ENSG00000135315,1.531951682,2.748895718,1.712059203
ENSG00000135318,11.64507538,8.589297736,4.097264762
ENSG00000135334,5.702271222,5.11659113,7.720700591
ENSG00000135336,3.783025875,3.533783129,4.160986177
ENSG00000135341,7.477171782,7.600427579,6.044877615
ENSG00000135362,13.02528152,17.09177137,7.070068822
ENSG00000135365,6.850614859,10.14865396,2.429820641
ENSG00000135372,11.81678446,15.59095092,8.905017142
ENSG00000135373,105.0083748,100.6906287,68.64800366
ENSG00000135378,10.28656712,8.367090056,12.89883978
ENSG00000135387,33.82225477,28.01130017,29.59783326
ENSG00000135390,16.39095934,14.08205626,9.351394132
ENSG00000135392,3.607431425,3.6224458,8.376200045
ENSG00000135404,27.36005831,25.00604106,44.4612103
ENSG00000135407,0.19109591,1.293274706,0.80129364
ENSG00000135414,3.226919836,3.417754253,13.67594634
ENSG00000135424,2.066975218,1.860402359,3.622065373
ENSG00000135446,7.903323816,5.590215713,30.28760328
ENSG00000135451,2.943815074,2.688666831,4.954927913
ENSG00000135452,6.248786383,6.158939856,4.453770886
ENSG00000135457,6.336961878,6.078961736,8.310909939
ENSG00000135469,1.16222646,1.275636154,1.538080175
ENSG00000135472,7.495565839,4.588606804,3.764014272
ENSG00000135473,14.05233606,21.57700123,5.075901746
ENSG00000135476,4.398895509,2.34860031,6.38387505
ENSG00000135503,5.51868188,7.51170893,12.39743883
ENSG00000135521,1.713371852,2.280434195,1.624494722
ENSG00000135525,15.623896,15.97122176,10.91664014
ENSG00000135535,63.48681597,56.22625081,57.67185412
ENSG00000135537,0.626042157,0.422796125,0.299950555
ENSG00000135540,8.653158334,10.40856778,3.69517902
ENSG00000135541,6.449309425,4.615015278,3.256576499
ENSG00000135549,0.953902219,0.755042858,2.647453483
ENSG00000135587,1.119867164,1.746189879,2.043545904
ENSG00000135596,4.113763203,5.948542043,3.027966819
ENSG00000135597,7.0494393,6.57030399,4.472481843
ENSG00000135605,1.3879861,1.068289098,1.48299109
ENSG00000135617,0.818027586,0.617763454,3.515960001
ENSG00000135622,4.347393601,3.169775465,3.339237682
ENSG00000135624,18.81196946,14.4608977,38.50373129
ENSG00000135631,4.204144291,3.248805929,5.694121796
ENSG00000135632,4.339026845,3.540157577,3.796966089
ENSG00000135637,1.564404934,3.545584827,2.262954319
ENSG00000135643,3.122722544,2.210669021,5.539299666
ENSG00000135655,6.248430949,6.615612942,10.63187982
ENSG00000135677,27.28909856,22.84069467,30.81542413
ENSG00000135678,2.360867392,4.926000147,0.840577592
ENSG00000135679,11.34340087,44.10981173,5.40509223
ENSG00000135686,11.72096149,11.03291531,7.397396766
ENSG00000135697,1.163927687,0.769172629,2.048535628
ENSG00000135698,3.971242627,5.067169865,7.893882792
ENSG00000135709,1.805082191,2.001561594,2.709427129
ENSG00000135720,5.930738269,7.104704015,5.208215963
ENSG00000135722,1.814971047,1.550035644,0.347441357
ENSG00000135723,4.207159234,6.650591537,2.480342468
ENSG00000135740,0.974033724,1.27355721,0.351312845
ENSG00000135749,3.952026633,5.477359511,1.751069487
ENSG00000135750,5.974289616,5.609604628,3.874652093
ENSG00000135763,1.939032562,1.770196352,6.459271962
ENSG00000135775,4.585633347,6.735739864,4.680451393
ENSG00000135776,3.47138617,2.720920219,6.44940318
ENSG00000135778,4.791682075,5.818254623,2.650794313
ENSG00000135801,4.033112292,3.766651784,8.447255994
ENSG00000135821,44.48585624,62.08357141,50.22312105
ENSG00000135823,3.4402696,4.208796049,5.350843302
ENSG00000135828,2.568970535,3.465668808,3.238338388
ENSG00000135829,19.67635205,19.35508186,25.92728864
ENSG00000135837,6.774877176,7.135135636,5.84620877
ENSG00000135862,21.98156894,23.79874472,16.93215293
ENSG00000135870,5.495708101,10.53124801,8.140348416
ENSG00000135899,0.604662726,0.805993795,4.003650031
ENSG00000135900,3.476386899,4.013299317,7.326968065
ENSG00000135912,6.287215004,7.109631865,4.074224441
ENSG00000135913,3.314328131,2.823945581,2.996832232
ENSG00000135916,33.22765526,27.73064451,11.72807232
ENSG00000135919,9.3285328,7.260251997,5.71799407
ENSG00000135924,7.793177523,9.338297353,8.660199617
ENSG00000135929,0.807850921,0.621857275,1.769231273
ENSG00000135930,6.69806503,7.297634662,8.083054176
ENSG00000135931,3.978396931,4.236510726,1.368766418
ENSG00000135932,13.6312456,14.30744122,21.85404882
ENSG00000135940,7.226788169,6.154448767,10.48764279
ENSG00000135945,8.486289096,12.60401621,4.787912038
ENSG00000135951,3.759498522,4.727359873,1.289972956
ENSG00000135953,11.07709228,13.04581724,16.59907356
ENSG00000135956,8.711008242,10.33760826,14.8320131
ENSG00000135966,5.591160894,9.542453046,8.411388545
ENSG00000135968,10.3457114,10.6350994,9.704142335
ENSG00000135972,2.344905954,2.309048557,3.827461057
ENSG00000135974,6.863529643,6.815678172,4.891006802
ENSG00000135976,4.151047395,4.0288014,0.420264643
ENSG00000135999,3.382893564,4.261998102,3.117175821
ENSG00000136003,4.097830796,5.47123631,10.13851693
ENSG00000136021,8.955298051,8.833465814,21.079429
ENSG00000136026,11.67440249,7.274068218,31.68369653
ENSG00000136040,0.474533506,0.46122431,0.518466341
ENSG00000136044,9.311442908,9.903068743,6.414700793
ENSG00000136045,6.327160527,6.602389754,7.608900523
ENSG00000136048,3.551775882,6.354876317,12.97691854
ENSG00000136051,10.87043618,8.154966517,15.57373508
ENSG00000136052,2.632951438,2.08742707,3.279727209
ENSG00000136059,14.44131982,14.67591012,3.876359369
ENSG00000136068,90.91295673,72.59195301,29.50328802
ENSG00000136098,3.263585264,3.997898271,3.177203789
ENSG00000136100,4.75108055,7.023923321,3.240036494
ENSG00000136104,1.576004061,1.063949314,5.361197068
ENSG00000136108,7.55257358,4.438056051,20.76303812
ENSG00000136111,5.755360798,4.036315826,10.29557942
ENSG00000136122,3.863219152,3.95649699,5.592241556
ENSG00000136141,7.029877281,6.870438831,5.896405816
ENSG00000136143,4.53908701,4.301339865,8.029426803
ENSG00000136144,3.9393856,5.494666039,5.871514368
ENSG00000136146,4.749236615,4.626091953,7.200150656
ENSG00000136147,2.801322456,5.080626697,2.803668984
ENSG00000136149,0.909936232,0.916286161,0.483654712
ENSG00000136152,5.885731613,8.088816808,4.135188877
ENSG00000136153,15.31083495,11.64505779,16.33989452
ENSG00000136156,28.74369186,23.04073785,19.44765308
ENSG00000136158,8.839788124,6.248625044,3.959044956
ENSG00000136159,4.104340486,3.064739045,10.46457891
ENSG00000136169,3.561607051,3.515136528,1.89308654
ENSG00000136193,11.11728967,10.07139726,13.36400852
ENSG00000136205,9.714948216,11.40291146,6.361736298
ENSG00000136213,1.236567364,1.333984603,1.87587735
ENSG00000136237,3.183229996,3.137179096,4.21472597
ENSG00000136238,31.34615463,23.14011418,69.10975777
ENSG00000136243,3.707114191,4.666663684,7.107075782
ENSG00000136250,8.915347215,4.529545463,3.171523494
ENSG00000136261,5.495298377,3.833242369,6.658712683
ENSG00000136270,9.314087817,9.581591126,17.21297636
ENSG00000136271,7.491465168,13.27146516,10.6826154
ENSG00000136273,2.789361791,3.811200033,8.104979228
ENSG00000136279,10.86960318,11.36681285,11.23112562
ENSG00000136280,3.253539052,1.921475731,7.953295013
ENSG00000136295,30.1998008,39.71021817,20.49918291
ENSG00000136319,4.604474416,4.67657941,1.614129465
ENSG00000136379,11.39757788,10.11697937,14.62968709
ENSG00000136381,12.74058269,14.52448308,12.23400907
ENSG00000136383,10.88153121,16.40766314,30.65375017
ENSG00000136425,0.691720026,0.45336482,0.777594867
ENSG00000136436,16.05242072,11.72072672,12.21281401
ENSG00000136444,5.751761554,6.663701025,2.106701611
ENSG00000136448,12.20210836,11.889502,13.70051216
ENSG00000136451,12.49691069,16.55088082,9.566730772
ENSG00000136478,8.342693254,7.669403782,13.8036697
ENSG00000136492,4.376914775,2.096730518,5.042136834
ENSG00000136504,8.146023596,8.126086533,7.901834751
ENSG00000136518,7.431290324,7.222865638,20.76918303
ENSG00000136522,2.784577854,2.36592872,6.599894562
ENSG00000136527,17.53910466,19.56028591,21.14739084
ENSG00000136536,11.72385664,9.776414493,11.79529208
ENSG00000136542,18.81585045,13.24646335,20.84241755
ENSG00000136560,2.505784523,3.266961424,3.637547092
ENSG00000136603,2.611866079,3.189066754,3.579406739
ENSG00000136628,22.24772198,15.36853211,23.3476181
ENSG00000136631,4.864572737,5.634415027,4.33344756
ENSG00000136636,9.247926057,7.784692313,16.5070359
ENSG00000136643,2.155566329,2.142296516,3.80880943
ENSG00000136682,8.313784028,10.64136422,8.293389692
ENSG00000136699,10.3583706,12.24587157,12.05930192
ENSG00000136709,8.989781631,11.61600994,9.797762727
ENSG00000136710,6.078641404,5.470943174,5.458981946
ENSG00000136715,4.838829512,6.153242552,6.481347796
ENSG00000136717,8.485732395,10.03111299,7.95920168
ENSG00000136718,6.161201235,7.086271696,12.77771724
ENSG00000136720,5.980676077,6.346268769,6.546613584
ENSG00000136731,9.500192087,8.730314234,14.46924302
ENSG00000136738,5.116483757,5.179375113,7.976853375
ENSG00000136754,12.54676608,11.33927477,9.272435971
ENSG00000136758,22.63225262,19.50911439,21.29595253
ENSG00000136770,5.82934742,2.947531306,7.750785094
ENSG00000136783,2.146947205,1.222902912,2.221723801
ENSG00000136802,7.893619546,7.07630862,12.10582254
ENSG00000136807,6.574524218,5.251512031,5.89545837
ENSG00000136810,19.03576196,14.38147452,34.44944004
ENSG00000136811,5.29870405,4.442239608,6.28666496
ENSG00000136813,15.71362626,10.02252078,11.04719168
ENSG00000136816,5.854586486,5.89014617,19.12688688
ENSG00000136819,3.033790587,3.410696498,9.542971714
ENSG00000136824,7.334889204,4.279514852,24.55675254
ENSG00000136826,11.71710127,9.867698102,6.642417107
ENSG00000136827,3.41968292,3.300689655,6.828810755
ENSG00000136828,3.230978551,4.845352826,2.19872702
ENSG00000136830,36.00046686,37.17218853,27.62223102
ENSG00000136840,3.125455696,2.545962647,2.040977531
ENSG00000136848,24.68636035,27.59716019,14.61960984
ENSG00000136854,6.029333432,6.94761929,7.33539878
ENSG00000136856,4.539747121,4.440303869,3.979723649
ENSG00000136861,10.1449679,8.380776149,6.907081178
ENSG00000136870,4.71977532,7.077964833,5.355362254
ENSG00000136874,9.44286797,9.391070831,8.786971465
ENSG00000136875,6.293395148,5.882242489,16.06180303
ENSG00000136877,10.20658297,8.694424873,4.424624132
ENSG00000136878,3.613764172,9.559700165,2.640350703
ENSG00000136883,4.12578675,3.968417963,0.646085324
ENSG00000136888,10.05605856,7.648767723,12.64171281
ENSG00000136891,5.381854558,4.402116636,6.71682639
ENSG00000136895,1.858478196,1.628262433,0.649277522
ENSG00000136897,3.521671894,2.713409928,7.604203067
ENSG00000136925,2.748433689,2.766329919,1.821210209
ENSG00000136930,19.90083209,18.18059777,20.36414805
ENSG00000136932,1.922321257,2.177190298,2.026354733
ENSG00000136933,2.912853331,2.732371089,3.993055081
ENSG00000136935,6.492552526,7.517308824,4.03213986
ENSG00000136936,3.108662447,3.338542359,2.998681553
ENSG00000136937,8.01815779,6.799164655,13.09788158
ENSG00000136938,14.06153792,7.769970654,26.41973967
ENSG00000136940,4.19002868,4.062745134,6.780665486
ENSG00000136942,38.44928664,28.84929887,26.69354233
ENSG00000136943,1.852236029,1.375713037,4.996493141
ENSG00000136950,4.484543658,4.80530635,13.35610114
ENSG00000136997,3.551758736,2.090643551,2.639463972
ENSG00000137033,2.065778772,2.77138489,36.11850771
ENSG00000137038,7.137778878,5.44042775,6.096447976
ENSG00000137040,6.012868074,6.289571167,6.57975035
ENSG00000137054,4.08677587,3.097420084,6.022637676
ENSG00000137055,4.820561098,3.998859755,11.54421805
ENSG00000137073,9.161305091,8.013922963,6.318139027
ENSG00000137074,5.097841078,4.794015737,7.311508568
ENSG00000137075,5.383586623,6.410468026,6.052090097
ENSG00000137076,24.4729778,23.42466046,15.88342231
ENSG00000137100,4.720758136,4.538300699,5.304308167
ENSG00000137103,10.35614936,11.93484163,3.846561424
ENSG00000137106,8.730880771,7.285272703,6.66251897
ENSG00000137124,18.47694587,23.54834623,34.32716603
ENSG00000137135,3.872125414,2.065562165,2.938825476
ENSG00000137145,20.54403655,17.16359323,19.48902747
ENSG00000137154,101.5758003,73.72310285,111.3533594
ENSG00000137161,4.449358622,5.853659649,6.498085623
ENSG00000137166,5.905058344,7.392515417,7.232057668
ENSG00000137168,2.718408394,1.555317254,4.849653139
ENSG00000137171,5.371689042,5.64903766,1.338798197
ENSG00000137177,11.75148315,12.15119163,5.947881934
ENSG00000137185,3.40979802,5.742466107,1.521728803
ENSG00000137193,6.883475094,2.600431748,2.556448826
ENSG00000137198,1.344323105,1.298887531,4.870728281
ENSG00000137200,8.604246406,14.35503111,9.453653829
ENSG00000137216,10.55837885,12.97926664,4.813916022
ENSG00000137218,1.302206676,1.885504277,0.316170312
ENSG00000137221,5.306107691,8.494811885,3.182403776
ENSG00000137251,0.159033573,0.121784925,1.306379987
ENSG00000137266,1.730607233,1.620278767,0.863544518
ENSG00000137267,1.221684247,0.925138307,3.145077848
ENSG00000137269,7.732012275,5.872990273,4.658465383
ENSG00000137274,3.079075275,2.924181248,1.482525661
ENSG00000137275,5.946053313,7.960147164,6.595269117
ENSG00000137285,1.311418635,0.849758268,13.22948552
ENSG00000137288,2.970014789,2.856167821,3.000668711
ENSG00000137309,42.12936376,24.76905189,44.511368
ENSG00000137310,3.576058195,0.634578741,16.64157611
ENSG00000137312,16.22800079,22.10557462,10.33525214
ENSG00000137331,1.716105646,1.211266975,1.286789622
ENSG00000137337,1.85935701,1.918330612,3.291123245
ENSG00000137338,2.067264072,2.555667883,0.983140852
ENSG00000137343,7.756663536,11.17662874,1.243848278
ENSG00000137364,12.15432221,8.529674853,16.91413719
ENSG00000137393,3.139599473,2.6412991,0.59928512
ENSG00000137404,2.1918126,0.885209374,2.728984912
ENSG00000137409,23.1437619,20.27003855,19.16827825
ENSG00000137413,3.785703355,3.251954324,2.259196209
ENSG00000137414,8.445389975,7.865712471,14.17415938
ENSG00000137440,7.555982797,4.923133297,4.6543482
ENSG00000137460,3.430134751,7.060087253,5.288405703
ENSG00000137474,1.565039193,1.655667688,0.588526046
ENSG00000137478,1.70366028,1.676320821,1.299617067
ENSG00000137486,9.69964303,9.6642123,5.434621476
ENSG00000137491,1.010208203,0.882421723,4.218483721
ENSG00000137492,7.031018084,6.443863755,14.57111163
ENSG00000137494,3.392951947,4.920272717,3.276734393
ENSG00000137496,1.451215235,1.907360559,0.634592844
ENSG00000137497,25.93850413,45.67920691,10.80831761
ENSG00000137500,4.942953296,5.30476863,3.058350606
ENSG00000137501,12.00281179,14.16181342,6.678410607
ENSG00000137504,16.50132236,16.42153669,8.590920009
ENSG00000137509,8.39213881,7.253507017,15.56159173
ENSG00000137513,3.611646964,2.299585068,3.210588216
ENSG00000137522,4.250891917,3.707906784,4.251527018
ENSG00000137547,3.941774953,3.712333651,7.883573632
ENSG00000137563,7.892855243,4.015345778,84.41482063
ENSG00000137571,0.637908051,0.423943046,1.251931115
ENSG00000137574,3.189713533,3.605241436,6.07553014
ENSG00000137575,22.68923797,21.01817804,44.06237924
ENSG00000137601,2.644235387,2.071736221,1.772925377
ENSG00000137628,3.284361468,2.207827407,22.12494262
ENSG00000137642,38.55688822,29.26234906,15.570994
ENSG00000137648,35.12596999,22.25425147,14.03437197
ENSG00000137656,2.820575951,2.294760247,4.903121192
ENSG00000137691,0.911020095,1.111176536,0.341809986
ENSG00000137692,3.845530085,4.932101093,7.901586487
ENSG00000137693,12.17591837,13.3944218,15.99801827
ENSG00000137699,4.055894009,3.613627178,10.68506094
ENSG00000137700,9.522515663,9.144951252,4.201619419
ENSG00000137710,5.490692926,4.049711426,1.867429902
ENSG00000137713,8.562808593,8.943856659,15.44548811
ENSG00000137714,2.45122667,2.22882885,6.019415141
ENSG00000137720,2.672980346,1.971073531,2.233192067
ENSG00000137747,2.024279522,2.38485424,10.30310414
ENSG00000137760,2.126327424,1.826377672,2.549516837
ENSG00000137764,3.746697457,2.624974485,1.376671352
ENSG00000137767,6.764237224,4.151268629,3.052618585
ENSG00000137770,6.735491716,5.253355532,5.088015283
ENSG00000137801,1.630741719,1.336175805,0.872373666
ENSG00000137802,3.025730526,4.614158534,1.316825641
ENSG00000137806,1.852300684,2.065517123,4.566199425
ENSG00000137807,5.374595435,2.167574553,18.55496054
ENSG00000137812,5.454147898,1.773777499,7.7674659
ENSG00000137814,1.577230933,1.516148395,3.887682681
ENSG00000137815,10.63136861,11.04837674,12.38601192
ENSG00000137817,0.627857387,0.695004589,5.110125609
ENSG00000137818,58.58633508,52.42897353,33.52090284
ENSG00000137819,0.851051848,0.799820209,0.835650264
ENSG00000137821,3.156732801,4.461227836,2.589150705
ENSG00000137822,3.273493397,4.745365849,5.974911169
ENSG00000137824,5.352759044,5.54495856,7.4862105
ENSG00000137825,1.384820313,0.47754383,3.607680537
ENSG00000137831,12.18615121,11.38748463,8.313821714
ENSG00000137834,4.865966847,8.357334453,4.085592206
ENSG00000137843,1.535050906,1.079481381,2.593232131
ENSG00000137845,21.3091227,19.27798494,23.53895063
ENSG00000137857,1.441048741,1.709245569,0.272627976
ENSG00000137871,4.553719732,3.789278899,1.19747103
ENSG00000137876,11.71705106,7.857296346,13.290139
ENSG00000137877,1.247924344,2.324770866,2.725765539
ENSG00000137936,8.44111633,7.295292542,4.793638825
ENSG00000137942,17.43494384,18.95334882,13.8991999
ENSG00000137944,6.474793247,4.940535315,6.984904338
ENSG00000137947,3.568699021,3.213117581,6.706487507
ENSG00000137955,14.50580552,16.05429316,21.09208827
ENSG00000137960,6.230347081,4.478219163,9.822258256
ENSG00000137962,20.2619247,12.48129278,6.0115829
ENSG00000137965,1.562145007,2.271702355,52.02497286
ENSG00000137970,7.019420447,5.406095689,14.0606434
ENSG00000137992,5.012221465,3.530946457,4.66766443
ENSG00000137996,6.053571487,6.469125588,9.054261959
ENSG00000138002,3.517645437,4.512367803,0.977569237
ENSG00000138018,8.605705752,5.222359374,13.62163446
ENSG00000138028,0.890186516,0.346087816,0.681346405
ENSG00000138029,12.53958277,10.11557586,13.43572946
ENSG00000138030,1.93839839,1.364566616,4.29083431
ENSG00000138031,4.035309302,2.364024387,9.975121914
ENSG00000138035,4.13223462,4.329669584,13.82539368
ENSG00000138036,8.493157134,9.031271434,2.828753363
ENSG00000138050,3.347291469,4.178007667,3.811887472
ENSG00000138069,28.00894023,23.49160444,35.52118044
ENSG00000138071,33.65215849,27.74931634,70.87962272
ENSG00000138073,6.144092787,7.736039699,11.89282394
ENSG00000138074,2.876741619,3.097417485,7.989107547
ENSG00000138078,10.08834768,7.229196128,7.503860985
ENSG00000138081,6.19174311,7.903707169,6.433993014
ENSG00000138085,6.487904812,5.843012896,5.694704411
ENSG00000138092,2.18331625,1.968307004,6.227718572
ENSG00000138095,34.6063271,25.57756224,33.49624339
ENSG00000138101,1.598190986,1.733370541,1.80833504
ENSG00000138107,5.856242361,5.802486378,10.81950707
ENSG00000138119,45.48022951,36.74475881,14.77594469
ENSG00000138134,10.05484861,9.074339618,2.460931417
ENSG00000138138,13.41452224,12.89265007,9.085617884
ENSG00000138152,0.325538708,0.326615077,0.781436051
ENSG00000138160,8.858093897,3.919163526,15.8995603
ENSG00000138162,9.378388642,8.742326054,6.513474392
ENSG00000138166,1.78738498,0.964532392,1.288699805
ENSG00000138175,3.282874909,2.925985702,6.538157777
ENSG00000138180,5.616000087,1.759407181,24.50343334
ENSG00000138182,4.782151792,2.318519498,10.19439176
ENSG00000138190,5.094305683,2.905856292,2.815787057
ENSG00000138193,8.09426627,6.093151576,2.396224682
ENSG00000138231,3.771058783,4.349790109,8.899096607
ENSG00000138246,10.19155963,10.33677061,10.74358171
ENSG00000138279,10.138269,8.581752588,9.391995059
ENSG00000138303,4.488275002,3.611735226,2.230814651
ENSG00000138326,63.71669302,54.35492025,35.95991369
ENSG00000138346,3.146553525,1.929837904,6.636237003
ENSG00000138363,6.895119107,5.889707477,15.10749089
ENSG00000138375,3.933801292,3.89157287,2.705423703
ENSG00000138376,3.378582261,1.781420585,7.112792774
ENSG00000138381,1.083415474,0.580181281,2.779373908
ENSG00000138382,4.144522083,4.233333145,6.257887245
ENSG00000138385,8.675367615,7.70356145,17.47395639
ENSG00000138386,6.818827993,5.420495784,3.699113533
ENSG00000138398,9.534693909,8.456253509,16.39244083
ENSG00000138399,7.029934458,6.612478322,2.979217593
ENSG00000138413,29.10384584,21.88368297,55.35313793
ENSG00000138430,17.42273036,9.90945009,22.71633015
ENSG00000138433,3.86947832,3.384468163,4.788419616
ENSG00000138434,24.17912815,25.10413869,25.52849739
ENSG00000138439,3.980392386,3.752923724,2.11568181
ENSG00000138442,4.707000464,4.787727374,6.993557073
ENSG00000138443,1.597162352,1.065349829,1.07365084
ENSG00000138448,4.946879075,4.002285111,1.484256367
ENSG00000138449,20.83114648,16.29388916,23.22302806
ENSG00000138459,6.358537053,4.686363777,3.768679259
ENSG00000138463,2.178156497,2.498519275,4.052113387
ENSG00000138468,3.176160664,3.148185272,0.914280968
ENSG00000138495,2.399235278,2.344452669,3.59416919
ENSG00000138496,2.367518574,2.051041279,23.74061768
ENSG00000138592,8.632721604,5.503113528,5.899519898
ENSG00000138593,10.45939534,10.08202481,8.289932301
ENSG00000138594,11.22809948,10.0217755,12.42641693
ENSG00000138600,6.635621639,6.132109262,7.80557888
ENSG00000138604,13.02541424,8.813845946,18.6360028
ENSG00000138613,2.726002743,3.247149179,0.850276856
ENSG00000138614,6.791327864,6.505525957,7.072717532
ENSG00000138617,4.073588484,3.102337602,2.031649313
ENSG00000138621,2.330615162,3.028075937,2.19169197
ENSG00000138629,2.566909781,2.292720469,2.117239507
ENSG00000138640,17.17270872,15.76132625,11.97432226
ENSG00000138642,0.802682183,1.009928068,10.34721082
ENSG00000138658,2.426444031,1.306185114,3.214373962
ENSG00000138660,5.204734827,4.507367528,14.71712766
ENSG00000138663,4.297374759,3.642700688,5.358452699
ENSG00000138668,29.43181279,31.36359867,27.57903894
ENSG00000138670,1.429829665,2.197708399,3.153081256
ENSG00000138674,14.40307986,13.55109114,9.057819901
ENSG00000138678,0.838093088,0.448808359,3.114595968
ENSG00000138686,3.952551382,4.104237138,4.069912568
ENSG00000138688,11.26045991,11.79517816,5.403550259
ENSG00000138698,5.036815021,4.306324516,10.7612212
ENSG00000138709,3.675042411,3.131694018,3.994694275
ENSG00000138735,1.459686314,1.382368513,0.507293823
ENSG00000138738,1.707091576,1.551003403,4.231075251
ENSG00000138744,3.621010699,2.481391805,3.126116243
ENSG00000138750,7.280726514,8.081216452,9.66757106
ENSG00000138756,3.685717645,3.966355193,4.185645164
ENSG00000138757,22.72500883,20.24866552,42.61935056
ENSG00000138758,16.4415127,13.20200233,20.89217817
ENSG00000138759,9.688964603,9.419692803,4.951081133
ENSG00000138760,4.33692207,3.591559761,2.676265402
ENSG00000138764,18.20895251,19.94975114,4.569831877
ENSG00000138767,6.339447183,5.208428196,6.636949514
ENSG00000138768,24.93171531,15.60448447,12.25239517
ENSG00000138771,1.976162983,1.960885163,0.915184221
ENSG00000138772,44.07335669,41.71813723,22.53022321
ENSG00000138777,10.11092994,5.894356011,11.77049987
ENSG00000138778,6.623143016,3.176452125,9.413531037
ENSG00000138794,5.470413577,6.518136936,12.51950341
ENSG00000138796,12.00220413,12.55638076,21.0972823
ENSG00000138801,9.495086256,6.876812945,8.161197703
ENSG00000138802,7.078652362,6.692659789,6.294804938
ENSG00000138814,10.72149199,8.795265575,8.050106655
ENSG00000138821,9.027117823,5.335374816,18.36479381
ENSG00000138834,27.06686763,38.4233117,5.191278407
ENSG00000138835,4.741132474,4.835466648,6.011921826
ENSG00000138867,13.49659553,12.03241451,15.80886086
ENSG00000138942,4.584993934,4.831236353,4.184295829
ENSG00000139044,7.195604326,5.325143945,0.704867426
ENSG00000139055,0.168509883,0.256915612,8.535243909
ENSG00000139083,16.48562659,22.80335527,9.3554919
ENSG00000139112,2.749191798,3.05137672,2.4051472
ENSG00000139116,4.177296521,3.224162992,9.540803769
ENSG00000139131,2.414603724,1.668265209,3.850273552
ENSG00000139132,6.083782575,5.543253739,2.985819644
ENSG00000139146,16.41842184,14.89163628,20.05935054
ENSG00000139154,6.588283554,6.144313208,6.153239499
ENSG00000139160,0.472141961,0.709208844,0.490504323
ENSG00000139163,13.08667795,12.75871438,15.55195896
ENSG00000139173,0.269801756,0.101213374,3.396472867
ENSG00000139178,13.94703384,12.68681961,2.811793282
ENSG00000139182,10.75948703,12.14444523,4.648950033
ENSG00000139192,8.457441257,7.927179666,4.483329774
ENSG00000139194,0.805934746,1.017312691,0.70097764
ENSG00000139197,8.504383147,13.34221041,13.51298239
ENSG00000139211,2.975136115,1.744195632,4.053808998
ENSG00000139218,14.22802047,14.32071238,20.08751112
ENSG00000139233,2.428107365,2.454736225,8.743659981
ENSG00000139239,1.995440622,1.607165943,4.252426234
ENSG00000139263,4.957150886,4.585765872,4.825679083
ENSG00000139266,2.834620257,3.231311158,4.282860921
ENSG00000139289,81.67502494,103.5492827,96.90777856
ENSG00000139291,1.356550606,0.754508476,3.100789363
ENSG00000139292,10.42571818,12.15997088,2.776482762
ENSG00000139318,11.11225905,7.928923727,11.33714245
ENSG00000139323,4.924650949,3.888005734,13.34965663
ENSG00000139324,6.282756426,7.329810698,7.698390995
ENSG00000139343,4.046257745,3.543467966,9.521695416
ENSG00000139350,4.648196353,3.720564924,17.35905041
ENSG00000139354,3.509462135,2.072526129,9.594456669
ENSG00000139370,5.217850501,5.157131954,5.35419124
ENSG00000139372,5.550506801,5.776158769,11.65737286
ENSG00000139410,1.518646284,2.41813327,2.058672602
ENSG00000139428,5.20412474,3.331563688,6.441362572
ENSG00000139433,3.71731116,3.886606674,5.000817093
ENSG00000139436,0.87565583,1.215033238,0.949672984
ENSG00000139437,2.592326829,3.442330275,7.18767281
ENSG00000139438,0.773411429,0.757287926,1.607811774
ENSG00000139496,14.64073758,13.05754587,17.84951287
ENSG00000139505,6.262995627,5.958174761,8.496669804
ENSG00000139508,0.943427007,0.582591882,2.450066548
ENSG00000139514,11.44302841,6.126540799,8.422083531
ENSG00000139515,0.217207839,0.227355511,2.983979844
ENSG00000139517,5.482543959,4.866018804,7.187485649
ENSG00000139531,3.598896074,3.557245608,5.699813293
ENSG00000139540,1.015741683,0.673914516,3.859331212
ENSG00000139546,2.720916766,3.044257941,2.829732183
ENSG00000139579,3.037947515,2.602542072,13.51671005
ENSG00000139618,2.623358898,0.86395247,10.99860101
ENSG00000139620,3.775394788,4.68702893,5.630062819
ENSG00000139624,1.200935185,0.951094769,0.868835612
ENSG00000139625,1.854726271,3.600385411,0.437232316
ENSG00000139629,16.866061,16.9523621,22.55304952
ENSG00000139631,7.599266559,8.898350304,1.811150486
ENSG00000139636,7.170443965,7.063868764,2.05907951
ENSG00000139641,25.58749866,19.52043262,17.49558849
ENSG00000139644,100.1615678,79.60372034,199.9403475
ENSG00000139645,11.26067901,15.46629426,20.08608867
ENSG00000139651,5.64843624,5.560812473,7.595477913
ENSG00000139668,2.656732006,2.579709454,1.128050795
ENSG00000139684,9.580429683,7.240591129,9.725732827
ENSG00000139687,5.737987524,3.772041492,12.39038794
ENSG00000139697,11.78727849,14.28161707,18.01717513
ENSG00000139718,3.726033281,6.443604514,7.246470525
ENSG00000139722,5.517165345,6.683408321,3.856056832
ENSG00000139726,12.96220425,10.42936241,29.61497949
ENSG00000139734,3.134366019,0.528052504,6.805597125
ENSG00000139746,11.03767227,15.66367647,8.370139234
ENSG00000139793,17.02416524,14.85028854,5.050484905
ENSG00000139826,2.824517748,2.760734185,6.063099436
ENSG00000139832,7.255516525,5.335712609,4.284352295
ENSG00000139835,2.773745952,3.361280312,2.482117404
ENSG00000139842,11.41337553,11.19674763,11.25585707
ENSG00000139865,1.462675324,1.533001588,0.739214639
ENSG00000139874,0.35451584,0.459430358,0.696636139
ENSG00000139880,8.842724517,10.45457009,5.337588305
ENSG00000139921,9.311611288,6.375159341,12.29558721
ENSG00000139926,1.029461898,0.622588511,1.876065272
ENSG00000139971,0.992065295,1.15867635,0.559858343
ENSG00000139974,1.655483736,1.648445542,1.222957104
ENSG00000139977,5.075841234,6.170641155,10.36521318
ENSG00000139990,10.51491426,14.27901195,5.529492789
ENSG00000140006,2.542822414,1.888446318,2.091263844
ENSG00000140044,5.648175796,4.773340664,2.688494289
ENSG00000140057,1.014394294,0.582992781,0.384456559
ENSG00000140104,4.568675885,3.502270541,0.925793006
ENSG00000140105,5.188113173,4.706429151,6.31494233
ENSG00000140153,3.942114818,4.525355153,3.664274881
ENSG00000140157,4.800844461,4.194159263,15.70419731
ENSG00000140199,4.086092618,4.435916021,2.20034769
ENSG00000140259,4.489902346,5.674369029,13.24737365
ENSG00000140262,13.06192315,11.56090835,7.029125848
ENSG00000140263,11.2035342,9.851689659,11.15543419
ENSG00000140265,4.263062094,7.226802408,4.436112744
ENSG00000140280,0.861592564,0.679651353,1.393787647
ENSG00000140284,5.045242635,3.83122548,8.794647091
ENSG00000140297,24.93814395,15.05824515,5.793872001
ENSG00000140299,4.591897678,5.421158776,1.797523166
ENSG00000140307,1.319137646,0.859535141,1.676506794
ENSG00000140319,16.69945756,14.03871624,24.71955959
ENSG00000140320,3.859777821,3.596436495,4.032289157
ENSG00000140323,1.946299273,0.790959556,0.201855327
ENSG00000140326,3.332418416,4.301121628,2.732197021
ENSG00000140332,8.293300433,11.01942514,8.461730728
ENSG00000140350,11.79217343,12.14239386,17.68128079
ENSG00000140365,3.442543805,3.342849334,6.004841006
ENSG00000140367,4.958377969,5.613401805,3.870900197
ENSG00000140374,8.738859478,5.418464567,16.60105707
ENSG00000140382,6.917743041,9.048314278,5.090006447
ENSG00000140386,2.346485954,1.245565996,2.254857682
ENSG00000140391,39.1660247,37.43901824,37.99257281
ENSG00000140395,4.523796682,4.268070772,4.723155033
ENSG00000140396,7.318515373,9.758000096,5.233675697
ENSG00000140398,5.84039012,8.569162175,0.706105314
ENSG00000140400,20.26218481,27.97609135,4.115994067
ENSG00000140403,7.094489353,8.585427273,6.454220603
ENSG00000140406,8.165589464,7.304583834,7.595389595
ENSG00000140416,25.71530383,26.39303503,7.558152406
ENSG00000140443,3.07428021,4.12636328,0.783681684
ENSG00000140450,18.90888163,22.96123464,14.29903579
ENSG00000140451,3.808855579,2.062024796,0.604722436
ENSG00000140455,1.492349136,1.900258747,0.839339853
ENSG00000140463,4.600783335,5.035075878,1.766602373
ENSG00000140464,9.401566025,10.2554638,10.12018064
ENSG00000140465,10.50924341,10.76239544,1.597128109
ENSG00000140470,0.269855866,0.29975685,0.27047817
ENSG00000140471,2.546535832,2.672515067,2.441372131
ENSG00000140474,5.043441732,7.931388968,3.060291103
ENSG00000140479,2.290198405,1.868711719,3.735629208
ENSG00000140497,13.78441106,17.62953298,12.18967388
ENSG00000140521,13.16629997,15.34002478,7.980673811
ENSG00000140525,8.290742259,2.221562373,16.22709143
ENSG00000140526,27.0406896,25.76304396,43.87195055
ENSG00000140545,6.822345898,6.801609143,2.998034895
ENSG00000140548,3.944117598,4.166378029,1.980129849
ENSG00000140553,10.67510224,10.04964529,8.145228876
ENSG00000140563,3.404952201,3.098629368,2.783101629
ENSG00000140564,6.456402935,6.685326341,14.02539525
ENSG00000140575,40.89077741,30.92621403,28.90237934
ENSG00000140577,0.752682276,0.963953521,0.988408619
ENSG00000140598,5.268838916,3.157588941,4.246804855
ENSG00000140612,12.59540578,9.067535421,13.8514622
ENSG00000140632,12.84009247,15.0256835,19.84037231
ENSG00000140650,3.600012459,4.518910913,8.272808524
ENSG00000140682,0.714522239,0.410484267,0.274073169
ENSG00000140688,9.487995517,9.657585255,4.265125299
ENSG00000140691,2.187627189,2.743081171,1.577610437
ENSG00000140694,4.955039619,3.593569982,5.640602154
ENSG00000140718,4.983047481,4.106488123,5.645476155
ENSG00000140740,32.0279537,28.72486639,37.20064469
ENSG00000140743,4.122943658,3.382980905,8.027382156
ENSG00000140750,5.478414979,6.762997193,7.685066367
ENSG00000140807,0.518390268,1.44112229,58.17404497
ENSG00000140829,10.94612638,17.71857251,12.72700863
ENSG00000140830,1.32842274,1.340824772,4.399490994
ENSG00000140832,2.604586382,2.943646277,9.800301197
ENSG00000140836,0.679475247,1.171050599,0.543599724
ENSG00000140848,4.320226332,2.496736808,2.07288738
ENSG00000140853,1.858142787,2.870449719,5.568061964
ENSG00000140854,3.712376076,5.468120411,3.157158701
ENSG00000140876,1.120170224,0.7969956,0.490329027
ENSG00000140939,10.09231299,9.512004711,1.27088719
ENSG00000140941,8.40155575,6.532734499,22.4139424
ENSG00000140943,17.54459359,15.17624313,10.49143708
ENSG00000140948,6.243612422,8.613352602,5.854267953
ENSG00000140950,5.532807566,4.568749429,4.494603004
ENSG00000140961,2.299047839,1.71746143,4.140723865
ENSG00000140968,5.625870147,4.748351468,6.685994992
ENSG00000140983,17.43219995,28.43691784,7.993815977
ENSG00000140988,156.398131,108.9128592,142.1953308
ENSG00000140990,4.782034225,4.021141983,8.593261898
ENSG00000140992,9.647967745,10.83391361,10.84122452
ENSG00000140995,5.893829273,8.618700326,8.750696403
ENSG00000141002,16.74037096,20.5321478,11.17781108
ENSG00000141012,4.286665441,5.595389422,3.845747826
ENSG00000141013,4.094432245,7.543025283,2.773711803
ENSG00000141026,2.842840338,2.518650239,3.500111222
ENSG00000141027,12.12314119,11.85127098,6.032135575
ENSG00000141030,4.137587306,3.41373028,7.881730359
ENSG00000141034,2.330562327,3.931461024,2.208761966
ENSG00000141068,2.113103952,3.373453603,1.538253972
ENSG00000141076,4.71501026,3.95473673,12.31652139
ENSG00000141084,6.323402361,5.53244481,4.918613256
ENSG00000141098,4.817311995,4.86849579,5.494604166
ENSG00000141101,9.040539413,6.906258179,8.952997643
ENSG00000141127,4.756644452,4.788805712,2.214856789
ENSG00000141179,5.922252848,4.860205093,12.25573442
ENSG00000141198,7.310131062,6.590627537,6.257585941
ENSG00000141219,3.252560052,2.525911261,2.512292797
ENSG00000141232,15.18650224,18.16788721,10.18723659
ENSG00000141252,7.273136327,7.541845511,5.72590519
ENSG00000141258,13.08347983,17.46008968,1.047983113
ENSG00000141279,11.57133796,8.473777777,5.421522145
ENSG00000141293,3.168544703,2.513458224,5.520733941
ENSG00000141295,6.513833674,5.578683497,1.177057501
ENSG00000141298,0.293829664,0.397708641,0.569182368
ENSG00000141349,3.693995505,3.36719919,6.014340612
ENSG00000141367,22.79423918,22.65183235,27.05658835
ENSG00000141376,0.900112143,0.872827468,0.481778639
ENSG00000141378,2.64811936,2.466065239,5.573591853
ENSG00000141380,9.194901755,9.814034997,8.00921675
ENSG00000141384,0.442914397,0.138182624,0.714980753
ENSG00000141385,6.682137608,5.213871769,8.385184702
ENSG00000141391,0.44264357,0.245845022,0.985920739
ENSG00000141401,9.205610812,7.047554165,6.094510082
ENSG00000141424,7.972960409,8.610381727,10.29637018
ENSG00000141425,10.43011122,8.713782518,8.623805064
ENSG00000141428,1.784774949,2.261557679,1.779253627
ENSG00000141429,16.92454546,13.23654849,17.51463859
ENSG00000141441,1.942758081,1.908315058,2.617740601
ENSG00000141446,5.868834795,6.570407174,4.198058082
ENSG00000141447,7.928572269,4.973853314,1.938610895
ENSG00000141448,5.957847318,4.547984846,2.429287981
ENSG00000141456,4.788148571,9.363180737,4.762442821
ENSG00000141458,7.696600136,5.651563547,6.486297199
ENSG00000141480,3.315206634,3.093336338,4.437181767
ENSG00000141497,1.043782581,0.665066166,0.286645385
ENSG00000141499,1.89476849,1.809764057,2.202418541
ENSG00000141503,31.95744027,39.51836442,15.69067207
ENSG00000141510,9.688338321,9.355486953,9.331812343
ENSG00000141519,0.956112054,1.825985263,1.217001335
ENSG00000141522,16.01917038,15.89621594,31.01601742
ENSG00000141524,18.24601567,29.94786619,8.696740948
ENSG00000141526,36.58517114,42.94533311,25.43501044
ENSG00000141542,5.341848295,5.173460938,1.678555599
ENSG00000141543,10.05308001,8.077603518,19.98324443
ENSG00000141551,5.451907938,9.095212756,5.317288978
ENSG00000141552,6.814726821,5.185444273,7.960157749
ENSG00000141556,14.79136167,10.77194088,8.293970039
ENSG00000141560,8.60604599,7.224736019,8.175679122
ENSG00000141562,10.95279681,11.50493659,1.592258635
ENSG00000141564,4.544431639,5.824758937,4.341252185
ENSG00000141568,6.732890425,7.97248692,7.95973462
ENSG00000141569,2.996448794,3.625937516,2.512691475
ENSG00000141570,2.496708672,3.046421413,4.303775261
ENSG00000141574,1.217565072,1.303763546,4.563078764
ENSG00000141577,5.649139132,12.96300193,3.401514099
ENSG00000141580,1.027652906,1.179571167,0.951990711
ENSG00000141582,5.241718263,4.31626374,4.389836823
ENSG00000141627,4.235812916,3.037439579,2.799295929
ENSG00000141644,13.78325078,18.78588267,10.56457264
ENSG00000141646,8.255891062,7.114402827,5.04919393
ENSG00000141655,26.0944557,31.74438251,7.781861949
ENSG00000141664,6.451642478,7.364498556,3.195151888
ENSG00000141682,3.699713115,2.182368209,6.003456006
ENSG00000141696,1.023009426,1.042212997,2.376182499
ENSG00000141698,2.967507193,3.166568823,3.517059133
ENSG00000141699,7.172328362,6.22978024,5.576952297
ENSG00000141736,29.85304502,37.806631,14.7514117
ENSG00000141738,4.465739257,5.149674091,1.938722839
ENSG00000141753,10.23554909,8.607122179,17.94591335
ENSG00000141759,6.015557478,5.266027823,5.955468472
ENSG00000141854,2.037501303,2.379177333,2.391591428
ENSG00000141858,3.5385001,3.819114268,5.356082343
ENSG00000141867,11.29480232,14.25476766,13.68436414
ENSG00000141905,7.038318044,5.381519811,2.314105791
ENSG00000141933,0.668068529,0.744137219,0.369769132
ENSG00000141934,11.35302302,19.58932458,13.43964779
ENSG00000141956,2.427640777,4.332911641,1.846674358
ENSG00000141959,53.92092255,50.62207822,16.56169118
ENSG00000141971,2.089544414,1.889698789,1.198539994
ENSG00000141985,8.828199279,8.303051662,7.105426219
ENSG00000141994,4.352555292,7.137312195,3.775398459
ENSG00000142002,6.709202738,8.764518683,10.43283951
ENSG00000142065,1.823783184,0.951678382,0.145837144
ENSG00000142082,4.422662211,5.739658159,1.654238304
ENSG00000142102,19.84586436,22.37031403,16.40829504
ENSG00000142149,1.585034092,1.580080813,15.88689277
ENSG00000142156,1.485494103,1.081597475,1.925121093
ENSG00000142166,11.3288859,10.38152856,10.86352395
ENSG00000142168,11.90509163,8.632406609,25.84373268
ENSG00000142186,7.882540866,10.38972126,5.895448363
ENSG00000142192,190.1124856,165.3841425,150.3600641
ENSG00000142197,11.55835332,8.743085424,5.539823395
ENSG00000142207,7.249410518,6.977867621,5.580017271
ENSG00000142208,18.32960243,26.19951933,15.73462328
ENSG00000142230,10.57592632,6.883477903,31.36255328
ENSG00000142235,5.140860608,3.611871652,3.373611434
ENSG00000142273,6.34049653,7.629559178,2.048744779
ENSG00000142279,3.673928508,2.54396467,0.162732359
ENSG00000142327,9.595465524,10.70278193,5.468394016
ENSG00000142330,5.292667361,7.660176987,2.057682643
ENSG00000142409,4.254314814,4.412028823,5.571835571
ENSG00000142444,2.914977853,2.444348176,2.788895425
ENSG00000142453,7.928001271,8.717275261,8.012205846
ENSG00000142459,2.390755071,3.147447932,3.052485429
ENSG00000142484,0.36095439,0.559911681,1.17439508
ENSG00000142507,5.159364674,4.867408419,8.250901064
ENSG00000142528,0.753784989,1.345483943,1.194409275
ENSG00000142530,0.821716533,0.834973107,0.635292587
ENSG00000142534,63.06164319,49.64318566,71.5100774
ENSG00000142541,128.7023724,84.67845152,119.5247136
ENSG00000142544,1.261563029,1.316606353,1.400447969
ENSG00000142546,4.76144197,7.816005958,5.649630438
ENSG00000142552,0.558185701,1.682630268,0.303139967
ENSG00000142599,12.85457703,17.12903376,9.436622591
ENSG00000142611,4.239073274,3.659181188,1.425961928
ENSG00000142623,42.71784267,39.8537596,1.733429188
ENSG00000142627,28.29475445,26.33154955,13.61253945
ENSG00000142632,7.657706799,12.09801498,7.184836863
ENSG00000142634,30.75798476,29.97165383,30.5837175
ENSG00000142655,3.309310589,3.216494673,2.378345139
ENSG00000142657,22.76204989,15.2693469,25.31214809
ENSG00000142669,15.55792772,12.16668718,19.51242918
ENSG00000142675,5.150365245,5.995015499,2.068648446
ENSG00000142676,62.93435535,50.7420633,49.7044485
ENSG00000142677,1.562323515,0.703554522,4.655456649
ENSG00000142686,0.473191611,0.530676982,1.702553711
ENSG00000142687,19.055459,15.63746401,9.923233275
ENSG00000142731,4.445379249,1.312470737,9.032125005
ENSG00000142733,3.323229861,3.057493559,1.784297514
ENSG00000142751,4.70102452,7.2027565,4.003078524
ENSG00000142765,12.81196839,22.41856391,0.621934141
ENSG00000142784,8.655045184,9.374408287,7.565670633
ENSG00000142794,9.080481553,8.985012708,3.350166809
ENSG00000142798,62.43238513,95.07149111,8.633258363
ENSG00000142856,5.264091954,4.072657298,3.967657766
ENSG00000142864,30.5216651,21.476797,52.42142491
ENSG00000142867,6.904878967,6.871653206,6.287413371
ENSG00000142875,4.131151869,3.889994612,4.933241235
ENSG00000142892,3.536324267,1.977096531,7.488697338
ENSG00000142910,54.25414509,81.71856901,13.63847394
ENSG00000142920,2.595528837,2.943187671,1.218149419
ENSG00000142937,83.87224426,61.25362904,46.02930027
ENSG00000142945,4.388386328,1.636375135,9.616231065
ENSG00000142949,103.2177361,96.78041357,31.8615367
ENSG00000143013,7.941605758,5.221688688,3.254877668
ENSG00000143033,10.09123592,10.80772952,7.095248114
ENSG00000143036,11.05223963,9.317914616,3.34849468
ENSG00000143061,8.048607374,6.085134219,3.544377556
ENSG00000143067,2.470069357,2.795491831,10.90721858
ENSG00000143079,9.531147152,9.845949509,5.900906966
ENSG00000143093,6.259168985,6.758201009,4.724686997
ENSG00000143106,9.181398683,8.269032666,18.88538567
ENSG00000143126,3.515412119,5.093586357,4.342608487
ENSG00000143147,1.758511862,2.261525051,1.084531223
ENSG00000143149,8.285490909,5.745288331,13.99202534
ENSG00000143153,112.5016151,114.3618228,95.72941663
ENSG00000143155,5.198134145,4.054644595,7.43768581
ENSG00000143157,10.22985439,10.28492507,13.25763914
ENSG00000143158,4.576905329,3.331030349,9.525308896
ENSG00000143162,15.87761783,13.71276288,11.85558294
ENSG00000143164,7.199708506,4.601688655,5.0186954
ENSG00000143167,15.87904713,10.28912601,14.59306336
ENSG00000143178,1.122758079,1.945137688,0.301528444
ENSG00000143179,4.192109932,5.061773199,6.364517889
ENSG00000143183,9.595136584,9.781155459,10.26625526
ENSG00000143190,4.032114041,3.434258013,4.880430203
ENSG00000143198,8.389719392,6.548896435,13.84149277
ENSG00000143207,6.001434876,4.599885885,5.17330197
ENSG00000143217,9.733945116,14.12721375,10.97574973
ENSG00000143224,2.673669885,4.206718742,0.670123938
ENSG00000143228,3.167951392,1.356589058,7.838436066
ENSG00000143252,9.648060834,7.898279511,13.16961586
ENSG00000143256,3.493311397,3.130763283,6.824290036
ENSG00000143258,4.269091648,4.709392738,2.192567121
ENSG00000143294,6.664365903,8.897707985,9.193460998
ENSG00000143303,5.933331475,6.221638115,2.753501374
ENSG00000143314,5.031799941,3.84565782,5.966264138
ENSG00000143319,5.70108411,4.143154657,13.21063314
ENSG00000143321,14.71423518,13.32123719,33.12396093
ENSG00000143322,2.03449484,1.994779467,2.596751161
ENSG00000143324,6.636926149,5.439362183,5.957890662
ENSG00000143333,0.213522289,0.266068782,3.753987184
ENSG00000143337,7.410048155,5.999527574,8.197231943
ENSG00000143344,2.572962137,2.641006383,3.939680571
ENSG00000143353,3.354314006,2.613809803,2.974069827
ENSG00000143363,4.44420114,3.761612529,3.971462526
ENSG00000143365,12.68537175,12.11076503,0.861591238
ENSG00000143367,10.14893942,12.82200777,6.872083943
ENSG00000143368,6.375541444,6.494418534,8.605247564
ENSG00000143369,8.868285936,6.31657753,9.044533716
ENSG00000143373,7.885156031,9.062150357,8.917660655
ENSG00000143374,5.193026207,5.88860755,4.277110275
ENSG00000143375,18.31698344,22.19500604,17.04648382
ENSG00000143376,7.849357189,8.006565649,6.513917072
ENSG00000143379,4.848478159,6.845881077,2.463501089
ENSG00000143384,34.7987718,40.21605033,32.19207727
ENSG00000143387,2.326187933,2.427541552,1.366579676
ENSG00000143390,3.455043427,5.174838929,6.450137478
ENSG00000143393,11.13961889,11.54634216,8.806562549
ENSG00000143398,7.553149071,6.916753524,6.845607441
ENSG00000143401,10.4805036,5.660516471,13.67048931
ENSG00000143409,8.605770125,8.406971864,4.056247425
ENSG00000143412,3.983955634,4.808568623,2.707532947
ENSG00000143416,33.20210967,73.21364352,29.40903088
ENSG00000143418,11.14770291,9.400785534,14.7161609
ENSG00000143420,21.18443295,19.69413823,26.17973708
ENSG00000143429,0.668358734,0.794821028,1.655047082
ENSG00000143436,3.569155086,3.703970658,5.515430402
ENSG00000143437,7.0559944,7.077792172,4.422601573
ENSG00000143442,11.11057846,11.67767359,3.87191647
ENSG00000143443,1.107442971,0.784862331,0.965728752
ENSG00000143457,12.27637882,12.22930444,6.763233173
ENSG00000143458,2.652958005,2.873360897,2.139016542
ENSG00000143476,2.411034463,0.434807912,10.49276449
ENSG00000143479,2.046291533,2.039896811,1.662163056
ENSG00000143486,10.01485302,9.170128427,4.343910668
ENSG00000143493,6.247703053,5.911826857,8.269096009
ENSG00000143494,2.70701125,2.68828553,2.361585349
ENSG00000143498,1.809360673,2.440039324,2.4506828
ENSG00000143499,4.855421832,6.021779334,5.949044078
ENSG00000143507,5.044173797,6.721397526,5.504076082
ENSG00000143514,6.787542847,9.993800374,6.772755979
ENSG00000143537,23.65015422,15.82463671,24.88609892
ENSG00000143549,36.15688541,28.2258405,82.49057767
ENSG00000143553,4.111755333,3.913174298,3.111308665
ENSG00000143554,3.169922821,2.318750045,1.078333575
ENSG00000143569,18.29171429,19.66858258,17.02633632
ENSG00000143575,5.608770035,4.899637133,5.52993674
ENSG00000143590,1.709309873,1.65679225,1.64438691
ENSG00000143612,15.7312104,12.25634503,15.92950797
ENSG00000143614,2.994360229,4.273173601,3.315791957
ENSG00000143621,11.38347678,9.039383575,27.8101714
ENSG00000143622,5.916850873,7.1855509,4.440893071
ENSG00000143624,17.48096097,16.98037051,4.062602929
ENSG00000143630,2.596948593,2.001774255,2.750428298
ENSG00000143633,4.693506992,3.924736159,4.271686599
ENSG00000143641,12.3319755,14.10935408,17.173484
ENSG00000143643,4.750204634,6.407729365,5.789183968
ENSG00000143653,7.414370464,5.631364388,13.71066149
ENSG00000143669,2.803502094,2.904856441,2.842928632
ENSG00000143674,7.705214714,7.023473948,7.430494231
ENSG00000143702,4.33264888,5.009649441,1.5168903
ENSG00000143727,11.80361298,10.33812637,20.06253882
ENSG00000143740,5.083810059,5.874296957,4.312834109
ENSG00000143742,26.90050139,23.426888,39.83209617
ENSG00000143748,2.613034934,3.173661801,2.455728899
ENSG00000143751,5.020970961,4.777767538,6.210970336
ENSG00000143753,5.235654845,3.824652845,10.03799934
ENSG00000143756,7.209995132,5.501501405,8.820035669
ENSG00000143761,37.90033749,31.19545242,47.01935312
ENSG00000143771,6.94682448,6.44125536,7.531292282
ENSG00000143772,3.258282956,3.720844098,2.201693761
ENSG00000143774,13.57124758,14.62135443,15.52414155
ENSG00000143776,6.568546226,4.693637343,5.137357503
ENSG00000143793,2.313026881,2.910442644,3.191169547
ENSG00000143797,4.248356048,2.890013185,3.334407558
ENSG00000143799,16.62165972,13.17886738,30.24091455
ENSG00000143815,25.29278846,24.19630448,19.63925549
ENSG00000143819,6.617903471,7.149739696,13.39389038
ENSG00000143842,4.93639705,5.026420034,4.384397022
ENSG00000143850,15.56847494,26.14051629,10.9952371
ENSG00000143862,4.803391583,6.14690666,6.048410756
ENSG00000143870,31.23459659,21.42750545,38.84567648
ENSG00000143878,11.2861161,8.986146712,24.039726
ENSG00000143882,3.336622609,2.906331534,1.093174678
ENSG00000143889,7.284922876,5.340845862,7.180282434
ENSG00000143891,4.830856778,5.287715398,10.3449992
ENSG00000143919,1.364242716,1.339854161,1.50228808
ENSG00000143924,21.24347359,28.35680277,15.79683281
ENSG00000143947,36.19338753,25.9729155,29.72170741
ENSG00000143951,1.013232638,0.867778662,0.430847545
ENSG00000143952,5.147091614,5.132161132,5.847068794
ENSG00000143970,7.288944079,6.918959113,6.543477002
ENSG00000143971,4.777518467,5.430851009,4.574874015
ENSG00000143977,4.241357771,3.007679575,10.01677726
ENSG00000144021,10.64864166,12.68781553,12.34571956
ENSG00000144028,35.31352252,37.34560638,24.370795
ENSG00000144034,3.137326182,4.358280581,9.325596709
ENSG00000144036,5.925074186,4.480397059,3.433945976
ENSG00000144040,1.505747618,1.702726535,2.867641536
ENSG00000144048,3.183784217,1.679285019,2.836486104
ENSG00000144057,0.817741896,0.968907298,0.471906834
ENSG00000144061,2.157323308,2.809327723,0.712496032
ENSG00000144063,5.415685088,5.114346693,5.466572311
ENSG00000144115,7.891413402,6.28456957,0.496055066
ENSG00000144118,10.07918632,6.751453179,17.8691324
ENSG00000144120,2.455537099,2.088333525,3.240706755
ENSG00000144134,6.411795038,7.202652658,0.461708584
ENSG00000144136,7.776474139,5.120794399,13.7900482
ENSG00000144158,0.861441169,0.85874914,3.972975031
ENSG00000144161,2.584775028,3.637107667,3.57695261
ENSG00000144224,22.75715907,24.79260334,19.40680195
ENSG00000144228,1.70401278,2.219013871,5.54867704
ENSG00000144231,4.866968595,4.268218824,9.844471145
ENSG00000144233,5.56579491,6.763674382,5.984972456
ENSG00000144283,7.540573001,6.822196563,6.012015243
ENSG00000144306,4.426137904,4.115830086,5.10969756
ENSG00000144320,11.80435243,7.817250071,16.83088033
ENSG00000144354,22.76683808,14.06096327,7.457360899
ENSG00000144357,9.247020921,9.836613091,8.882840653
ENSG00000144366,4.830354633,5.604216087,0.132609062
ENSG00000144381,51.50357788,32.80488805,144.3000941
ENSG00000144395,1.18955049,0.770791521,1.635891141
ENSG00000144401,0.921346593,0.807975044,2.349181311
ENSG00000144426,7.111407074,5.796649424,2.455729481
ENSG00000144445,4.030684801,3.770672713,2.342188428
ENSG00000144451,4.620579332,3.878955094,1.55363075
ENSG00000144455,6.204410278,4.722662893,3.972421842
ENSG00000144468,7.32583576,6.261013899,3.920726036
ENSG00000144504,3.834357935,4.441932656,1.708426543
ENSG00000144524,6.674138268,6.726305208,5.244676113
ENSG00000144535,4.885877924,6.1749421,2.64775908
ENSG00000144554,3.80733605,2.125970002,6.127048413
ENSG00000144559,3.649032963,5.873897127,1.820544801
ENSG00000144560,7.265931074,9.813951814,7.303661922
ENSG00000144566,3.689870453,3.414402506,3.66790377
ENSG00000144567,11.71739681,9.882715966,10.17142854
ENSG00000144579,10.22524262,9.042184957,6.451475398
ENSG00000144580,7.049696002,7.489916249,13.99346654
ENSG00000144589,5.417031617,14.55030843,2.335975211
ENSG00000144635,3.8175353,3.439707428,7.341786242
ENSG00000144645,7.671294475,5.642695529,4.448173109
ENSG00000144647,1.456151212,1.071311556,5.216317156
ENSG00000144655,2.918484074,2.39802101,8.316724912
ENSG00000144659,4.201400784,4.283205431,7.705868366
ENSG00000144674,18.72786326,17.55066375,20.53119056
ENSG00000144677,11.29626803,9.854010914,10.03451587
ENSG00000144711,6.453564557,5.33499656,3.797762366
ENSG00000144724,0.676169694,1.187473621,0.732239045
ENSG00000144730,4.717823426,3.337596449,6.214599809
ENSG00000144736,2.759207685,2.733872664,5.866361849
ENSG00000144741,1.91056354,1.301567765,2.055572315
ENSG00000144744,6.189865941,7.120547695,7.253343387
ENSG00000144746,17.67923364,14.63965074,20.48104868
ENSG00000144749,11.91574884,18.8865096,1.002304823
ENSG00000144791,6.66573196,8.302041707,2.729859743
ENSG00000144802,13.6213617,25.51564468,6.900625072
ENSG00000144815,0.423806882,0.366151477,0.981921535
ENSG00000144821,0.341029814,0.721081719,2.995662346
ENSG00000144824,17.79123934,15.2957992,1.542976428
ENSG00000144827,7.839776232,7.101655235,13.13152406
ENSG00000144840,4.657960931,4.14560437,4.4856161
ENSG00000144848,4.508422676,4.125156309,10.62554555
ENSG00000144852,3.82579268,4.935105031,6.626107785
ENSG00000144867,2.716588506,2.442966534,12.79261818
ENSG00000144909,3.033928844,2.391762381,4.333232809
ENSG00000144935,2.632501627,1.200362816,0.690984151
ENSG00000144959,8.925274639,6.888758424,13.43342143
ENSG00000145012,16.07091823,18.31643547,6.6646387
ENSG00000145014,3.466701815,6.961791774,0.606901911
ENSG00000145016,2.333800732,2.277240317,1.68315517
ENSG00000145022,1.799601343,2.268925486,4.630276918
ENSG00000145041,5.944427969,6.114893118,6.86902918
ENSG00000145050,9.588707639,5.296483629,12.58286912
ENSG00000145088,1.113030025,0.60902064,0.986007219
ENSG00000145103,5.284793272,5.112206248,3.910076425
ENSG00000145191,8.336069042,20.71120863,7.281134857
ENSG00000145214,9.302739953,15.1751835,5.185849932
ENSG00000145220,2.65855159,2.036259436,13.85602614
ENSG00000145241,4.778966989,5.33651049,2.734889371
ENSG00000145246,1.994554169,2.651094837,3.936173703
ENSG00000145247,9.052776208,8.151695347,11.44085437
ENSG00000145284,11.67995547,11.58972915,7.537568609
ENSG00000145293,6.245969694,4.013396036,14.24990388
ENSG00000145331,2.467120082,2.353518984,1.593640324
ENSG00000145332,2.823615879,2.205797279,7.777640292
ENSG00000145348,6.789504368,6.730220109,2.874048112
ENSG00000145349,17.63065192,13.30394273,12.60744812
ENSG00000145354,1.752415279,1.867880855,0.914919491
ENSG00000145365,3.314554828,1.90756662,6.506735742
ENSG00000145375,1.559165831,1.074777345,2.089475418
ENSG00000145386,7.777992708,3.405489091,26.73919641
ENSG00000145388,6.156380196,5.665603109,6.475982332
ENSG00000145390,14.66746672,16.658716,8.388645621
ENSG00000145391,11.46349901,10.14270234,16.63319864
ENSG00000145414,3.716443657,2.891825374,5.301463854
ENSG00000145416,1.626547911,2.596176004,0.43960292
ENSG00000145425,46.45598299,31.73442744,48.16398752
ENSG00000145439,8.019746069,6.841216326,6.745585109
ENSG00000145476,1.850448468,3.161086327,1.14613349
ENSG00000145494,3.892879875,5.200157443,5.534102492
ENSG00000145495,23.58274658,27.98274098,14.8909326
ENSG00000145506,1.799115098,1.289568945,1.675599261
ENSG00000145545,4.390637462,3.76716683,10.13325008
ENSG00000145555,12.34628214,12.93756427,9.401113573
ENSG00000145569,2.865250078,2.241777613,3.330278632
ENSG00000145592,35.79548901,27.80754083,27.34965829
ENSG00000145604,6.60450534,5.799294878,13.3057344
ENSG00000145632,15.91513291,27.72857997,6.186992422
ENSG00000145675,20.42951414,28.73418426,17.27930758
ENSG00000145685,5.516719154,3.729767911,8.31453577
ENSG00000145687,1.191352738,0.837550637,0.554597874
ENSG00000145715,3.96260644,4.329104798,1.059908343
ENSG00000145723,2.088506352,2.160053947,1.131443291
ENSG00000145725,10.24250416,8.892232827,8.454365853
ENSG00000145730,39.28404985,34.67148859,17.93024234
ENSG00000145734,8.481753838,9.061960566,7.171938358
ENSG00000145740,2.017597153,1.441839852,2.50669205
ENSG00000145741,31.40213437,26.88228402,39.49550266
ENSG00000145743,4.587200136,3.437532999,4.236157546
ENSG00000145779,3.411471845,2.770154191,2.754358152
ENSG00000145780,12.45524655,15.29423001,9.151280792
ENSG00000145781,2.841783738,2.077690903,4.652137577
ENSG00000145782,8.56864954,10.23302767,11.59436201
ENSG00000145817,7.457957949,5.612224824,7.221987161
ENSG00000145819,15.84109886,18.08438019,5.656709626
ENSG00000145833,8.795041561,9.079368855,15.09185059
ENSG00000145860,19.53244441,19.26573463,10.08478666
ENSG00000145868,8.367800975,9.194879359,5.061058747
ENSG00000145882,5.864625567,4.446501724,2.185254046
ENSG00000145901,21.00846942,24.15474454,16.37631216
ENSG00000145907,20.6569195,20.73488824,36.02343628
ENSG00000145911,1.302171909,0.901957485,0.413691768
ENSG00000145912,5.936028013,3.945426934,8.691686536
ENSG00000145916,3.601795569,4.433927092,3.854464145
ENSG00000145919,6.745701531,5.902575807,4.45366179
ENSG00000145949,0.465794281,0.855157033,0.275090826
ENSG00000145979,3.573846133,5.109203784,3.467087368
ENSG00000145982,1.897877155,1.385650762,1.058499086
ENSG00000145990,0.545335952,0.348998167,1.245325325
ENSG00000145996,3.775294134,3.108975145,2.644236477
ENSG00000146007,6.05091679,5.468011995,5.261818296
ENSG00000146039,1.833171257,2.375675305,2.289369696
ENSG00000146063,6.726431074,8.237406812,4.92731893
ENSG00000146067,7.451021983,8.313333145,1.681132748
ENSG00000146072,35.79784912,24.81864437,21.33605648
ENSG00000146083,11.39145516,18.26750747,5.537345043
ENSG00000146085,6.89410762,5.218909545,5.094641878
ENSG00000146094,0.450110933,1.579220338,0.291762973
ENSG00000146109,4.782253501,4.635460903,6.462084587
ENSG00000146112,1.618129469,1.104169721,5.609533898
ENSG00000146143,2.820843504,1.366427336,3.777492368
ENSG00000146147,0.509064234,0.329857706,0.794831236
ENSG00000146205,0.49760848,0.400263809,0.510742817
ENSG00000146223,16.83683875,13.08889577,20.64144404
ENSG00000146232,2.740079548,2.989870105,2.610384082
ENSG00000146233,3.535008619,4.872016769,4.485617414
ENSG00000146242,3.721144949,3.227208219,1.240432703
ENSG00000146243,1.842800202,1.467719532,0.90807452
ENSG00000146247,6.666075604,8.969921584,3.316855796
ENSG00000146263,3.116086628,2.167156513,5.721697578
ENSG00000146278,7.689159274,8.521024845,3.581529788
ENSG00000146281,8.38020496,5.733657336,5.122243161
ENSG00000146282,5.223336867,6.838505233,3.851458948
ENSG00000146350,2.245904307,1.424312449,0.618044094
ENSG00000146376,11.43431152,9.903626934,13.18910636
ENSG00000146386,3.771551303,3.491210443,7.385012023
ENSG00000146409,4.448197632,4.203525608,2.553908256
ENSG00000146410,1.283135031,0.648634408,4.314620165
ENSG00000146411,7.120002645,9.071644984,1.877744286
ENSG00000146414,5.060707433,4.509608638,1.777167324
ENSG00000146416,6.623020942,4.690007875,3.161990433
ENSG00000146425,8.847304209,7.146337802,8.401283911
ENSG00000146426,1.618646904,1.933650188,0.644379478
ENSG00000146433,19.4443186,16.03925376,8.414315912
ENSG00000146463,10.25282409,11.99251147,6.51152074
ENSG00000146476,5.793297404,4.980224726,12.52175527
ENSG00000146477,6.341548639,5.001175501,0.607192641
ENSG00000146535,1.457581774,1.298642692,0.897997017
ENSG00000146540,4.430703411,3.559609665,6.288688287
ENSG00000146556,3.633638133,6.499223996,1.767815221
ENSG00000146574,2.736011143,4.254839202,4.307756606
ENSG00000146576,4.307480694,4.722846823,5.008172224
ENSG00000146592,5.239686945,7.758909026,1.721504141
ENSG00000146648,10.0584394,9.68148914,3.205303325
ENSG00000146670,4.188383622,1.07867314,26.65110674
ENSG00000146674,290.2415504,218.3476506,20.89043628
ENSG00000146676,6.08132084,6.845046009,15.92584392
ENSG00000146701,25.20288527,17.95103028,32.17214428
ENSG00000146729,19.26609595,11.63206071,7.264025937
ENSG00000146731,19.85677866,19.01539794,60.48935384
ENSG00000146733,4.823586908,4.309901168,5.681882005
ENSG00000146757,3.979747434,3.09199863,7.978730115
ENSG00000146776,2.573081767,3.76740369,1.492590162
ENSG00000146826,2.413204895,3.934423948,2.797072123
ENSG00000146828,7.301371934,10.49447239,5.323721053
ENSG00000146830,9.269964242,19.79282788,3.451229113
ENSG00000146833,7.648317407,7.16107706,8.737793305
ENSG00000146842,2.050561708,1.676809426,4.753850217
ENSG00000146858,4.960822921,5.578530514,2.222915878
ENSG00000146872,5.497521464,6.350217933,4.670188358
ENSG00000146904,6.861547261,7.749475166,13.38323595
ENSG00000146909,4.452337063,5.22640434,8.629269772
ENSG00000146918,8.836827453,4.68443728,25.4563394
ENSG00000146950,2.110095311,3.497906944,0.927376229
ENSG00000146955,0.58350232,0.65460576,1.212812156
ENSG00000146963,2.765721765,1.747422798,3.689384751
ENSG00000147010,10.01335763,6.992724638,14.56823477
ENSG00000147044,22.20677953,20.1876532,25.30899136
ENSG00000147050,7.827399549,7.794894427,5.331731099
ENSG00000147121,4.189814824,3.927658831,4.481371626
ENSG00000147123,5.102326816,4.314492886,11.93087869
ENSG00000147124,2.275169123,2.035603267,3.976525773
ENSG00000147130,10.12543933,9.993045642,5.756646245
ENSG00000147133,8.48551352,13.40795799,8.47301207
ENSG00000147140,54.11360126,48.28620111,83.95583701
ENSG00000147144,5.214442777,6.128462165,6.800010948
ENSG00000147162,31.39252132,30.66515846,16.0487486
ENSG00000147164,7.666478347,7.157131978,17.60700439
ENSG00000147174,0.434300949,1.210930536,0.727502756
ENSG00000147180,5.169666398,7.531104069,1.94555927
ENSG00000147202,3.75093659,2.89268109,4.69995001
ENSG00000147224,3.183059,1.986484997,24.08392845
ENSG00000147231,1.811400064,1.569958128,4.489006896
ENSG00000147274,30.35719919,29.51699572,32.46590485
ENSG00000147316,3.126637172,2.885614964,3.439243748
ENSG00000147324,11.8847426,11.52010772,8.807917909
ENSG00000147364,2.87918857,2.079183733,2.690530928
ENSG00000147383,3.35333034,2.125763506,10.30249943
ENSG00000147394,4.666469949,2.611597445,5.138630068
ENSG00000147400,4.587210784,3.814034904,12.04182878
ENSG00000147403,76.95437568,58.29746488,71.44683649
ENSG00000147408,0.749029316,1.182256913,0.765631754
ENSG00000147416,10.60140755,11.28964734,21.27476818
ENSG00000147419,0.947300596,1.28261139,1.608241433
ENSG00000147421,9.379615341,13.22506964,2.173681868
ENSG00000147439,4.090926561,5.881675306,5.649913319
ENSG00000147454,6.435225711,5.898602282,3.264879156
ENSG00000147457,5.628833709,5.683182455,7.553441919
ENSG00000147459,18.16900758,16.90474696,3.252866397
ENSG00000147471,6.994370538,5.824368642,9.543189511
ENSG00000147475,14.09941391,12.30545578,10.30378203
ENSG00000147526,3.366012982,2.824790079,23.56300128
ENSG00000147533,3.639884958,4.168567543,4.88622535
ENSG00000147548,9.366461997,12.12994874,9.343764387
ENSG00000147592,0.527177154,0.376450873,1.646938772
ENSG00000147601,3.976380304,3.9292694,6.619938292
ENSG00000147604,65.12056349,50.20964873,83.13577681
ENSG00000147642,10.08659585,12.35291322,7.268601741
ENSG00000147649,17.09200622,12.84901703,22.97823345
ENSG00000147654,3.677616632,2.91301062,4.05088959
ENSG00000147669,2.8857064,2.856054008,9.351819351
ENSG00000147676,6.702474828,4.188458121,3.086076938
ENSG00000147677,26.44764984,19.02109982,23.58663078
ENSG00000147679,3.437090092,3.286542451,5.438221533
ENSG00000147684,5.192617651,3.67868823,7.634803719
ENSG00000147687,3.658301347,3.812572793,4.236457127
ENSG00000147789,1.700954192,2.292503468,0.904101278
ENSG00000147799,4.24030282,4.437737607,1.365096347
ENSG00000147804,3.389722652,2.376291186,2.0699725
ENSG00000147813,2.743962452,4.388738786,1.409255589
ENSG00000147852,8.653313296,7.77143325,2.471041981
ENSG00000147853,14.04757085,13.24939458,21.90396543
ENSG00000147854,6.551735313,11.04273888,4.274180745
ENSG00000147862,6.582636918,5.69654742,4.754019342
ENSG00000147874,9.61745629,8.198810096,18.06409964
ENSG00000147894,3.688316038,3.252134057,1.699360688
ENSG00000147905,3.517900827,2.974265714,2.971277309
ENSG00000147912,0.40051125,0.50537865,0.694667968
ENSG00000147955,6.891967444,4.294996947,18.74253509
ENSG00000147996,3.707215032,4.478892606,5.184367016
ENSG00000148019,5.719636878,3.400388816,9.986844708
ENSG00000148053,32.95121903,28.29255062,9.41974464
ENSG00000148057,0.819807973,0.8376772,0.720662146
ENSG00000148090,5.800418229,5.63573313,3.197990274
ENSG00000148110,6.127274097,5.448167723,13.61465487
ENSG00000148120,3.874366046,6.437289714,5.692346062
ENSG00000148143,5.261936542,6.924591313,1.220620904
ENSG00000148153,5.38936936,4.354907521,7.414231962
ENSG00000148154,8.127321035,6.454209288,5.08792844
ENSG00000148158,4.955144724,4.781183983,7.461336361
ENSG00000148180,44.60161511,42.951634,8.526113341
ENSG00000148187,8.288228543,8.880804713,5.203489724
ENSG00000148200,2.68932407,3.314591818,0.819682039
ENSG00000148218,10.98924716,11.39458822,7.042208537
ENSG00000148219,1.855008871,2.46653247,1.744717546
ENSG00000148225,2.295335898,1.771398025,1.535319374
ENSG00000148229,4.588355155,3.665062253,19.610437
ENSG00000148248,20.39381313,16.56423525,29.88510093
ENSG00000148290,4.027930918,4.231597639,3.813472947
ENSG00000148291,1.211528354,1.514650921,1.621260849
ENSG00000148296,7.135524815,10.60129742,11.38390489
ENSG00000148297,3.479641131,3.914668769,5.24905375
ENSG00000148300,2.466538477,3.164434704,5.382119815
ENSG00000148303,113.1308316,81.57523478,62.38381
ENSG00000148308,7.953518036,7.025061233,7.305625841
ENSG00000148331,3.615793332,5.40314231,4.387404781
ENSG00000148334,8.26130342,9.893558209,7.306622713
ENSG00000148335,2.67100462,2.322582464,4.082580704
ENSG00000148337,14.00619322,16.46998219,12.59649086
ENSG00000148339,4.786582438,5.094626481,3.823816301
ENSG00000148341,13.09358696,10.37309204,5.699074473
ENSG00000148343,5.895061301,10.51094471,4.091387161
ENSG00000148344,1.357872582,1.106919354,9.79399529
ENSG00000148346,53.30497672,76.10990205,18.07224058
ENSG00000148356,7.074973912,7.84412256,2.676797164
ENSG00000148357,1.656491899,1.63060195,0.337461762
ENSG00000148358,18.29194044,17.34406413,13.98848957
ENSG00000148362,2.082148074,2.203413189,2.391395766
ENSG00000148384,3.92444541,5.477695304,2.229566951
ENSG00000148396,13.69136523,15.33496627,11.12051363
ENSG00000148399,4.11337622,3.478228534,2.186366167
ENSG00000148400,10.22148365,35.36731657,6.368267101
ENSG00000148411,6.2704458,12.04529913,6.002417673
ENSG00000148429,5.332382261,6.918749736,4.699957535
ENSG00000148459,3.140176437,4.811600492,5.351776309
ENSG00000148468,8.713203077,7.882381362,4.368355515
ENSG00000148481,8.952808561,9.94351653,3.345925779
ENSG00000148484,4.743594015,2.926633579,6.417964696
ENSG00000148488,3.134185101,2.081122604,0.230916927
ENSG00000148498,6.719132471,5.693682446,4.065278923
ENSG00000148572,3.595994011,3.326091646,4.849617936
ENSG00000148606,5.684792743,9.834073947,4.972714664
ENSG00000148634,7.985308479,6.217927382,4.846419505
ENSG00000148655,0.578508585,0.414019478,0.605805765
ENSG00000148660,7.121606976,10.66053119,5.064616426
ENSG00000148672,9.602235672,5.7660575,14.15801322
ENSG00000148688,4.349047586,4.987460822,5.076242357
ENSG00000148690,5.803123577,7.769167189,1.695249906
ENSG00000148700,29.49546414,27.48340363,24.69873379
ENSG00000148719,4.164711052,4.575258744,3.723231332
ENSG00000148730,15.62620491,14.01591755,25.0064022
ENSG00000148735,27.17415725,45.39855092,7.937781501
ENSG00000148737,11.81964903,11.1605213,5.074959669
ENSG00000148773,17.80032588,8.342481404,53.39030693
ENSG00000148814,3.410358005,4.069641523,0.779212245
ENSG00000148824,0.335051565,0.355259351,0.186183534
ENSG00000148834,4.506570313,3.231464661,6.919926079
ENSG00000148835,1.169316301,0.807455024,2.286474901
ENSG00000148840,3.961453694,3.928256231,4.823406531
ENSG00000148841,1.498197504,1.372237634,1.808209873
ENSG00000148842,1.845521724,1.646328179,1.538601861
ENSG00000148843,8.907226831,12.23814229,6.396570324
ENSG00000148908,2.001658231,0.736823906,0.919039639
ENSG00000148925,5.361609069,6.476785805,7.648210893
ENSG00000148926,12.21687188,12.62171499,3.463661028
ENSG00000148935,0.656019003,1.000187767,1.107607082
ENSG00000148943,7.616569574,8.53339077,9.339545107
ENSG00000148950,2.86897597,1.779049439,2.320197033
ENSG00000148985,6.844682854,6.285407208,3.886253813
ENSG00000149043,1.37624307,1.867009097,0.161865798
ENSG00000149089,5.297785078,5.42526287,11.53932432
ENSG00000149091,5.931320749,6.024991515,5.202394132
ENSG00000149100,13.90453718,11.36735322,21.28768661
ENSG00000149115,29.08157055,31.96168423,18.35206187
ENSG00000149136,20.51962711,16.65974896,28.81238915
ENSG00000149177,9.571878674,11.9494054,9.423114765
ENSG00000149179,7.195952041,6.41663107,3.994437965
ENSG00000149182,9.739386049,10.55039253,7.125312989
ENSG00000149187,15.85600616,18.91378999,9.586358708
ENSG00000149196,3.240067281,3.254588118,3.015543766
ENSG00000149218,7.58472542,4.871725019,12.37942429
ENSG00000149231,5.194007375,5.443111518,6.382650588
ENSG00000149257,5.808632394,5.04503911,5.547016483
ENSG00000149260,22.80024556,20.91908436,9.435739138
ENSG00000149262,3.524119748,4.601377438,1.830909313
ENSG00000149269,12.60374022,9.462024465,10.17503942
ENSG00000149273,109.5335471,77.41479213,87.2073618
ENSG00000149292,7.590602258,8.638400978,3.903513858
ENSG00000149295,1.509151578,1.285735098,2.139075235
ENSG00000149308,3.36605338,3.059888981,4.872379474
ENSG00000149311,2.213350976,2.624022288,1.333313922
ENSG00000149313,1.719466079,2.526756288,2.986628057
ENSG00000149328,19.08758548,13.90901569,17.638084
ENSG00000149346,2.063711411,2.51264201,5.082508284
ENSG00000149418,74.88121402,96.77388091,69.77571261
ENSG00000149428,19.96188751,15.29538077,24.83123831
ENSG00000149474,3.301301694,3.525863101,8.77722585
ENSG00000149476,5.73507497,6.411125253,1.757204903
ENSG00000149480,11.47641168,19.47391475,14.25926026
ENSG00000149483,2.51600459,2.652529635,4.286658231
ENSG00000149499,4.104442315,4.847960711,1.85395485
ENSG00000149503,8.202076425,4.219222091,11.26201534
ENSG00000149532,10.97500522,11.83502191,11.2691222
ENSG00000149541,5.633844375,8.241196506,3.686879801
ENSG00000149548,1.763462194,0.996172416,2.727858717
ENSG00000149554,4.283139603,2.529179893,15.88472771
ENSG00000149573,32.44735208,20.83966387,17.32587374
ENSG00000149577,8.290714375,13.16321485,2.739392985
ENSG00000149582,4.125433539,5.165456379,0.352327475
ENSG00000149591,2.99455351,4.211601772,0.220048323
ENSG00000149636,3.037454808,1.550422899,14.29367715
ENSG00000149639,2.279399813,3.183908558,1.07371796
ENSG00000149657,8.386453991,8.23928396,12.91936568
ENSG00000149658,7.840879913,7.726956737,20.45673019
ENSG00000149679,2.324456137,1.31466812,3.583399909
ENSG00000149716,4.17963636,5.031407055,3.374389548
ENSG00000149743,4.73570649,5.354634724,1.301667145
ENSG00000149761,3.67932525,3.707008787,2.518561004
ENSG00000149782,11.20887913,10.71914956,9.46168097
ENSG00000149806,16.49719876,11.9237168,14.64704068
ENSG00000149809,8.785529373,8.797240876,2.198546876
ENSG00000149823,9.812950784,11.56151129,4.875304415
ENSG00000149922,0.546589098,0.675141602,0.390394695
ENSG00000149923,9.12246497,10.20952273,16.25647533
ENSG00000149929,2.139828643,1.634945349,4.490220891
ENSG00000149930,13.60194779,13.5755711,12.72842203
ENSG00000149932,9.002017034,8.822171787,5.137707904
ENSG00000149948,0.740279044,0.493648867,2.926250262
ENSG00000150054,2.000828572,1.420687462,5.935178528
ENSG00000150093,76.09510206,52.8271671,52.70171055
ENSG00000150316,4.741144394,5.249918711,7.974470113
ENSG00000150347,7.201727418,6.794929554,3.340357671
ENSG00000150401,3.786237776,6.307358573,3.454207574
ENSG00000150403,8.549288347,5.623721707,4.656989272
ENSG00000150433,2.590094725,2.702717513,1.752166865
ENSG00000150455,1.271649748,1.218071099,0.911015639
ENSG00000150456,1.359760616,1.230387201,1.137579757
ENSG00000150457,2.895592936,2.186420277,1.393099301
ENSG00000150459,12.8477897,13.79091975,24.55151236
ENSG00000150477,1.828646523,1.471997472,0.736472983
ENSG00000150527,5.750148319,4.345153103,4.316201792
ENSG00000150540,3.161754133,3.028539375,4.858994074
ENSG00000150551,1.151904217,0.761325872,0.942891139
ENSG00000150593,14.12681465,14.07723633,7.514034069
ENSG00000150672,0.293313533,0.441756428,0.185399056
ENSG00000150687,19.32685067,17.36360631,92.62368781
ENSG00000150712,5.79950248,6.460640982,5.469905217
ENSG00000150753,17.90776059,13.35801124,44.60241099
ENSG00000150756,3.741592391,3.397583905,3.091565637
ENSG00000150760,6.406552916,6.827707173,3.71889043
ENSG00000150764,1.629413291,1.706799818,1.427005117
ENSG00000150768,10.56121009,7.462392411,14.86815379
ENSG00000150773,0.807984684,1.150332597,0.229854411
ENSG00000150776,6.410549297,6.626775689,7.623275744
ENSG00000150779,2.383130201,1.881176203,5.176137103
ENSG00000150787,2.878334467,2.428929325,4.728810987
ENSG00000150867,1.841213963,1.451137242,3.842710904
ENSG00000150893,0.55647902,0.761226564,1.818517917
ENSG00000150938,8.615481356,7.465494622,2.646710129
ENSG00000150961,6.524944597,4.282397323,5.447866518
ENSG00000150967,4.793118132,6.936564182,2.510956733
ENSG00000150977,2.632561751,2.278318156,4.130736067
ENSG00000150990,4.727376829,8.507017923,8.364364642
ENSG00000150991,69.54651345,57.13852154,109.9101481
ENSG00000150995,1.459961986,2.240151005,0.819464098
ENSG00000151012,3.213735049,1.04119991,0.9374178
ENSG00000151062,0.234467281,0.19907737,0.197681736
ENSG00000151065,2.675006414,3.689641322,1.746113529
ENSG00000151067,0.76031388,0.816123006,2.139013258
ENSG00000151092,8.049587908,7.917603993,5.250817079
ENSG00000151093,4.460246572,5.557528365,3.988013036
ENSG00000151116,5.46574674,3.918402443,6.291136032
ENSG00000151117,0.407775408,0.493221332,1.213761962
ENSG00000151131,2.683126529,3.550699377,4.144887016
ENSG00000151135,8.019401263,6.65576857,10.00826937
ENSG00000151148,10.60334022,11.46519988,8.537784474
ENSG00000151150,3.977693582,4.281140068,1.373663516
ENSG00000151151,4.404085693,3.503815307,13.98990918
ENSG00000151176,12.535852,10.66226161,23.57879696
ENSG00000151208,9.430634471,12.64560284,6.989214744
ENSG00000151229,0.844720149,0.63757514,0.671019027
ENSG00000151233,4.203602463,4.602630537,12.27247172
ENSG00000151239,5.29031835,5.811073535,13.53723792
ENSG00000151240,5.282166676,4.986124725,0.593102506
ENSG00000151247,5.610615874,5.167887979,17.70072808
ENSG00000151276,5.621624806,8.131941179,2.896513884
ENSG00000151287,0.997705938,0.628011329,4.287907553
ENSG00000151292,10.89261056,9.200403189,6.620698044
ENSG00000151304,3.747082391,3.872228973,7.975270769
ENSG00000151320,0.527265464,0.219633129,0.330300856
ENSG00000151327,5.391394846,4.138873699,5.854586902
ENSG00000151332,5.19538562,5.287981501,3.728618334
ENSG00000151338,4.81178134,4.148370882,1.842329335
ENSG00000151348,12.55779816,10.08156561,15.94485877
ENSG00000151353,4.064807529,3.851768819,3.857879236
ENSG00000151364,3.806130942,2.404079369,3.162089611
ENSG00000151376,1.064258513,0.770736384,2.17121681
ENSG00000151413,2.453047555,1.911072873,2.396687714
ENSG00000151414,7.545388128,5.941174598,7.888886143
ENSG00000151422,3.016966871,2.206820322,1.71105363
ENSG00000151445,4.629667724,7.542045798,2.252371044
ENSG00000151458,4.606543986,4.924576651,5.696672933
ENSG00000151461,5.852747618,5.923783606,6.288091735
ENSG00000151465,5.209791766,5.382108523,7.380345551
ENSG00000151466,1.916190433,0.845144118,4.305109045
ENSG00000151470,4.665710589,3.80855696,2.972567107
ENSG00000151491,17.7468877,17.51760518,20.80594963
ENSG00000151498,3.968915711,5.004035229,4.486038106
ENSG00000151500,4.490010761,4.66577979,3.051766665
ENSG00000151502,6.483936602,5.797915675,6.720441985
ENSG00000151503,7.286477849,3.515149704,14.18608932
ENSG00000151532,1.043761347,1.422016067,1.870625373
ENSG00000151552,4.663766572,3.661385214,10.04053393
ENSG00000151553,4.253009686,5.580530008,3.463539125
ENSG00000151575,2.494996197,3.107547402,1.042347668
ENSG00000151576,4.650227075,4.446146561,7.887521423
ENSG00000151611,2.932319203,2.975354826,2.611945802
ENSG00000151612,2.764414418,3.644890187,1.586321794
ENSG00000151623,3.57149373,3.025996139,0.898731756
ENSG00000151651,13.90135787,10.94819901,0.224009891
ENSG00000151657,2.855047668,4.288816791,3.147771737
ENSG00000151665,9.716634504,10.15932012,3.557044134
ENSG00000151687,0.806733765,0.935426349,0.39720414
ENSG00000151689,4.048744066,4.253675161,6.199212964
ENSG00000151690,12.73780836,12.28306761,10.44225909
ENSG00000151692,4.119593598,2.8161372,2.317589781
ENSG00000151693,9.344174995,12.11711612,5.710260244
ENSG00000151694,3.105546182,3.258989705,2.987345922
ENSG00000151715,15.21035541,11.14849571,16.5490907
ENSG00000151718,4.593754753,6.090682187,1.535278394
ENSG00000151725,4.458422194,1.446886747,14.57705448
ENSG00000151726,12.05858328,7.790307094,36.52813562
ENSG00000151729,6.773748113,5.243706996,9.768934896
ENSG00000151743,1.574006182,1.130766221,1.254937676
ENSG00000151746,2.747402002,2.373640784,2.852709222
ENSG00000151748,13.59315858,12.27536574,3.409966102
ENSG00000151773,2.144853753,2.453862383,0.676901962
ENSG00000151778,0.826068695,1.014189506,0.889708538
ENSG00000151779,7.677796147,4.862754415,4.019580187
ENSG00000151806,2.907428058,2.219098858,2.142665008
ENSG00000151834,1.080368596,1.575101402,0.491129681
ENSG00000151835,2.259897576,2.510302224,4.522142819
ENSG00000151849,3.954200734,2.96957726,5.927139832
ENSG00000151876,1.532386183,0.801318652,1.66711142
ENSG00000151881,3.399539891,2.865583589,2.238691236
ENSG00000151882,5.09256215,5.090931394,3.166958068
ENSG00000151883,2.309705834,2.057848591,2.484110616
ENSG00000151893,9.470801596,10.06190913,10.09891273
ENSG00000151914,12.74944521,12.56237701,6.057318602
ENSG00000151923,15.91173089,16.87263671,9.378721243
ENSG00000151929,5.659465414,4.764244001,6.059330192
ENSG00000152056,5.996670797,5.524666089,5.069649069
ENSG00000152061,7.690585869,8.028584208,4.74740859
ENSG00000152082,2.77972798,1.979182559,1.583916951
ENSG00000152102,17.39502892,20.86889416,21.34111449
ENSG00000152104,2.076223888,3.170385736,1.154895547
ENSG00000152117,4.741832994,7.853074726,4.860269559
ENSG00000152127,51.04589489,56.94420822,47.76968091
ENSG00000152133,3.980971882,3.191543849,8.388890932
ENSG00000152147,1.794667123,1.783095205,4.292604592
ENSG00000152193,1.096608334,1.232617804,3.675686023
ENSG00000152219,4.758760454,4.101342895,4.293818591
ENSG00000152223,6.225133272,8.06738341,2.921175659
ENSG00000152229,6.209289014,10.1297956,4.529484204
ENSG00000152234,41.84843974,31.25326191,47.52971502
ENSG00000152240,2.330256475,1.65148958,4.683425117
ENSG00000152242,7.387097476,8.232800578,4.778235943
ENSG00000152253,2.872469729,1.438504094,7.818617163
ENSG00000152256,21.3767885,14.40991677,13.29449713
ENSG00000152270,2.046820216,1.664704418,2.843644951
ENSG00000152284,0.581265121,0.517179542,0.193674845
ENSG00000152291,50.84283281,53.3136068,67.31413122
ENSG00000152332,25.1863601,25.58029706,26.67503859
ENSG00000152348,1.53117211,1.368801812,2.554608883
ENSG00000152359,2.733835908,3.163286042,2.585394085
ENSG00000152382,2.724393767,2.96534421,3.660891476
ENSG00000152404,1.802695561,1.128716523,1.765634052
ENSG00000152409,1.477868641,1.488566226,0.832190403
ENSG00000152413,1.308979509,0.77012462,2.93669029
ENSG00000152422,1.428475267,1.073310599,3.489418698
ENSG00000152443,3.299735689,3.829298295,2.506980028
ENSG00000152455,1.139441093,0.518396437,2.371025955
ENSG00000152457,2.278606448,2.282536206,3.718522336
ENSG00000152464,0.446667221,0.974909953,0.524812581
ENSG00000152465,0.4588507,0.564147359,0.2626519
ENSG00000152475,1.460468409,1.317450748,0.273980063
ENSG00000152484,9.98269226,8.18504883,9.862744597
ENSG00000152492,7.906694958,11.42241949,6.830477178
ENSG00000152503,0.912597261,1.071096433,3.038546174
ENSG00000152518,23.44306523,24.71567778,14.16152991
ENSG00000152520,7.424437766,10.52174165,4.12622177
ENSG00000152556,15.93715828,16.35635133,18.65248787
ENSG00000152558,77.9321078,65.37243064,62.05419862
ENSG00000152582,8.023402846,7.253030591,1.535869284
ENSG00000152601,5.920606147,6.241062904,5.323453646
ENSG00000152620,3.28191673,3.331851432,2.557108
ENSG00000152642,3.636504074,2.443883007,6.953639144
ENSG00000152669,0.926609516,1.042579335,1.886072834
ENSG00000152683,6.113238162,5.190234765,7.745293266
ENSG00000152700,6.934175802,6.793958483,10.00657105
ENSG00000152749,3.595691177,4.094967757,8.027944181
ENSG00000152763,1.120151139,1.236965807,1.073378052
ENSG00000152766,17.1944337,13.14806398,19.83366487
ENSG00000152767,16.59937942,17.57668001,6.931891956
ENSG00000152778,2.382691607,1.823515342,9.10456827
ENSG00000152782,3.111402421,2.849749557,4.59153816
ENSG00000152795,29.48141102,41.92535512,31.96224917
ENSG00000152818,8.933893816,10.70521306,4.964091777
ENSG00000152894,19.50261142,19.22279591,10.00599507
ENSG00000152926,1.36314029,3.687217184,1.847831422
ENSG00000152939,4.070448071,4.51825685,6.914750951
ENSG00000152942,5.583007386,4.262763375,3.920096771
ENSG00000152944,5.100807999,5.846277251,10.29556263
ENSG00000152952,8.026518415,6.389717624,5.812837504
ENSG00000152990,10.81139151,9.939471218,5.80001883
ENSG00000153006,5.089645202,4.878339861,4.433815239
ENSG00000153015,3.776410839,4.885190132,6.62107093
ENSG00000153029,2.054400014,2.098967006,4.576292822
ENSG00000153037,0.840851571,0.584470654,2.54346317
ENSG00000153044,2.886706996,0.666612889,7.386146203
ENSG00000153046,4.767044494,4.925536498,4.451283993
ENSG00000153048,0.573765018,0.658236612,0.529949591
ENSG00000153066,3.945886844,2.588376862,4.568693904
ENSG00000153107,8.93202738,9.287004304,8.590902948
ENSG00000153113,23.23357311,21.28137618,18.50535347
ENSG00000153130,10.42706325,7.616861947,17.48602811
ENSG00000153140,5.67735856,5.586641646,5.386831715
ENSG00000153147,17.14824808,15.56223682,26.14392129
ENSG00000153165,0.661164259,0.563702323,0.425410366
ENSG00000153179,8.912894871,8.250395966,13.92642482
ENSG00000153187,44.6065978,48.71217589,65.72557563
ENSG00000153201,12.56419865,13.14288194,20.0659992
ENSG00000153207,7.807432687,7.884632381,13.99262146
ENSG00000153208,2.354517905,2.265912122,1.547697369
ENSG00000153214,13.11678244,10.31611178,10.33649187
ENSG00000153233,10.57177032,6.783018004,4.248043681
ENSG00000153234,3.446107853,3.254968551,0.961719342
ENSG00000153246,2.625822868,2.268601481,1.530972905
ENSG00000153291,7.929525478,4.86833512,0.948318411
ENSG00000153294,0.897309228,0.806071083,4.866987872
ENSG00000153310,4.612290616,3.844695418,4.890564314
ENSG00000153317,4.539965295,5.729746711,5.90830069
ENSG00000153339,5.255729158,6.057069827,4.023808714
ENSG00000153363,2.180867163,2.448818055,1.895479188
ENSG00000153395,29.62444727,25.45560666,3.880450974
ENSG00000153406,4.292400853,4.568353467,5.196167274
ENSG00000153443,0.968074396,1.367333662,1.347097758
ENSG00000153487,4.924823621,3.782721757,4.562328695
ENSG00000153531,1.74994746,2.226960803,0.477640728
ENSG00000153551,10.42724396,12.45337476,2.691204148
ENSG00000153558,1.827993142,1.826538274,0.444950121
ENSG00000153560,4.155553693,3.942144686,4.536748201
ENSG00000153561,5.768181228,6.147049944,8.4249123
ENSG00000153574,4.213344574,4.914207964,3.515711265
ENSG00000153707,2.67961764,4.454457964,1.916004173
ENSG00000153714,2.560160124,1.267951877,1.282784362
ENSG00000153767,2.916664844,2.559373325,4.033651762
ENSG00000153774,5.377088474,3.632963707,5.875062925
ENSG00000153786,10.61827098,11.73552201,9.36832326
ENSG00000153790,0.492804795,0.375673056,0.369795575
ENSG00000153815,18.3444971,17.16629895,16.15123092
ENSG00000153827,21.00769202,22.46937152,23.05961419
ENSG00000153832,0.72393687,0.544374256,0.180519341
ENSG00000153879,10.81875134,6.29155145,15.15588451
ENSG00000153904,1.6783225,1.298815763,1.623486386
ENSG00000153914,12.43997658,16.60925597,10.56295787
ENSG00000153922,9.188446111,9.61596156,8.306372931
ENSG00000153930,1.14317423,1.984128093,0.943991571
ENSG00000153936,1.592981822,1.567418474,1.264840132
ENSG00000153944,39.2548963,49.20017211,16.69534121
ENSG00000153975,4.347334983,3.51997577,4.032973711
ENSG00000153982,0.967183732,1.034062945,0.651172108
ENSG00000153989,9.251284554,7.938719254,8.591981035
ENSG00000154001,8.490684448,8.536862976,5.773029729
ENSG00000154059,5.252633647,5.410522497,5.029991906
ENSG00000154065,2.327876419,2.633292987,0.262145488
ENSG00000154079,2.776786463,2.068940379,1.979999963
ENSG00000154122,11.42579274,13.49908677,7.442064559
ENSG00000154124,4.622437487,6.328977157,8.018900176
ENSG00000154144,9.824044055,10.63078744,3.260881953
ENSG00000154146,1.498565487,0.90094971,1.962575433
ENSG00000154153,2.886005301,2.19778037,2.574567342
ENSG00000154174,13.52861368,10.28733023,22.56292167
ENSG00000154217,7.973011419,6.977808536,2.363361002
ENSG00000154222,4.873292515,7.57550557,4.594440715
ENSG00000154229,15.95282632,12.99022405,5.259338106
ENSG00000154237,1.703536799,1.462810473,1.266191286
ENSG00000154240,0.499397715,0.411847041,1.833968718
ENSG00000154252,4.058766123,7.676621124,2.238968545
ENSG00000154265,5.129806309,4.454608541,1.366799296
ENSG00000154269,17.15493299,23.16698579,5.41437885
ENSG00000154274,1.672054683,2.080203169,1.827250342
ENSG00000154305,9.862487695,9.435508777,8.961023746
ENSG00000154309,1.343952768,1.58172865,1.69839349
ENSG00000154310,12.34432325,12.67669629,5.282224376
ENSG00000154328,2.052944284,1.660446039,2.56159525
ENSG00000154358,1.858347576,1.258068334,2.100832717
ENSG00000154359,2.582845204,1.827615468,5.120811845
ENSG00000154370,4.294373282,3.831090356,3.291425431
ENSG00000154380,14.74057924,15.57521623,13.86788586
ENSG00000154429,1.867043596,2.315504137,4.769836569
ENSG00000154447,8.115594197,8.214469215,7.771540754
ENSG00000154473,12.17131256,7.958732358,19.01661959
ENSG00000154511,1.15608162,0.639363281,5.636062514
ENSG00000154518,18.92853703,13.82252259,27.73504695
ENSG00000154556,10.44713864,10.9719595,11.05835567
ENSG00000154582,4.370415014,3.555475638,9.316059462
ENSG00000154611,1.479755357,0.420061136,6.756653143
ENSG00000154639,16.82897053,13.56840128,14.53082087
ENSG00000154640,8.916370619,9.155694941,8.178281726
ENSG00000154719,4.479478472,4.044328066,6.341701252
ENSG00000154723,4.875768993,4.26578342,11.01702399
ENSG00000154727,8.085981428,8.135537676,5.650752785
ENSG00000154743,1.655935013,2.20587626,1.49015237
ENSG00000154767,3.257460033,7.91287962,2.748539357
ENSG00000154781,3.546632429,4.18384324,2.952778586
ENSG00000154813,1.718172188,1.377573342,3.269232849
ENSG00000154814,3.029314707,2.247122194,3.817753393
ENSG00000154832,7.817785741,10.85551349,4.113719091
ENSG00000154839,3.120191457,0.847661195,9.5185423
ENSG00000154845,5.954989228,5.667856698,4.187465473
ENSG00000154856,3.673578045,7.558815102,7.897432159
ENSG00000154889,2.986414492,3.74233616,2.398517064
ENSG00000154914,2.845195178,3.024030445,1.820556625
ENSG00000154917,1.370069984,0.993908026,0.261212123
ENSG00000154930,6.89230324,8.97442624,9.699553889
ENSG00000154945,3.578849083,5.159593866,6.343937746
ENSG00000154957,2.083519142,1.99012129,1.62366361
ENSG00000154978,13.79752568,13.13380671,23.30453018
ENSG00000155008,6.861986622,5.26886842,12.43805898
ENSG00000155034,1.644299171,2.130908893,3.687024884
ENSG00000155066,22.79424501,31.41101641,8.487162892
ENSG00000155085,3.626800405,2.930240966,1.413354411
ENSG00000155090,17.90135698,16.5663958,9.471360043
ENSG00000155093,16.77921932,14.33064806,1.458914475
ENSG00000155096,24.14993044,14.63548263,23.44046495
ENSG00000155097,8.074497912,9.367134703,12.2733974
ENSG00000155099,2.065746376,1.21822094,3.491386222
ENSG00000155100,3.060078785,3.515026331,3.816756528
ENSG00000155111,9.183111403,5.2865985,2.964077213
ENSG00000155115,2.197327933,2.71684246,4.463187049
ENSG00000155158,4.678896241,4.146915363,3.567493679
ENSG00000155189,7.980688045,6.598878227,11.78895739
ENSG00000155229,8.767112981,9.11536993,3.144364358
ENSG00000155252,1.896428861,1.754311662,3.554530319
ENSG00000155254,4.549075718,3.123157339,3.196514589
ENSG00000155256,9.624146836,11.45159267,4.569904134
ENSG00000155275,2.848799343,4.796592892,2.331342386
ENSG00000155287,4.295484991,4.533844351,5.351257579
ENSG00000155304,6.647650529,4.85265683,9.677564069
ENSG00000155313,5.942922623,4.168249862,5.824283969
ENSG00000155329,1.811343169,1.7559914,3.231643079
ENSG00000155330,1.689681896,1.078993483,4.139114548
ENSG00000155363,7.644749247,10.45632356,5.382738569
ENSG00000155366,9.724378029,7.739710988,9.797665231
ENSG00000155368,9.283141819,6.625772303,32.89817731
ENSG00000155380,9.310572369,6.813226983,27.49762975
ENSG00000155393,2.739599376,2.567553762,3.113882037
ENSG00000155438,3.355644757,3.131575276,6.104841887
ENSG00000155463,13.97474741,14.30728251,10.33428537
ENSG00000155465,0.838756804,0.58459233,1.858211898
ENSG00000155506,21.87966716,23.36641645,33.24629125
ENSG00000155508,16.17952447,18.03784134,15.46778412
ENSG00000155542,1.262917792,1.07729682,1.045147454
ENSG00000155545,1.326548459,1.113523398,1.38615251
ENSG00000155561,12.68906723,8.780333078,19.11477477
ENSG00000155592,1.650649589,1.713611059,3.207563935
ENSG00000155621,2.472057007,2.481327147,3.687459545
ENSG00000155629,2.026501685,1.138878337,1.701111486
ENSG00000155636,1.889088074,2.100010003,2.376675447
ENSG00000155660,36.36091738,25.20503913,51.30625254
ENSG00000155666,0.843809009,0.758771551,0.375280847
ENSG00000155729,5.930863737,6.258366661,3.785835692
ENSG00000155744,0.838260281,0.889758376,0.925061376
ENSG00000155755,1.496876708,1.385613286,3.637160233
ENSG00000155760,3.612819763,2.340994236,3.878867986
ENSG00000155792,3.107429692,3.350292226,1.72021391
ENSG00000155827,8.834612742,7.547740001,10.26318583
ENSG00000155846,2.903425927,3.753988705,1.386788059
ENSG00000155850,0.562508713,0.694262966,0.387260613
ENSG00000155858,1.124214954,0.792560277,2.189421044
ENSG00000155876,8.454916104,5.5123625,13.79354865
ENSG00000155903,4.411694285,5.359441606,2.861948653
ENSG00000155906,4.449863129,3.088108648,3.281914484
ENSG00000155959,5.309219911,4.720373884,21.42976262
ENSG00000155975,5.528352557,4.929467108,6.416567817
ENSG00000156011,9.44810487,10.78017822,4.398990143
ENSG00000156017,1.900385575,2.344377933,2.95261237
ENSG00000156026,8.645880404,6.279157401,5.424208193
ENSG00000156030,7.87123275,8.564604908,2.974709053
ENSG00000156042,2.249425744,3.753898203,0.428621407
ENSG00000156052,11.81335185,13.52995885,7.924514555
ENSG00000156110,4.495303225,3.390455096,4.656702827
ENSG00000156136,6.021460572,4.295378107,13.90589223
ENSG00000156162,5.176750908,4.769642299,4.952839318
ENSG00000156170,2.615459762,4.583690499,1.815163458
ENSG00000156171,7.974651812,8.374498692,5.987407727
ENSG00000156219,11.00595841,10.46673062,12.16638808
ENSG00000156232,2.740683627,4.693985515,5.245647835
ENSG00000156239,3.122762421,3.700346658,3.292147488
ENSG00000156253,3.849799298,3.092732369,4.384860419
ENSG00000156256,8.658917476,9.952378609,9.311829087
ENSG00000156261,21.17888356,16.62038576,33.1949262
ENSG00000156273,6.655535975,5.783838167,6.666505388
ENSG00000156298,0.314511538,0.265405673,0.575379397
ENSG00000156299,2.377908541,1.195115743,4.772108491
ENSG00000156304,7.103845797,8.190401162,12.17406654
ENSG00000156345,1.976923445,2.409341202,1.189400431
ENSG00000156374,1.088113943,0.826992138,2.548266327
ENSG00000156381,11.00370645,9.715307982,4.493299942
ENSG00000156384,2.839815785,1.971924998,3.001571393
ENSG00000156398,2.113961476,1.260406791,2.289974124
ENSG00000156411,4.559944858,3.655434212,5.435510243
ENSG00000156413,2.964976421,3.509090703,5.945900354
ENSG00000156453,9.101679723,9.884629799,18.29789075
ENSG00000156463,14.76454274,24.79114678,6.06847077
ENSG00000156467,11.98902757,10.96872404,21.40858318
ENSG00000156469,2.687867055,4.036538817,4.823865836
ENSG00000156471,6.05628527,4.184415907,20.491105
ENSG00000156482,21.39889672,19.03892275,25.2719406
ENSG00000156500,1.21075624,0.917299169,1.445508602
ENSG00000156502,4.196632748,4.501167147,4.01047429
ENSG00000156504,8.172481774,6.55481138,20.87184281
ENSG00000156508,817.9168255,572.7659614,380.3497234
ENSG00000156510,5.641337002,5.765950849,6.944270868
ENSG00000156515,13.02762127,11.84984041,15.58363062
ENSG00000156521,4.976030619,5.603485376,1.613732053
ENSG00000156531,8.382836731,8.228129287,19.32511217
ENSG00000156587,4.662267684,4.045671586,18.33226326
ENSG00000156599,12.09522841,11.78339795,17.56153755
ENSG00000156603,1.86570054,1.894825177,3.164898624
ENSG00000156639,10.78510317,9.441041969,8.439460173
ENSG00000156642,19.02240804,12.88972443,18.47711506
ENSG00000156650,3.505183784,3.320490902,1.265107934
ENSG00000156671,3.938832489,4.376568909,4.164791938
ENSG00000156675,24.27392963,22.01529906,25.06237309
ENSG00000156687,0.203550018,0.263788093,0.393425872
ENSG00000156709,4.629245366,3.944275212,32.39794055
ENSG00000156711,18.27723466,18.20389807,10.60323154
ENSG00000156735,3.110432687,2.456615992,3.583279867
ENSG00000156787,2.301097052,1.501321963,2.876376805
ENSG00000156795,1.528694855,1.179850901,2.152330752
ENSG00000156802,8.039958883,2.217726837,14.52707273
ENSG00000156804,2.18200131,3.540679489,0.47968664
ENSG00000156831,2.090435354,1.995351576,2.914724344
ENSG00000156853,0.307083513,0.416050167,0.593537649
ENSG00000156858,4.148309982,4.608927094,4.014539593
ENSG00000156860,11.691952,12.8798876,9.206381078
ENSG00000156869,1.242335603,1.003875649,5.539033617
ENSG00000156873,3.351897959,4.807479456,2.943038492
ENSG00000156876,1.909943426,1.791917947,4.261659837
ENSG00000156928,2.253878825,2.403055797,6.252140443
ENSG00000156931,7.088422269,7.865538795,3.57009853
ENSG00000156958,2.618638941,2.877176082,3.994074732
ENSG00000156970,5.612653161,1.91411776,8.691200557
ENSG00000156973,2.066838179,1.873072044,3.810452739
ENSG00000156976,63.01110219,47.85027346,44.83049774
ENSG00000156983,3.472950799,4.188044953,5.308602237
ENSG00000157014,1.628778702,2.159505998,2.557257253
ENSG00000157020,8.130935489,9.290990631,9.087828768
ENSG00000157036,4.350949834,4.726747316,3.499054205
ENSG00000157077,2.709461237,3.511292318,3.658309362
ENSG00000157106,9.232497744,12.35754139,10.91659438
ENSG00000157107,6.290241792,5.830661982,3.624771792
ENSG00000157110,6.164755626,5.667507981,2.476994415
ENSG00000157111,9.8868875,10.22975505,3.837186832
ENSG00000157152,0.952077729,0.71973603,1.883645485
ENSG00000157181,6.097429331,7.227223045,6.186218857
ENSG00000157184,1.688959801,1.115358524,1.547803359
ENSG00000157191,5.599201334,6.164190363,4.897339309
ENSG00000157193,6.909732041,5.596612876,5.27295048
ENSG00000157212,4.102164103,4.861162483,8.328760483
ENSG00000157214,12.64972924,11.6900352,7.85954714
ENSG00000157216,6.93995704,6.471442891,6.423447241
ENSG00000157227,9.707974796,10.57605302,3.625825208
ENSG00000157240,1.578444194,1.766116197,2.04473705
ENSG00000157259,9.775517894,8.161609057,4.311704977
ENSG00000157350,0.837883539,0.769139972,0.816487534
ENSG00000157353,7.516872373,10.10482827,2.34405337
ENSG00000157379,1.525604871,0.994840712,0.878043032
ENSG00000157388,2.228611768,2.48363987,1.599328612
ENSG00000157399,1.729731159,1.921391492,20.61450649
ENSG00000157404,8.626099869,6.689445362,8.025576739
ENSG00000157426,4.741052611,5.091378954,3.069523516
ENSG00000157450,6.865611242,7.761208643,4.564132992
ENSG00000157456,5.045458046,2.18353184,9.870962248
ENSG00000157470,3.036822773,2.28100245,2.648523809
ENSG00000157483,16.41374873,16.77371654,8.000803767
ENSG00000157500,7.470420507,7.790866281,4.563284753
ENSG00000157514,3.054378849,2.016911871,5.229841467
ENSG00000157538,1.718296173,1.30797733,3.05917526
ENSG00000157540,8.741231137,11.23697826,6.134716141
ENSG00000157557,27.85734849,41.87459229,8.042820656
ENSG00000157593,10.15710492,8.500156992,8.180501171
ENSG00000157600,5.652490532,4.885737954,10.80944214
ENSG00000157601,2.432747947,1.923140412,61.74402768
ENSG00000157617,6.300380092,7.442104281,5.40934344
ENSG00000157625,6.189310535,5.879192569,13.02612536
ENSG00000157637,14.19817971,11.69067941,6.09164263
ENSG00000157654,7.872253979,6.628517951,3.453100327
ENSG00000157657,0.489074659,1.382858558,0.248139693
ENSG00000157680,0.207242802,0.107429484,1.04647179
ENSG00000157693,0.979693021,0.935510127,3.608583172
ENSG00000157741,3.942074675,5.036602075,4.545392225
ENSG00000157764,3.013802861,2.591004933,1.889235659
ENSG00000157778,2.385830558,1.383554565,4.736841642
ENSG00000157796,5.923238249,5.653306112,1.554527467
ENSG00000157800,7.472073866,7.194230365,10.43945429
ENSG00000157823,2.989106495,2.752168126,2.25153906
ENSG00000157827,8.621341976,9.722226557,4.817217845
ENSG00000157837,7.432957911,6.865602678,8.59564267
ENSG00000157869,3.814303987,2.675535582,3.346574481
ENSG00000157870,11.39101618,13.71608016,10.10152099
ENSG00000157873,13.71291656,17.43513422,2.844512314
ENSG00000157881,5.276156821,7.309728792,4.791173144
ENSG00000157895,2.294883487,2.266350743,4.276613503
ENSG00000157911,3.724673323,2.578367438,2.303572252
ENSG00000157916,11.83981761,14.49358204,15.74158016
ENSG00000157933,7.778413893,9.905622225,7.645733377
ENSG00000157954,4.621666946,5.286688619,8.183065772
ENSG00000157978,3.97870391,3.59127751,6.359141724
ENSG00000157985,14.77304329,16.34307855,7.608158372
ENSG00000157992,11.08392084,9.517462628,3.537607295
ENSG00000158006,6.642203689,7.19063855,4.14849466
ENSG00000158019,3.616962157,3.085904136,2.351399726
ENSG00000158023,8.521110452,6.059127941,0.785346702
ENSG00000158042,4.262311688,3.406275123,11.9003216
ENSG00000158055,1.317062324,1.981355575,5.424185267
ENSG00000158062,4.7635813,6.59063137,2.622394428
ENSG00000158079,2.171827439,2.660471194,3.277772559
ENSG00000158092,2.491969711,1.646174005,2.055627432
ENSG00000158106,8.701487785,10.01534249,4.355294116
ENSG00000158109,5.849821582,5.931126201,9.967643875
ENSG00000158122,0.727706977,0.355356972,0.582995567
ENSG00000158125,2.070106405,1.724118534,0.650572002
ENSG00000158156,1.875421357,1.987638122,1.840310958
ENSG00000158158,14.03780379,14.69668745,8.258253976
ENSG00000158161,6.758104349,7.77101898,3.890592375
ENSG00000158169,2.978642491,2.09741406,3.800962021
ENSG00000158195,30.14923472,26.57019001,15.55221113
ENSG00000158201,5.386862762,4.379408463,5.868788255
ENSG00000158234,1.018123649,0.76304072,2.060316691
ENSG00000158286,8.423932538,10.97831919,0.338334916
ENSG00000158290,10.75983335,8.203688525,17.42199915
ENSG00000158292,4.119194121,5.53966016,4.664913099
ENSG00000158321,10.81958359,10.34989345,11.38320367
ENSG00000158352,2.014969813,1.834109726,2.6265214
ENSG00000158373,0.476119292,0.985242933,0.995951938
ENSG00000158402,1.563006659,0.543702647,1.460421303
ENSG00000158406,0.170730166,0.267835749,1.251360435
ENSG00000158417,9.313450585,9.427216534,31.44187197
ENSG00000158435,11.29933442,10.02750247,11.13929229
ENSG00000158457,1.031161551,0.916026411,1.97135278
ENSG00000158467,14.40685442,12.54587738,8.470229498
ENSG00000158470,21.44031705,18.3491742,21.78351839
ENSG00000158480,3.454467496,4.094213164,7.571569909
ENSG00000158486,1.460800716,2.234646181,0.952556326
ENSG00000158526,3.99856938,4.735180693,19.27466559
ENSG00000158528,4.848891003,5.415759598,2.273860253
ENSG00000158545,7.424253815,9.186080514,15.11369811
ENSG00000158552,2.258845851,2.572691322,1.391044268
ENSG00000158555,3.373342581,4.802998389,2.381619285
ENSG00000158604,18.64997372,16.03646676,17.85081457
ENSG00000158623,6.47891135,2.624386613,3.054610286
ENSG00000158636,3.932048756,11.79698547,3.639278959
ENSG00000158669,5.860971348,5.633169459,6.750746402
ENSG00000158691,4.839451473,5.665111141,3.323869612
ENSG00000158710,40.48306697,28.71697968,53.87851506
ENSG00000158711,10.88188361,11.03213561,7.472157541
ENSG00000158715,5.019429674,4.367333839,2.194915046
ENSG00000158716,2.342847226,1.629812781,3.099733092
ENSG00000158717,2.009022478,2.815024749,0.834764085
ENSG00000158747,16.47628939,14.70864925,28.01762499
ENSG00000158769,21.32597308,18.99286174,18.93911695
ENSG00000158773,5.050073958,7.977751272,6.862633651
ENSG00000158792,1.75498131,1.688101552,2.294384874
ENSG00000158793,5.628814658,6.69769107,2.384586352
ENSG00000158796,1.116918809,1.598934977,0.414189294
ENSG00000158805,2.667766799,4.281506096,0.920283122
ENSG00000158828,1.817122036,1.51384919,2.216849977
ENSG00000158856,3.72595782,3.421166432,4.067457411
ENSG00000158863,7.965658333,14.69821162,3.783899348
ENSG00000158864,13.09667427,11.28926468,11.75497281
ENSG00000158882,1.859100332,2.4758324,2.664210532
ENSG00000158941,9.308992375,10.95678692,10.05555383
ENSG00000158966,2.249325892,2.973993494,4.356346379
ENSG00000158985,17.28205988,13.75597606,11.31059323
ENSG00000158987,1.559520449,1.154880555,1.312465493
ENSG00000159023,7.119932725,4.900640686,6.98470537
ENSG00000159055,2.055116648,1.341095661,7.073145752
ENSG00000159063,4.242713834,2.773691844,5.644492805
ENSG00000159069,12.69037578,15.97096057,7.628545948
ENSG00000159082,1.544899582,2.266920391,2.441738958
ENSG00000159086,9.84748196,12.44244299,6.170107265
ENSG00000159111,7.690366953,5.103519992,6.671470181
ENSG00000159128,7.050257119,5.43850733,2.544527165
ENSG00000159131,8.333604694,5.54749528,12.93161164
ENSG00000159140,20.47467086,28.08945998,19.79930399
ENSG00000159147,2.927552548,2.662574626,6.960313663
ENSG00000159166,12.26975638,10.87648918,14.90335461
ENSG00000159173,2.55096798,2.274118831,0.889543201
ENSG00000159176,16.57169896,14.64020264,17.74903124
ENSG00000159184,33.66180884,27.30753631,3.010619052
ENSG00000159202,13.29240755,11.71322849,13.57768167
ENSG00000159210,2.537884752,2.959313427,2.848120488
ENSG00000159216,14.62799501,18.55013423,9.361806436
ENSG00000159256,7.090954624,7.680979517,6.471347096
ENSG00000159259,3.219874887,1.542780934,11.10104848
ENSG00000159267,4.862227581,3.901484833,4.345273729
ENSG00000159314,19.40219673,21.27082187,8.633947713
ENSG00000159322,9.192028663,11.42988917,6.835654614
ENSG00000159335,6.057580283,4.061472025,27.23827429
ENSG00000159346,14.03681603,11.43762797,15.80820403
ENSG00000159348,4.451975293,4.551189828,7.438089451
ENSG00000159352,10.7637294,12.14621509,16.8002721
ENSG00000159363,1.201958089,0.832543758,1.365864072
ENSG00000159377,15.24999167,12.83229006,18.68571866
ENSG00000159388,10.87140484,23.49396062,3.993638179
ENSG00000159399,29.97333586,27.53753418,22.53610506
ENSG00000159423,2.426919759,1.686052413,4.541495168
ENSG00000159433,1.485609483,3.066576989,0.472838311
ENSG00000159445,1.298334714,1.526948053,5.831931358
ENSG00000159459,7.800821801,6.803744756,6.068483127
ENSG00000159461,10.9403741,9.594376895,16.55199561
ENSG00000159479,1.315562368,1.312762647,1.91596014
ENSG00000159579,6.871934115,6.924771299,7.564934145
ENSG00000159592,18.94432391,24.13641117,12.63652573
ENSG00000159593,6.083386086,5.910808719,17.81463084
ENSG00000159596,4.397899455,4.426808761,5.651990483
ENSG00000159658,10.55905264,10.1960446,12.39483468
ENSG00000159674,2.432965112,1.966704453,0.294487462
ENSG00000159685,1.695544284,1.294073454,2.051802547
ENSG00000159692,14.87657963,18.1092862,9.974862298
ENSG00000159708,1.145702339,1.124380284,1.229765698
ENSG00000159713,0.978634703,0.970402929,1.513221037
ENSG00000159714,2.249147564,3.651278593,1.246898783
ENSG00000159720,5.23592927,5.070180776,18.40569219
ENSG00000159733,1.966264965,1.123721157,0.344045989
ENSG00000159784,4.753497552,2.504711158,6.372047981
ENSG00000159788,5.287578552,8.254333271,2.828934741
ENSG00000159792,3.066903157,2.52381683,2.005070463
ENSG00000159840,11.80591542,9.128912633,11.32782885
ENSG00000159842,54.66837557,60.97588466,11.14148341
ENSG00000159873,3.830303694,4.418259493,6.654293834
ENSG00000159882,1.251038767,1.75924826,1.655324858
ENSG00000159884,0.45794182,0.470292194,0.45007509
ENSG00000159899,3.621412664,7.367515041,0.651060586
ENSG00000159917,0.99629873,1.30266889,0.765968719
ENSG00000160007,16.68405241,16.99194628,16.59882188
ENSG00000160014,12.23067543,9.508805428,19.82485735
ENSG00000160049,6.560007197,6.916876379,9.685594444
ENSG00000160050,1.582578857,1.885192057,1.554911658
ENSG00000160051,1.274944135,1.618297567,1.132537501
ENSG00000160055,2.315521572,1.931869007,0.884859975
ENSG00000160058,11.4039431,14.31026637,8.043555417
ENSG00000160072,4.580414361,8.778665236,5.994069128
ENSG00000160075,6.95533956,5.872087566,9.346799055
ENSG00000160087,5.495701822,9.485637753,6.997252726
ENSG00000160094,2.221198186,3.294096937,0.606940742
ENSG00000160113,5.535474745,4.795983791,4.220242877
ENSG00000160124,3.466319147,4.006496854,4.36669427
ENSG00000160131,4.815512816,4.784978827,17.90428729
ENSG00000160145,4.197845153,3.878485977,8.558188942
ENSG00000160172,0.758390379,1.026186495,0.675792268
ENSG00000160179,4.062524001,3.994475189,4.216278453
ENSG00000160180,84.50044891,69.76456396,16.92531258
ENSG00000160183,4.00050019,4.008449783,2.768055138
ENSG00000160188,5.636648586,6.485009689,1.083350666
ENSG00000160190,20.5939197,31.71959269,13.24578036
ENSG00000160193,2.361276269,4.430023096,7.567122208
ENSG00000160194,5.003721871,5.137376371,5.200594941
ENSG00000160199,4.662733336,4.417416482,4.240519336
ENSG00000160201,1.29301959,2.148298108,1.809232683
ENSG00000160208,8.043916109,7.35231723,13.47081425
ENSG00000160209,38.58406003,37.50883139,22.82253868
ENSG00000160211,3.468776649,2.923783808,11.4162278
ENSG00000160213,26.95255861,24.93825782,28.13753002
ENSG00000160214,4.475417504,5.124487206,5.4486811
ENSG00000160216,15.68787186,18.96203878,10.01158405
ENSG00000160218,5.517522634,6.10639452,7.088789773
ENSG00000160221,6.499492174,3.907253324,4.616595999
ENSG00000160223,2.184680658,2.717961126,0.956840701
ENSG00000160226,2.944499749,3.959723646,0.763452683
ENSG00000160233,1.009610628,0.498435137,0.783656349
ENSG00000160256,3.252077746,3.740189931,3.534940526
ENSG00000160284,2.306332559,2.322614716,0.941229551
ENSG00000160285,27.76309448,20.33246709,14.50910243
ENSG00000160293,4.734307541,3.009544324,2.087187302
ENSG00000160294,12.28567638,12.87417125,5.467609685
ENSG00000160298,6.404667395,2.42495476,1.981093782
ENSG00000160299,4.848024968,5.268377852,5.856772814
ENSG00000160305,9.449143967,11.01348291,3.650474664
ENSG00000160310,16.57026257,15.04426151,7.055093603
ENSG00000160323,5.166888549,7.665654401,0.778686533
ENSG00000160325,4.075842948,4.307267079,2.963517513
ENSG00000160326,1.084375402,1.175661349,0.678086654
ENSG00000160345,0.596369915,0.476595837,0.623405958
ENSG00000160352,3.998784499,4.029504014,6.070466089
ENSG00000160360,2.941163326,5.807619479,0.847475654
ENSG00000160392,1.274460396,1.333661853,3.818122111
ENSG00000160404,1.238284506,1.326690394,1.674775711
ENSG00000160410,5.419814907,6.914196584,6.358842165
ENSG00000160439,0.959850488,0.943652983,1.275463585
ENSG00000160445,4.585680875,4.024287231,2.299093872
ENSG00000160446,4.451487707,2.775939835,5.543539788
ENSG00000160447,0.951352572,0.761493005,0.691576134
ENSG00000160469,0.335694857,0.422955109,0.317209822
ENSG00000160551,13.08167189,15.31474109,8.400731256
ENSG00000160563,1.964089836,1.932104446,3.54879089
ENSG00000160570,4.054155455,3.337061639,2.317221628
ENSG00000160584,2.987735733,3.469432314,1.914915276
ENSG00000160588,5.244102917,4.990954637,3.954847813
ENSG00000160606,0.522693834,0.270951408,0.595339998
ENSG00000160613,5.40364198,6.6728433,4.319310665
ENSG00000160633,11.07078459,12.72627579,12.47079944
ENSG00000160679,8.884617738,14.24477198,9.70900009
ENSG00000160685,16.82943938,21.82165513,11.28103672
ENSG00000160688,3.371510447,5.535890618,6.107582837
ENSG00000160691,11.63155343,14.59573943,8.397967247
ENSG00000160695,6.804485607,6.933820198,3.787394097
ENSG00000160703,3.834544907,2.852907308,1.526235326
ENSG00000160710,25.7936837,31.24214665,45.96748468
ENSG00000160712,1.164109574,0.705209724,2.028342948
ENSG00000160714,8.334415984,8.99576213,12.72695202
ENSG00000160741,4.904707513,7.319253931,3.931008752
ENSG00000160746,3.406322932,1.787323746,5.333694095
ENSG00000160752,15.98723793,14.2721794,10.54924059
ENSG00000160753,4.527212141,5.173419982,7.843070611
ENSG00000160766,1.474142508,3.574757087,1.341523988
ENSG00000160767,5.864645945,3.186688872,2.78491988
ENSG00000160781,1.78018858,3.470463626,0.269182255
ENSG00000160785,4.070470587,4.367945316,7.422388911
ENSG00000160789,34.74543611,30.22995995,26.00154583
ENSG00000160796,63.15646989,109.1688921,12.9168279
ENSG00000160799,3.603218656,5.629321536,3.981167889
ENSG00000160803,6.13831749,6.586523546,8.014199865
ENSG00000160862,7.280352241,7.133037845,28.87726392
ENSG00000160867,5.469102594,4.431344219,11.85149268
ENSG00000160877,12.09080884,13.77647153,15.54350574
ENSG00000160888,6.01742063,5.816028656,4.857513389
ENSG00000160932,4.788634505,3.522194263,13.47761989
ENSG00000160948,7.457088604,9.491964596,2.581300339
ENSG00000160949,2.781608041,3.523700716,3.688683303
ENSG00000160953,4.180379683,4.533481702,2.603156773
ENSG00000160957,2.900416487,1.260606082,5.258622769
ENSG00000160959,2.581638172,2.446185204,2.475490199
ENSG00000160961,2.829292849,3.676523141,0.896599891
ENSG00000160972,1.863617766,4.261449262,1.032631353
ENSG00000160991,1.866633216,1.795671934,3.121500512
ENSG00000160993,1.736130741,1.852872712,2.085989946
ENSG00000160999,1.43309687,1.584943659,1.005002602
ENSG00000161010,7.260217319,8.541173992,1.383860497
ENSG00000161011,19.41780729,25.76575117,34.53278412
ENSG00000161013,21.36295628,26.45891069,19.05287325
ENSG00000161016,88.05725835,68.97259802,72.49141314
ENSG00000161021,7.411850668,9.866350117,5.668476119
ENSG00000161036,2.036911076,2.589746416,3.046506627
ENSG00000161040,0.82573556,1.03666097,0.493762355
ENSG00000161048,5.676064562,5.488977379,5.814312857
ENSG00000161091,1.190588275,0.99115239,1.064493063
ENSG00000161179,3.053390505,3.526259256,3.689081393
ENSG00000161202,10.56590522,13.6802931,9.494655092
ENSG00000161203,17.29785735,16.21155966,24.87858564
ENSG00000161204,6.911298405,9.01909849,6.128252718
ENSG00000161217,2.61348063,2.875676139,1.341954658
ENSG00000161249,9.508150276,7.300476417,0.595686372
ENSG00000161267,7.242493332,6.984172797,11.38683414
ENSG00000161328,0.546329563,0.899362717,0.48659667
ENSG00000161395,4.400972242,5.486712089,3.623514552
ENSG00000161513,4.348851797,11.27888687,1.992288447
ENSG00000161526,6.001855585,6.717081941,8.409114373
ENSG00000161533,8.178580573,7.621195875,6.072262167
ENSG00000161542,4.957642632,3.071365323,6.041484699
ENSG00000161551,0.758290653,1.241870169,0.230314945
ENSG00000161558,3.172851345,2.715203581,0.889627851
ENSG00000161618,1.104815519,0.898366631,1.734847222
ENSG00000161647,2.243495836,2.420831085,0.748416048
ENSG00000161653,1.159117751,0.934260365,0.758856299
ENSG00000161654,4.101127784,5.046380628,8.139596257
ENSG00000161671,4.484496774,6.32856457,5.653884649
ENSG00000161677,1.126332043,1.718002063,1.504633757
ENSG00000161692,2.1133831,2.309841724,2.616563879
ENSG00000161714,18.60615541,16.86475185,3.758640278
ENSG00000161800,8.120586693,4.521869615,21.88670553
ENSG00000161813,6.020780098,7.275035656,16.40466207
ENSG00000161847,5.785250382,6.124573469,5.913784896
ENSG00000161888,2.075428439,0.362745539,2.278863376
ENSG00000161904,8.321358115,10.71664411,6.775334237
ENSG00000161912,3.002519996,1.829387484,0.416844062
ENSG00000161920,2.141339649,1.926558122,0.80245613
ENSG00000161921,15.28361841,13.81622235,11.06315082
ENSG00000161956,2.068801249,2.131080723,2.639091675
ENSG00000161980,1.682879298,1.277032601,8.257914217
ENSG00000161981,2.201852758,1.671089106,11.40598365
ENSG00000161996,11.06460522,10.46422418,6.918252507
ENSG00000161999,2.806653115,2.2805889,2.993211504
ENSG00000162004,0.443901697,0.972727309,0.231655353
ENSG00000162062,1.181610714,1.111894708,3.480314456
ENSG00000162063,3.054481646,2.144142645,4.563940741
ENSG00000162066,1.262980611,1.337643481,1.30853742
ENSG00000162069,4.369521351,6.938540083,2.297594271
ENSG00000162076,2.210272046,2.07036384,2.142671292
ENSG00000162078,3.832799616,5.637340647,1.805728739
ENSG00000162086,2.371105884,3.032105537,3.138241138
ENSG00000162104,1.24975466,0.817819782,2.183564072
ENSG00000162105,3.461438238,5.171374287,1.645445583
ENSG00000162129,2.189336829,2.1988638,4.182008489
ENSG00000162139,3.815214307,3.369667952,4.934090532
ENSG00000162144,1.418725424,1.79631323,1.768209548
ENSG00000162191,5.313141308,4.18899202,4.79937993
ENSG00000162222,5.474433379,4.585913942,4.137263827
ENSG00000162231,8.021763793,9.709543461,7.438154935
ENSG00000162236,3.574034651,4.832171005,3.182791763
ENSG00000162241,0.217293696,0.43245567,0.428989735
ENSG00000162244,58.45921395,43.60533778,34.10865049
ENSG00000162298,8.97174381,11.727484,7.296103806
ENSG00000162300,1.922809687,1.553210375,1.961551309
ENSG00000162302,4.314261275,6.111578689,5.129760946
ENSG00000162337,30.7157485,45.72283036,12.80383759
ENSG00000162341,2.837043068,4.140671121,1.015068263
ENSG00000162366,5.557914712,4.500910092,3.578949331
ENSG00000162368,30.32102647,26.20784984,39.24310219
ENSG00000162377,1.779599735,1.267978067,8.313398223
ENSG00000162378,7.119248397,7.391414638,7.510523328
ENSG00000162384,3.668429993,3.016366472,2.501207042
ENSG00000162385,2.962055161,3.105031826,8.03298539
ENSG00000162390,6.538609383,12.27984144,4.516180404
ENSG00000162396,2.225226082,1.816537852,2.011632471
ENSG00000162402,10.46825385,10.62305386,9.550004847
ENSG00000162407,0.995750431,1.106083102,1.209753566
ENSG00000162408,3.78265304,3.884501626,2.257363992
ENSG00000162413,2.256292221,2.542620533,3.925586491
ENSG00000162415,3.818505883,3.713338625,2.533085721
ENSG00000162419,1.991649254,1.93815326,2.233557614
ENSG00000162430,7.08544471,6.426260856,2.326930038
ENSG00000162433,25.2164215,20.89496981,5.471240734
ENSG00000162434,24.86385515,22.23629089,18.88365278
ENSG00000162437,10.78242854,8.40654951,8.042084221
ENSG00000162441,6.020866765,5.378109313,8.033764752
ENSG00000162458,16.26819196,26.94183681,5.473201013
ENSG00000162482,0.839608075,0.770441425,1.696393571
ENSG00000162496,19.84480274,24.47853077,7.009078218
ENSG00000162512,5.04373037,3.209044833,7.528436168
ENSG00000162517,2.512728237,2.463127956,2.962248484
ENSG00000162521,16.18835662,14.72876196,15.84000466
ENSG00000162522,38.27270873,40.62216433,14.87401177
ENSG00000162526,1.312697693,1.608862342,0.281256664
ENSG00000162542,5.93021552,9.083182412,3.396913934
ENSG00000162543,10.01768994,6.324157599,29.42041502
ENSG00000162545,16.97270365,11.71296733,15.87527049
ENSG00000162576,0.828221242,1.369899008,0.735632587
ENSG00000162585,3.147930927,3.921400622,2.692695834
ENSG00000162591,12.12270761,7.739049715,0.115423799
ENSG00000162599,4.448043986,5.120532849,3.752976249
ENSG00000162601,14.19144651,22.44497794,7.259598588
ENSG00000162604,7.495572027,6.365599958,4.40103073
ENSG00000162607,8.145124041,4.973125732,26.40973784
ENSG00000162613,18.75528601,19.27888657,12.14193498
ENSG00000162623,3.17742025,4.087008546,3.478591312
ENSG00000162627,3.351091968,2.179185615,10.04234949
ENSG00000162636,13.52786489,12.54545876,6.924837302
ENSG00000162639,0.462934826,0.819910597,6.487831283
ENSG00000162642,7.877191496,7.977731762,3.752811036
ENSG00000162645,10.75890609,14.45806052,6.58062589
ENSG00000162650,1.606890705,2.417106089,1.006622683
ENSG00000162664,9.827394168,11.22603542,6.890033572
ENSG00000162669,0.358561209,0.410461064,2.922296955
ENSG00000162688,4.74636199,4.584965825,5.309686014
ENSG00000162694,1.552668981,1.634881542,2.194504761
ENSG00000162695,4.949158665,4.588149147,4.597813614
ENSG00000162704,15.56807235,13.00300333,44.38824797
ENSG00000162714,7.795499647,7.703248126,2.235176033
ENSG00000162729,16.20644565,12.8672188,7.908408993
ENSG00000162734,5.378969485,4.759595604,21.83049676
ENSG00000162736,22.76464256,21.28601331,12.67542376
ENSG00000162739,0.325203954,0.744551042,6.925697124
ENSG00000162769,2.618416935,1.79947971,4.464465738
ENSG00000162772,2.900011435,2.444444219,2.344804404
ENSG00000162775,4.151004101,2.208309408,4.702567385
ENSG00000162777,6.89396437,6.873658801,6.516549061
ENSG00000162783,6.88277037,8.542869127,7.827368621
ENSG00000162813,6.148611787,5.991185295,5.727882998
ENSG00000162817,4.701570743,3.388732844,0.300214389
ENSG00000162819,9.09882316,8.898980141,7.832925921
ENSG00000162825,0.654009484,0.653323947,1.70914645
ENSG00000162836,11.19768379,9.10414086,2.620148166
ENSG00000162851,1.755659673,2.216635652,4.886171527
ENSG00000162852,2.656695273,2.72460577,3.372791476
ENSG00000162869,4.298119575,3.870743407,2.362004834
ENSG00000162878,17.44876673,36.47409357,2.798735916
ENSG00000162881,0.207820522,0.448870665,0.486032793
ENSG00000162882,0.458989511,0.681166787,1.723493489
ENSG00000162885,4.46861213,5.142445172,2.667805847
ENSG00000162889,10.0857778,11.12042508,10.2064744
ENSG00000162909,51.41124987,56.24671207,17.99069097
ENSG00000162910,2.451430651,1.785752669,1.969585833
ENSG00000162923,18.38235165,17.1162536,12.17631755
ENSG00000162924,5.393057759,7.954222257,4.2224738
ENSG00000162927,0.999683242,1.11585534,1.551408982
ENSG00000162928,6.000756039,5.217215709,9.191847146
ENSG00000162929,2.009935013,1.442227393,2.602716334
ENSG00000162946,0.637770312,0.688758699,0.768380655
ENSG00000162959,0.512134347,0.271511217,0.235092778
ENSG00000162961,4.227379072,4.24577465,7.184035688
ENSG00000162972,2.197802285,1.977691838,4.076528722
ENSG00000162976,1.601290314,1.047283118,1.415894082
ENSG00000162980,4.568405379,3.494543668,4.731213923
ENSG00000162981,26.80135975,36.90041729,41.81292996
ENSG00000162994,2.681279866,2.653101522,0.633408802
ENSG00000163001,9.259015587,9.891513253,6.392381015
ENSG00000163002,2.012939693,1.942118188,4.732199929
ENSG00000163006,2.326771508,1.667190302,2.481920739
ENSG00000163013,6.381403864,8.878387973,8.712258
ENSG00000163029,6.817247744,7.830780515,10.969456
ENSG00000163032,10.29776968,7.736066374,6.047551976
ENSG00000163040,2.102623288,0.856387176,2.288416636
ENSG00000163041,32.05679896,27.61740807,31.23228569
ENSG00000163069,6.335868026,5.410089948,6.558626963
ENSG00000163072,2.259123008,2.607851314,2.653830194
ENSG00000163082,14.0800342,10.82288283,10.514715
ENSG00000163083,6.578871266,8.873153369,2.201714541
ENSG00000163104,8.368543305,10.15528301,6.202983485
ENSG00000163110,10.9384365,9.951669783,9.145008866
ENSG00000163121,1.005632998,0.821039609,1.346990465
ENSG00000163125,7.823620558,9.064852238,6.398587913
ENSG00000163126,0.533602439,1.757601616,0.236352949
ENSG00000163131,13.5801456,11.42158583,16.58727702
ENSG00000163138,3.662952425,3.183253697,3.561780984
ENSG00000163156,2.092243142,1.999569518,4.271180296
ENSG00000163159,5.812381275,6.235846321,5.12138583
ENSG00000163161,9.484079451,9.444316183,6.876591577
ENSG00000163162,13.66470128,14.25823006,13.04277233
ENSG00000163166,1.188283998,1.097780255,1.063095455
ENSG00000163170,2.180709017,1.396913026,1.947998891
ENSG00000163171,0.832241259,0.929197338,0.489996353
ENSG00000163214,3.269133314,3.926597768,2.481226564
ENSG00000163235,17.26677688,12.71137074,11.7050357
ENSG00000163249,1.877541378,2.279270484,2.404727586
ENSG00000163251,9.174660851,8.403205486,8.378986674
ENSG00000163257,10.52121808,7.04321519,9.520883214
ENSG00000163281,4.032674873,5.082459707,7.767251208
ENSG00000163291,2.909601378,1.868447153,5.964522284
ENSG00000163293,9.0883805,7.944904698,7.874914822
ENSG00000163297,12.45262285,10.21399023,10.23714207
ENSG00000163312,2.676954904,2.536004364,2.143311975
ENSG00000163319,1.576753082,1.5247507,5.564545165
ENSG00000163320,11.56388823,17.2404831,15.72828659
ENSG00000163322,1.700961668,0.930403224,1.115454531
ENSG00000163328,2.104409405,1.539917977,1.610323687
ENSG00000163344,2.223335877,2.019605784,2.705900656
ENSG00000163346,12.61162778,15.382866,2.359512392
ENSG00000163347,19.37198703,16.22206522,21.83572219
ENSG00000163348,6.76554016,7.004218318,7.962079543
ENSG00000163349,14.97225374,20.29576092,13.64633173
ENSG00000163357,0.680146064,0.47360244,0.302162022
ENSG00000163362,11.51509291,12.66748395,6.522326044
ENSG00000163374,7.768012986,7.50282143,5.956909315
ENSG00000163376,0.366436921,0.386938716,6.001823953
ENSG00000163378,1.407772741,1.161899103,1.948004262
ENSG00000163382,6.979772891,4.117193411,7.865052354
ENSG00000163389,3.561938407,3.435645928,3.188238583
ENSG00000163399,34.17835056,33.09565936,29.22198297
ENSG00000163406,1.965879013,2.91361793,0.635031636
ENSG00000163428,7.492205482,7.702230165,19.5946225
ENSG00000163435,21.27595073,25.60874802,8.817705765
ENSG00000163444,8.118603338,8.744706998,9.653546465
ENSG00000163466,26.08182488,22.5652995,31.11184491
ENSG00000163468,16.74375822,13.80728888,29.17421528
ENSG00000163472,1.169328513,1.376467101,1.398438987
ENSG00000163481,1.499295885,2.151171599,2.808175456
ENSG00000163482,6.544241629,9.485482235,1.640770845
ENSG00000163501,3.148678411,2.091935418,4.045582866
ENSG00000163507,3.463422215,1.445410056,8.9236787
ENSG00000163510,4.611735515,5.043821355,7.004652751
ENSG00000163512,4.081460578,3.88473809,3.601830406
ENSG00000163513,22.81482935,18.97832507,18.58620634
ENSG00000163516,17.36093357,37.71398056,5.28471273
ENSG00000163517,3.949475742,3.37736419,3.158869639
ENSG00000163521,1.304501757,1.181219511,0.542256
ENSG00000163527,35.73000473,25.74337016,57.01065522
ENSG00000163528,1.324075456,0.944209389,3.396019964
ENSG00000163535,5.580262558,2.531084953,11.90541243
ENSG00000163536,0.488912793,0.338902541,12.20783864
ENSG00000163539,5.113438901,7.836007953,3.746782521
ENSG00000163541,8.633870565,6.957067678,11.90271017
ENSG00000163545,5.428333372,5.958564139,2.935541547
ENSG00000163558,8.960379623,6.502458314,8.562543666
ENSG00000163577,1.058376367,0.90363549,14.46757795
ENSG00000163584,3.888436641,1.616337775,3.842910053
ENSG00000163586,30.94667928,25.36961257,63.10214688
ENSG00000163590,3.494285905,3.33801246,1.713908841
ENSG00000163596,0.552930899,0.495272084,0.146948558
ENSG00000163597,8.878546168,6.425914221,5.227284261
ENSG00000163602,8.394982107,7.300526664,11.76888196
ENSG00000163605,11.16575489,9.280887111,15.43438464
ENSG00000163607,1.551393553,1.453248369,2.258703168
ENSG00000163608,2.124552906,2.877629725,0.437130961
ENSG00000163618,1.880367052,1.545696661,6.792472884
ENSG00000163624,11.71441255,9.444947551,12.42405431
ENSG00000163625,6.647975815,8.533741692,4.76102279
ENSG00000163626,4.066771926,2.739818493,4.860788252
ENSG00000163629,0.667667126,0.392068599,11.25642604
ENSG00000163630,8.490427709,10.03957267,0.466304855
ENSG00000163635,4.86597267,9.188737421,5.280267774
ENSG00000163636,6.459169197,6.493978984,13.13011666
ENSG00000163637,0.231019931,0.269448644,1.117417084
ENSG00000163644,0.433794305,0.256642959,5.644024245
ENSG00000163655,8.285460834,5.315482809,20.1956304
ENSG00000163659,11.93824841,9.022742191,9.26041472
ENSG00000163660,23.05685121,23.35030535,8.965897017
ENSG00000163681,11.6074728,9.74928106,9.097357316
ENSG00000163682,23.47158586,17.53359561,32.75904389
ENSG00000163683,0.959732516,1.07913891,1.282808627
ENSG00000163684,1.77336803,2.097874489,4.003850317
ENSG00000163686,2.645387849,2.758013668,4.821790558
ENSG00000163694,17.52027912,14.93033052,17.23444421
ENSG00000163697,10.79562425,12.83129084,4.351488734
ENSG00000163701,6.916796801,9.131224582,2.742713198
ENSG00000163714,17.97581861,17.32447859,22.73414862
ENSG00000163719,4.423685469,4.553600471,4.762133838
ENSG00000163728,0.594763695,1.17043847,0.725933505
ENSG00000163734,6.591525683,6.309583284,2.017205181
ENSG00000163738,2.886191797,3.286951456,1.40177538
ENSG00000163743,4.299188186,5.13846252,5.083329017
ENSG00000163754,2.614593756,1.800615311,5.500689277
ENSG00000163755,6.006998975,5.647916606,5.941382259
ENSG00000163781,10.06670652,8.974668518,15.77159777
ENSG00000163785,9.802843684,11.19778198,6.584892061
ENSG00000163788,2.118495229,2.205539612,2.054189684
ENSG00000163795,5.331943773,5.329702597,1.90402396
ENSG00000163798,5.411716423,6.385601455,6.014093225
ENSG00000163803,1.025181236,0.605671968,0.897499517
ENSG00000163807,8.308849295,5.487244923,5.617621295
ENSG00000163808,4.900339255,1.610866962,6.242707413
ENSG00000163811,8.701375951,9.294519468,11.28221415
ENSG00000163812,12.00365513,9.845717953,18.14646999
ENSG00000163814,24.61151662,26.39629328,28.02648844
ENSG00000163817,2.107054226,1.483495856,2.353574933
ENSG00000163818,1.521051037,1.632389251,0.606358563
ENSG00000163820,10.34557027,10.18087762,7.079516354
ENSG00000163832,3.322373358,2.509588592,2.650535692
ENSG00000163840,8.113416978,7.794462273,22.57610343
ENSG00000163848,9.620284493,7.821532553,7.286477642
ENSG00000163866,3.192242299,2.582166864,7.112906107
ENSG00000163870,4.293611207,4.769358521,3.466439778
ENSG00000163872,15.76622591,15.10194467,7.141352093
ENSG00000163874,7.741858541,13.29093029,3.986203698
ENSG00000163875,5.043558134,3.931270019,5.446772198
ENSG00000163877,3.810979085,3.870437384,4.866134638
ENSG00000163882,8.068740032,8.326187733,8.060461596
ENSG00000163898,10.21478262,7.346730222,4.86583344
ENSG00000163900,5.644525701,4.842514176,12.20753578
ENSG00000163902,25.4591688,20.62093162,46.28091279
ENSG00000163904,6.575031837,6.162237729,10.89996097
ENSG00000163913,4.572968063,3.802076829,2.020457584
ENSG00000163918,3.39047388,1.877276653,11.91150401
ENSG00000163930,7.823816097,9.607633705,11.29297358
ENSG00000163931,52.64738079,29.86544002,24.83522417
ENSG00000163932,8.382960295,11.95418523,5.964793173
ENSG00000163933,3.334222264,3.893350166,4.975154235
ENSG00000163935,3.016891064,3.116696523,4.561057477
ENSG00000163938,15.86064267,12.72270188,21.91639213
ENSG00000163939,6.41383699,7.004655995,4.585507478
ENSG00000163945,8.474605363,9.69553998,2.551361429
ENSG00000163946,12.86020186,16.21267709,18.53692611
ENSG00000163947,2.632761218,3.489633244,2.649966839
ENSG00000163950,5.197619714,3.386886938,17.37054545
ENSG00000163956,18.49535064,24.18556667,21.48888768
ENSG00000163960,7.670715597,6.672108489,5.735699987
ENSG00000163961,3.382890218,3.57830345,8.164318281
ENSG00000163964,4.601729317,2.677186611,10.3031872
ENSG00000163975,17.04326355,18.3235757,10.77962859
ENSG00000163993,9.351955034,4.491324646,13.59962403
ENSG00000163995,1.781571434,1.277538856,2.12748422
ENSG00000164002,0.988254451,1.030820167,0.25623555
ENSG00000164010,3.787931332,4.411613011,0.421099873
ENSG00000164011,1.668761551,1.84933524,0.895279681
ENSG00000164022,10.49306873,10.07722516,14.18807169
ENSG00000164024,10.77553156,9.061524248,11.42347947
ENSG00000164031,7.361786683,7.549298308,7.589653305
ENSG00000164032,14.624222,8.010286788,45.50038934
ENSG00000164038,0.814927531,0.672060528,0.598541625
ENSG00000164039,3.236092828,3.760374795,1.474343388
ENSG00000164040,11.34885753,10.26874957,19.36357231
ENSG00000164045,1.59073464,1.208130553,12.39566848
ENSG00000164048,8.650494704,9.995108547,2.349527382
ENSG00000164050,26.96301749,50.95887844,6.625027454
ENSG00000164051,2.803272126,2.744250814,4.216340502
ENSG00000164053,1.93695204,1.886954409,2.598701612
ENSG00000164054,12.06826914,9.069298291,23.04258257
ENSG00000164056,7.90315172,7.557196783,2.063659669
ENSG00000164062,14.35451298,9.203429815,13.34302231
ENSG00000164066,5.572380819,9.996261289,1.942831035
ENSG00000164068,6.09399443,8.674089566,3.006472426
ENSG00000164070,12.58834245,18.38546579,13.09417502
ENSG00000164073,4.007880291,4.544716934,4.175681733
ENSG00000164074,3.56601316,4.097579304,3.380180828
ENSG00000164077,1.164054069,0.892376529,0.714583727
ENSG00000164078,13.55384648,13.01106474,6.623488595
ENSG00000164080,2.363470771,3.966209284,2.19736593
ENSG00000164081,6.492216173,6.268886933,5.792940574
ENSG00000164086,2.571616578,2.714331614,4.504689328
ENSG00000164087,2.205815361,0.671073489,4.082121081
ENSG00000164088,1.036047866,0.493219558,1.000226168
ENSG00000164091,14.38402396,13.67885712,21.30081621
ENSG00000164096,18.85353668,16.60865697,26.0236916
ENSG00000164099,5.434279536,3.202695539,3.983109407
ENSG00000164104,16.21176279,8.172564182,27.74421478
ENSG00000164105,2.865917165,2.322876267,3.800421187
ENSG00000164109,4.789389875,1.647968189,26.50744976
ENSG00000164111,26.80860531,20.0459979,14.60718465
ENSG00000164117,2.344843565,1.662323996,2.058423752
ENSG00000164118,4.782390386,4.567227684,2.481537502
ENSG00000164120,0.405556804,0.376338553,5.205470484
ENSG00000164124,3.477958037,3.340244584,3.953906956
ENSG00000164134,6.340090937,5.383411614,17.3263025
ENSG00000164142,10.74244612,13.04987069,6.311472494
ENSG00000164144,10.53379771,10.31250696,13.76820472
ENSG00000164151,7.820256023,10.71027737,11.22015633
ENSG00000164163,4.926065342,4.164249213,10.58611573
ENSG00000164164,8.983534819,10.35433347,6.552217179
ENSG00000164167,1.894614005,2.827585211,5.06790206
ENSG00000164168,9.884883204,9.907814188,11.80483304
ENSG00000164169,1.026131959,1.110776495,0.872665209
ENSG00000164171,11.90764007,12.38441187,13.99496476
ENSG00000164172,5.344372385,4.121239765,11.55832886
ENSG00000164180,10.00107159,10.47053624,6.014155051
ENSG00000164181,6.420986518,4.899221585,15.33897035
ENSG00000164182,1.762416091,1.342492669,4.097474324
ENSG00000164187,7.528174442,5.235370089,6.689046329
ENSG00000164190,9.343694142,11.06022663,9.53099775
ENSG00000164209,10.75255534,10.26890664,13.71397386
ENSG00000164211,23.40359406,15.16069744,22.08124564
ENSG00000164219,5.745913616,5.418661037,6.136515777
ENSG00000164221,2.786287862,2.347055632,3.693204545
ENSG00000164237,2.570176747,3.078656941,4.272512978
ENSG00000164241,1.657686903,1.938672356,0.911190055
ENSG00000164244,14.0615654,13.79157049,11.70855233
ENSG00000164251,13.28956681,9.405722249,13.96383747
ENSG00000164252,1.538436673,1.500035235,1.495257601
ENSG00000164253,3.437919384,3.228498927,4.524850166
ENSG00000164258,4.686102569,3.093027709,4.276105564
ENSG00000164266,0.604493938,0.430862487,2.596138011
ENSG00000164291,2.318809301,2.191514933,4.317180254
ENSG00000164292,2.309494611,2.100940958,2.551391519
ENSG00000164296,1.063277858,1.099703399,0.815134275
ENSG00000164300,8.437538584,10.08885162,4.515987139
ENSG00000164305,6.740210757,5.582566287,19.0562308
ENSG00000164306,3.070344231,3.460501725,5.449782737
ENSG00000164307,5.750195299,5.209730853,7.990631655
ENSG00000164323,7.408949927,5.850328469,11.44744632
ENSG00000164327,3.307518087,3.955741484,1.150201568
ENSG00000164329,9.735533759,8.043309736,4.800851915
ENSG00000164331,6.493117299,6.886348797,2.142915572
ENSG00000164332,3.649228115,3.872635556,6.502904376
ENSG00000164338,2.94903244,3.553929264,6.210798512
ENSG00000164342,3.638527313,3.318972413,1.489026012
ENSG00000164346,15.62571412,11.03900707,18.49665067
ENSG00000164347,5.191521964,6.308559609,7.246366514
ENSG00000164366,3.965247103,3.691187683,3.228238693
ENSG00000164379,9.347756961,6.301079419,3.724644231
ENSG00000164402,10.78023428,8.262912051,11.73465269
ENSG00000164403,6.012495087,9.115180399,3.319929367
ENSG00000164405,7.638090833,5.794646565,11.83049395
ENSG00000164414,1.809897248,1.317480005,2.464376246
ENSG00000164430,1.162863601,1.000099007,8.72071862
ENSG00000164463,1.097036204,1.526354631,0.586680521
ENSG00000164466,13.08995863,12.3476398,14.60227718
ENSG00000164484,1.128557067,0.492990802,4.367500757
ENSG00000164494,3.943059507,3.567329538,5.335414487
ENSG00000164506,4.131488821,4.741528826,3.565907915
ENSG00000164535,3.331921824,4.122715319,3.227845256
ENSG00000164542,5.781966669,5.174328422,4.244479177
ENSG00000164543,1.06660315,1.036688234,2.400582546
ENSG00000164548,11.66824241,15.96682021,11.10279364
ENSG00000164574,1.775650133,1.534087684,1.725540844
ENSG00000164576,3.755847908,4.266931503,4.24876939
ENSG00000164587,52.42713727,40.43385405,52.8059693
ENSG00000164597,7.856471398,5.571159369,6.901359121
ENSG00000164609,5.608975042,4.913643077,8.419285025
ENSG00000164610,1.63842524,2.01800921,2.706160618
ENSG00000164611,3.835855677,2.012997861,11.30667418
ENSG00000164615,5.742580302,4.902793254,5.9540093
ENSG00000164620,0.295734533,0.436116006,1.539383571
ENSG00000164626,6.010347981,3.770188692,5.16547463
ENSG00000164638,3.140710921,3.454422037,0.436604286
ENSG00000164649,9.313984234,7.633930285,15.19546442
ENSG00000164654,4.605845251,7.626434551,8.989378625
ENSG00000164663,1.449892987,1.342121883,0.625795634
ENSG00000164669,0.321693642,0.717059128,0.232544382
ENSG00000164674,1.11598828,1.171463325,0.842310944
ENSG00000164684,0.952861343,0.61248496,6.798860294
ENSG00000164687,2.38221602,1.981092822,13.91476338
ENSG00000164690,2.529602075,2.007790181,0.99839149
ENSG00000164695,3.97564382,2.976262648,6.38734436
ENSG00000164713,5.607570628,5.354676412,5.637589876
ENSG00000164715,8.475674634,10.69901705,11.51093469
ENSG00000164733,41.62253354,36.00220457,49.2638922
ENSG00000164749,5.620060155,4.984521188,2.300344374
ENSG00000164751,5.619271478,4.707616469,5.707021622
ENSG00000164754,14.18665588,9.91764121,26.99976807
ENSG00000164758,1.744361659,1.62132022,1.816348033
ENSG00000164761,2.239740156,3.724956071,2.67196621
ENSG00000164808,9.971081355,7.720023334,6.111990896
ENSG00000164815,1.931611131,2.946059912,7.131312423
ENSG00000164818,6.869647432,7.093224174,6.81500975
ENSG00000164823,4.068704791,3.351917392,10.66736023
ENSG00000164828,23.72198014,26.12575714,18.04261086
ENSG00000164830,6.295811148,4.977859929,8.855240548
ENSG00000164855,7.871773831,7.929212945,7.275903404
ENSG00000164877,11.01837271,9.845421991,6.137344464
ENSG00000164880,14.16251305,20.27738534,14.17486538
ENSG00000164885,1.39993341,1.17723119,4.054523253
ENSG00000164889,10.8336354,22.17917631,12.91968246
ENSG00000164896,7.423868856,10.75719296,4.961751761
ENSG00000164897,3.585308916,3.086127322,6.174137134
ENSG00000164902,5.666538125,7.782491366,7.601804009
ENSG00000164904,15.22840197,15.63226249,11.77293863
ENSG00000164916,4.72406463,4.381144801,5.871699376
ENSG00000164919,6.995018114,6.171491573,12.57970516
ENSG00000164924,77.75709667,66.36344863,95.4903479
ENSG00000164930,6.846670431,7.045607915,8.324884177
ENSG00000164941,9.854309441,12.85656586,9.868972014
ENSG00000164944,7.854070499,7.784390672,8.426295508
ENSG00000164946,0.553477776,0.46993721,3.083899653
ENSG00000164949,2.263783254,2.316758628,2.509803129
ENSG00000164951,5.929807892,3.972824323,9.776671717
ENSG00000164953,2.914254809,3.094789261,0.968126269
ENSG00000164961,7.995688415,6.749201097,6.775618551
ENSG00000164967,1.957790274,1.770656006,1.880025856
ENSG00000164970,5.880317538,5.557406368,3.750649577
ENSG00000164975,15.52750672,13.90643646,12.39305109
ENSG00000164976,6.149381169,4.678031775,7.680398213
ENSG00000164978,3.427125919,2.995696459,1.633845822
ENSG00000164983,4.019365841,2.942271407,3.213365921
ENSG00000164985,6.676867521,4.820478988,10.12871888
ENSG00000164989,1.143824614,0.903291899,0.645970733
ENSG00000165006,6.815562829,6.722627602,7.937598741
ENSG00000165025,5.953118918,5.852167669,16.9891141
ENSG00000165029,1.299894353,3.886772505,1.312376389
ENSG00000165030,6.727994886,4.849005378,4.045162552
ENSG00000165055,3.351335722,2.807915553,6.192214133
ENSG00000165091,1.233994203,1.135649079,1.882147626
ENSG00000165092,8.403737587,8.885789616,17.19593879
ENSG00000165097,12.90162301,10.77030959,7.921758053
ENSG00000165102,8.829672694,5.576742138,3.236270185
ENSG00000165105,11.20861596,11.09843267,15.19628528
ENSG00000165113,0.903947447,1.333469697,0.776932667
ENSG00000165115,2.441554645,2.552454133,0.762246995
ENSG00000165118,4.008670709,2.117166867,5.959874382
ENSG00000165119,39.56629933,29.49216934,56.14026796
ENSG00000165121,1.326700565,1.84957255,0.576961991
ENSG00000165138,11.10930074,9.882527948,3.696859593
ENSG00000165140,8.051284071,7.327132061,4.439147924
ENSG00000165171,0.601224169,0.511562424,0.303426533
ENSG00000165175,10.28736837,7.573961199,11.74158498
ENSG00000165185,5.071514891,4.051107344,3.358159654
ENSG00000165188,7.540634957,10.24200821,3.76579873
ENSG00000165195,3.221818216,3.291670228,9.231461737
ENSG00000165209,6.257048205,5.806172803,11.31524216
ENSG00000165215,34.70559589,26.87624815,19.58581987
ENSG00000165219,6.581956759,6.517491339,7.736077177
ENSG00000165233,3.46217467,4.493986912,2.59588797
ENSG00000165238,14.66812108,20.32213376,5.38009997
ENSG00000165244,1.555919063,0.467564939,9.468680608
ENSG00000165264,2.762497755,1.819084287,4.810429183
ENSG00000165269,0.578572852,0.562345674,0.222956698
ENSG00000165271,4.164213908,6.922775653,7.428682525
ENSG00000165280,24.17694524,20.73161406,35.92516712
ENSG00000165282,9.780157199,10.72138374,6.415199597
ENSG00000165283,10.03975781,9.133140344,13.73336105
ENSG00000165288,12.38241056,13.31273611,9.823450991
ENSG00000165304,4.996963796,1.497230738,19.13838397
ENSG00000165312,1.342609991,1.024026354,1.561070086
ENSG00000165322,14.68459066,13.86240613,6.78637493
ENSG00000165355,1.747608149,1.971206867,3.344036639
ENSG00000165359,4.238410414,4.683262121,3.304143458
ENSG00000165392,3.59838815,3.020421569,1.833117838
ENSG00000165406,3.549199469,4.065086894,1.222233987
ENSG00000165410,1.289172552,1.670687004,1.630844196
ENSG00000165416,4.911000908,5.290320623,6.976739278
ENSG00000165417,8.525229424,5.459194672,5.911730673
ENSG00000165434,13.51857292,21.96087023,6.713498272
ENSG00000165449,0.435191901,0.268975786,1.352307666
ENSG00000165458,16.1714301,24.65624694,11.38808696
ENSG00000165474,5.710310083,3.895668041,17.57579785
ENSG00000165475,4.562512816,1.698271285,1.843788407
ENSG00000165476,13.40936488,11.51109763,11.88008923
ENSG00000165480,2.60260154,0.792189975,10.12159459
ENSG00000165487,6.923771687,6.162973816,7.976132905
ENSG00000165494,10.33750395,10.81541062,5.10345817
ENSG00000165501,1.225653519,0.9128565,4.021121678
ENSG00000165502,10.68181982,8.578063503,10.63388481
ENSG00000165506,3.378850015,3.173694364,1.765762461
ENSG00000165516,4.740716966,4.056630952,2.623571097
ENSG00000165525,6.509467616,7.673535701,4.212412915
ENSG00000165526,5.447683198,6.291315368,4.544968766
ENSG00000165527,30.59337069,23.80067591,29.69032445
ENSG00000165533,3.63172696,3.890699241,3.363111021
ENSG00000165556,15.81008634,17.35598998,12.80063609
ENSG00000165572,1.324896257,1.147870452,1.748673004
ENSG00000165591,2.684945721,2.73390994,2.219090546
ENSG00000165609,3.961861759,3.702723244,4.05943576
ENSG00000165621,2.468124085,3.001364528,15.43695929
ENSG00000165626,1.96085258,2.155842758,1.851205973
ENSG00000165629,18.48845683,16.75671718,19.21774882
ENSG00000165630,1.154111121,1.889965103,1.996468364
ENSG00000165632,1.832596656,2.160527196,2.719286183
ENSG00000165637,23.45132817,15.34056351,16.22725769
ENSG00000165644,0.606060687,0.644287176,0.74494176
ENSG00000165646,1.720913121,2.849694609,1.916535168
ENSG00000165650,21.98247237,22.1699933,19.52858133
ENSG00000165660,4.661440192,3.727964373,5.37945954
ENSG00000165661,7.508047536,14.4365454,11.31508908
ENSG00000165669,6.091973081,6.047464012,4.145837089
ENSG00000165671,8.899340807,10.81352631,7.979128677
ENSG00000165672,20.21366914,12.74048717,19.17137904
ENSG00000165675,2.178314143,2.067371388,6.800639965
ENSG00000165678,21.14828353,16.73137072,42.6118811
ENSG00000165684,5.698531444,17.32939117,3.439565607
ENSG00000165688,7.371008687,8.538118901,8.622366519
ENSG00000165689,5.434630299,6.237615101,6.479937832
ENSG00000165698,1.263905705,1.176892199,0.477723498
ENSG00000165699,9.72069316,12.11223988,4.775799456
ENSG00000165704,4.102403693,2.439316312,13.5000707
ENSG00000165714,0.977618336,1.453996043,2.183141415
ENSG00000165724,3.197870244,2.456142148,5.512705918
ENSG00000165730,1.189692884,0.770883788,1.009724361
ENSG00000165732,16.85064722,14.22500168,28.49050153
ENSG00000165733,10.62083771,10.90828824,7.764187604
ENSG00000165752,2.331315745,1.877101408,0.703898582
ENSG00000165757,0.468175346,0.731182579,0.791206933
ENSG00000165775,2.447665606,1.993390103,8.422419448
ENSG00000165782,5.674915218,5.573498223,4.22963392
ENSG00000165792,6.18285922,9.268627896,4.423249549
ENSG00000165795,3.24335078,3.254074665,5.071676353
ENSG00000165801,5.507896766,9.211792376,3.142803748
ENSG00000165802,7.739785245,8.486230092,6.545622672
ENSG00000165804,2.204264142,3.848362472,0.979695017
ENSG00000165806,4.040511822,3.54976991,10.64335353
ENSG00000165813,10.21320619,10.49400065,6.436749638
ENSG00000165816,16.88242527,20.17782531,3.169328972
ENSG00000165819,10.93725872,10.38805242,3.870524985
ENSG00000165832,13.52797727,14.48948135,8.834888773
ENSG00000165861,4.359800913,5.115115309,1.734582435
ENSG00000165868,4.839606311,5.204680414,7.863024869
ENSG00000165879,0.243068933,0.223549903,0.400095308
ENSG00000165886,1.124048161,1.006270346,1.147753559
ENSG00000165891,2.90043007,1.636886315,13.53920172
ENSG00000165895,3.513659016,3.230395022,1.705507251
ENSG00000165898,2.299941991,1.796115577,1.823763208
ENSG00000165905,5.953811184,9.341250003,1.844215827
ENSG00000165912,2.790041898,2.380647205,1.270076628
ENSG00000165915,3.436868718,4.332652648,1.634865846
ENSG00000165916,6.264663902,6.002695147,21.60785526
ENSG00000165929,15.59582597,14.12130677,10.20256748
ENSG00000165934,7.291642828,5.112031675,9.250844744
ENSG00000165943,5.529052117,5.197235115,6.865117697
ENSG00000165948,2.726954592,1.723105923,1.609769698
ENSG00000165949,6.444046598,5.67466991,56.20163495
ENSG00000165959,21.49075468,19.07151233,3.630828797
ENSG00000165983,5.253281387,4.379055375,7.300584258
ENSG00000165985,0.976827781,0.857550388,1.596708188
ENSG00000165996,1.067025808,0.587383526,0.863275453
ENSG00000165997,8.916025867,10.63187614,13.36995291
ENSG00000166002,4.510101016,4.429749874,2.428778262
ENSG00000166004,3.99073004,5.395206655,4.661350916
ENSG00000166012,16.53349563,14.88472886,12.2537089
ENSG00000166016,5.836826768,8.258991584,3.128332356
ENSG00000166024,4.560504508,6.379749052,3.910423481
ENSG00000166037,4.573259445,4.040263453,3.545166041
ENSG00000166068,16.31167035,13.87609664,8.888038741
ENSG00000166123,8.22682858,8.812610823,15.8635214
ENSG00000166126,4.61542014,5.085418947,0.78675811
ENSG00000166128,6.748263673,6.409561937,5.770685717
ENSG00000166130,1.912935768,1.872195535,2.213603872
ENSG00000166133,1.33158419,1.253366722,2.205267113
ENSG00000166135,14.30290544,16.84658675,10.47329431
ENSG00000166140,6.450966136,6.344741848,3.254990339
ENSG00000166143,3.221460483,2.90192256,4.154940215
ENSG00000166145,33.7910017,31.10032932,29.57489611
ENSG00000166153,0.70034883,0.796924347,1.325585887
ENSG00000166164,7.574390893,7.921897013,15.23462412
ENSG00000166165,60.38692583,41.25698751,20.01603394
ENSG00000166166,2.018000641,1.801408457,3.162769842
ENSG00000166167,3.556579248,3.162261396,2.814300738
ENSG00000166171,7.289019966,7.015959909,4.185572002
ENSG00000166173,1.13231665,0.797815996,1.273830454
ENSG00000166181,9.884306301,9.39593745,17.04105895
ENSG00000166188,1.904633133,2.313136058,1.955304735
ENSG00000166189,3.220941052,3.466384492,2.612552735
ENSG00000166192,0.871851891,0.607091925,0.746992312
ENSG00000166197,13.34791463,10.82910015,25.52127639
ENSG00000166199,3.864053247,3.002111954,3.310079548
ENSG00000166200,11.71617437,8.220523324,12.49264335
ENSG00000166224,12.70658283,11.68477813,5.528388532
ENSG00000166225,4.247318868,4.776032843,7.579506102
ENSG00000166226,22.85555618,19.00976342,49.67030392
ENSG00000166228,9.375902281,6.797038934,6.322824468
ENSG00000166233,11.0787278,10.8372196,8.062395914
ENSG00000166260,5.02102601,3.822612357,7.832212708
ENSG00000166261,2.705578705,4.712235851,2.207506685
ENSG00000166262,0.652590197,0.775239743,0.439366917
ENSG00000166263,1.780665859,1.826875011,2.583074639
ENSG00000166266,6.415271651,5.590843167,5.783637682
ENSG00000166272,7.200751453,6.468581103,6.07742535
ENSG00000166278,0.320169739,0.595319941,0.325558911
ENSG00000166289,0.562092017,0.516954652,0.664996377
ENSG00000166295,14.12529766,11.61815985,9.293611799
ENSG00000166311,1.334847065,1.334866733,7.033605167
ENSG00000166321,2.056775563,2.977622615,0.334863111
ENSG00000166323,0.548695043,0.678752894,0.265132408
ENSG00000166326,11.96597409,12.00651423,19.88384535
ENSG00000166333,1.97377676,1.993946718,1.173024599
ENSG00000166340,5.459889602,4.981168121,3.160891611
ENSG00000166341,1.730993858,2.165233359,2.864212122
ENSG00000166347,8.951128216,7.912606969,11.7148808
ENSG00000166348,8.59054395,14.55204121,4.45508974
ENSG00000166352,1.424072918,1.491576125,1.368698413
ENSG00000166359,1.484254353,1.254966997,0.490669564
ENSG00000166377,3.037920177,3.080378675,1.91876268
ENSG00000166387,11.93127582,20.64565951,6.308611139
ENSG00000166394,5.560645675,3.623179016,1.743765346
ENSG00000166398,3.1864349,5.02572865,1.733060549
ENSG00000166401,2.744186404,2.216788013,3.543987627
ENSG00000166411,5.322001103,5.375842021,10.84720781
ENSG00000166435,1.66159001,2.013100766,0.575092778
ENSG00000166436,2.800312666,3.158087252,1.257408881
ENSG00000166441,50.35839382,38.51026393,38.18266858
ENSG00000166444,4.329049337,4.06813935,3.228892532
ENSG00000166446,2.777938248,2.839630969,0.769948205
ENSG00000166452,3.126077661,3.846200608,5.477245773
ENSG00000166471,11.63654453,12.02017738,8.647329739
ENSG00000166477,2.053576519,2.016990372,2.091140137
ENSG00000166478,2.698648912,2.941108972,3.866312407
ENSG00000166479,8.279845218,7.632332514,6.724802767
ENSG00000166483,4.475547541,3.744549233,7.272230084
ENSG00000166484,3.798533125,4.712213027,1.793849501
ENSG00000166508,10.1493454,7.23441613,31.33956082
ENSG00000166510,4.523129197,3.033323427,2.212500156
ENSG00000166526,8.042153979,12.26400298,8.866325525
ENSG00000166529,1.433780998,2.657501538,1.187445354
ENSG00000166548,1.329693064,1.750992587,1.037350621
ENSG00000166557,11.10240228,8.266773284,10.05767855
ENSG00000166562,3.86291434,4.585355192,4.831839212
ENSG00000166575,7.020630237,5.280984453,5.689479726
ENSG00000166578,1.658312149,3.047549594,1.653314844
ENSG00000166579,6.182613873,6.925019424,4.925899196
ENSG00000166582,1.513688217,0.991968345,0.65828009
ENSG00000166595,6.71637353,6.666893665,6.757454913
ENSG00000166598,54.55195959,42.95168687,76.17456296
ENSG00000166619,15.81666129,20.2174021,26.07960326
ENSG00000166669,0.191306764,0.239657549,2.345522649
ENSG00000166681,6.706044469,6.069874421,10.90952345
ENSG00000166685,7.175931258,6.634498087,3.564019464
ENSG00000166689,6.635446947,12.23092557,4.208819136
ENSG00000166710,96.41967228,72.78800081,9.507440708
ENSG00000166716,7.048977813,8.078553949,6.118381999
ENSG00000166734,8.3760826,7.548698451,7.136962515
ENSG00000166747,13.33571752,13.77909593,16.41348099
ENSG00000166750,1.413236938,2.84746281,30.88030096
ENSG00000166762,2.274044596,2.188971192,0.726625573
ENSG00000166780,1.711477847,1.606895369,0.297043224
ENSG00000166783,5.667527115,6.136129194,1.868474007
ENSG00000166788,3.127244795,2.85003805,3.589714117
ENSG00000166794,9.641683573,7.586787114,15.63397501
ENSG00000166797,4.818938124,3.807952707,10.5609021
ENSG00000166801,14.30314606,12.28607347,22.13419599
ENSG00000166813,2.963287226,4.067916838,1.431876393
ENSG00000166821,4.328272954,3.242802022,3.111024243
ENSG00000166833,3.431639352,3.214493405,4.939204217
ENSG00000166839,1.13752245,1.284996095,0.171220585
ENSG00000166845,2.331144709,0.697157944,2.311330709
ENSG00000166847,10.00965633,13.1901328,24.97954815
ENSG00000166848,3.97811344,4.978410288,8.943894583
ENSG00000166851,6.482570228,4.629287588,13.28107561
ENSG00000166855,6.860661181,6.243997166,9.292038319
ENSG00000166860,3.916545174,6.997425832,5.11341336
ENSG00000166866,0.548736147,0.730522122,0.509092359
ENSG00000166881,8.486152377,5.737344007,22.16163407
ENSG00000166886,3.592044391,4.495280053,4.168051707
ENSG00000166887,11.46240098,14.97532357,8.006869638
ENSG00000166888,26.8812194,38.93131589,14.85032169
ENSG00000166889,10.19684976,10.68147153,18.69270083
ENSG00000166896,1.259208832,0.919355435,2.488672819
ENSG00000166900,14.48122346,17.18045791,31.87478555
ENSG00000166902,5.013396871,3.89670416,8.219441655
ENSG00000166908,5.875795375,6.413169331,19.76920544
ENSG00000166912,6.097087798,4.874267701,1.999170334
ENSG00000166913,23.96848602,19.44930947,83.80686942
ENSG00000166925,9.890209778,11.13327913,7.895662245
ENSG00000166938,2.006007526,1.426528396,2.263364919
ENSG00000166949,18.91394181,17.23908128,5.053206458
ENSG00000166965,9.606660528,7.695991876,4.210821909
ENSG00000166971,4.330110476,4.065419633,6.87858637
ENSG00000166974,5.581203397,7.631031326,6.885672113
ENSG00000166986,13.18828377,7.525564202,15.29661369
ENSG00000166987,9.507978123,9.17952352,8.188791649
ENSG00000167004,56.13111298,46.35258703,76.34137015
ENSG00000167005,5.338320681,2.997539026,7.103397225
ENSG00000167074,7.353521219,6.110589925,5.076670845
ENSG00000167081,1.40961859,0.461825782,2.736021073
ENSG00000167088,5.152969523,3.700131317,9.413962188
ENSG00000167106,12.37491215,13.16820748,12.98899176
ENSG00000167107,5.031895212,4.444884318,1.868779035
ENSG00000167110,13.39139586,15.03120697,6.811276663
ENSG00000167112,1.380237635,1.972586874,2.276316448
ENSG00000167113,7.162429193,6.296714464,2.43313478
ENSG00000167114,1.155012829,1.969182911,2.913600523
ENSG00000167117,0.280570066,0.26213114,3.017286822
ENSG00000167118,5.625373024,5.225784476,6.485945859
ENSG00000167123,0.376876523,0.15117403,0.32432705
ENSG00000167130,2.331462367,1.876149442,4.722063866
ENSG00000167136,1.381137715,0.894934052,1.107387062
ENSG00000167173,9.299522011,8.119579318,6.782169633
ENSG00000167186,4.828499104,4.970939679,3.883808781
ENSG00000167191,6.011232361,3.55930693,1.836279275
ENSG00000167193,10.86905963,9.993780356,10.34142641
ENSG00000167196,5.244126195,7.769301905,5.233604526
ENSG00000167202,11.59674091,10.96338377,10.71323021
ENSG00000167232,5.934513519,7.896887769,3.218484348
ENSG00000167257,4.283137155,5.798878936,2.100763664
ENSG00000167258,11.53550199,11.58871307,16.75632631
ENSG00000167264,2.691142179,3.083198113,3.283728141
ENSG00000167272,2.735793531,2.867238223,3.422346647
ENSG00000167280,13.94534284,15.73590222,13.97513373
ENSG00000167291,19.78534077,20.43421392,8.471481032
ENSG00000167302,1.80806518,4.150954817,1.281378062
ENSG00000167306,15.15930663,13.22645608,9.169383735
ENSG00000167315,7.004372515,6.150151354,23.09342662
ENSG00000167323,8.725660943,7.729281473,14.24849934
ENSG00000167325,13.91176299,6.866192636,39.90045603
ENSG00000167333,4.919569724,7.204068842,11.06725516
ENSG00000167363,4.423162975,5.511068227,1.515537333
ENSG00000167378,1.492734003,2.606187801,0.5730305
ENSG00000167380,4.179119056,5.174276482,1.684562374
ENSG00000167384,2.659368315,3.042317261,5.225161794
ENSG00000167393,2.391693502,2.141736736,1.664065599
ENSG00000167394,1.038988677,1.659279298,2.755668895
ENSG00000167395,6.610042628,6.825658855,4.12930555
ENSG00000167460,62.99405495,41.45472959,62.97349909
ENSG00000167461,1.694749635,1.575868766,5.516784634
ENSG00000167468,8.416944254,5.650257686,11.24719408
ENSG00000167470,12.40472031,13.91529156,9.101079318
ENSG00000167487,2.622751786,3.033340534,2.196455964
ENSG00000167491,11.22374148,12.03176023,14.573803
ENSG00000167508,18.24915123,16.15670987,10.0153411
ENSG00000167513,4.662491126,0.627469295,10.5738026
ENSG00000167515,3.175139264,3.178651566,5.318019444
ENSG00000167522,16.30523156,16.07281983,12.16228581
ENSG00000167523,1.078217497,1.124872409,2.400534462
ENSG00000167526,79.76172775,57.38181963,41.47632923
ENSG00000167528,2.003404727,2.095428674,2.892734222
ENSG00000167535,6.219646124,8.70635485,4.291534242
ENSG00000167536,1.354574266,0.92491111,1.176760075
ENSG00000167548,6.300688739,10.91195896,8.222697665
ENSG00000167553,0.372908191,0.341128725,0.582971697
ENSG00000167565,2.449379661,1.819200507,3.260913154
ENSG00000167566,2.368439225,2.479945119,0.392261856
ENSG00000167588,0.299725469,0.189475836,0.411879449
ENSG00000167595,4.374411815,6.546303832,1.668703804
ENSG00000167600,31.64144916,27.92050336,21.90331066
ENSG00000167604,0.990269769,1.379818495,1.187264822
ENSG00000167608,23.01353231,30.35063448,5.455769301
ENSG00000167615,71.30723531,77.79130036,11.51397859
ENSG00000167617,8.758594699,8.612019567,2.650713792
ENSG00000167632,5.454809125,3.175874129,2.803083429
ENSG00000167637,4.184806725,5.360671867,1.591253846
ENSG00000167642,38.07292345,31.10692702,28.00046673
ENSG00000167645,3.598103948,2.553000187,3.011515767
ENSG00000167657,4.710662437,5.796274712,5.366122933
ENSG00000167658,345.0788534,227.9909048,153.5908411
ENSG00000167670,4.783577004,2.418375722,11.63726297
ENSG00000167671,7.120629284,6.894472275,3.84860227
ENSG00000167674,5.907121614,5.60534416,5.20449557
ENSG00000167685,4.373685255,7.497748298,2.240089047
ENSG00000167695,7.197181744,7.157015462,7.301936653
ENSG00000167699,11.20042046,9.812501514,9.635192354
ENSG00000167700,2.42872163,1.450738295,1.039986528
ENSG00000167702,10.99704699,11.45208628,3.198706776
ENSG00000167703,6.19970201,9.11166757,4.050092392
ENSG00000167705,3.279269917,3.154210425,0.669463288
ENSG00000167716,0.343388623,0.810554257,0.286817082
ENSG00000167720,2.411792981,1.899362284,1.60734367
ENSG00000167721,8.795034175,9.056101692,10.80618175
ENSG00000167740,5.36082452,3.909010375,0.851025967
ENSG00000167741,3.477860909,4.468840533,6.013746216
ENSG00000167747,8.746896038,8.377486615,15.48266846
ENSG00000167748,4.83339623,3.832493707,7.070393947
ENSG00000167755,14.64463356,13.59257354,6.503331865
ENSG00000167770,10.43816483,11.3109206,9.139595258
ENSG00000167772,14.50402849,7.708313567,2.269368809
ENSG00000167775,6.764771173,5.055004091,9.907372713
ENSG00000167778,4.291810392,3.989749081,7.336366723
ENSG00000167785,6.692244057,6.679847189,2.724588246
ENSG00000167792,16.84896027,16.41325521,17.24395546
ENSG00000167797,4.836469362,2.960464579,3.251489556
ENSG00000167799,0.64784552,0.346610345,0.922470059
ENSG00000167840,1.593984392,1.480421262,2.569973631
ENSG00000167842,2.448847632,1.902129788,5.050473288
ENSG00000167861,7.269060384,13.76752765,2.639442233
ENSG00000167862,2.668475658,2.802598884,4.557586807
ENSG00000167880,8.417583945,9.381033011,4.938383688
ENSG00000167881,11.14939463,10.93969222,14.76012344
ENSG00000167900,9.800776994,4.592646294,22.65203507
ENSG00000167904,5.901119753,6.970785971,5.591036506
ENSG00000167914,0.863090434,0.414263417,2.964916285
ENSG00000167920,0.897828266,1.278730203,1.360782931
ENSG00000167925,5.027465751,4.74829335,3.071306791
ENSG00000167930,18.89178619,14.59046315,7.341025696
ENSG00000167962,8.801570608,19.26095988,8.882860176
ENSG00000167964,3.824900839,3.530478504,0.638953549
ENSG00000167965,4.681247711,4.640750499,4.402632522
ENSG00000167967,4.013373836,5.424396634,2.594127984
ENSG00000167969,5.672583199,4.408304291,3.16282551
ENSG00000167972,2.660728165,0.993699511,0.228235673
ENSG00000167977,9.96990251,10.98060105,17.80664421
ENSG00000167978,115.5375861,114.9685044,54.08579387
ENSG00000167986,22.09298357,20.56804891,20.48471494
ENSG00000167987,4.249123463,4.408394092,3.418126878
ENSG00000167996,66.30753794,53.56326025,53.11023882
ENSG00000168002,5.214523808,5.017420327,8.34277327
ENSG00000168003,15.94257182,12.60479062,24.6622902
ENSG00000168005,4.705865852,4.607761484,5.907808234
ENSG00000168010,11.43736627,6.245699568,1.95560884
ENSG00000168014,4.488106575,5.457034488,4.898531616
ENSG00000168016,1.258808758,2.005998653,1.882414506
ENSG00000168026,1.469183529,2.036037254,0.541671092
ENSG00000168028,86.32725486,69.28580792,70.11990612
ENSG00000168036,60.51929363,61.03157035,71.0424803
ENSG00000168038,0.815166453,1.0847013,0.765980884
ENSG00000168040,2.882901006,2.21441932,3.034229566
ENSG00000168056,8.500858668,9.388637449,2.038771305
ENSG00000168061,0.919011845,0.765631207,1.02136442
ENSG00000168062,2.806920359,3.291155793,4.130099237
ENSG00000168066,24.09342204,26.15193487,19.64805753
ENSG00000168067,1.41907515,1.376964143,1.864841333
ENSG00000168071,3.506895999,6.345820589,2.070529611
ENSG00000168078,4.518327399,1.306592421,22.74581012
ENSG00000168090,9.336868536,7.706338598,17.66008767
ENSG00000168092,10.23608718,10.14602285,15.66217708
ENSG00000168096,3.331483232,5.59924312,1.39984349
ENSG00000168101,2.809137183,3.900499403,5.060049244
ENSG00000168116,1.895328299,2.520302429,5.904334699
ENSG00000168118,7.923799241,5.45039282,7.057121667
ENSG00000168137,19.46041838,26.3832508,9.125157681
ENSG00000168143,5.410069375,5.404792209,1.371913268
ENSG00000168152,0.292291215,0.75758227,0.538582592
ENSG00000168159,8.732846626,7.137101134,13.41060459
ENSG00000168172,2.861862561,4.725147351,3.298271828
ENSG00000168175,12.19234828,11.26869953,9.842683088
ENSG00000168209,50.38535528,33.73032379,12.12866448
ENSG00000168214,14.47427946,13.80955846,10.4021866
ENSG00000168216,7.950226983,7.238323693,5.077048805
ENSG00000168228,3.796772004,4.529507838,3.244020971
ENSG00000168234,1.697107282,2.137967836,1.392943131
ENSG00000168246,4.380502146,4.448343259,5.117760563
ENSG00000168256,6.030348587,5.253476814,6.270049366
ENSG00000168259,7.559469379,8.138834926,11.20910815
ENSG00000168264,24.41371023,22.47901778,13.1376848
ENSG00000168268,4.028632819,1.774795305,4.537420658
ENSG00000168273,1.314741865,1.177037307,1.714977096
ENSG00000168275,1.523011193,1.432409656,2.520783666
ENSG00000168283,3.695718248,3.434115845,4.856591659
ENSG00000168288,10.81825264,10.05018518,17.13447553
ENSG00000168291,6.148874154,5.049009744,5.079885701
ENSG00000168297,2.502399241,3.587176974,4.933965556
ENSG00000168300,10.90313106,10.19378205,7.412659491
ENSG00000168301,1.656557824,1.932115807,1.389238787
ENSG00000168303,2.775851315,2.080195004,5.433457063
ENSG00000168306,5.36196081,5.056733168,3.598195347
ENSG00000168310,5.783259212,4.407752488,5.083720899
ENSG00000168350,2.017156928,1.439080333,2.209322544
ENSG00000168374,15.74534091,11.94452542,18.75668092
ENSG00000168385,25.79629389,20.34615954,25.07660277
ENSG00000168389,0.856405742,1.041898388,6.032198903
ENSG00000168393,4.086731782,3.26026365,9.640614873
ENSG00000168395,5.998588574,5.006851435,2.936215177
ENSG00000168397,10.27472655,8.723057822,8.075126371
ENSG00000168404,2.757850751,1.965701156,3.576720888
ENSG00000168411,5.829380432,4.558074161,18.7078475
ENSG00000168434,5.05304218,9.295713309,2.51590967
ENSG00000168438,6.996022202,5.930170459,5.297061155
ENSG00000168439,11.92193512,12.2890772,26.98984464
ENSG00000168453,1.363400928,2.126004764,8.195398369
ENSG00000168476,5.383440776,4.141266592,6.078050389
ENSG00000168487,3.875792327,3.840952829,1.471488689
ENSG00000168488,9.860716417,8.37853957,7.387034052
ENSG00000168495,3.781320241,3.578036658,3.296611842
ENSG00000168502,12.20115823,14.8397423,2.234470926
ENSG00000168517,0.625464009,0.463178423,0.506591004
ENSG00000168522,4.005232035,3.591427487,5.720033712
ENSG00000168528,36.01984646,31.70797719,19.03329809
ENSG00000168538,10.94048704,10.76023121,6.992028808
ENSG00000168556,2.065695093,1.619786038,4.773784908
ENSG00000168564,4.512472457,4.023692012,9.214521107
ENSG00000168566,7.270552077,8.52235821,8.048353167
ENSG00000168569,1.891992031,1.230613088,0.948286789
ENSG00000168575,7.416033816,7.289377723,6.810921417
ENSG00000168591,7.949338296,10.0963752,3.742888598
ENSG00000168610,24.29865301,23.2823595,15.35301521
ENSG00000168612,2.579542298,2.307433941,3.451143036
ENSG00000168615,65.37341331,48.65100601,42.01190665
ENSG00000168646,7.952790673,8.974603934,35.54259236
ENSG00000168653,8.408986289,7.961371218,19.55447529
ENSG00000168661,0.855293688,1.442121105,1.847772857
ENSG00000168672,13.63323476,15.00219903,11.64024028
ENSG00000168675,1.120633724,1.452271223,0.152936108
ENSG00000168701,2.215117683,1.746765869,6.51453498
ENSG00000168710,26.17215423,22.54963967,28.04035867
ENSG00000168724,8.637065336,9.515330452,9.961531634
ENSG00000168743,24.36400698,16.7606664,23.54273553
ENSG00000168758,9.038071859,11.1774402,2.392520741
ENSG00000168763,3.38408336,3.529120995,1.308165886
ENSG00000168765,4.210940487,3.499893518,6.003903766
ENSG00000168769,8.058047111,10.94521845,2.78792427
ENSG00000168778,5.267402032,4.904277162,2.446392952
ENSG00000168781,4.848083257,6.008054135,1.607733969
ENSG00000168785,10.29750334,8.450745978,9.245648948
ENSG00000168795,4.580351911,5.029113543,3.205205385
ENSG00000168803,1.216588433,1.88698129,2.057054472
ENSG00000168806,1.659547537,1.297610842,4.109861456
ENSG00000168807,0.93321419,1.015428899,1.254107392
ENSG00000168813,4.979900318,6.463492261,4.817037977
ENSG00000168818,5.569428799,6.406492821,5.446205124
ENSG00000168826,1.341670038,1.526681382,1.461051807
ENSG00000168827,3.146907302,2.95037563,9.133035293
ENSG00000168852,1.940400233,1.970654578,0.65671101
ENSG00000168872,1.333893684,0.942013208,2.270390363
ENSG00000168876,3.13126282,4.636148688,4.336620243
ENSG00000168883,6.102979666,6.181296026,11.31391338
ENSG00000168884,3.733893934,6.167634577,5.024311902
ENSG00000168890,1.208830526,1.120394116,0.78078961
ENSG00000168894,3.687885372,3.094054136,3.090988913
ENSG00000168899,1.163010477,0.682500609,0.381010587
ENSG00000168903,0.670603847,0.632044107,0.765911311
ENSG00000168904,1.583502306,1.472697852,2.838581945
ENSG00000168906,29.64037978,29.41033374,21.00047235
ENSG00000168907,3.005078936,5.961296296,7.083008842
ENSG00000168916,6.504785946,5.062865516,1.41162669
ENSG00000168918,6.384657602,15.6108612,14.55777851
ENSG00000168924,3.698977724,4.756957753,11.61103969
ENSG00000168939,0.701696061,0.860638807,0.812541043
ENSG00000168944,5.418515198,6.516313126,4.922465978
ENSG00000168952,3.955586776,2.41496662,3.917787725
ENSG00000168958,8.657906993,8.846482027,9.46659952
ENSG00000168961,14.36835134,19.43611274,15.77981199
ENSG00000169016,2.622946181,2.894346362,5.641072567
ENSG00000169018,8.549319134,7.680286044,8.364793344
ENSG00000169019,2.634597658,2.239763614,4.047965302
ENSG00000169020,1.623845454,1.335119192,1.919194452
ENSG00000169021,6.628426479,4.770889631,17.63828041
ENSG00000169032,7.139514339,5.404684926,7.302135842
ENSG00000169045,57.83545669,103.7733903,45.02418889
ENSG00000169047,14.46195908,10.64056383,3.287726402
ENSG00000169057,5.708726343,6.135942904,7.804288619
ENSG00000169062,8.030609476,9.078275375,7.201907114
ENSG00000169084,4.92108721,5.358858156,6.671712746
ENSG00000169087,0.447152643,0.898788193,0.582056889
ENSG00000169093,4.230509081,3.799482812,3.772112554
ENSG00000169100,55.09014389,33.02206226,31.67737942
ENSG00000169105,2.185096566,1.69670881,1.756551224
ENSG00000169116,14.93142524,13.04092156,39.64971725
ENSG00000169118,4.496194097,5.454297738,3.09188315
ENSG00000169129,2.807094526,3.175601958,1.418319055
ENSG00000169139,6.644775099,5.573775273,14.29822531
ENSG00000169155,3.704142479,2.899027052,4.323744227
ENSG00000169174,25.02800172,12.86593538,5.273631234
ENSG00000169180,14.40186811,23.22154206,19.58184605
ENSG00000169188,4.675190341,4.176212787,15.92165355
ENSG00000169189,4.471967964,4.394945593,5.743895713
ENSG00000169193,0.731348394,0.703192935,2.365823057
ENSG00000169217,7.671949263,8.942285176,13.04589195
ENSG00000169220,2.68872739,5.342781241,2.94209891
ENSG00000169221,6.82227269,5.755574969,10.55092656
ENSG00000169223,20.16475398,18.06796732,19.39321707
ENSG00000169231,6.841715337,6.834902479,0.310695464
ENSG00000169239,1.893341871,1.905749638,1.54373719
ENSG00000169241,10.04346169,5.965798849,5.841577447
ENSG00000169242,9.405137404,8.20246032,4.036043806
ENSG00000169246,0.936151522,1.370072339,0.463272349
ENSG00000169247,6.996931996,9.703730984,6.584956431
ENSG00000169249,4.271497265,6.745917965,6.103174245
ENSG00000169251,10.06590535,5.617942945,9.164454886
ENSG00000169258,0.954968345,0.425122644,4.068473061
ENSG00000169288,4.282528717,3.008022461,6.219173194
ENSG00000169299,7.247054594,3.358847715,9.549743837
ENSG00000169330,1.104029998,0.975513977,0.986925528
ENSG00000169371,2.389572638,1.889920191,2.372135594
ENSG00000169372,0.88078423,0.630075586,1.183507638
ENSG00000169375,9.51821592,9.143547486,8.5934044
ENSG00000169379,1.141562482,1.002169848,1.573687543
ENSG00000169398,12.98268734,11.69764318,8.197183011
ENSG00000169410,4.940868423,4.204992316,5.294611644
ENSG00000169413,0.784017804,0.693879639,3.943649047
ENSG00000169435,19.2783356,30.91844626,8.489778131
ENSG00000169446,5.005287149,3.475776127,13.98428102
ENSG00000169490,5.172674801,4.934717981,9.904504119
ENSG00000169499,7.508241668,6.719093985,4.001410963
ENSG00000169504,17.70611753,11.20828005,16.87812903
ENSG00000169519,5.661318471,4.091936732,4.221970878
ENSG00000169562,2.014084929,1.610228287,7.312682619
ENSG00000169567,13.3494929,10.32235849,19.41750794
ENSG00000169570,2.699005118,1.987148964,2.050469735
ENSG00000169592,8.354741874,7.544981971,4.934180043
ENSG00000169598,2.305117219,3.387757492,1.882236776
ENSG00000169599,2.47164024,2.277947677,3.07136157
ENSG00000169607,3.899516995,1.35799709,10.99349827
ENSG00000169621,0.876658809,0.823089228,0.884386154
ENSG00000169629,0.742186863,0.824423793,1.219337582
ENSG00000169635,1.97625297,2.019124684,1.412195972
ENSG00000169641,6.674966693,6.872621339,7.328855944
ENSG00000169660,6.479199315,5.026558272,1.417371987
ENSG00000169679,6.837017075,2.052889037,13.71010632
ENSG00000169683,2.672279028,4.455419708,3.146700463
ENSG00000169684,1.166983675,0.805753779,2.44045415
ENSG00000169689,3.997519413,3.575482705,10.62392634
ENSG00000169692,8.722002659,6.948421906,5.149238855
ENSG00000169696,1.874981141,2.645690987,2.164537668
ENSG00000169710,66.01834107,60.89157668,33.23935315
ENSG00000169714,24.10385064,20.23096577,28.42502026
ENSG00000169718,12.2100256,17.17763211,12.92985257
ENSG00000169727,5.587841221,5.313766084,8.065686619
ENSG00000169733,3.459010408,4.435687173,1.073407137
ENSG00000169738,7.7414805,5.07909741,6.466110686
ENSG00000169750,1.25716637,1.008998752,0.493569034
ENSG00000169756,7.236930792,5.747933585,10.21375419
ENSG00000169762,3.958559418,3.56202802,4.096630525
ENSG00000169764,16.54477206,12.06399974,22.58367227
ENSG00000169813,21.13816281,17.79870118,36.00393864
ENSG00000169814,2.710657367,2.662448446,2.33394084
ENSG00000169826,2.155291762,3.060194888,1.214055244
ENSG00000169857,0.76198519,0.406068661,1.620059582
ENSG00000169860,1.365776203,1.170301782,1.800979502
ENSG00000169871,14.42781864,16.42205169,18.061152
ENSG00000169891,2.134913822,1.439063067,4.820834872
ENSG00000169894,2.014467421,1.589709462,0.245253684
ENSG00000169895,15.34050666,13.16095125,40.63953897
ENSG00000169902,0.705008378,0.575259076,1.101059229
ENSG00000169905,9.563226976,9.260008038,9.941992096
ENSG00000169908,17.27641218,12.27492757,11.91216636
ENSG00000169914,8.728841219,12.76276375,4.835433052
ENSG00000169918,0.557481768,0.734114112,0.105144395
ENSG00000169919,12.77270992,12.15878387,16.82353924
ENSG00000169925,4.218710453,7.585848256,3.213051731
ENSG00000169926,14.19286821,12.7056467,10.75562752
ENSG00000169951,1.903185267,3.223036571,1.289679477
ENSG00000169957,5.168929162,5.320687343,4.549190244
ENSG00000169967,0.730874688,0.741948179,0.2719352
ENSG00000169972,0.627168316,0.60074372,0.90585932
ENSG00000169976,6.578880154,4.658065883,6.836529339
ENSG00000169989,1.53862927,1.39734717,0.734107372
ENSG00000169991,13.31197973,20.7513968,8.838926709
ENSG00000169992,8.279382381,7.25378825,2.700634782
ENSG00000169994,30.5754634,39.78008565,7.64191434
ENSG00000170004,20.72854842,28.6882108,11.82420738
ENSG00000170006,1.493152024,1.351676516,6.827715963
ENSG00000170017,21.83188182,22.13697235,20.52649876
ENSG00000170027,27.20766664,23.09688804,61.16831991
ENSG00000170035,5.57105118,5.340311125,7.633207862
ENSG00000170037,10.50006431,11.35103445,3.557018568
ENSG00000170043,5.954645918,4.714183846,5.972951971
ENSG00000170085,4.02004578,4.157921655,3.403984548
ENSG00000170088,3.562425106,3.120297632,9.094481953
ENSG00000170089,3.062144137,2.031111091,3.234216682
ENSG00000170100,1.373189395,1.792557123,1.587634775
ENSG00000170113,7.275039076,7.386212312,13.19874513
ENSG00000170142,3.065781998,2.613856407,3.609943792
ENSG00000170144,37.72443557,28.41751363,44.83356464
ENSG00000170145,6.546060784,8.125051421,6.339825221
ENSG00000170175,9.778399147,9.561485569,2.810398194
ENSG00000170185,4.508150594,5.183996027,10.42852799
ENSG00000170190,11.73086237,11.34400514,3.645141677
ENSG00000170191,2.285451809,1.907400885,9.38779607
ENSG00000170234,5.475461691,5.875714844,5.813601443
ENSG00000170242,9.918031162,12.99411814,14.95799765
ENSG00000170248,25.82414606,20.7925239,22.11344371
ENSG00000170260,1.841009082,2.81155742,1.94981275
ENSG00000170264,1.170175012,0.551444958,1.394739386
ENSG00000170265,4.2310799,5.930375522,5.959059807
ENSG00000170266,16.93648863,13.96731005,16.15641065
ENSG00000170271,1.836576231,3.415774741,4.778827844
ENSG00000170275,13.58718843,8.75812665,17.57503781
ENSG00000170293,2.807303626,2.656526066,1.743309454
ENSG00000170310,2.813357564,1.925558987,1.831993183
ENSG00000170312,9.872762266,3.744726576,28.49009529
ENSG00000170315,18.44680796,15.28346934,67.28860798
ENSG00000170322,9.650479234,9.871980432,4.615651203
ENSG00000170325,2.7443748,2.287622504,2.125753043
ENSG00000170340,7.404869385,6.04874212,11.29134958
ENSG00000170345,9.146315986,4.924548636,1.887560036
ENSG00000170348,8.845221809,6.251732639,4.069529741
ENSG00000170365,2.571494206,2.631373207,3.216455028
ENSG00000170385,11.70518737,12.25982549,14.68829109
ENSG00000170412,6.44190382,5.779595411,4.384776672
ENSG00000170417,3.770384286,3.699208724,5.530063104
ENSG00000170421,172.7679882,142.0831688,235.6919276
ENSG00000170425,15.67365963,15.01364014,8.153557116
ENSG00000170430,2.862413146,2.165082739,1.112965005
ENSG00000170439,1.445461785,0.940202598,7.677117001
ENSG00000170445,8.148435248,10.13554656,10.13984182
ENSG00000170448,0.848778277,1.331534842,0.736083045
ENSG00000170456,0.887207052,0.904594408,0.61027167
ENSG00000170458,0.377551112,0.418114247,0.525412041
ENSG00000170464,1.186595529,1.156717308,0.491169512
ENSG00000170469,0.892859373,1.055265997,0.463188049
ENSG00000170471,9.414136402,10.97182967,13.19114559
ENSG00000170473,3.748579385,2.665111331,4.001538265
ENSG00000170485,3.746380119,5.542518496,4.15881752
ENSG00000170502,3.293689686,2.093939851,5.336458945
ENSG00000170522,12.63139927,6.464529494,8.238853216
ENSG00000170525,46.33447865,69.27197743,8.794875247
ENSG00000170537,1.437291286,1.936815535,1.122274002
ENSG00000170542,3.071327089,2.384256035,3.249014371
ENSG00000170579,1.407736911,1.137860922,0.439692527
ENSG00000170581,8.048906862,7.889834603,6.411227201
ENSG00000170584,5.102999226,4.524799064,4.860524245
ENSG00000170604,4.406910282,4.127587475,4.34619006
ENSG00000170606,10.0931841,9.026433294,29.2842686
ENSG00000170608,3.948849075,3.685476652,4.445126373
ENSG00000170619,1.647022536,1.460832231,2.769437603
ENSG00000170629,0.682646674,0.558737304,3.389730726
ENSG00000170631,1.396301287,0.928886495,1.316115431
ENSG00000170632,8.788265714,6.916521676,8.654066683
ENSG00000170633,4.195381986,5.119466393,12.82630683
ENSG00000170634,1.902008767,1.236405043,0.923198161
ENSG00000170638,7.180215755,11.23648061,4.810589484
ENSG00000170677,8.20056006,6.746360598,5.832473837
ENSG00000170684,0.50713235,0.292094138,0.838612443
ENSG00000170703,2.052913341,1.751008685,0.25609249
ENSG00000170734,4.613205777,5.846549136,2.145533725
ENSG00000170745,2.07482791,1.647677053,2.429531454
ENSG00000170759,43.01246452,39.79963727,51.8774856
ENSG00000170776,7.055018927,14.89948096,3.268668977
ENSG00000170779,4.034784011,2.174231947,5.602200475
ENSG00000170791,4.011243556,3.543941007,8.834328389
ENSG00000170802,3.596231551,2.6090784,5.522083263
ENSG00000170832,6.528596624,6.200928186,7.177403301
ENSG00000170836,2.108098651,3.108415748,3.352704452
ENSG00000170846,3.15197936,2.050965511,3.709723048
ENSG00000170852,5.264169511,4.881211479,11.13067517
ENSG00000170854,2.590041045,2.826552604,3.989371109
ENSG00000170860,3.972888255,2.805784588,12.42273992
ENSG00000170871,12.23310146,10.71941063,13.19817715
ENSG00000170876,5.041318978,6.030677648,4.280329969
ENSG00000170881,4.737407437,3.604598947,6.206195081
ENSG00000170889,64.8552228,39.27464852,29.84941648
ENSG00000170892,6.850987464,4.84014094,7.330790622
ENSG00000170899,5.522490242,8.068749053,2.252329835
ENSG00000170903,3.176771319,3.997723625,4.887868426
ENSG00000170906,3.326164786,3.268953868,2.269760713
ENSG00000170917,1.494685371,1.115624732,0.623503431
ENSG00000170919,4.622263366,4.938987042,0.640366817
ENSG00000170946,3.172708532,2.824512308,3.929991358
ENSG00000170949,8.018249552,10.4908905,2.93052637
ENSG00000171017,0.600081723,0.666572902,0.804991769
ENSG00000171044,4.546389719,5.547047682,2.861563793
ENSG00000171045,3.812422894,5.265288454,0.870313536
ENSG00000171055,6.855251404,6.077179782,3.885738335
ENSG00000171067,5.275416783,4.827428923,5.58591929
ENSG00000171100,3.006531814,3.100787277,5.133734508
ENSG00000171103,3.211447691,2.664065708,3.393794301
ENSG00000171105,8.15054546,10.00438595,2.925461127
ENSG00000171109,7.748036405,9.173047685,10.30491215
ENSG00000171119,0.970416604,0.914617622,0.168807796
ENSG00000171121,0.291228526,0.467274422,0.368560753
ENSG00000171124,20.23595905,17.54713438,21.85988786
ENSG00000171132,1.502799936,1.694925627,1.530711025
ENSG00000171135,3.669411613,2.958213357,4.179835026
ENSG00000171148,5.789455019,5.169977097,3.525471768
ENSG00000171155,4.502709219,3.384433142,14.12050986
ENSG00000171159,1.334153806,1.595981442,1.013053368
ENSG00000171161,4.728995909,5.57134814,6.276343084
ENSG00000171163,9.829261995,10.65369103,2.567636859
ENSG00000171169,1.473951068,1.535609502,1.459355034
ENSG00000171202,2.078422415,2.013139035,4.13606829
ENSG00000171204,2.993686113,3.837551566,5.398418527
ENSG00000171206,7.394320357,8.995281513,5.592025479
ENSG00000171208,2.316551421,1.749375213,26.86985879
ENSG00000171219,13.00773534,21.70197539,7.985123933
ENSG00000171222,3.44523532,2.86288998,5.491476164
ENSG00000171224,1.699132971,2.009937795,1.785263404
ENSG00000171234,0.112739307,0.224773987,6.075358139
ENSG00000171241,2.133661351,0.938893069,16.28359248
ENSG00000171262,6.289926424,4.986021225,8.077259088
ENSG00000171295,2.413066628,4.874039029,3.537565853
ENSG00000171298,22.19276506,17.35638115,6.165211851
ENSG00000171302,53.88128016,51.28591301,25.14515932
ENSG00000171307,4.569211418,5.576252206,4.668553276
ENSG00000171311,2.438545548,2.154302519,2.138475956
ENSG00000171314,40.46242093,33.37824251,53.87563276
ENSG00000171316,6.4238559,11.02664762,5.547223207
ENSG00000171320,2.694204646,0.986964826,15.23446447
ENSG00000171345,157.7406385,141.1827289,71.47760462
ENSG00000171346,9.175266221,13.91681153,5.975510249
ENSG00000171365,2.445795013,1.804655156,10.11447807
ENSG00000171368,1.104927169,2.279611085,1.559862037
ENSG00000171421,1.443996209,1.302168875,4.187766773
ENSG00000171428,0.94267578,0.76238237,3.910502131
ENSG00000171431,8.625634077,4.867436529,46.78668843
ENSG00000171435,0.344910398,0.379257714,1.266635511
ENSG00000171443,1.952274307,1.750043483,0.930152373
ENSG00000171448,3.204795994,3.320290161,2.274362782
ENSG00000171453,3.106882171,3.63371654,4.364873259
ENSG00000171456,9.927403521,7.84629522,8.72553681
ENSG00000171467,6.39025921,5.62069315,6.11795165
ENSG00000171469,7.03972328,7.315206616,5.549629344
ENSG00000171475,9.981869995,10.08933741,9.850640108
ENSG00000171490,16.61445705,14.36965656,40.92156452
ENSG00000171492,3.343572064,3.368208811,7.986586114
ENSG00000171497,4.10355766,5.002383194,13.26904584
ENSG00000171503,4.502130414,3.672425311,5.502954581
ENSG00000171530,6.775561072,5.937428024,11.63304997
ENSG00000171552,16.97524542,18.78052727,19.61198814
ENSG00000171566,8.550217861,7.24622323,13.02758853
ENSG00000171574,1.76354818,1.481308987,3.081175187
ENSG00000171603,56.57540217,56.35184842,31.80444125
ENSG00000171604,2.379247377,1.522738371,7.873652904
ENSG00000171606,3.8348793,5.121172317,2.739701383
ENSG00000171612,0.84763715,0.817477013,5.064222049
ENSG00000171617,23.46708991,29.53481592,33.36318777
ENSG00000171621,1.899560126,1.068132286,2.402661592
ENSG00000171634,13.98850619,15.4584619,8.211002724
ENSG00000171680,3.556056677,4.180674639,1.569044905
ENSG00000171681,8.961194925,7.695553118,10.3598385
ENSG00000171720,7.823021995,9.085256168,4.683471482
ENSG00000171723,5.795496863,3.521313672,2.152229353
ENSG00000171729,7.229039763,7.355405625,6.843529672
ENSG00000171735,3.306218516,2.484959972,3.344341826
ENSG00000171747,81.1601878,63.07914927,34.53393769
ENSG00000171763,2.625729217,4.898213495,5.957192789
ENSG00000171766,3.663106194,2.166278859,7.065444931
ENSG00000171793,3.190174454,2.7217255,19.99466315
ENSG00000171813,2.806074625,3.017380315,2.052819209
ENSG00000171824,11.24312055,12.21607093,7.934250872
ENSG00000171843,7.632769106,7.043495269,5.162201569
ENSG00000171848,14.44900757,2.609653003,103.872533
ENSG00000171853,8.47516942,9.681985438,3.6780756
ENSG00000171858,17.87816402,12.04458087,22.05421017
ENSG00000171861,2.387209429,2.679493711,3.473774497
ENSG00000171862,24.84991249,24.56533768,9.673975301
ENSG00000171863,32.23098276,23.20518777,40.8393859
ENSG00000171867,7.242828097,5.770237044,20.27956276
ENSG00000171877,6.696665307,8.75256393,3.579713862
ENSG00000171903,4.164216428,3.836815256,1.53945143
ENSG00000171914,4.70881067,3.098768857,1.41295929
ENSG00000171928,8.52910632,7.338659654,6.532200127
ENSG00000171940,10.55918862,9.966727945,6.072087551
ENSG00000171953,3.208111404,2.868926236,1.821533235
ENSG00000171984,1.039435158,1.072136233,1.676252318
ENSG00000171988,12.35568338,18.94440783,4.527591806
ENSG00000171992,5.06233427,2.958642713,2.467997379
ENSG00000172006,1.998978754,2.35157069,1.317354411
ENSG00000172007,4.103122081,3.415881979,3.343759596
ENSG00000172009,8.440509473,14.3578167,9.588421384
ENSG00000172031,0.922178475,0.816893977,4.554161368
ENSG00000172037,18.15575498,26.25910603,7.870570074
ENSG00000172046,10.82153068,15.98821492,5.920932831
ENSG00000172053,22.68244737,27.76616237,12.90507716
ENSG00000172057,9.828232721,11.22607364,13.70621986
ENSG00000172059,2.52071695,2.424092521,10.11249963
ENSG00000172062,1.978856506,5.481563766,2.743480386
ENSG00000172071,3.329912798,3.224231585,2.902854726
ENSG00000172081,5.329260723,6.180213523,3.669124712
ENSG00000172086,8.612728176,8.241786446,9.453577257
ENSG00000172115,13.36642794,10.29332022,103.4241531
ENSG00000172139,1.620771008,2.739675476,0.440104851
ENSG00000172159,5.747688283,4.645579024,1.160415847
ENSG00000172164,8.201896587,7.06492837,8.054857706
ENSG00000172167,3.124200929,3.172358654,4.040103305
ENSG00000172171,1.417641144,1.681074491,2.689007331
ENSG00000172172,3.575812615,3.208174285,8.845272964
ENSG00000172183,1.490045396,1.139916237,3.714725079
ENSG00000172197,5.679816839,4.706519207,2.924033828
ENSG00000172201,0.970765805,0.818491515,0.447603361
ENSG00000172216,3.093861758,2.110597049,4.370306203
ENSG00000172239,11.42661557,12.85253378,13.79750438
ENSG00000172262,4.424739114,4.970645205,4.133768284
ENSG00000172264,0.478612291,0.483431392,1.09988361
ENSG00000172269,3.363045291,2.891799675,4.332010838
ENSG00000172270,65.76031698,57.11493291,84.07279731
ENSG00000172273,3.385327209,6.462186299,2.31350044
ENSG00000172292,21.74966809,23.88359124,17.32079136
ENSG00000172296,2.075464786,2.669296259,2.289899731
ENSG00000172301,1.342455394,1.374313766,5.128436029
ENSG00000172315,1.997972793,1.824040539,6.196675185
ENSG00000172331,1.128426168,0.873359708,3.382136655
ENSG00000172336,2.400560999,1.652932057,2.871651117
ENSG00000172339,0.703914817,0.601883435,0.678868262
ENSG00000172340,14.12562481,8.269377428,16.1476696
ENSG00000172345,1.26572431,1.349278661,1.128509544
ENSG00000172348,0.545245573,0.377667743,1.399093217
ENSG00000172354,18.67177813,14.74074284,22.22943777
ENSG00000172361,1.18897475,0.682870908,0.473978192
ENSG00000172366,5.250565086,6.357595815,5.011979602
ENSG00000172367,1.485728187,1.440544588,0.351619616
ENSG00000172375,1.211746874,2.207171388,2.487256978
ENSG00000172379,7.586080814,8.403993138,1.404766014
ENSG00000172380,14.54911947,10.84052581,14.55268354
ENSG00000172409,1.813553434,1.809485925,4.521184681
ENSG00000172426,0.21039722,0.401817153,0.341380615
ENSG00000172428,1.646717502,1.598816706,3.647440189
ENSG00000172432,16.98450955,17.84328828,8.229646767
ENSG00000172456,1.672435816,1.919955305,2.898197795
ENSG00000172465,3.151357558,2.443589639,4.305889904
ENSG00000172466,14.81193062,17.23284966,11.27480669
ENSG00000172469,5.577738213,3.446725812,6.735968732
ENSG00000172478,7.556104587,6.603063189,3.452641392
ENSG00000172493,11.16255257,9.529061293,8.156010093
ENSG00000172500,4.268567092,3.809236741,4.302206967
ENSG00000172530,2.372716042,5.277068616,2.749797414
ENSG00000172531,14.38501861,10.29919489,17.89912061
ENSG00000172534,9.739781924,13.14067208,16.23877389
ENSG00000172572,0.617930765,0.886907114,0.805223019
ENSG00000172586,2.75631456,2.255269876,2.838180507
ENSG00000172590,3.495828426,4.127963481,2.182895796
ENSG00000172594,0.78744993,0.697454367,2.842527062
ENSG00000172613,8.852111091,6.301301417,2.222756683
ENSG00000172661,7.079303175,9.834697572,4.546353839
ENSG00000172663,4.416468613,3.58814763,1.546501702
ENSG00000172667,15.04143573,31.67573506,3.741564089
ENSG00000172671,0.949372932,1.088367031,1.057753485
ENSG00000172725,8.690488691,8.465224206,6.929996153
ENSG00000172728,2.496448172,2.030327012,2.124639655
ENSG00000172731,5.392691759,4.887385682,5.413805342
ENSG00000172732,4.336837872,4.43075315,2.265849642
ENSG00000172748,1.839565787,3.14886988,0.627450441
ENSG00000172765,11.07476165,9.976055943,12.44016432
ENSG00000172766,2.788452456,4.336391997,4.225127984
ENSG00000172775,11.17794971,15.9220878,14.61837616
ENSG00000172785,3.769533709,4.826825159,10.66996437
ENSG00000172795,5.976606046,6.440015862,3.552538612
ENSG00000172809,19.22328974,16.32978277,26.40039118
ENSG00000172818,4.799700604,3.518004003,3.051323333
ENSG00000172819,6.190362769,7.764343745,3.856931939
ENSG00000172828,5.989693261,9.925628728,3.877623659
ENSG00000172830,11.09828628,9.96046271,2.385930441
ENSG00000172831,9.562256239,11.99625437,8.913512103
ENSG00000172840,4.414156012,2.995655093,6.597743646
ENSG00000172845,15.73238748,16.66269815,17.33182586
ENSG00000172869,6.52229914,5.68386948,3.742697876
ENSG00000172878,2.047682608,2.628515344,1.33083544
ENSG00000172888,7.007474906,7.261266094,4.241436179
ENSG00000172890,27.30471102,37.95234735,5.617191515
ENSG00000172893,30.25892378,17.4028366,29.92209582
ENSG00000172922,2.260724292,1.777293528,3.547951361
ENSG00000172932,5.111049119,7.876290331,3.320356348
ENSG00000172936,7.58636664,10.21973333,16.45391376
ENSG00000172939,13.96062852,11.13474447,11.56661257
ENSG00000172943,6.002726739,8.782920833,7.786637738
ENSG00000172954,3.427971586,3.460327834,6.648245009
ENSG00000172965,3.620334933,3.594960157,1.299528578
ENSG00000172977,2.986601025,1.994314887,1.793461651
ENSG00000172986,1.452304746,1.138011611,4.021256581
ENSG00000173011,3.88917215,5.716238063,6.018817295
ENSG00000173020,28.94213953,28.59689589,16.99113463
ENSG00000173039,11.52404149,17.49268234,9.633088296
ENSG00000173041,2.485646973,2.15106262,3.502678757
ENSG00000173064,10.39517574,15.77573774,5.599371327
ENSG00000173065,6.067118015,6.285535174,4.229286051
ENSG00000173083,1.483175621,0.850766835,4.178666275
ENSG00000173085,3.391003661,2.03536065,4.545858699
ENSG00000173113,6.882060616,5.531951719,9.77728259
ENSG00000173120,9.133185285,10.94735112,6.328623166
ENSG00000173137,2.988452766,5.573808307,1.205023577
ENSG00000173141,2.702308436,2.099832172,3.728269621
ENSG00000173145,4.196778611,3.881697515,4.416419679
ENSG00000173153,11.16182269,15.55720333,10.16232616
ENSG00000173156,0.781456534,0.733087488,2.089221038
ENSG00000173163,0.977007721,0.672364481,1.382425587
ENSG00000173166,1.703243445,1.471531324,1.244812354
ENSG00000173171,1.610350951,2.425017529,2.64912062
ENSG00000173193,5.56502922,5.093791909,34.9844595
ENSG00000173207,5.738967037,3.080681153,15.21446129
ENSG00000173209,17.92029486,15.79232369,2.873494336
ENSG00000173212,1.334021322,1.13087454,2.217833432
ENSG00000173214,3.109189363,4.021698117,2.805383918
ENSG00000173218,8.06320067,6.878662177,13.27743171
ENSG00000173226,7.407369576,7.59029262,6.256805137
ENSG00000173230,20.89908054,22.39567082,13.02587732
ENSG00000173264,2.17611249,1.685932753,3.388260158
ENSG00000173272,5.476844543,3.961883851,3.669875946
ENSG00000173273,12.35321837,11.54866003,5.893628597
ENSG00000173275,3.329298133,2.475568458,1.257098809
ENSG00000173276,5.707844617,4.658144935,5.267781126
ENSG00000173281,7.279242976,5.239825185,4.19724132
ENSG00000173327,10.16522313,10.61331635,8.86874137
ENSG00000173334,10.78486594,9.63757534,7.700535424
ENSG00000173376,11.86585418,8.31979828,27.10920303
ENSG00000173402,25.93438126,23.20427192,25.16153444
ENSG00000173406,0.534563846,0.770976301,0.13748446
ENSG00000173409,3.77547837,3.322711424,2.628262716
ENSG00000173418,6.283735595,6.296387903,16.97217346
ENSG00000173442,5.550903516,5.304505629,4.526069414
ENSG00000173456,8.235468791,5.536751659,6.617425478
ENSG00000173457,3.965000471,3.286181343,3.447152156
ENSG00000173465,1.549560738,1.514330413,2.545157066
ENSG00000173473,20.45146008,18.0704691,15.48895505
ENSG00000173511,5.041681144,4.58608657,2.134181435
ENSG00000173517,4.103294124,4.698438504,5.969387025
ENSG00000173530,13.03347088,19.05579879,6.531359072
ENSG00000173531,4.696891222,4.620054045,0.61962678
ENSG00000173540,4.056617217,4.695179478,5.197921443
ENSG00000173542,9.220222603,11.77927416,6.76619576
ENSG00000173545,4.304976761,4.929902574,8.259095549
ENSG00000173548,9.479231204,8.495816083,3.402135879
ENSG00000173557,1.946003246,3.527901736,1.503483175
ENSG00000173559,5.470503231,6.140592207,4.464369551
ENSG00000173575,17.01883456,22.7111603,9.759336769
ENSG00000173581,1.41292205,1.831058614,0.10990313
ENSG00000173588,2.529695897,2.062656017,2.280505282
ENSG00000173597,0.821164889,0.518086824,7.351081105
ENSG00000173598,12.64242844,11.3925309,20.72135388
ENSG00000173599,4.256045648,3.783162088,2.550666956
ENSG00000173611,1.91896898,1.574345221,1.077561411
ENSG00000173614,2.20817898,1.804091174,2.886875445
ENSG00000173638,4.108587784,4.124800225,3.669062246
ENSG00000173653,2.955795865,2.091563682,2.72145616
ENSG00000173660,15.81123968,14.30338623,30.28260396
ENSG00000173674,19.54431065,14.70861441,62.13504887
ENSG00000173681,2.495260613,2.651801654,2.598039481
ENSG00000173692,9.609117632,7.379673428,16.71132204
ENSG00000173702,59.29948156,58.41756223,68.19018505
ENSG00000173715,5.394166372,4.32393744,1.850852872
ENSG00000173726,37.92591079,21.99080573,25.12514335
ENSG00000173727,2.472069587,2.963634899,1.968813656
ENSG00000173744,9.210341893,8.206463469,9.072942624
ENSG00000173757,9.326514849,13.25471098,4.458622821
ENSG00000173786,7.206017242,6.915491804,12.8454717
ENSG00000173801,36.67077368,38.22661372,31.65725441
ENSG00000173812,39.51468342,29.07069632,39.53865137
ENSG00000173818,3.238357734,3.191413765,0.418864461
ENSG00000173821,8.078926651,11.17611411,15.12306755
ENSG00000173846,2.120216022,4.913274361,1.193654011
ENSG00000173848,25.59389406,24.12875692,14.71765966
ENSG00000173852,16.89246418,13.07402788,16.20217055
ENSG00000173889,9.967611364,10.84234723,5.910443883
ENSG00000173890,8.715860912,6.640391073,8.454017579
ENSG00000173894,0.583588273,0.616670415,8.274976288
ENSG00000173898,5.881844223,7.32508022,4.788861459
ENSG00000173905,7.366603801,10.65044445,24.7824365
ENSG00000173914,2.894371254,3.82572889,2.840184748
ENSG00000173915,5.477680358,4.805670247,7.088723175
ENSG00000173918,1.694158353,2.48417773,1.793803015
ENSG00000173926,1.317715492,0.98865503,1.293561662
ENSG00000173928,0.983704592,0.708233129,0.379560903
ENSG00000173933,1.230049459,1.867675718,0.575737143
ENSG00000173950,2.521043851,2.363639186,1.497206934
ENSG00000173960,3.635594676,3.415049398,5.46652369
ENSG00000173992,4.474645111,7.228716172,2.525003034
ENSG00000174010,1.903399744,1.877301636,5.246547926
ENSG00000174013,3.876159279,3.88660994,12.10602017
ENSG00000174080,1.742158367,1.446699682,0.665283253
ENSG00000174106,6.380858022,5.893904941,11.10900732
ENSG00000174109,1.119981556,1.206497908,3.028584939
ENSG00000174132,2.791261532,2.015353071,2.55184001
ENSG00000174136,8.439997494,8.676365992,2.274084326
ENSG00000174151,5.107437025,5.056476362,5.866081664
ENSG00000174165,2.692049128,2.514602155,3.047618276
ENSG00000174173,3.298953365,2.760389405,7.925174124
ENSG00000174177,1.223545403,1.314064909,2.098354338
ENSG00000174197,5.583921944,5.480002554,1.952252011
ENSG00000174206,2.699387854,2.420164546,3.654665669
ENSG00000174227,10.01629177,10.11532685,9.532350045
ENSG00000174231,34.62882222,30.38609531,24.95085152
ENSG00000174233,18.13917558,20.37955131,10.6801688
ENSG00000174238,18.1767439,17.03416059,11.21726748
ENSG00000174243,12.67592994,18.14181514,29.82821916
ENSG00000174276,0.528806694,0.661394576,0.764784038
ENSG00000174282,12.5087188,13.0681465,5.317668249
ENSG00000174292,3.659884106,11.34745434,3.263123029
ENSG00000174306,1.636441665,0.919329523,4.550440841
ENSG00000174307,8.598575504,14.43521692,1.259816569
ENSG00000174327,2.723889911,2.195045151,4.762366297
ENSG00000174353,3.793372719,2.633557399,1.453289848
ENSG00000174365,2.048056949,3.005909036,1.586988471
ENSG00000174371,1.531719522,0.195059052,10.41922043
ENSG00000174373,6.893796997,5.976705637,2.253438805
ENSG00000174405,3.280151037,2.97863855,3.677470324
ENSG00000174428,4.301297848,4.135441218,1.686026097
ENSG00000174437,48.98961172,45.27936214,64.30503691
ENSG00000174442,2.258579881,1.447752696,6.906066468
ENSG00000174444,151.2174488,113.9424266,83.69389755
ENSG00000174446,1.09887655,1.027497359,2.144096252
ENSG00000174456,2.306183972,2.615086427,1.340715038
ENSG00000174469,0.549061402,0.511426016,0.446880579
ENSG00000174485,3.782221846,2.762843476,2.431995264
ENSG00000174501,1.656152009,2.290226526,0.289850846
ENSG00000174516,0.973096203,1.095685354,1.933237697
ENSG00000174547,4.180597815,3.009091013,4.174492048
ENSG00000174567,4.534456346,4.501522584,4.608145144
ENSG00000174574,8.102814052,14.60753664,19.72893975
ENSG00000174579,4.634172411,4.485085642,4.605838376
ENSG00000174606,4.330682206,5.165761388,4.323637134
ENSG00000174607,16.86798169,9.980849373,29.54556183
ENSG00000174628,0.934860647,1.639116558,1.160831484
ENSG00000174652,6.787797321,5.848566949,4.778104574
ENSG00000174669,6.530189249,5.694602814,2.072976648
ENSG00000174684,2.540193406,2.050855904,2.064979175
ENSG00000174695,9.338319644,6.800873259,22.24253475
ENSG00000174705,11.02376699,11.63849329,10.4670172
ENSG00000174718,5.518556552,6.224044093,8.233929162
ENSG00000174720,4.183651862,4.299385322,4.989447412
ENSG00000174738,3.358945294,3.555083906,12.83573106
ENSG00000174744,1.508407538,2.026868262,6.842651279
ENSG00000174749,0.712649363,0.360409368,3.750960955
ENSG00000174775,2.337752339,4.048684682,3.264250028
ENSG00000174780,15.12986788,12.64515949,18.77401326
ENSG00000174791,2.646274947,3.318062459,1.029044498
ENSG00000174796,5.102873416,5.718852057,4.00352177
ENSG00000174799,2.408030926,1.809371441,1.717692289
ENSG00000174804,0.890727414,1.058133105,3.203642654
ENSG00000174808,1.278166478,1.260859923,2.504574987
ENSG00000174827,0.513382083,0.588544412,0.370831345
ENSG00000174839,5.03106447,4.305154468,5.647677508
ENSG00000174840,6.255583628,5.143220918,12.90770791
ENSG00000174842,2.560139185,1.955451503,2.774775655
ENSG00000174844,0.276131658,0.670967549,0.318004135
ENSG00000174851,3.793514125,3.245970765,3.913567846
ENSG00000174891,2.923155476,2.098380469,5.841731297
ENSG00000174915,3.469040626,3.840662925,2.832989003
ENSG00000174938,25.02050802,22.43463904,6.495502005
ENSG00000174939,2.483088456,1.893929994,1.84128304
ENSG00000174943,2.076978344,4.05379702,2.404593983
ENSG00000174945,1.692120466,1.510011058,2.035497616
ENSG00000174951,1.216963823,0.958397012,1.084714072
ENSG00000174953,9.078613211,8.989859405,10.5095882
ENSG00000174989,3.78881668,3.817923177,2.017618566
ENSG00000174996,3.404321214,4.095530231,6.427238968
ENSG00000175029,16.04227094,26.17197641,8.561196572
ENSG00000175048,2.073972627,2.0242033,2.308087717
ENSG00000175054,4.084558368,4.951275194,5.1978905
ENSG00000175061,44.18473451,29.16254095,16.71121783
ENSG00000175063,4.561518298,2.161418878,18.73242963
ENSG00000175066,13.12398855,16.95542123,6.779067511
ENSG00000175073,4.848043473,4.644947347,5.021575029
ENSG00000175087,3.627740861,3.186107862,5.056837064
ENSG00000175104,5.115000188,5.477514022,4.333254229
ENSG00000175110,5.113588669,5.303351144,8.444287472
ENSG00000175115,3.226319539,2.741710396,2.998684205
ENSG00000175130,42.88362134,39.67218554,23.94555724
ENSG00000175137,5.055528349,5.363209996,4.186946026
ENSG00000175147,3.071455418,4.217012181,0.684989468
ENSG00000175155,1.530462135,1.358481653,0.809765805
ENSG00000175164,14.17086924,27.83746274,3.729197655
ENSG00000175166,16.06921589,14.94087622,41.10287708
ENSG00000175182,3.565705862,3.884528328,0.521009149
ENSG00000175183,1.03110956,0.658154712,3.435609273
ENSG00000175198,8.227815541,6.384828267,12.7578836
ENSG00000175203,8.587857145,8.038956449,11.1070877
ENSG00000175213,1.961258725,2.146679606,2.127181667
ENSG00000175215,19.53510665,23.25883919,16.1912709
ENSG00000175216,16.95138726,11.3105297,16.60833785
ENSG00000175220,9.229698275,11.56871441,7.730911968
ENSG00000175221,5.400920048,6.696037811,4.679184817
ENSG00000175224,2.838983573,3.129059383,2.678097053
ENSG00000175274,27.30087336,30.02003816,14.40672585
ENSG00000175305,1.678716457,1.40768394,6.823327933
ENSG00000175309,11.45350313,12.97086349,1.65809349
ENSG00000175311,0.313445223,0.367519178,2.63393413
ENSG00000175318,0.633494775,0.3683838,0.87201563
ENSG00000175322,2.340649893,1.920185099,1.746328156
ENSG00000175324,1.525281464,2.162593736,3.596094517
ENSG00000175329,1.499370682,1.107561663,4.869391465
ENSG00000175334,6.238140618,4.191828208,13.11343258
ENSG00000175348,5.791267893,6.105861163,11.12820166
ENSG00000175352,0.538114935,0.618416513,1.230434467
ENSG00000175354,7.282949763,6.605168056,3.350983086
ENSG00000175376,3.281025347,3.190997118,7.499312564
ENSG00000175387,14.5367929,12.84596748,9.265935031
ENSG00000175390,20.07851436,15.50799115,11.93250984
ENSG00000175395,2.127485925,3.031604035,0.704922987
ENSG00000175416,2.223280358,1.897396882,2.772744877
ENSG00000175455,35.73607166,41.22127157,10.45463508
ENSG00000175467,6.261449385,8.677461344,8.007122798
ENSG00000175470,5.61826107,6.391025379,4.361737044
ENSG00000175536,0.90862458,0.92631623,1.030309408
ENSG00000175548,4.9502665,4.187399369,2.975642414
ENSG00000175550,8.674809196,5.684376075,6.809764173
ENSG00000175567,4.354193261,4.23961542,8.34162105
ENSG00000175573,6.863303662,3.960112344,2.040034759
ENSG00000175575,4.362028442,4.890221041,5.395185471
ENSG00000175581,3.763454782,2.690327575,4.142709705
ENSG00000175582,15.52246615,11.55608351,20.62914334
ENSG00000175591,5.44355688,4.264058945,2.751936989
ENSG00000175592,5.807416805,3.932449769,2.633282858
ENSG00000175595,1.750020933,1.709485692,2.748476059
ENSG00000175602,3.702438136,1.749762155,3.690828802
ENSG00000175606,6.652740637,7.116548421,9.603314643
ENSG00000175611,0.483576976,0.496618713,0.562564341
ENSG00000175634,1.411232098,1.489221528,2.646804256
ENSG00000175643,1.559461682,0.404192963,4.165194049
ENSG00000175662,12.04726506,9.490476444,5.729099678
ENSG00000175691,0.737125556,0.983784103,1.672465486
ENSG00000175701,0.677897001,0.497142517,1.742942489
ENSG00000175707,3.184123542,3.708770629,4.104348637
ENSG00000175711,2.792363453,2.977180987,1.266309675
ENSG00000175727,35.94542123,60.93329349,15.52832058
ENSG00000175745,2.50454437,2.276228249,4.287598901
ENSG00000175756,4.034449537,3.545242761,7.201563429
ENSG00000175764,0.663110251,0.501287159,1.300746346
ENSG00000175772,2.086976949,2.606405115,1.398501227
ENSG00000175782,3.503536903,3.420014984,4.514474546
ENSG00000175787,1.663977455,1.673464569,0.340880685
ENSG00000175792,4.580615702,4.129524511,9.035225118
ENSG00000175793,10.88076185,6.768986153,24.78900166
ENSG00000175806,0.597999962,0.508314019,1.68154222
ENSG00000175826,4.756793794,4.362383172,5.209643555
ENSG00000175854,1.739503089,1.525979039,2.105222622
ENSG00000175866,7.426469171,8.163783808,2.214291175
ENSG00000175893,6.134164373,6.891697912,4.502863371
ENSG00000175895,3.970945322,2.882553324,4.956452188
ENSG00000175920,2.051199775,3.27847951,1.171026328
ENSG00000175931,9.292492662,12.52517065,6.898775182
ENSG00000175970,9.022687904,9.301353422,9.80027956
ENSG00000176018,5.425482489,4.58596336,7.069061072
ENSG00000176022,2.308701108,1.940503865,2.593788231
ENSG00000176024,0.786819347,1.393068461,1.272315734
ENSG00000176055,2.207862032,1.369093276,1.249247941
ENSG00000176058,4.011723828,4.926776296,6.53369401
ENSG00000176092,10.46344949,10.96876374,8.623208157
ENSG00000176095,3.897608442,4.499143254,5.335363972
ENSG00000176101,3.381997733,3.4267144,4.78487892
ENSG00000176102,3.02997868,2.883643052,3.959175997
ENSG00000176105,16.67477292,15.53853053,15.48687634
ENSG00000176108,2.034949085,2.489747492,2.465574904
ENSG00000176142,7.093674666,5.594949051,4.632809743
ENSG00000176148,1.644625452,2.766992075,1.52594787
ENSG00000176155,7.573830249,9.019766382,2.417742706
ENSG00000176182,1.657202288,2.709044316,1.60818358
ENSG00000176208,1.604246339,1.112827293,2.257351335
ENSG00000176209,2.615870934,1.9171631,2.180098316
ENSG00000176225,5.755526757,9.905376636,3.081412153
ENSG00000176244,1.114331609,0.697713205,1.810163537
ENSG00000176248,10.69447468,21.36435017,4.745929988
ENSG00000176261,2.887312804,2.956841972,4.363371876
ENSG00000176273,0.842071621,0.560121993,2.534982859
ENSG00000176386,1.995423969,2.55964693,3.926090192
ENSG00000176387,2.286180464,2.117156052,2.409467258
ENSG00000176390,0.940036542,1.010678517,0.806848371
ENSG00000176393,6.398614356,6.081497516,2.211174791
ENSG00000176396,1.344415013,1.314008381,3.153783518
ENSG00000176407,12.60550437,9.812350005,12.04037319
ENSG00000176410,1.48830276,1.136111424,1.148679201
ENSG00000176444,11.14836282,13.79016967,3.527471185
ENSG00000176454,15.01028283,12.75497794,3.865320326
ENSG00000176463,3.404317062,3.4893185,2.171379397
ENSG00000176472,0.706149835,0.840639022,0.314235591
ENSG00000176473,1.357022712,1.657334986,0.649541137
ENSG00000176485,10.56574231,10.41904111,9.655946074
ENSG00000176531,2.697300512,3.02891599,1.121430573
ENSG00000176532,11.10891686,7.770954308,13.61933149
ENSG00000176542,3.814010663,4.068963025,3.928007953
ENSG00000176595,2.848385729,1.857321716,2.913237238
ENSG00000176619,20.10977123,13.87915621,29.33134207
ENSG00000176623,2.771581632,1.953779396,2.064053416
ENSG00000176624,8.05245768,8.621411898,6.328070069
ENSG00000176658,31.58097982,23.27432761,24.24634327
ENSG00000176700,1.065860477,0.879001786,0.366243228
ENSG00000176715,7.970670781,17.56612064,5.330555143
ENSG00000176720,2.979972388,2.301144622,2.47712772
ENSG00000176731,3.192275058,7.316048957,4.533373677
ENSG00000176749,0.982985456,0.760794029,1.915768322
ENSG00000176771,0.407604087,0.618140794,0.958800986
ENSG00000176783,5.459419275,6.29601375,5.151550888
ENSG00000176809,0.741247679,0.726315359,0.49969764
ENSG00000176826,11.28602142,5.247904485,3.89112205
ENSG00000176834,6.103300239,5.449705958,11.44553921
ENSG00000176845,3.461286285,3.106378506,3.490963889
ENSG00000176853,10.68836251,8.392511535,10.98202763
ENSG00000176871,11.47962861,9.699586897,19.21113094
ENSG00000176884,1.123772284,0.649751068,0.578935225
ENSG00000176890,5.221578458,4.73938669,4.98933135
ENSG00000176896,0.492635863,0.582910029,0.95631714
ENSG00000176903,2.759139874,2.173448126,1.473743411
ENSG00000176907,0.531281891,0.321899893,2.765222608
ENSG00000176915,13.24863031,12.24147337,13.4647769
ENSG00000176920,5.821074625,5.770673312,7.427871989
ENSG00000176946,5.150749274,3.877885574,4.843946522
ENSG00000176953,1.680585195,1.594304123,1.447922272
ENSG00000176973,0.45005928,0.460954603,0.293235192
ENSG00000176974,8.929469331,5.759318083,10.60005054
ENSG00000176978,8.890004095,11.27923461,4.777302731
ENSG00000176986,12.45088612,14.96356046,5.254130766
ENSG00000176994,8.120541982,10.14169554,9.124993734
ENSG00000177000,4.293616546,4.059305563,2.709241058
ENSG00000177030,2.4991188,1.877969521,2.650165443
ENSG00000177034,4.40749077,6.000892744,8.640468682
ENSG00000177051,4.220078365,4.820369694,2.502529747
ENSG00000177054,4.352401904,4.74758553,6.500096198
ENSG00000177058,1.104859502,1.028226064,2.136212925
ENSG00000177076,3.783128625,5.782051821,19.69329823
ENSG00000177082,2.952725933,4.092864688,1.000309066
ENSG00000177084,7.869167297,8.500804863,14.80020473
ENSG00000177096,1.352874759,1.247150872,1.312150322
ENSG00000177105,2.198550294,1.318176549,3.283305724
ENSG00000177106,7.287086066,13.69261732,2.201068007
ENSG00000177119,25.53592914,17.58639783,22.54609571
ENSG00000177125,2.928650867,3.688024894,2.505052305
ENSG00000177150,5.088710216,4.5985326,6.014026164
ENSG00000177156,12.76955193,9.528645135,18.7761271
ENSG00000177169,11.53598933,17.94421321,4.482427132
ENSG00000177181,7.962640191,8.706154112,3.55577525
ENSG00000177182,0.154964701,0.200824562,0.317704212
ENSG00000177189,11.69867337,10.45156879,28.76434144
ENSG00000177191,0.703594453,0.775566279,0.885512793
ENSG00000177192,4.644480398,6.785598246,6.074647502
ENSG00000177200,9.531309777,12.6856138,5.305605961
ENSG00000177225,10.44341738,8.882945482,7.750585154
ENSG00000177239,10.0044678,9.990342815,6.594557928
ENSG00000177302,4.37574357,4.146060051,5.149349038
ENSG00000177303,2.476580997,2.854760533,3.491836795
ENSG00000177311,16.65765168,14.02976259,18.04339909
ENSG00000177352,3.323400958,2.247477901,1.498381122
ENSG00000177370,2.288983587,2.381828309,4.415738906
ENSG00000177380,1.540179674,1.359102445,3.016062188
ENSG00000177383,6.013769501,2.982369237,7.21309705
ENSG00000177410,12.26026251,11.74609209,7.930610511
ENSG00000177425,12.92856391,12.17855737,12.16227976
ENSG00000177426,16.21828286,17.08569098,6.612692857
ENSG00000177427,3.099882824,2.49864387,1.817866823
ENSG00000177469,11.41257373,6.630267977,4.019967887
ENSG00000177479,6.604055297,6.60480342,8.549050823
ENSG00000177485,6.580703117,6.443513545,18.9955382
ENSG00000177542,4.679113499,5.257434918,6.063652264
ENSG00000177548,6.142428522,7.699322616,5.163417405
ENSG00000177556,1.229272772,0.966966936,2.704864926
ENSG00000177565,13.96809226,11.12646637,11.41571799
ENSG00000177570,6.052888556,7.272987965,3.954427559
ENSG00000177576,1.182851663,2.27702886,0.671444639
ENSG00000177595,5.805205458,11.85024286,1.596108293
ENSG00000177600,32.3481095,28.01723095,19.31600368
ENSG00000177606,28.60312625,31.28707378,16.4767618
ENSG00000177614,5.720348139,5.754808143,2.930055006
ENSG00000177628,5.493600334,5.487489601,10.25118012
ENSG00000177640,0.842831714,0.486909833,0.841999513
ENSG00000177646,6.417287276,6.43764385,4.513854346
ENSG00000177663,3.809359174,3.617607353,4.859455729
ENSG00000177666,9.508449767,16.36270877,3.992473374
ENSG00000177674,4.464423112,4.970087896,3.786633027
ENSG00000177692,0.96275702,1.178357728,0.270079897
ENSG00000177694,3.485952934,3.303336769,3.049973577
ENSG00000177697,12.91664189,13.5802837,9.589853096
ENSG00000177700,4.792544046,4.036719792,7.724600867
ENSG00000177707,13.45786308,15.78636096,15.73509025
ENSG00000177728,16.95016441,19.96244983,4.805739118
ENSG00000177731,22.8200869,18.42332413,7.044506108
ENSG00000177733,27.08238567,23.32659774,25.93389559
ENSG00000177738,0.402573572,0.342838114,1.076005151
ENSG00000177788,2.56433588,2.53448026,4.9775783
ENSG00000177807,0.178834552,0.341538689,0.350203383
ENSG00000177830,9.547131304,9.756363455,8.159077101
ENSG00000177842,2.361401791,2.33160308,3.053646
ENSG00000177853,13.20879494,14.4579457,5.250461176
ENSG00000177854,1.447436158,0.792358192,0.908628721
ENSG00000177879,8.22698617,5.692753166,7.960207076
ENSG00000177885,15.78504213,14.14390205,20.75986176
ENSG00000177888,7.312649485,6.825164707,7.530306104
ENSG00000177889,9.163975824,6.682928234,25.73088152
ENSG00000177917,7.237714072,5.148012463,3.331147162
ENSG00000177943,9.426706972,21.84915885,0.878625374
ENSG00000177946,1.641855888,1.220322934,1.009581388
ENSG00000177951,2.392024951,2.75456615,2.738450213
ENSG00000177954,36.31082064,29.68415802,14.10040453
ENSG00000177963,8.796551283,9.715636822,14.22633497
ENSG00000177971,3.130615903,2.632702403,3.334571246
ENSG00000177981,3.764058727,5.107923385,7.039481908
ENSG00000178028,6.772399144,12.28587992,3.018927102
ENSG00000178035,26.19042197,20.07768469,19.3373045
ENSG00000178038,18.35119476,14.47024293,2.444088764
ENSG00000178057,4.285559953,2.612683051,2.308503039
ENSG00000178074,3.181115376,1.637255976,8.168401541
ENSG00000178075,1.327149975,1.331158087,0.937331781
ENSG00000178078,8.690600322,8.830739017,7.847858559
ENSG00000178082,1.601659629,1.343068109,2.387044721
ENSG00000178093,0.770566665,0.849877624,0.383433012
ENSG00000178096,1.976764367,1.15953483,0.921668018
ENSG00000178104,6.898171875,6.081858573,10.01791612
ENSG00000178105,4.024265046,3.304212519,8.046351335
ENSG00000178149,3.304428409,5.071916659,1.135366697
ENSG00000178177,2.346150059,1.871730576,4.324992897
ENSG00000178188,13.77757011,17.59341064,7.37111022
ENSG00000178199,0.821949256,2.292877012,0.584984759
ENSG00000178202,5.822943118,1.710103301,17.36788022
ENSG00000178209,25.9741329,28.44766192,19.84732797
ENSG00000178226,0.348374695,0.355413984,0.48065453
ENSG00000178234,5.392219963,5.288876287,7.112312486
ENSG00000178252,33.74874851,48.16883363,17.39856263
ENSG00000178307,2.926533255,2.862647854,3.893795895
ENSG00000178338,2.126054092,3.202664166,2.153861515
ENSG00000178381,2.558918806,1.968740859,2.448898973
ENSG00000178385,0.955941267,1.077252259,1.222403747
ENSG00000178397,3.562252876,2.564698305,4.694385898
ENSG00000178401,5.162906388,4.170531985,9.8950465
ENSG00000178409,1.08012366,1.139349884,2.518979688
ENSG00000178425,9.220028214,6.291577401,6.665438321
ENSG00000178460,0.809838273,0.595238667,0.436874678
ENSG00000178462,0.856957533,0.353361072,1.2215552
ENSG00000178464,6.472186774,4.853672121,8.235026917
ENSG00000178467,11.24582728,11.26069818,3.375967835
ENSG00000178502,2.248946887,3.403260681,2.227404244
ENSG00000178531,0.334051228,0.21184933,0.672449512
ENSG00000178537,0.439759286,0.522408821,3.681459624
ENSG00000178538,4.275715999,2.979784821,1.208420238
ENSG00000178567,7.759237107,7.469238191,3.752183824
ENSG00000178585,4.661028694,3.734356661,2.205820958
ENSG00000178605,7.03046075,6.769269777,5.614272797
ENSG00000178607,5.985944455,6.454235281,4.521531579
ENSG00000178623,34.69048359,52.94491672,10.26513846
ENSG00000178685,8.07454287,12.66298694,5.145950716
ENSG00000178691,13.60657227,14.2018847,25.2267633
ENSG00000178694,3.418490682,5.341738722,3.284606709
ENSG00000178700,2.176360788,2.482940427,2.936472549
ENSG00000178718,0.498143203,0.444258022,8.091327863
ENSG00000178741,9.842668239,6.990424531,14.79504039
ENSG00000178761,5.248732407,4.287159441,0.90151952
ENSG00000178764,2.742421383,2.936937327,1.351947123
ENSG00000178773,0.713933544,0.659557942,0.413288731
ENSG00000178802,8.779733766,8.134020179,3.163834749
ENSG00000178814,2.797373349,2.555483597,0.931667608
ENSG00000178821,0.376337373,0.103768021,0.604355252
ENSG00000178852,2.52556289,2.582943368,0.397748798
ENSG00000178878,2.2096612,2.383179045,2.72760371
ENSG00000178882,0.709470867,0.714199992,0.255890759
ENSG00000178896,1.096502891,1.212873032,1.930958302
ENSG00000178904,1.724319595,1.658881052,2.529436753
ENSG00000178913,15.40771855,13.82813126,17.74664789
ENSG00000178917,2.583055823,3.247554065,2.295099282
ENSG00000178921,5.912118105,7.189780466,2.79236845
ENSG00000178927,6.564324827,8.520609275,4.40198976
ENSG00000178950,24.55446759,36.29822203,10.62787311
ENSG00000178951,13.05420339,11.34923215,12.5277863
ENSG00000178952,15.64824817,13.59251202,31.84009715
ENSG00000178966,3.713989198,2.160546094,11.97609507
ENSG00000178971,5.233230288,3.407430605,1.073480648
ENSG00000178974,8.452809884,9.445850212,6.027834948
ENSG00000178980,17.26080569,17.56500756,24.57946976
ENSG00000178982,9.363731545,7.995255253,11.76353371
ENSG00000178988,7.191516071,6.825278351,12.4838711
ENSG00000178996,3.741658924,2.975495707,1.672390566
ENSG00000178999,4.402624274,1.522614062,8.883292378
ENSG00000179010,21.1502191,18.86151939,44.74660171
ENSG00000179021,4.097426914,3.904925475,5.013386644
ENSG00000179023,5.621559821,5.291068623,2.344602365
ENSG00000179029,4.908262123,2.520870345,1.707185933
ENSG00000179051,20.193954,22.49478736,28.56134694
ENSG00000179085,3.087571975,1.727269336,1.105975274
ENSG00000179091,13.27932972,9.789870491,14.38380793
ENSG00000179094,5.064559269,5.166894192,2.291016708
ENSG00000179104,6.829936442,6.231356258,6.413170537
ENSG00000179115,6.638403822,8.092611337,10.57457792
ENSG00000179119,5.054524749,4.278974514,5.325139525
ENSG00000179134,12.38312688,14.1873542,14.07256536
ENSG00000179151,2.583204578,3.449458894,4.230448321
ENSG00000179152,7.879435381,8.695064146,7.063809332
ENSG00000179163,13.3361858,10.52766527,15.60118781
ENSG00000179178,7.437464614,5.643365839,3.260490292
ENSG00000179218,70.14726851,53.38485302,134.8966776
ENSG00000179222,20.17811361,14.87036936,12.32937482
ENSG00000179240,5.804622508,7.134673749,1.410123333
ENSG00000179241,1.374672947,1.441078036,1.880206562
ENSG00000179262,12.48254949,9.734930572,16.93405781
ENSG00000179271,3.18929097,1.912433759,3.333617387
ENSG00000179295,21.96046791,20.13587999,44.9802982
ENSG00000179299,3.981833023,3.932403683,3.106001223
ENSG00000179304,0.200579385,0.303261395,1.048362604
ENSG00000179314,1.924567675,1.917946207,0.589171808
ENSG00000179335,14.08887032,13.55705725,6.434815022
ENSG00000179361,2.346116985,3.365874393,1.496426446
ENSG00000179364,12.87511753,12.80458334,2.690771791
ENSG00000179387,6.840926379,6.619731649,9.849856427
ENSG00000179403,9.211217885,8.909316419,5.686950629
ENSG00000179409,7.462417031,5.852384651,6.295981328
ENSG00000179431,0.541920454,0.444786845,0.6529015
ENSG00000179454,4.689956534,4.934150499,2.109022484
ENSG00000179456,11.3232868,15.30440667,9.640131022
ENSG00000179523,1.895808986,1.441622659,0.433048976
ENSG00000179526,5.735725576,6.30788231,3.565592333
ENSG00000179528,0.21813539,0.389916997,0.327843403
ENSG00000179532,3.789983538,1.225556563,0.72137375
ENSG00000179562,4.753765995,4.781615632,11.19408987
ENSG00000179588,2.124945403,4.283683213,1.009672011
ENSG00000179604,6.44274911,5.675142248,9.667830007
ENSG00000179627,2.227064545,1.493880446,1.558872269
ENSG00000179630,1.218739614,2.072976047,1.066157207
ENSG00000179698,0.394018106,0.371362054,0.704449205
ENSG00000179715,1.369581664,1.340224711,0.713111689
ENSG00000179743,1.656128543,0.475514034,0.463857634
ENSG00000179818,1.659098844,2.743512727,1.918914467
ENSG00000179820,9.904509647,7.74628103,1.972270379
ENSG00000179832,10.87921771,12.84843475,5.103025164
ENSG00000179833,12.03072525,9.218197882,8.373774197
ENSG00000179859,2.485171649,3.259902978,2.298208982
ENSG00000179862,1.396148382,0.709058226,0.541524466
ENSG00000179886,1.024332829,1.076829854,1.142222666
ENSG00000179889,26.36247002,28.26247789,41.78407981
ENSG00000179912,3.824338317,4.031648791,2.401365727
ENSG00000179913,15.33042377,9.184718222,19.18194539
ENSG00000179918,6.141992316,4.75030221,23.942266
ENSG00000179922,2.506078482,2.486013229,0.823945809
ENSG00000179933,4.87718537,3.585110373,5.875586965
ENSG00000179941,4.858878569,5.259343265,2.576710119
ENSG00000179943,2.04305383,2.614155185,1.573920059
ENSG00000179950,8.486202502,7.310312403,9.052890158
ENSG00000179965,0.61152758,0.589973339,0.772879482
ENSG00000179978,0.543969831,0.798057602,0.294589436
ENSG00000179981,5.891819738,4.902654166,3.537541356
ENSG00000179988,1.302830922,2.307033162,1.131240645
ENSG00000180008,4.666580417,5.148993649,8.299970359
ENSG00000180011,4.865927575,3.952525625,6.236980067
ENSG00000180035,1.915395485,1.504975769,2.404919027
ENSG00000180061,0.238903356,0.274421558,1.119762104
ENSG00000180071,1.321237454,0.986399771,0.793872674
ENSG00000180098,2.549159266,1.934937007,1.432369665
ENSG00000180104,13.14913336,15.92208271,4.967214003
ENSG00000180182,10.27573007,8.807661709,18.29030624
ENSG00000180185,6.61078916,5.99194061,9.205516977
ENSG00000180198,11.32355953,12.76373894,11.56862355
ENSG00000180228,5.430315375,5.669367429,5.333102042
ENSG00000180229,2.727336357,2.743697404,0.245703394
ENSG00000180233,1.105359557,0.978276879,1.253869193
ENSG00000180263,5.783141298,4.839026261,4.252963144
ENSG00000180304,7.388146522,7.34810702,7.398950716
ENSG00000180346,3.744893663,3.037199834,4.808579812
ENSG00000180354,1.455908097,1.374176279,1.646114885
ENSG00000180357,8.815797777,9.352696606,5.19279692
ENSG00000180370,14.149608,13.3715928,15.64456484
ENSG00000180376,1.878797882,2.424906979,2.045973275
ENSG00000180398,1.501724694,1.131090663,4.175229456
ENSG00000180423,0.787770113,0.808213133,1.209636279
ENSG00000180425,1.157298892,0.702281209,0.595606307
ENSG00000180448,7.989416339,7.742337401,4.023077722
ENSG00000180488,6.614810353,5.088376337,5.464227476
ENSG00000180530,1.101583982,1.189653291,0.419622998
ENSG00000180573,1.251256458,3.396867919,2.666034474
ENSG00000180574,1.290458294,0.921500768,4.31144723
ENSG00000180611,0.850859374,0.924812063,2.655167644
ENSG00000180626,1.906872689,2.727459074,0.240249434
ENSG00000180628,9.193537051,7.868910328,11.10306557
ENSG00000180712,2.4975445,3.162377445,0.49618395
ENSG00000180745,4.587356211,4.728764603,9.257175665
ENSG00000180747,1.025000922,1.40518304,0.513296381
ENSG00000180758,1.648809494,1.176512318,8.30259491
ENSG00000180773,3.631090373,2.641777426,4.469517055
ENSG00000180776,19.19021676,13.67846535,27.48938928
ENSG00000180801,7.939544239,5.60678444,5.143214852
ENSG00000180817,21.0389173,15.57379702,21.54225528
ENSG00000180822,2.330979192,3.970432465,1.242333567
ENSG00000180861,60.60348775,39.20587602,36.00217199
ENSG00000180879,10.65093114,9.357109772,15.53551282
ENSG00000180884,1.416398485,1.601236557,1.719280264
ENSG00000180891,5.711434875,7.846767233,1.725474896
ENSG00000180900,22.90465199,55.71644435,8.921252899
ENSG00000180901,3.671657942,4.266299917,4.675446453
ENSG00000180902,13.06785572,26.23919216,3.862150621
ENSG00000180917,5.392783158,5.388601094,8.332196108
ENSG00000180921,15.89708904,16.38086912,14.56999646
ENSG00000180938,1.289556846,0.957874344,0.484818404
ENSG00000180957,10.25410699,9.080085078,24.81098709
ENSG00000180964,6.147328208,4.364147512,11.14973414
ENSG00000180992,3.987053478,3.114427963,4.339360056
ENSG00000180998,0.749174859,1.322054488,1.762272795
ENSG00000181004,1.21592675,0.883965746,0.893255478
ENSG00000181019,12.93007723,10.26910508,43.46897852
ENSG00000181026,4.453808079,9.844707501,8.407711308
ENSG00000181027,1.646970799,1.806819147,1.889493856
ENSG00000181031,7.501268675,8.657554962,2.745755247
ENSG00000181035,2.452489282,2.625899131,1.143230559
ENSG00000181038,3.360698726,3.754530497,0.918347846
ENSG00000181045,0.928874885,1.584546175,0.634784268
ENSG00000181085,2.725174344,3.495526053,0.407506635
ENSG00000181090,8.093585339,10.40233445,4.083307473
ENSG00000181135,1.91319341,2.979098812,1.970759551
ENSG00000181163,66.09561786,43.00882014,97.75014645
ENSG00000181191,2.9296721,1.864835866,5.789107807
ENSG00000181192,7.647571243,3.971761335,3.954855608
ENSG00000181218,1.219225188,0.706370642,0.442198698
ENSG00000181220,3.27737905,4.247278287,3.83091813
ENSG00000181222,26.6379878,30.16209064,24.41814512
ENSG00000181274,1.194395509,1.635627248,2.329973011
ENSG00000181315,2.624016485,2.878185887,2.293747368
ENSG00000181350,1.57799691,1.404387502,0.727587146
ENSG00000181381,3.247330908,2.787441441,11.19697198
ENSG00000181396,6.244528621,5.758419632,2.634896221
ENSG00000181404,1.612475129,2.075547554,1.413011189
ENSG00000181450,3.528966911,3.707808845,2.103630795
ENSG00000181467,7.457960699,9.845193416,7.561985748
ENSG00000181472,1.397792181,1.281787143,2.650335152
ENSG00000181481,1.770152948,2.028655902,4.690368041
ENSG00000181513,5.252009102,4.029521645,0.651545023
ENSG00000181523,4.157164821,4.057197076,2.885566775
ENSG00000181524,2.88797407,1.900753338,3.056268221
ENSG00000181544,1.594671754,0.721227738,11.42281668
ENSG00000181555,9.062834317,11.8864607,11.60879796
ENSG00000181588,10.48828621,11.99807277,12.98583219
ENSG00000181610,3.673616883,3.941096005,9.216379008
ENSG00000181634,10.80507338,12.35013846,13.76374235
ENSG00000181649,7.56580438,5.458030988,7.367989172
ENSG00000181666,6.551195639,6.651567045,1.048751881
ENSG00000181690,1.451847517,1.646315637,0.652972369
ENSG00000181704,10.42786311,7.695883731,20.1361748
ENSG00000181722,0.861047735,0.812283365,0.524973503
ENSG00000181744,5.838856197,5.656177377,6.463046113
ENSG00000181751,2.082238023,1.759515811,3.773351667
ENSG00000181754,1.45253375,1.287953037,1.35449012
ENSG00000181788,3.924610423,2.790806741,3.180753446
ENSG00000181789,20.03239844,16.70977827,14.23494577
ENSG00000181817,1.031382985,0.916290915,3.337510655
ENSG00000181826,0.594158134,1.059988689,0.75466396
ENSG00000181827,7.550488929,9.381546378,5.477776161
ENSG00000181830,4.80717518,3.529986551,7.611050292
ENSG00000181852,6.51111086,6.204166451,8.379541803
ENSG00000181856,0.777125391,0.340866615,0.610061251
ENSG00000181873,3.19244412,3.796085076,3.243060564
ENSG00000181885,17.97270825,17.07801525,9.055193295
ENSG00000181894,0.925773093,1.176891765,0.768570248
ENSG00000181896,1.328953012,1.570277641,4.138514757
ENSG00000181904,9.283586138,7.743270235,7.25916687
ENSG00000181915,2.924051431,2.765976488,5.271454038
ENSG00000181924,4.802978628,5.099475605,5.727125547
ENSG00000181938,1.404633999,1.071452894,4.933226472
ENSG00000181982,2.306857027,1.898895035,3.171226567
ENSG00000182004,4.351633781,4.357090763,8.18816163
ENSG00000182010,6.374423248,3.711398121,6.471898254
ENSG00000182054,35.07802254,25.17292709,28.11984895
ENSG00000182087,22.46147067,36.19622996,13.61761279
ENSG00000182095,16.49664883,20.39618486,10.22444013
ENSG00000182117,3.563162606,3.139210867,5.433314203
ENSG00000182118,1.650240098,1.393335491,4.164225738
ENSG00000182134,2.585542874,1.831052694,2.14572084
ENSG00000182141,1.41632804,2.37862261,1.083131922
ENSG00000182149,15.44510973,17.48115874,17.08370815
ENSG00000182150,4.372119556,4.881742472,4.792355708
ENSG00000182154,2.101526817,1.688872881,3.734090512
ENSG00000182158,19.39406769,18.86206215,15.29619921
ENSG00000182165,1.050971775,1.180969216,0.537405391
ENSG00000182173,6.92707872,7.081751479,4.720268953
ENSG00000182179,11.27121092,15.74783524,4.346100638
ENSG00000182185,1.417646537,1.911561062,1.842605707
ENSG00000182197,8.806510162,7.1583306,4.323302053
ENSG00000182199,15.83121606,6.976206411,28.46304148
ENSG00000182208,2.120180179,3.071664664,2.287087991
ENSG00000182220,12.88309439,9.709694555,37.32834438
ENSG00000182240,20.24811162,20.16240241,18.8117667
ENSG00000182272,7.539257645,8.391518412,1.152640534
ENSG00000182287,3.795044944,1.709999763,7.460406563
ENSG00000182307,8.169858144,8.722717201,21.00242224
ENSG00000182318,1.364560053,1.174800885,0.943395988
ENSG00000182324,0.617781452,0.510386406,1.100029007
ENSG00000182359,1.611943937,1.943235845,0.458283033
ENSG00000182362,2.078898687,3.206501849,1.138883937
ENSG00000182378,4.106023706,2.547577577,15.13957431
ENSG00000182400,2.710173795,3.256781876,1.741728919
ENSG00000182405,0.494705064,0.641106825,0.501436817
ENSG00000182446,11.7129195,13.48995078,13.4214262
ENSG00000182472,5.14262994,10.70105578,0.643618784
ENSG00000182473,13.25962091,18.64202953,6.131094126
ENSG00000182481,9.065720897,5.539646363,41.41132213
ENSG00000182484,1.037275841,1.657392515,1.365817113
ENSG00000182489,0.759014842,0.866186721,2.203844847
ENSG00000182504,2.584501713,2.784016006,3.937441832
ENSG00000182512,4.606245831,3.760586314,6.897779856
ENSG00000182518,1.180236398,0.990951801,2.032183667
ENSG00000182534,4.208063433,3.401824931,1.519750454
ENSG00000182541,19.79644674,39.47854705,8.432312207
ENSG00000182544,2.033780995,1.745132627,5.048628367
ENSG00000182551,6.506995736,6.461042456,22.98108588
ENSG00000182552,2.290742623,1.849484153,3.290991702
ENSG00000182557,2.877318694,1.882781138,0.888993124
ENSG00000182580,15.49311679,23.95021596,8.205853382
ENSG00000182600,2.164595589,2.507346533,0.556803918
ENSG00000182606,21.403233,31.84743735,10.27474583
ENSG00000182628,0.732605964,0.237352878,3.514839017
ENSG00000182648,1.467307182,1.672988063,1.814794838
ENSG00000182670,43.34695663,32.69370543,20.56527636
ENSG00000182685,0.319696235,0.575986845,0.530503312
ENSG00000182700,1.522752622,1.36791957,1.296851539
ENSG00000182704,6.801598006,6.560215295,5.813150186
ENSG00000182718,121.6116648,86.0520823,70.83142224
ENSG00000182749,2.290659141,2.084656596,0.588251961
ENSG00000182795,19.12646753,12.95031912,8.543319334
ENSG00000182796,6.604388938,10.10349278,1.839816212
ENSG00000182827,8.007813296,7.481543774,8.834422665
ENSG00000182831,7.040366568,7.873926387,11.95396497
ENSG00000182841,2.582416307,2.142282347,0.638225171
ENSG00000182858,3.877578852,3.365225135,3.730377827
ENSG00000182872,8.602683195,8.511105834,11.66731344
ENSG00000182903,0.603482804,0.571179081,0.922654965
ENSG00000182934,14.00834737,11.75787557,17.78842929
ENSG00000182944,24.80317304,34.36749889,25.63727956
ENSG00000182952,8.801141502,6.756735907,8.877843657
ENSG00000182973,3.405517694,3.628744541,4.639273076
ENSG00000182979,11.09426055,11.56880423,3.222545186
ENSG00000182985,2.771969618,3.352812652,0.926120649
ENSG00000182993,0.639245724,0.850223072,1.78829308
ENSG00000183010,7.159253213,3.726250247,8.167032394
ENSG00000183011,2.89336342,2.015501497,1.583524698
ENSG00000183018,28.66334618,40.09609373,16.81949483
ENSG00000183020,14.55114851,16.78198124,6.904046336
ENSG00000183044,0.673755154,0.407467454,0.803776724
ENSG00000183048,2.286160262,2.160731447,1.250493519
ENSG00000183060,1.69270418,2.203564725,2.190259304
ENSG00000183066,0.749055462,0.938726978,0.411267983
ENSG00000183077,6.448374809,6.645804261,4.153878252
ENSG00000183087,11.62116738,16.7877132,1.018027712
ENSG00000183111,6.1822114,8.089126123,4.371938959
ENSG00000183137,2.366488767,2.305261757,2.304651652
ENSG00000183155,1.556641565,1.62872989,3.268889916
ENSG00000183161,5.258549261,4.530788117,6.344090198
ENSG00000183172,3.094331034,2.298448741,2.51578696
ENSG00000183199,1.405627472,1.047826056,1.586819395
ENSG00000183207,11.16291975,8.02081255,10.0164575
ENSG00000183250,1.081478773,0.803123277,0.452116647
ENSG00000183255,45.92744414,39.87867144,30.39531121
ENSG00000183258,9.84357985,10.4992019,7.98240418
ENSG00000183283,29.95239613,27.48850053,31.43037413
ENSG00000183291,13.80652173,10.71525385,19.9629936
ENSG00000183309,6.326715728,7.487414176,4.526050918
ENSG00000183317,4.817624261,4.922494466,1.65186854
ENSG00000183323,5.305082788,5.883017308,3.589395997
ENSG00000183337,5.914704663,6.096114244,4.967099897
ENSG00000183340,4.954801761,5.923273742,4.700486068
ENSG00000183354,5.523248001,5.042618611,3.232623147
ENSG00000183401,1.907284904,2.431201925,1.588795839
ENSG00000183421,5.43482287,6.473027508,2.760360482
ENSG00000183426,3.191778529,3.229924004,1.759346905
ENSG00000183431,7.787275901,7.369183578,12.34620034
ENSG00000183458,2.856574258,4.073019269,1.790123152
ENSG00000183474,1.321888639,1.432031998,1.471106653
ENSG00000183475,3.447744721,3.950885538,3.164392486
ENSG00000183486,2.518933484,2.676791817,25.97424273
ENSG00000183495,6.554668555,9.132647171,6.27484422
ENSG00000183506,4.379067608,6.694458434,0.961698049
ENSG00000183508,5.475147687,4.944386153,5.661476753
ENSG00000183513,6.590714391,7.451678379,3.069933888
ENSG00000183520,3.504161964,3.586363657,8.01693747
ENSG00000183527,4.173095477,3.950012466,10.38016789
ENSG00000183530,9.057287716,9.728321352,8.583427729
ENSG00000183570,1.460232808,1.018117407,0.263256104
ENSG00000183576,8.202444239,6.113999223,12.50814999
ENSG00000183579,9.037290768,12.4448944,23.63439013
ENSG00000183597,1.056940239,1.550849567,1.197868744
ENSG00000183604,1.161092621,0.959248433,0.694294704
ENSG00000183605,6.911733956,4.378721891,2.602513405
ENSG00000183617,2.200303983,1.65683125,1.639076007
ENSG00000183621,1.222415941,1.125597751,0.829280803
ENSG00000183624,6.456272258,4.950601148,13.3854949
ENSG00000183648,3.058362811,4.283866198,3.468325826
ENSG00000183655,1.733337452,2.206609712,1.985870779
ENSG00000183665,2.07221607,1.790308289,1.328324285
ENSG00000183666,1.741076372,1.78338438,0.961797761
ENSG00000183684,3.995563058,2.375870375,7.984824193
ENSG00000183696,2.380818999,2.379017566,2.454404794
ENSG00000183723,20.24018239,20.52139123,23.55648103
ENSG00000183726,8.043863394,7.077077515,17.15252036
ENSG00000183734,15.50011837,25.43918558,9.500669451
ENSG00000183735,3.675859975,3.882923865,9.454444427
ENSG00000183741,12.91069227,12.34072058,6.940145352
ENSG00000183742,14.98534988,15.83611371,20.55657278
ENSG00000183751,2.431675767,2.133287259,2.925408695
ENSG00000183762,8.854921639,6.546440335,9.497038516
ENSG00000183763,1.869947573,1.31180537,3.096776592
ENSG00000183765,4.440406852,4.473913029,7.140410134
ENSG00000183773,7.386567479,7.721903097,0.886177638
ENSG00000183779,27.49197783,36.12400293,27.28896456
ENSG00000183808,4.998209797,4.0935963,2.631083965
ENSG00000183814,1.604079302,0.979339398,2.910241318
ENSG00000183826,4.370139454,3.861094768,1.712833399
ENSG00000183840,1.934707427,0.931816872,0.945606608
ENSG00000183844,1.40400044,1.113977612,1.139192788
ENSG00000183853,17.48437992,14.9169531,2.853237301
ENSG00000183856,12.06410322,4.676076366,12.38561027
ENSG00000183864,15.81761723,14.21449177,15.52329676
ENSG00000183889,0.421972455,0.692676555,0.224289306
ENSG00000183891,4.697399564,6.129041994,2.655676343
ENSG00000183914,0.937783912,1.16006797,0.552833547
ENSG00000183943,15.75230702,21.33437623,2.305739705
ENSG00000183955,4.550326988,5.102532887,11.90510877
ENSG00000183963,15.90713099,23.33578035,9.621850054
ENSG00000183978,4.12861061,3.767265135,6.037425329
ENSG00000184007,6.1894037,4.78380103,3.556038536
ENSG00000184009,138.8593281,82.96110889,127.4657955
ENSG00000184012,20.40013002,21.73160378,10.95722015
ENSG00000184014,6.585971747,6.175893073,0.770921918
ENSG00000184076,3.437267323,2.675365459,4.449532624
ENSG00000184083,2.670482362,3.094215963,3.289895341
ENSG00000184117,19.2298489,19.14185333,11.21859763
ENSG00000184162,1.684219403,1.328117685,5.024978777
ENSG00000184164,4.126545394,3.560396914,4.726879506
ENSG00000184178,2.192878208,1.438789672,3.460061763
ENSG00000184203,12.0618534,8.670082106,10.41513332
ENSG00000184205,3.209222911,3.739633968,7.876094759
ENSG00000184207,1.834935041,2.020273323,5.297675127
ENSG00000184208,3.065195751,3.123051228,1.865188658
ENSG00000184209,2.610405688,3.873061864,3.01150208
ENSG00000184216,13.8433626,15.05689665,59.88509231
ENSG00000184220,0.62907404,0.631154024,0.884460389
ENSG00000184232,3.134598533,2.237085825,3.732525656
ENSG00000184271,1.161630203,0.710883379,0.354454337
ENSG00000184277,3.336739276,4.640205054,5.02054894
ENSG00000184281,1.533355353,1.811399825,3.443035846
ENSG00000184305,2.930021399,2.472367064,3.64547519
ENSG00000184307,3.650098903,2.499026366,3.872109826
ENSG00000184319,1.905177723,3.0833411,1.835133491
ENSG00000184363,18.74488754,23.56904759,21.07996957
ENSG00000184368,2.557586917,2.095697983,8.692996991
ENSG00000184381,3.550973858,5.916651489,0.687417356
ENSG00000184384,4.306822499,4.337655472,2.512753687
ENSG00000184402,4.860319769,6.844086062,5.231717539
ENSG00000184428,5.239064242,4.834946695,6.258539676
ENSG00000184432,15.43690081,14.66504543,21.68036902
ENSG00000184436,2.114236811,2.053052018,3.064831939
ENSG00000184445,9.848737133,3.94191851,8.691685779
ENSG00000184454,2.556289333,3.634421314,2.110654903
ENSG00000184470,2.948551936,2.556689307,1.760998689
ENSG00000184481,1.517081623,1.219118309,1.718374235
ENSG00000184500,0.650818179,0.646256622,2.363084
ENSG00000184517,2.062128638,1.984447836,3.353337955
ENSG00000184545,6.151418114,7.294416725,2.896366291
ENSG00000184574,2.50939032,1.70045013,2.326929112
ENSG00000184575,15.2016418,10.71326776,27.26048316
ENSG00000184584,6.959957701,6.322278063,4.976737401
ENSG00000184588,11.84875653,12.09532972,5.231466358
ENSG00000184602,2.661191376,3.094728108,6.398001373
ENSG00000184616,0.301253392,0.749578667,0.345867824
ENSG00000184634,9.085890018,12.89577625,5.581767323
ENSG00000184640,34.27789699,41.13296422,23.66682993
ENSG00000184661,4.35903865,2.034612398,14.15690906
ENSG00000184669,0.468531335,0.404791539,0.541763742
ENSG00000184675,0.963867496,1.153026458,3.004957236
ENSG00000184677,8.12153801,14.19816158,5.490168736
ENSG00000184678,0.828184997,0.765107617,0.514295184
ENSG00000184719,1.538747408,1.402115913,1.695405716
ENSG00000184731,8.719328627,8.876658997,5.87922014
ENSG00000184743,10.27267359,9.339589361,16.77933797
ENSG00000184752,5.856906271,4.164792945,15.54073185
ENSG00000184787,15.65672242,15.04834089,11.67421015
ENSG00000184792,2.353249566,1.981310544,2.135146084
ENSG00000184828,6.190247376,6.360547944,3.309296005
ENSG00000184831,1.798687212,1.089579728,3.714304974
ENSG00000184840,16.27201388,16.12285328,22.25251978
ENSG00000184860,3.019056503,3.886824558,6.980650365
ENSG00000184863,10.23714387,10.3627654,7.787115666
ENSG00000184897,4.480247789,3.583137591,1.518767158
ENSG00000184898,3.729941716,2.934283396,2.755817626
ENSG00000184900,10.52623282,7.58447753,17.48289415
ENSG00000184903,2.167434121,1.861292157,1.943212585
ENSG00000184916,4.956895531,3.642629649,0.854685204
ENSG00000184924,1.096222206,0.7985271,0.396063635
ENSG00000184925,2.645439988,2.306327581,0.175308465
ENSG00000184939,6.40186014,6.839863836,3.560177554
ENSG00000184949,3.12291662,5.593461036,0.634234726
ENSG00000184967,2.281444428,3.118298872,4.345318048
ENSG00000184983,6.721855961,6.442381337,11.30178803
ENSG00000184990,3.752643249,3.319212855,3.046339777
ENSG00000184992,10.20059959,8.409160762,31.47530996
ENSG00000185000,7.618907901,8.522785629,6.563988582
ENSG00000185009,9.474167286,8.452849905,9.16448885
ENSG00000185010,0.501995894,0.867407046,1.756590281
ENSG00000185015,2.953067312,2.436880201,1.964615836
ENSG00000185022,3.151228655,1.860664114,1.076995833
ENSG00000185024,5.650312702,7.107738952,3.291773458
ENSG00000185033,45.81437321,38.6983483,9.446184604
ENSG00000185043,21.29787446,21.36762567,9.88168451
ENSG00000185049,6.290715612,7.740505886,4.177587137
ENSG00000185055,0.323209615,0.359022384,0.310865867
ENSG00000185085,4.038816675,3.467763218,6.240820276
ENSG00000185088,14.24322287,20.75388884,6.598336958
ENSG00000185090,0.365953559,0.216506771,1.31931106
ENSG00000185101,14.75269915,18.66695559,8.145586898
ENSG00000185104,6.17358364,4.482075806,7.32331475
ENSG00000185112,4.919821376,5.69168417,1.084912274
ENSG00000185122,8.077702345,11.26383265,6.558927317
ENSG00000185127,2.78919828,2.626968019,2.08807217
ENSG00000185129,5.390759371,7.089076013,5.097046184
ENSG00000185133,1.561283472,2.107951531,1.098069232
ENSG00000185158,2.588062352,4.951094076,1.066809113
ENSG00000185163,4.200103071,7.486172027,4.13869352
ENSG00000185164,16.31956101,12.97160298,23.17610668
ENSG00000185187,10.39444688,17.27878815,3.39683898
ENSG00000185189,6.002342886,4.726543334,1.121421588
ENSG00000185219,6.295923413,10.50487087,6.282953526
ENSG00000185220,2.296773087,2.312656278,1.967323474
ENSG00000185222,5.360879925,5.388085758,19.9829591
ENSG00000185236,13.13905458,18.50803591,8.224612917
ENSG00000185238,3.40305767,1.943285238,3.171618071
ENSG00000185246,7.647472798,9.919317216,6.500883258
ENSG00000185250,1.096946246,1.632177249,0.691028605
ENSG00000185252,4.342324896,7.760779519,4.017896508
ENSG00000185261,0.451200454,0.644699629,0.344363738
ENSG00000185262,3.618798977,3.067277587,3.754682618
ENSG00000185278,3.214993658,3.076376171,1.291574587
ENSG00000185291,2.891722322,5.561617748,0.733580318
ENSG00000185298,2.996321314,3.286772204,9.257491126
ENSG00000185305,3.319925088,2.782496618,3.417108139
ENSG00000185324,12.80303401,17.97110957,5.671362048
ENSG00000185332,0.521095115,0.33765334,0.419420151
ENSG00000185339,2.334993465,1.5798934,3.480332603
ENSG00000185340,2.121483884,2.895291524,2.381647735
ENSG00000185344,3.236738076,2.96430125,6.739402367
ENSG00000185347,1.313612069,1.122832591,1.913416877
ENSG00000185359,17.15605604,24.45891256,11.54331593
ENSG00000185404,6.285675185,6.979718279,4.266145548
ENSG00000185418,2.038944053,2.264866269,2.040470153
ENSG00000185420,3.054007723,1.717389869,2.029905848
ENSG00000185436,2.290318206,2.257657501,2.641937896
ENSG00000185442,0.544800594,0.648156393,0.446231327
ENSG00000185453,0.944803618,0.844418209,0.542593534
ENSG00000185477,6.634296544,9.720011422,2.735229452
ENSG00000185480,2.466107434,1.029648191,8.983642356
ENSG00000185485,5.643494058,6.061663871,1.611953512
ENSG00000185495,2.846159114,0.900913099,0.426020475
ENSG00000185504,5.682647532,5.672920596,1.70151498
ENSG00000185507,2.001737374,4.829715099,4.688411668
ENSG00000185522,6.009830249,4.730561391,0.27443133
ENSG00000185551,5.750545157,4.86938687,3.078968061
ENSG00000185561,2.619286668,2.230225796,2.514048019
ENSG00000185565,12.35751888,10.89209625,0.792537548
ENSG00000185591,21.12053211,19.38939249,19.13453922
ENSG00000185596,6.149630672,11.79667401,2.002710545
ENSG00000185619,5.140664196,5.978488229,1.91841921
ENSG00000185621,6.199901353,6.757203215,2.169362295
ENSG00000185624,76.00825491,62.26356543,102.5679576
ENSG00000185627,9.262070316,8.645861758,12.78488567
ENSG00000185630,3.734057798,3.194128966,2.096104117
ENSG00000185650,15.65881351,17.54934854,10.73995071
ENSG00000185651,9.828995506,8.498040748,22.8041673
ENSG00000185658,11.18551686,16.40734025,3.783720081
ENSG00000185664,0.841295235,1.584819666,0.968100523
ENSG00000185670,2.168317267,1.959356234,1.230919385
ENSG00000185684,2.183117543,2.702233252,2.328205571
ENSG00000185697,1.307091465,0.71034885,4.695185741
ENSG00000185716,3.259396595,3.259056978,1.655725118
ENSG00000185721,6.643070686,6.320250665,12.49795739
ENSG00000185722,2.577966818,3.725445935,2.513779432
ENSG00000185728,10.49958588,10.44156703,15.45640913
ENSG00000185730,1.79632283,1.953791719,1.841384925
ENSG00000185753,6.919774619,6.782478081,11.88536852
ENSG00000185761,1.034428511,2.010831987,1.486565478
ENSG00000185787,19.4259707,16.68728805,22.11463009
ENSG00000185798,1.003874357,1.417304258,3.904282408
ENSG00000185800,3.203944032,5.6072036,1.923454375
ENSG00000185803,2.600033519,3.022436931,6.733943174
ENSG00000185808,2.459722258,2.4512263,2.606182632
ENSG00000185813,5.805720335,6.78981628,4.85584731
ENSG00000185825,15.32946026,14.24295482,51.02030555
ENSG00000185829,0.580912524,0.685908408,0.521478351
ENSG00000185838,1.486178982,1.606561698,0.369924378
ENSG00000185839,0.342257968,0.459385813,0.402820618
ENSG00000185842,1.795814129,1.871119294,2.03122238
ENSG00000185864,0.601489255,0.952713004,0.299972133
ENSG00000185880,3.146744484,1.336337271,6.237684219
ENSG00000185896,28.06867841,27.97187683,50.37979902
ENSG00000185900,6.546670723,8.196007545,4.459231788
ENSG00000185909,0.673516288,0.960118488,0.612563027
ENSG00000185917,5.832533808,6.651915894,2.960690222
ENSG00000185920,3.895737969,4.907871637,6.019614455
ENSG00000185946,9.670482556,11.83965172,1.888204534
ENSG00000185947,1.813459302,1.634408483,4.801977846
ENSG00000185950,4.192243024,3.14821734,0.797609228
ENSG00000185963,6.534901072,6.563337907,6.252244998
ENSG00000186001,5.090345194,4.829777324,2.261150792
ENSG00000186017,1.168185956,1.124608414,1.428118622
ENSG00000186026,0.919908124,1.735928108,0.360282655
ENSG00000186063,5.440858632,4.011321916,10.86586309
ENSG00000186073,0.456957816,0.459248419,0.584906573
ENSG00000186076,1.658941844,1.208199769,2.667173958
ENSG00000186088,3.694146457,4.035815162,2.390022849
ENSG00000186104,4.944288408,4.398923499,3.51310118
ENSG00000186106,2.688582225,2.883504351,3.30539163
ENSG00000186111,6.967469719,13.36102641,5.649348673
ENSG00000186130,3.553622214,3.149345305,4.455296405
ENSG00000186132,1.0054996,0.667169075,0.658441318
ENSG00000186141,4.170476774,5.561200951,4.70533028
ENSG00000186153,1.52308996,1.033540558,3.308366826
ENSG00000186162,0.991372085,1.197159208,1.309366013
ENSG00000186166,3.576536095,5.224232376,2.337499186
ENSG00000186174,13.10836027,13.83021076,8.300806536
ENSG00000186184,14.56778092,11.80347762,13.34313696
ENSG00000186185,4.518042896,5.844664141,10.46196242
ENSG00000186187,2.941386185,2.455857569,1.384216465
ENSG00000186188,3.255481331,6.166775416,0.640606092
ENSG00000186193,5.589260455,4.70585901,7.803650622
ENSG00000186204,5.728052224,6.032879123,5.174829374
ENSG00000186212,6.30164716,7.492733641,6.20521383
ENSG00000186222,2.336502243,2.345023978,3.030534173
ENSG00000186260,8.504841427,10.25140576,5.478815812
ENSG00000186280,0.703433406,0.364642281,0.542145
ENSG00000186283,3.882457173,3.414768165,11.48864965
ENSG00000186298,22.61000144,13.97749046,38.48895979
ENSG00000186312,1.488088387,1.118988468,1.855332596
ENSG00000186314,8.943936324,6.367258778,4.15325657
ENSG00000186318,3.428667209,2.522586861,2.405391668
ENSG00000186350,5.470095507,7.920992966,7.640448818
ENSG00000186352,2.076788759,1.715760075,3.34839687
ENSG00000186376,3.568299342,3.102129747,4.141005338
ENSG00000186377,9.636659826,9.325950931,5.733842856
ENSG00000186395,3.307976734,2.672048237,3.646287724
ENSG00000186409,1.521436171,3.002855312,0.353217772
ENSG00000186416,1.178025578,1.349130328,2.650221163
ENSG00000186417,0.7192226,0.50840046,0.569952881
ENSG00000186432,7.819710342,8.76541522,21.64350881
ENSG00000186446,1.17272793,1.045871522,0.549607483
ENSG00000186468,21.97535559,18.43551001,28.77226551
ENSG00000186470,4.091255254,4.118663577,4.803047897
ENSG00000186472,1.279021899,1.074884643,1.005329272
ENSG00000186480,43.82172683,23.71011017,41.80084722
ENSG00000186496,1.194893216,0.969943871,0.516468559
ENSG00000186501,4.02175405,4.681164075,5.61175279
ENSG00000186522,8.635528742,3.166475501,6.060707634
ENSG00000186529,2.128100243,2.766318725,6.136523608
ENSG00000186532,3.658906139,3.110564078,2.162621525
ENSG00000186566,9.82960523,9.423253403,7.813039437
ENSG00000186575,6.283582149,7.514988469,7.089499736
ENSG00000186577,2.205578088,1.667336573,1.841146682
ENSG00000186591,25.53045303,24.19258541,26.34851854
ENSG00000186594,1.883185749,2.280596724,2.181407011
ENSG00000186603,1.31199147,0.193700381,1.544779275
ENSG00000186615,0.563979293,0.687888841,0.364425818
ENSG00000186625,1.362205164,1.142274102,1.968651706
ENSG00000186635,17.59472382,23.66104102,5.698855303
ENSG00000186638,1.371976103,0.464835354,3.183875257
ENSG00000186648,0.373017429,0.639345085,0.690741662
ENSG00000186665,1.896338421,1.39998977,1.925025114
ENSG00000186666,0.802557249,0.720044311,1.815699476
ENSG00000186716,9.616107394,9.250446367,7.976427117
ENSG00000186787,1.051142989,1.026900974,2.484109578
ENSG00000186792,0.569818046,0.859505691,0.844072499
ENSG00000186806,0.664112837,0.375776195,0.268473702
ENSG00000186812,7.902529684,13.86567295,3.184998599
ENSG00000186815,31.30250732,35.89222781,10.90800571
ENSG00000186834,8.343161339,6.831317525,12.51228085
ENSG00000186854,5.381773046,4.604876546,6.706741706
ENSG00000186866,9.187796231,12.85898429,3.655080874
ENSG00000186889,0.602183807,0.476906561,1.209177189
ENSG00000186908,4.952619696,7.43721201,3.327661514
ENSG00000186918,18.30921475,16.41147363,4.987066012
ENSG00000186951,14.83597872,12.86413851,8.223592189
ENSG00000186976,0.833759619,0.715831465,0.321294528
ENSG00000187017,4.959035823,4.357129213,0.65625226
ENSG00000187049,1.434214612,2.100172253,1.025043507
ENSG00000187051,3.089722034,2.874098919,5.027554838
ENSG00000187068,1.563130074,1.278132113,0.870408193
ENSG00000187079,17.78173806,17.47377712,11.96141101
ENSG00000187091,4.797639925,7.046970391,0.7861615
ENSG00000187097,6.516337293,6.047588832,5.803551072
ENSG00000187105,0.784218147,0.571667442,0.267963614
ENSG00000187109,77.62021893,53.14090737,69.20728947
ENSG00000187118,1.886049374,2.220150184,3.475278451
ENSG00000187123,1.576547995,0.873697332,6.306873181
ENSG00000187147,1.140488259,1.504874213,1.660618127
ENSG00000187164,1.517696753,0.883311412,2.318644873
ENSG00000187189,5.504355048,5.73829951,2.751220088
ENSG00000187210,11.81339549,8.055311023,5.293294467
ENSG00000187231,7.238885088,8.389178671,7.827052894
ENSG00000187239,9.890222413,9.86819744,3.329740496
ENSG00000187244,12.30300255,11.3784817,0.601762419
ENSG00000187257,4.634154691,5.174157743,5.032289811
ENSG00000187266,3.774700417,4.773512967,0.352765045
ENSG00000187325,11.49519083,6.001890662,4.700584767
ENSG00000187416,0.476953485,0.376655839,0.237668578
ENSG00000187446,20.94576317,15.31849684,16.90979738
ENSG00000187486,1.073907319,0.924099906,2.274105442
ENSG00000187514,91.42909649,66.52990407,246.633864
ENSG00000187522,2.940899005,4.487887095,5.836356867
ENSG00000187531,6.356602779,8.211834383,4.673291366
ENSG00000187534,0.234548815,0.231589025,1.080462756
ENSG00000187535,4.614332115,3.409264188,0.620636858
ENSG00000187546,0.209843024,0.14956889,2.375738336
ENSG00000187554,2.146729261,1.598445262,1.010923433
ENSG00000187555,15.76078866,16.26740428,32.37225383
ENSG00000187566,0.563868744,0.254908824,0.59942173
ENSG00000187583,1.942714094,1.248583693,0.587660208
ENSG00000187605,5.172728645,6.792805058,3.075644144
ENSG00000187608,0.182530377,0.141928772,15.64510841
ENSG00000187609,5.789693758,4.443572261,0.87142423
ENSG00000187626,2.763666084,4.02923071,1.587773175
ENSG00000187676,1.056077795,0.641536302,2.46460158
ENSG00000187678,1.931799105,1.971861502,5.692998923
ENSG00000187699,0.299444793,0.608312973,1.049613318
ENSG00000187713,3.530968005,2.761970756,5.253818392
ENSG00000187720,10.06018491,5.823678366,1.041927245
ENSG00000187735,11.76642745,8.411925024,16.15578799
ENSG00000187736,1.957089732,1.52175954,3.895135725
ENSG00000187741,4.056767307,2.832140606,5.968084378
ENSG00000187742,12.97101603,11.9584739,3.581440826
ENSG00000187764,6.218926067,6.073229178,4.961646908
ENSG00000187778,4.819181173,5.792700208,6.565239846
ENSG00000187790,2.491909071,1.912773772,3.036194352
ENSG00000187792,1.891496929,2.202746714,1.371393488
ENSG00000187801,1.052401286,1.363846251,0.668146642
ENSG00000187808,0.906592751,0.435632447,0.801324491
ENSG00000187815,0.941273084,0.871307893,0.818690828
ENSG00000187837,0.574632384,0.620573027,0.633488631
ENSG00000187840,6.836520761,2.793826912,6.188795413
ENSG00000187867,0.832018601,1.405945703,5.870512179
ENSG00000187953,4.150885173,5.251426769,3.401227944
ENSG00000187954,3.996037884,6.697252039,2.303820924
ENSG00000187961,3.119255687,4.680191737,0.958086514
ENSG00000188001,0.166772127,0.243142028,0.675908302
ENSG00000188002,4.140387363,5.61333,0.936718118
ENSG00000188010,1.185972748,0.857344313,1.595235406
ENSG00000188021,6.286217472,5.914504273,10.73442366
ENSG00000188026,1.111581992,1.49162375,1.617462274
ENSG00000188033,0.479555688,0.978491264,0.347092818
ENSG00000188042,9.988986367,8.387104138,9.351250018
ENSG00000188070,3.083334271,4.383280716,1.38062563
ENSG00000188092,1.271461259,1.704228022,0.880489934
ENSG00000188112,6.99938123,6.130098938,6.750007002
ENSG00000188157,73.9592697,86.12147778,21.80288949
ENSG00000188177,6.371201071,4.563691191,1.108295557
ENSG00000188185,1.521227632,1.562707706,1.636865165
ENSG00000188186,5.347961892,4.900212171,3.391556741
ENSG00000188191,1.249421142,0.995862217,4.172662136
ENSG00000188229,34.3737853,19.41693562,58.20355122
ENSG00000188234,4.395583668,6.487568421,1.279438933
ENSG00000188243,4.306279956,4.241031186,3.735119593
ENSG00000188257,0.969212591,0.589957668,0.437106842
ENSG00000188266,1.128587186,0.81368799,1.284235939
ENSG00000188290,1.419587128,0.893988887,1.763640874
ENSG00000188295,1.150388014,1.086537791,1.585653288
ENSG00000188312,0.348689168,0.214642693,1.983109516
ENSG00000188313,15.09684891,9.423540566,24.12467486
ENSG00000188315,0.992438979,1.456749107,1.345681282
ENSG00000188322,7.902572199,10.25448805,2.412661609
ENSG00000188342,5.574380148,4.514062184,6.389507441
ENSG00000188343,2.456921578,2.673001685,2.880542424
ENSG00000188352,6.296953515,4.523732126,4.259810729
ENSG00000188372,0.794397434,0.483412411,1.072129656
ENSG00000188419,4.368402027,2.906606865,6.888726509
ENSG00000188486,6.972753203,2.090377496,5.480616693
ENSG00000188493,3.299573629,4.232229176,2.3432038
ENSG00000188529,14.4700756,16.45250106,23.94436587
ENSG00000188554,19.12598681,17.36270669,10.43199828
ENSG00000188559,22.77958063,24.44094848,17.89553799
ENSG00000188566,3.417736587,7.09126642,4.492907807
ENSG00000188611,0.907544174,0.954532574,0.824945304
ENSG00000188612,11.71609693,8.806632624,21.87021628
ENSG00000188613,1.368424105,0.746691394,0.976184169
ENSG00000188636,8.91257715,8.618821499,7.637092767
ENSG00000188643,12.70970048,7.820079235,15.61099474
ENSG00000188647,10.05404127,11.41355686,7.195442689
ENSG00000188677,0.783965175,0.208890995,3.310216385
ENSG00000188690,3.380440321,2.05090245,4.16581011
ENSG00000188706,13.05413909,14.12763864,25.08184498
ENSG00000188725,8.406705381,8.301340559,17.28435893
ENSG00000188732,3.213458593,3.590768325,2.535911488
ENSG00000188735,3.448703346,5.419136938,2.636567498
ENSG00000188747,15.28071406,18.42656675,0.985990401
ENSG00000188760,0.479904988,0.389864593,0.335033009
ENSG00000188786,4.442248189,5.217168731,7.208947614
ENSG00000188807,2.175976394,3.261142756,6.231412365
ENSG00000188811,9.600045649,12.93900757,6.623420761
ENSG00000188825,0.906323878,0.930327973,0.515122202
ENSG00000188827,3.802024432,2.956311534,3.461395494
ENSG00000188833,1.237746461,1.59796609,0.518341005
ENSG00000188846,58.32596803,42.34848091,53.28211634
ENSG00000188868,0.44624851,0.322777764,0.683997436
ENSG00000188878,0.704805874,0.52471015,0.510124399
ENSG00000188895,16.49678361,16.66881617,13.56313543
ENSG00000188917,2.626157682,2.558316446,8.394303567
ENSG00000188931,4.451150962,6.60992298,2.716612414
ENSG00000188938,6.557857393,6.927281332,6.0046498
ENSG00000188959,10.55123603,9.479629598,9.592227471
ENSG00000188976,13.12450533,16.02538562,17.60421304
ENSG00000188986,8.960081131,10.76533512,8.291322312
ENSG00000188993,1.731519736,1.726819018,1.514975568
ENSG00000188994,12.79727166,14.81678838,8.330754864
ENSG00000189007,8.132788498,7.085671454,3.293918434
ENSG00000189042,0.578527356,0.611626143,0.517898606
ENSG00000189043,10.28719944,7.394508598,29.52103911
ENSG00000189045,0.7262212,1.031246144,0.542050146
ENSG00000189046,2.331837099,2.169580037,3.82158172
ENSG00000189057,6.314347417,1.263641581,45.36709883
ENSG00000189060,43.26215069,40.21555564,54.84028625
ENSG00000189067,9.818197366,7.433758454,19.30219471
ENSG00000189077,2.408299153,2.241848728,2.106841252
ENSG00000189079,4.244755054,5.105128106,4.538899372
ENSG00000189091,19.25067628,13.91978845,33.45153368
ENSG00000189120,1.887768488,1.484047551,6.986895829
ENSG00000189136,1.83114818,5.379903951,0.326449373
ENSG00000189143,50.49643194,40.52941095,51.38967153
ENSG00000189144,0.833275996,0.917311965,0.581018845
ENSG00000189159,14.71943473,11.7234063,20.31042096
ENSG00000189164,0.925652396,0.787229373,1.722028913
ENSG00000189171,0.578533249,0.327015525,0.353304111
ENSG00000189180,9.747621587,11.33940397,3.094759213
ENSG00000189190,2.152864207,2.761984292,1.898242055
ENSG00000189195,1.549189719,1.242359524,0.856045792
ENSG00000189221,6.953721642,5.266004212,17.09672775
ENSG00000189227,0.41290478,0.41247197,0.438939204
ENSG00000189266,15.29565735,14.50076999,27.23659773
ENSG00000189283,0.920778282,1.248224343,0.540935179
ENSG00000189298,2.953492533,3.195579915,0.772702642
ENSG00000189306,4.325504208,4.86800624,4.438727225
ENSG00000189308,2.653205131,1.536709686,7.571216244
ENSG00000189325,5.504025567,7.850822222,3.541232647
ENSG00000189334,36.90227227,25.44372277,36.46976341
ENSG00000189337,1.159514839,0.885960631,0.534374754
ENSG00000189339,13.37473918,15.63381488,3.744423258
ENSG00000189369,2.450752151,2.609345482,5.81592887
ENSG00000189376,0.835837959,1.146292387,0.716007249
ENSG00000189403,31.25800669,22.63567227,77.72425247
ENSG00000189431,4.493940421,5.547232119,2.794715717
ENSG00000196072,3.029912161,6.839288911,4.390928301
ENSG00000196083,4.190041951,3.896359076,4.964258547
ENSG00000196110,1.40976598,1.172017558,0.410009217
ENSG00000196116,2.767427512,2.473388265,6.49975706
ENSG00000196123,16.70497562,19.45889557,3.471395049
ENSG00000196139,11.35233765,13.29201923,10.17991405
ENSG00000196141,3.522598933,2.562845148,3.8760986
ENSG00000196150,2.752431541,2.142329816,1.941864968
ENSG00000196151,2.126952188,2.333749476,1.91436458
ENSG00000196152,0.987744779,2.375487539,0.928867338
ENSG00000196154,1.173626088,1.108781254,11.12386636
ENSG00000196155,6.758176478,8.969768611,3.305378147
ENSG00000196177,6.743910175,5.66478066,6.553557438
ENSG00000196182,6.498983369,4.736259799,7.153314257
ENSG00000196187,63.16596978,87.46692435,12.45555744
ENSG00000196196,1.810407715,0.878371003,5.906400079
ENSG00000196199,7.593340344,9.09823139,8.204740979
ENSG00000196205,32.47968419,23.015463,26.11625944
ENSG00000196214,0.64720847,1.167660017,1.443484933
ENSG00000196220,6.67476061,7.351585167,0.800859688
ENSG00000196227,3.711451666,2.686990854,6.526098302
ENSG00000196230,46.96948486,22.17031465,60.2689546
ENSG00000196233,10.96247203,10.01780255,7.227492536
ENSG00000196235,15.17308602,16.17864722,16.68681936
ENSG00000196236,3.980786097,4.225951173,5.265200361
ENSG00000196247,3.844719642,4.834520681,7.587505791
ENSG00000196262,63.7187505,47.54737899,175.2633577
ENSG00000196284,0.571017822,0.375524107,0.28992075
ENSG00000196290,4.66760223,4.881436612,3.782150097
ENSG00000196295,6.299454909,8.531197335,2.375766655
ENSG00000196296,0.634480254,0.911138268,0.264325371
ENSG00000196305,28.30130527,14.97375461,19.68210501
ENSG00000196312,5.425024609,4.626125014,3.18937145
ENSG00000196313,11.8591598,12.35509381,9.195309179
ENSG00000196323,7.144254008,6.198163282,4.480562706
ENSG00000196357,0.904149346,0.875571742,0.707665533
ENSG00000196363,7.363151112,7.151379153,13.48661302
ENSG00000196365,18.67937363,20.56489893,18.41335202
ENSG00000196367,8.914385247,12.21091762,11.67371473
ENSG00000196369,0.364616337,0.250157631,0.387606084
ENSG00000196372,3.577348024,2.469184201,4.511522679
ENSG00000196378,0.876451164,2.047128069,0.498358148
ENSG00000196387,1.62847941,2.818415141,0.781813337
ENSG00000196388,2.233367031,1.481608,0.527596673
ENSG00000196391,3.186239331,4.377911905,1.901694189
ENSG00000196396,8.386698038,7.2020153,21.08565256
ENSG00000196408,0.483923167,0.271193151,1.154003811
ENSG00000196411,30.49890967,43.15135048,15.09467089
ENSG00000196417,2.912550606,2.522415082,3.733423287
ENSG00000196418,1.627721368,1.956176266,2.935683116
ENSG00000196419,28.23356964,23.07850305,39.96285974
ENSG00000196422,7.938403303,6.440978645,4.213352118
ENSG00000196428,6.427419574,4.587751042,4.263752759
ENSG00000196440,2.449181348,1.723332528,0.581561666
ENSG00000196449,2.113286577,2.036898636,4.408821549
ENSG00000196453,2.639581656,2.938828137,2.825453442
ENSG00000196455,4.990832128,5.114748914,6.100553344
ENSG00000196459,3.514952436,3.716287757,5.571568976
ENSG00000196470,0.85541424,0.967044632,0.706197122
ENSG00000196476,4.237378011,9.138192688,3.886825109
ENSG00000196498,23.67839518,40.07994384,16.30813462
ENSG00000196504,17.52010301,18.61614127,25.44559628
ENSG00000196505,3.452029635,4.062772372,5.062669679
ENSG00000196507,2.019314415,1.607977892,2.314746037
ENSG00000196510,3.43037368,2.538033794,7.790900512
ENSG00000196511,0.498403934,0.404764206,0.713503377
ENSG00000196517,0.982048295,0.404941464,1.21344366
ENSG00000196526,3.188369605,3.58694915,2.202705099
ENSG00000196531,28.80966634,23.21586613,38.91574325
ENSG00000196535,19.0409062,19.52819795,10.67594445
ENSG00000196544,0.781543239,0.468115242,0.788930876
ENSG00000196547,10.93909323,11.96388199,7.812298997
ENSG00000196550,1.21684305,0.64933338,1.597936071
ENSG00000196562,12.93984919,19.07422008,1.416788777
ENSG00000196569,0.184769933,0.490873069,8.426419069
ENSG00000196576,80.53407604,133.6367098,30.45778396
ENSG00000196584,1.7821393,0.66643474,9.755294859
ENSG00000196586,20.03018621,25.19605487,14.29103314
ENSG00000196588,3.779390603,6.252879717,2.390929778
ENSG00000196591,15.47367132,14.61912768,33.65498759
ENSG00000196597,2.486270888,2.649795317,1.244981713
ENSG00000196605,1.936886817,2.471168151,0.694317723
ENSG00000196636,1.215954657,1.162153379,5.30783273
ENSG00000196639,1.878397447,1.764630839,1.818677754
ENSG00000196642,19.88483925,22.82130166,16.01604163
ENSG00000196646,1.905986635,1.500491274,2.698394224
ENSG00000196652,2.595025681,2.560459052,4.396593553
ENSG00000196653,0.71207511,1.420826455,1.958516892
ENSG00000196655,3.37182734,2.746447298,6.063210529
ENSG00000196660,1.180075492,1.328861276,0.980444258
ENSG00000196663,4.644807663,4.659889541,2.412725861
ENSG00000196668,5.721954419,3.524258524,0.196217239
ENSG00000196670,6.849281348,8.436550362,3.561672898
ENSG00000196678,8.669318647,8.206850106,8.809691499
ENSG00000196683,6.367058051,5.587869469,9.332094226
ENSG00000196684,4.143644413,8.226546841,6.508477778
ENSG00000196689,1.498972167,2.610022752,0.286010161
ENSG00000196693,6.701627899,7.718097395,1.659420356
ENSG00000196696,0.349162566,0.315692686,0.112216581
ENSG00000196704,7.030957548,10.18830044,9.273033323
ENSG00000196705,3.763498643,4.641805001,4.062875609
ENSG00000196712,14.50399754,17.5254565,10.41839809
ENSG00000196715,7.364813449,5.163854371,9.783194951
ENSG00000196741,1.470588928,0.617739243,0.873298611
ENSG00000196743,12.17962606,9.822519761,15.36478553
ENSG00000196754,1.153791761,1.287294407,1.551451895
ENSG00000196756,3.033168807,2.552367278,3.050458888
ENSG00000196776,29.0889945,23.64035799,17.86200459
ENSG00000196781,11.74898266,14.47653906,6.537479704
ENSG00000196782,1.808163328,2.048365695,0.60803382
ENSG00000196792,3.659624242,3.467160307,2.158860869
ENSG00000196793,1.109789863,2.335455336,1.244705352
ENSG00000196810,1.923661931,2.050183028,2.060743576
ENSG00000196814,1.263064406,1.62765668,2.187549823
ENSG00000196821,11.37868228,10.34697105,17.40753693
ENSG00000196839,0.930306824,0.613385341,0.399055819
ENSG00000196843,2.123703109,1.828928992,1.933030561
ENSG00000196850,6.985874742,5.823068728,15.21792478
ENSG00000196865,9.981726581,9.529797477,3.936151316
ENSG00000196872,4.16025893,4.558748806,2.608006039
ENSG00000196873,2.196224967,3.497964913,1.603993112
ENSG00000196878,36.67767091,61.27872563,14.46067599
ENSG00000196900,0.446062056,0.867102793,1.513751155
ENSG00000196911,2.413876848,2.690280754,0.626122624
ENSG00000196912,3.560425712,3.066231706,0.447418334
ENSG00000196914,18.93405512,20.25094545,15.88241277
ENSG00000196922,4.085332015,5.993769857,7.211637614
ENSG00000196923,4.109129555,3.39048907,2.440754851
ENSG00000196924,55.34493234,44.33884759,32.61741166
ENSG00000196935,2.063863429,2.608945072,1.447266154
ENSG00000196937,15.22950461,14.41685406,34.89597975
ENSG00000196943,3.024411405,3.537744073,3.38311654
ENSG00000196950,7.942488618,6.510901028,3.796202277
ENSG00000196954,4.284274321,4.057994585,6.441629114
ENSG00000196961,12.151472,11.58574209,10.14085586
ENSG00000196968,22.70249564,18.3704382,4.658743492
ENSG00000196975,16.22439585,13.45811636,13.42036386
ENSG00000196976,1.850241922,1.22308419,3.576702861
ENSG00000196981,1.681875486,1.892184949,1.365500029
ENSG00000196998,0.34164319,0.860899293,0.514511284
ENSG00000197006,8.259810388,5.990357144,16.5374923
ENSG00000197008,2.797677081,2.626510529,2.796645224
ENSG00000197013,0.501190742,0.561306544,1.085316551
ENSG00000197019,1.593798712,1.689254042,4.471717296
ENSG00000197020,1.960946568,2.014030898,3.148506267
ENSG00000197021,3.824965806,4.597832763,5.532507803
ENSG00000197024,2.111143831,2.601632567,3.586678147
ENSG00000197037,4.394582852,5.828394226,4.860524301
ENSG00000197043,11.03186863,9.688818818,7.450539428
ENSG00000197044,0.892063609,1.481200144,2.232479553
ENSG00000197045,9.719653566,9.241036998,14.04422794
ENSG00000197056,4.339938232,4.043606137,4.296961306
ENSG00000197063,2.303472299,2.899375697,3.117180401
ENSG00000197077,14.33248881,11.53550658,11.30966298
ENSG00000197081,32.92196966,36.20448648,25.93467937
ENSG00000197093,1.999801009,3.755200206,0.455548334
ENSG00000197102,26.86725292,31.35544966,16.32781725
ENSG00000197111,16.36414044,14.1699848,16.60229335
ENSG00000197114,1.064560635,1.731267773,1.586575448
ENSG00000197119,12.00051591,20.95499365,2.135181626
ENSG00000197121,12.93880773,9.924512587,4.476238827
ENSG00000197122,7.710415058,11.26065761,15.05005147
ENSG00000197136,7.077780264,10.08896451,8.63891341
ENSG00000197140,0.458856527,1.201950839,0.830277948
ENSG00000197142,8.561295222,7.599248764,8.372245706
ENSG00000197150,2.948630753,4.901864588,3.940879106
ENSG00000197157,31.95865269,21.22044783,20.30821494
ENSG00000197162,0.55919749,0.836174972,0.609698405
ENSG00000197170,7.155213631,7.626666303,21.47527768
ENSG00000197180,0.291456997,0.160526768,0.472496712
ENSG00000197182,1.358811311,2.780422865,0.554987081
ENSG00000197183,8.29100792,11.03151546,5.491097359
ENSG00000197191,0.466946371,0.616550904,0.32780354
ENSG00000197208,1.232939235,1.207506886,0.430222673
ENSG00000197217,9.070634515,8.149920252,11.86498035
ENSG00000197223,2.743280681,2.944973714,5.005005192
ENSG00000197226,26.54765772,35.77362018,18.54168648
ENSG00000197249,2.851106454,1.916744046,31.10972224
ENSG00000197256,3.047366176,1.743035328,7.41149778
ENSG00000197261,3.071057058,3.522250492,1.468106292
ENSG00000197265,5.814043535,4.252380866,7.208524387
ENSG00000197275,0.66439415,0.44535169,2.593772434
ENSG00000197296,4.176289695,3.741908901,8.612314666
ENSG00000197299,2.29205386,1.092867736,9.286558084
ENSG00000197302,4.804731799,5.694609582,3.863086471
ENSG00000197312,6.377091923,5.806251045,10.71807047
ENSG00000197321,7.893701336,9.784254451,2.801649535
ENSG00000197323,10.85918658,15.14947811,7.309661688
ENSG00000197324,17.50619519,16.6421861,11.16778955
ENSG00000197329,17.33700931,18.07602411,9.427165591
ENSG00000197332,0.833040705,0.392570421,2.104655645
ENSG00000197345,2.852629433,2.556010915,2.991033222
ENSG00000197355,2.926942548,4.258099369,3.338998712
ENSG00000197362,0.956140391,1.470578025,2.245074673
ENSG00000197363,1.767848138,1.842362422,0.900504764
ENSG00000197372,1.52009677,2.462437936,1.152106606
ENSG00000197375,4.081072795,3.885820944,3.362092252
ENSG00000197381,3.928847944,3.930499403,1.616454608
ENSG00000197386,16.07111883,17.49559184,12.79746677
ENSG00000197429,3.829227343,4.082006408,4.694398621
ENSG00000197442,4.852869339,4.578090547,4.184758114
ENSG00000197451,14.10571528,11.04256843,32.97965043
ENSG00000197457,1.007789351,0.358698922,0.43758646
ENSG00000197461,1.336641319,2.307178689,0.620905812
ENSG00000197483,1.741943543,1.522672084,2.01153746
ENSG00000197498,6.776056014,6.217954229,7.14646834
ENSG00000197530,8.301641418,16.36473411,1.90719688
ENSG00000197535,0.850908076,1.046889543,0.996160387
ENSG00000197548,3.091016982,2.873393054,1.805509633
ENSG00000197550,0.167285506,0.303508175,0.364558003
ENSG00000197555,12.97896079,14.92433214,5.425401503
ENSG00000197562,7.033750445,11.68611564,4.105257227
ENSG00000197563,7.274303453,3.714173767,5.091143209
ENSG00000197566,1.154380447,0.919562624,0.405302634
ENSG00000197568,0.906786895,0.818400449,0.998388713
ENSG00000197586,26.35108821,27.97532626,23.13617923
ENSG00000197594,1.490260413,0.792321763,1.714211759
ENSG00000197601,15.00309769,14.77758245,15.90289225
ENSG00000197603,2.175239292,1.643494545,2.490955331
ENSG00000197620,2.171256589,2.160015083,4.704569923
ENSG00000197622,9.818177982,15.01431425,11.31003252
ENSG00000197635,5.763714367,4.403191158,14.22439225
ENSG00000197694,34.57664917,46.29315739,18.87549236
ENSG00000197696,0.950962884,0.865727407,0.818763989
ENSG00000197702,10.18928096,8.619102358,7.649836884
ENSG00000197712,7.201272891,5.221152323,4.805454905
ENSG00000197713,7.02054801,7.043509842,12.11095232
ENSG00000197724,6.514031754,9.356571185,5.061915979
ENSG00000197728,38.35567543,28.98383833,26.25917359
ENSG00000197746,115.3270897,102.6669718,74.73343543
ENSG00000197747,23.99110606,19.32171809,28.55409198
ENSG00000197756,49.74776305,40.54188244,38.27682998
ENSG00000197763,2.354188985,1.959281824,2.847022973
ENSG00000197766,2.096221636,1.777414347,1.267000225
ENSG00000197771,7.728358773,7.503850326,14.67624749
ENSG00000197774,3.85307524,6.997715243,1.173038273
ENSG00000197779,1.636365344,2.767418431,4.270573792
ENSG00000197780,2.845587573,2.607385099,9.388183219
ENSG00000197785,2.889211956,2.917096054,7.302949266
ENSG00000197798,3.495199522,4.297480067,5.934422089
ENSG00000197818,4.358399954,4.852919305,2.476368337
ENSG00000197822,6.810875013,6.152310421,10.07192126
ENSG00000197841,1.735514417,1.749314115,1.87730927
ENSG00000197852,1.123574184,3.24309145,4.745095577
ENSG00000197857,2.779960208,5.154292932,3.584328086
ENSG00000197858,9.580760689,8.05814738,7.398204352
ENSG00000197860,0.988538092,0.806608158,0.648683506
ENSG00000197879,24.65677214,20.13639576,12.09404487
ENSG00000197885,1.032165214,1.935745032,3.363101061
ENSG00000197892,11.33131149,8.965227603,4.433594762
ENSG00000197894,17.43182199,16.91155695,18.76528288
ENSG00000197903,0.607981402,0.995249526,1.401484731
ENSG00000197905,1.356482143,0.398597238,1.80251362
ENSG00000197912,17.70361573,23.32811475,7.355349968
ENSG00000197930,76.19987526,52.80832351,31.19553428
ENSG00000197933,1.477512634,1.454484171,3.775655256
ENSG00000197935,2.785085941,2.971447267,1.505868623
ENSG00000197948,3.931006332,5.600053709,1.085894504
ENSG00000197956,33.12691116,27.49255312,26.23279261
ENSG00000197958,72.22837515,42.40799252,33.61227809
ENSG00000197959,0.326915275,0.459975616,0.228375476
ENSG00000197961,6.407428606,5.349607495,5.716023787
ENSG00000197965,15.52841044,16.02060535,19.76427431
ENSG00000197969,11.17825571,11.56682662,8.108444884
ENSG00000197971,10.90740366,8.439793724,8.438542574
ENSG00000197976,14.79151439,11.08189515,8.742837945
ENSG00000197978,4.591266869,7.240666039,1.556336157
ENSG00000197980,0.580329351,0.727001528,0.215922073
ENSG00000197982,1.450147045,1.267581463,3.191798033
ENSG00000197989,3.774811846,3.577272454,2.017414498
ENSG00000198000,5.77369108,7.385054419,9.612879967
ENSG00000198001,3.587873453,3.873294431,10.19658226
ENSG00000198015,9.62489026,8.51684782,17.24905885
ENSG00000198026,4.183924634,6.975761289,4.53140548
ENSG00000198039,1.835838463,1.677914033,2.876029629
ENSG00000198040,9.807136544,13.20822104,5.814672286
ENSG00000198055,4.288804869,3.740508839,6.855472632
ENSG00000198056,2.151965363,0.602986493,6.89386669
ENSG00000198060,9.800072075,8.125024188,6.671392922
ENSG00000198081,3.048075743,3.020676589,2.066545223
ENSG00000198087,18.01307698,20.97772198,15.7977892
ENSG00000198088,1.025797514,0.583928626,4.076545711
ENSG00000198089,5.641975683,5.466652444,1.709628435
ENSG00000198105,5.262307819,5.424699188,1.189121512
ENSG00000198113,12.76565537,10.7292252,6.931279549
ENSG00000198130,8.390596408,6.123809966,4.385757666
ENSG00000198133,0.749181699,0.585883483,1.455524407
ENSG00000198142,2.667696744,1.944184275,8.141577375
ENSG00000198146,10.47724497,10.30868968,11.78257982
ENSG00000198157,0.887365752,0.582550856,10.19649944
ENSG00000198160,6.862083166,6.312527448,10.78463966
ENSG00000198162,11.30436306,9.083380443,11.66475915
ENSG00000198168,5.71454505,3.339325043,11.10950036
ENSG00000198169,3.617127876,3.638115208,1.162167024
ENSG00000198171,7.88752776,9.392610632,19.1839166
ENSG00000198176,12.77243901,12.81511991,37.44466287
ENSG00000198189,6.539442934,4.594721788,15.28229065
ENSG00000198198,7.784179196,14.27813027,3.316694933
ENSG00000198203,2.768349024,2.681264333,1.053247935
ENSG00000198205,1.948742944,1.858616948,0.907786285
ENSG00000198208,0.948287418,1.847866898,1.412781863
ENSG00000198218,11.09733629,14.80118903,7.182122678
ENSG00000198231,21.14425455,18.61242899,14.35644727
ENSG00000198242,25.66131459,21.62449763,48.13433318
ENSG00000198246,1.038246811,1.119615582,1.176216738
ENSG00000198252,4.357517971,4.132459079,3.988045024
ENSG00000198258,7.029208453,6.305615358,10.47003947
ENSG00000198265,7.823978232,10.32897861,5.181979475
ENSG00000198270,1.087079414,0.725110923,1.062152406
ENSG00000198276,4.691525097,7.469044633,3.297365803
ENSG00000198298,1.058722103,1.435853338,0.850650862
ENSG00000198301,5.960198234,6.334954897,7.591587572
ENSG00000198315,8.395624989,11.70793822,2.388721911
ENSG00000198324,4.308073271,4.673483313,6.175141617
ENSG00000198355,15.28160614,14.36365111,7.765439851
ENSG00000198356,6.46567169,5.472777117,10.81641376
ENSG00000198363,60.03232826,48.29466595,34.94859829
ENSG00000198369,7.10203024,5.167901814,5.438874331
ENSG00000198373,7.061885141,8.044640748,8.168123439
ENSG00000198380,24.25957243,16.67591848,18.68400075
ENSG00000198382,3.210673243,2.16125002,4.767189482
ENSG00000198393,2.085541433,2.884937873,3.338013394
ENSG00000198399,4.144031224,5.092351776,5.07002827
ENSG00000198408,23.08916249,28.86566402,12.16870457
ENSG00000198420,6.409837011,5.68966681,13.3018854
ENSG00000198429,3.64093157,3.21876687,1.672715722
ENSG00000198431,13.80210668,12.19322387,54.69205346
ENSG00000198435,6.120906649,7.733267215,4.003279707
ENSG00000198455,3.518625282,3.271923165,3.484867478
ENSG00000198467,1.18014838,0.855901911,0.16689087
ENSG00000198478,15.74844012,13.3557903,16.89003271
ENSG00000198482,1.611842661,1.590987311,0.230830475
ENSG00000198492,10.48742095,11.60176946,11.87898481
ENSG00000198498,2.972370165,3.194839495,4.876516576
ENSG00000198513,1.550223663,1.720467339,0.262973646
ENSG00000198517,5.529327339,5.732529948,5.733102113
ENSG00000198520,1.460565903,1.590479516,0.280340907
ENSG00000198522,3.612201123,3.098094506,4.391514693
ENSG00000198551,2.577974847,2.762303567,2.242940383
ENSG00000198554,3.457830126,1.123119058,8.049652388
ENSG00000198561,3.469955278,2.054963601,1.255441995
ENSG00000198585,4.412850217,4.056262256,6.230263803
ENSG00000198586,7.193794225,7.809909978,8.931108759
ENSG00000198589,24.65739945,10.83757528,7.189864862
ENSG00000198590,0.673690781,0.905002382,0.366817886
ENSG00000198604,4.718304993,4.675502036,7.197296503
ENSG00000198612,5.911250098,5.847349776,9.470297694
ENSG00000198618,1.080663617,0.951264315,3.142947479
ENSG00000198624,0.61566297,0.46457712,7.381559192
ENSG00000198625,7.329859509,5.07253496,1.759910693
ENSG00000198642,9.119501356,7.681897234,8.455761023
ENSG00000198643,9.603297858,7.936797029,4.422530882
ENSG00000198646,3.478828169,3.432211062,4.233173002
ENSG00000198648,28.37575434,23.59709292,12.94675921
ENSG00000198663,12.83900449,9.855348444,8.697591306
ENSG00000198668,19.86336933,15.24501977,31.79789878
ENSG00000198677,15.45935402,12.66661937,9.779963707
ENSG00000198680,1.575133423,1.194892337,2.600159944
ENSG00000198682,19.59358322,16.41793068,5.460379036
ENSG00000198689,2.965859394,2.542924793,10.34768076
ENSG00000198690,7.427561916,10.67057512,5.949152467
ENSG00000198695,206.3679294,280.7845374,185.1516732
ENSG00000198700,12.04114538,12.96619247,14.3644963
ENSG00000198707,11.72643569,12.48996197,8.592646666
ENSG00000198712,854.8106014,1073.124805,457.3496443
ENSG00000198715,4.0634238,3.712058268,3.90360035
ENSG00000198718,1.846939176,3.400137247,1.12849176
ENSG00000198721,2.013245799,1.263324946,0.653319551
ENSG00000198722,19.94979956,24.88873586,5.58775543
ENSG00000198723,2.018301421,5.065989528,0.734007069
ENSG00000198727,419.5720673,534.5988688,369.7238781
ENSG00000198728,11.47822535,19.34443576,5.336244085
ENSG00000198729,1.834545752,2.317807117,2.264768495
ENSG00000198730,10.9944871,11.66438919,12.15794461
ENSG00000198736,2.61767596,3.38544933,7.726022028
ENSG00000198742,2.741372231,2.849518924,3.422691747
ENSG00000198746,1.246191817,1.487487713,2.893569059
ENSG00000198752,18.98545382,21.96006488,9.111318342
ENSG00000198755,54.39369308,27.59838284,16.04727661
ENSG00000198763,213.8484299,312.7960591,209.7860505
ENSG00000198780,3.858670558,5.06749333,2.661476917
ENSG00000198786,542.3808147,704.7252766,466.8085287
ENSG00000198791,14.19023983,12.91803604,16.07099004
ENSG00000198792,15.40478117,17.89794171,10.19007772
ENSG00000198793,7.675780177,9.122391382,9.230637968
ENSG00000198794,0.854178456,1.454402444,0.868268015
ENSG00000198799,3.961372669,8.007213998,2.191725051
ENSG00000198804,1653.091171,1894.064315,1079.210133
ENSG00000198805,3.356334372,4.62071269,9.688600237
ENSG00000198807,2.902099598,4.380874682,4.746280678
ENSG00000198814,0.770577958,0.407770177,3.788635111
ENSG00000198815,13.55547804,14.69733077,8.438713751
ENSG00000198816,1.23061559,1.640553327,0.573681473
ENSG00000198818,9.445192494,8.626881047,6.57314246
ENSG00000198824,4.138426356,3.004482549,7.086581256
ENSG00000198825,3.804381795,3.459652782,2.203848452
ENSG00000198830,36.72610675,22.10946168,66.97702142
ENSG00000198833,9.975171433,7.449096388,12.04255732
ENSG00000198836,13.34952544,15.33010683,17.0084342
ENSG00000198837,8.697054128,13.84623863,4.327401633
ENSG00000198839,2.592133532,1.341093115,2.88373859
ENSG00000198840,64.45992351,80.52332302,53.28335909
ENSG00000198843,9.173603587,6.015396395,13.89224395
ENSG00000198853,0.498312211,0.249248985,0.836418527
ENSG00000198855,1.2918673,0.881819594,3.008728276
ENSG00000198856,6.99880947,4.462449534,7.96983253
ENSG00000198858,6.434284369,6.001383467,4.922908846
ENSG00000198860,4.010331662,3.934557235,8.285523019
ENSG00000198862,9.476402829,8.950286225,5.682898271
ENSG00000198863,6.391220007,7.979314168,5.90106439
ENSG00000198873,0.603567669,0.425101061,1.227454123
ENSG00000198874,2.794818403,2.785377384,3.506426874
ENSG00000198876,3.392420454,4.35218018,4.929239971
ENSG00000198886,830.2758172,1035.247731,807.7223349
ENSG00000198887,14.96621911,16.92788087,17.71306749
ENSG00000198888,178.0199252,316.8313692,310.2766191
ENSG00000198890,3.095473883,2.088360824,5.168255137
ENSG00000198898,14.58909102,11.35048314,31.22757453
ENSG00000198899,350.9338044,411.5111699,325.1126446
ENSG00000198900,6.07997548,7.386263511,15.96695113
ENSG00000198909,0.746555487,0.983349701,0.546431853
ENSG00000198911,48.54569495,33.83797691,14.72828144
ENSG00000198912,3.350897009,4.928452967,4.530467652
ENSG00000198918,24.64776095,17.92487467,48.58840157
ENSG00000198919,6.275941993,8.681315925,2.922360181
ENSG00000198920,8.36269065,10.46453091,2.677191035
ENSG00000198924,1.338164488,1.367088824,1.775576974
ENSG00000198925,6.257254321,6.739704353,4.947016883
ENSG00000198929,1.204012832,2.205572651,1.116328274
ENSG00000198931,6.968254606,5.093778432,5.56305125
ENSG00000198933,1.237160823,2.590735535,1.097423403
ENSG00000198937,1.302743505,1.75250193,1.911741954
ENSG00000198938,431.6161415,495.3508891,397.1714548
ENSG00000198944,0.935180108,0.660349164,1.62504467
ENSG00000198945,1.207047586,2.615057576,0.861966186
ENSG00000198947,3.402498627,2.705346172,2.053337267
ENSG00000198951,10.71522964,7.308954775,8.322665811
ENSG00000198952,10.6000434,15.55440971,17.53581817
ENSG00000198954,3.006926659,2.114401153,5.518653958
ENSG00000198959,3.043170688,1.359606378,0.738595509
ENSG00000198960,3.255444564,5.457846441,8.529547923
ENSG00000198961,12.79021931,11.29960454,8.028929764
ENSG00000198964,4.838952787,4.458130461,2.602377359
ENSG00000198976,1.440392711,3.078594111,0.159977392
ENSG00000203485,25.66180862,26.61742482,7.868358271
ENSG00000203499,8.378624584,10.78419652,8.15174669
ENSG00000203666,1.636507838,1.704223778,0.768882058
ENSG00000203667,3.025703362,4.108735843,0.369356515
ENSG00000203688,0.953635449,0.689777806,2.003952013
ENSG00000203705,2.108252826,2.384775289,1.532629708
ENSG00000203709,1.681311488,3.625114413,0.327805661
ENSG00000203727,3.209408208,3.313515513,4.528001886
ENSG00000203739,0.75072101,0.61215392,0.269007432
ENSG00000203761,1.138351896,1.212969246,0.510942564
ENSG00000203780,4.580206664,8.471092922,0.620716545
ENSG00000203799,0.497883287,0.841243509,2.787072388
ENSG00000203814,0.430415011,0.418343202,0.394004392
ENSG00000203876,0.625637505,0.664845405,1.157248121
ENSG00000203879,13.5506481,17.57285763,16.11721804
ENSG00000203880,7.372328494,12.04507356,10.07451093
ENSG00000203943,0.942848199,1.253472447,1.183746791
ENSG00000204054,2.49185667,1.823398805,3.187154758
ENSG00000204060,0.856042303,0.952759319,0.224827824
ENSG00000204084,4.132702441,3.873336043,1.124469737
ENSG00000204104,3.780065508,5.452103384,6.049933107
ENSG00000204116,3.963357729,4.338900228,6.048059446
ENSG00000204120,9.142546542,11.83182626,8.948183967
ENSG00000204128,3.772799255,3.862333137,2.472337819
ENSG00000204130,4.797217842,5.744088435,2.525089945
ENSG00000204138,7.395575497,7.644795007,5.108197528
ENSG00000204147,3.313665512,3.471043059,2.482245477
ENSG00000204160,5.721190553,5.200043371,5.227542031
ENSG00000204172,1.383145058,2.137603373,0.374438219
ENSG00000204175,7.89503743,9.909730276,1.656133204
ENSG00000204177,2.532868938,3.282439742,0.577804956
ENSG00000204178,6.312120339,7.149852739,6.100101281
ENSG00000204186,4.343702063,4.986155253,1.656406688
ENSG00000204209,5.529008553,5.859084071,7.077637637
ENSG00000204217,9.332038553,9.057500351,6.709651063
ENSG00000204219,3.163285853,3.291855304,1.089100124
ENSG00000204220,3.280420914,3.653628878,4.672428814
ENSG00000204227,6.265302574,6.509686672,3.001662698
ENSG00000204228,2.687153406,1.844141001,0.293736091
ENSG00000204231,8.28324679,8.211304403,2.256926389
ENSG00000204237,2.356121952,2.150768923,2.319576513
ENSG00000204256,29.22491044,32.93045352,29.63103823
ENSG00000204257,1.141310975,0.571457955,0.372254149
ENSG00000204262,0.219528114,0.921762848,0.541417876
ENSG00000204264,11.32429021,8.91247353,10.58778191
ENSG00000204271,5.881263703,7.298337649,6.119441595
ENSG00000204272,2.808220224,2.118009244,4.178018431
ENSG00000204304,12.10055004,15.98845524,4.572069152
ENSG00000204305,2.173824772,4.921372774,0.603660674
ENSG00000204308,8.362121904,7.204116427,4.207523259
ENSG00000204310,2.423637068,2.809344518,4.093695873
ENSG00000204311,1.779042148,1.715741295,0.146605745
ENSG00000204315,0.750544751,0.541480301,1.307845501
ENSG00000204344,1.822519508,3.608084807,1.499319851
ENSG00000204348,1.300317998,1.802018491,0.815000928
ENSG00000204351,9.214159454,10.91407694,6.328496051
ENSG00000204356,5.186568029,4.517151926,6.303631178
ENSG00000204371,9.155017011,17.44542533,5.552851341
ENSG00000204385,44.63946145,49.14956204,18.88923009
ENSG00000204386,12.02046721,11.34845238,16.75523981
ENSG00000204388,2.765733778,3.039909832,1.684881661
ENSG00000204389,2.50737997,2.45862259,0.99660459
ENSG00000204392,2.466326085,1.528619479,3.359432548
ENSG00000204394,7.78769099,9.108371528,9.011537592
ENSG00000204396,2.349579029,1.517292881,0.524945469
ENSG00000204406,4.058553067,4.258211157,2.350090836
ENSG00000204438,1.77703968,1.935798158,1.916463426
ENSG00000204463,30.87510416,31.19328658,11.56167364
ENSG00000204469,37.77298944,32.30260588,22.2473072
ENSG00000204498,2.572062133,1.760509685,0.847227899
ENSG00000204514,2.205732952,3.273016477,1.593903104
ENSG00000204524,1.544283837,1.715395951,1.294969179
ENSG00000204525,41.74312144,34.27336967,54.36999114
ENSG00000204531,8.690818252,13.82541101,1.112894482
ENSG00000204536,7.528805432,9.848309589,3.693040306
ENSG00000204560,8.304849474,11.2270215,6.122134545
ENSG00000204564,3.433775742,3.061571529,2.458829798
ENSG00000204568,6.859685593,6.034147601,6.798427498
ENSG00000204569,9.313602095,16.30982163,11.19843916
ENSG00000204574,10.14351664,14.13759173,16.58431834
ENSG00000204576,2.101555525,3.788376408,1.46876085
ENSG00000204580,43.53309269,46.25417429,43.98824327
ENSG00000204588,1.902639358,2.284548031,2.006093295
ENSG00000204590,7.38935729,7.053289136,6.181016226
ENSG00000204592,31.3278329,23.77190847,31.04377781
ENSG00000204610,5.053555345,3.956608205,4.725195111
ENSG00000204611,2.666803159,2.670553271,3.300833529
ENSG00000204613,1.896458066,2.079584736,1.35010376
ENSG00000204616,5.341664539,6.275573498,6.758046113
ENSG00000204618,2.982857461,2.440157933,1.010734651
ENSG00000204619,9.937967255,8.682540541,8.959315765
ENSG00000204623,2.929730474,3.617019783,0.460718269
ENSG00000204628,94.26933884,75.24155628,62.58867746
ENSG00000204634,7.540184595,13.13598946,2.219409761
ENSG00000204642,5.799918425,3.888467149,2.492123258
ENSG00000204681,10.44593627,9.994253079,2.237803527
ENSG00000204685,0.616265857,0.500482327,0.331928774
ENSG00000204713,7.247246623,7.968079677,7.904767904
ENSG00000204745,0.554283077,0.805384834,0.392821112
ENSG00000204764,1.621550382,2.014322067,2.545496234
ENSG00000204778,1.126551673,1.711654397,0.805271244
ENSG00000204789,3.672826672,3.459470088,2.289801609
ENSG00000204839,4.073756637,4.970025328,2.641040633
ENSG00000204842,5.554396532,4.881683089,4.304117592
ENSG00000204843,15.02618614,14.19990835,10.87380677
ENSG00000204852,2.071896665,1.582765434,1.669288661
ENSG00000204856,1.532090181,0.880782635,1.408266957
ENSG00000204859,4.336706233,8.485794655,1.30088214
ENSG00000204860,2.274558313,1.810263271,1.406104153
ENSG00000204869,4.676824032,8.068652413,10.09733599
ENSG00000204876,6.840537304,4.832101791,10.21485753
ENSG00000204899,4.846859516,2.658116935,8.556255118
ENSG00000204920,3.75100885,4.632987355,0.725003094
ENSG00000204922,0.353191315,0.251004373,0.363349057
ENSG00000204923,1.656797155,1.016381302,1.844634652
ENSG00000204946,2.564176701,6.149286285,3.934220636
ENSG00000204947,0.443646827,0.350572282,0.471619595
ENSG00000204954,0.91607699,1.486854613,1.096748882
ENSG00000204991,11.56816881,17.37859177,2.142832979
ENSG00000205060,1.517585872,2.178675633,3.352129124
ENSG00000205138,1.511217181,1.182899546,1.889246668
ENSG00000205189,3.849009343,4.024349577,1.407335146
ENSG00000205208,4.726398625,1.863599439,9.150834796
ENSG00000205209,0.721798882,1.256116911,0.219231331
ENSG00000205213,27.57048434,24.57674238,8.160079029
ENSG00000205220,3.355955134,2.766876531,2.735568783
ENSG00000205250,6.583520633,8.655083792,10.12722237
ENSG00000205268,0.825266766,1.138941788,0.319018687
ENSG00000205269,1.73348538,1.696328159,1.165843506
ENSG00000205277,36.47215702,32.25711555,0.283503986
ENSG00000205302,8.000716819,8.016406762,10.88181996
ENSG00000205336,24.37613811,36.96538091,30.91046737
ENSG00000205339,42.55348131,25.74124596,45.23655841
ENSG00000205356,4.541927524,6.486254205,2.853343393
ENSG00000205413,1.364640002,1.601464224,21.06714269
ENSG00000205423,2.896052158,2.982194945,3.070333012
ENSG00000205436,2.440632382,2.862027155,0.433423102
ENSG00000205464,2.180306694,2.088443438,0.470274028
ENSG00000205476,1.602440185,1.193769925,0.693631376
ENSG00000205485,0.810639762,1.060737838,0.225896188
ENSG00000205531,15.93090384,14.57703982,21.53400388
ENSG00000205542,61.46832962,47.92527346,146.9827113
ENSG00000205581,31.96691257,35.93952717,46.8613565
ENSG00000205583,2.772714042,3.416958987,1.480656214
ENSG00000205593,2.790207761,3.404785288,0.303108749
ENSG00000205609,4.294479951,1.638152036,2.011203955
ENSG00000205622,1.278058037,1.706856824,3.785529243
ENSG00000205629,3.872612624,2.599695639,3.68344202
ENSG00000205643,2.224612209,2.028748433,0.748479968
ENSG00000205659,1.406299221,1.05620759,2.65866652
ENSG00000205702,1.606875661,1.201390595,0.221736487
ENSG00000205707,1.615867337,1.39604201,2.618615686
ENSG00000205744,9.201594417,9.188756042,14.7166638
ENSG00000205746,2.007920608,2.637785282,1.052641865
ENSG00000205763,0.702596104,1.305999261,1.531514248
ENSG00000205765,6.429758718,5.925784873,8.016738666
ENSG00000205771,1.541858068,0.955637736,0.346140088
ENSG00000205885,0.759176362,1.437927435,0.51216245
ENSG00000205903,8.882381056,11.19029172,7.669473762
ENSG00000205918,1.640921886,1.937888163,0.450163897
ENSG00000205930,0.831158463,0.959318361,0.15186266
ENSG00000205937,16.39963104,14.91659063,29.1930113
ENSG00000205978,7.424770398,6.601165674,0.692507442
ENSG00000205981,2.569022642,2.572244216,4.325854444
ENSG00000206053,14.15774337,10.90588636,26.10695966
ENSG00000206075,11.58797009,13.17456729,12.78479948
ENSG00000206077,3.723423603,7.167850673,1.576373164
ENSG00000206149,4.577498821,6.829531914,2.192852871
ENSG00000206337,7.219420306,5.316979229,8.36009214
ENSG00000206341,2.752648871,2.830416758,1.103324541
ENSG00000206418,5.330702231,5.610236224,2.443947113
ENSG00000206503,62.85264817,54.99800006,45.10669231
ENSG00000206527,12.19522265,7.902122942,15.15322362
ENSG00000206530,4.623809801,5.635147035,1.377247746
ENSG00000206535,0.542413511,0.522694504,0.532258804
ENSG00000206560,1.631001878,1.537219225,0.639759003
ENSG00000206562,2.372317466,2.912063347,3.375582026
ENSG00000206573,5.441149279,6.016974869,1.722960336
ENSG00000209082,3.07747139,12.41491321,4.458753923
ENSG00000210082,655.3541691,1201.358172,1003.202382
ENSG00000210135,3.358254928,4.153106601,0.226002296
ENSG00000210140,10.34981373,14.1196629,0.560049402
ENSG00000210144,4.236077969,9.027493725,0.146770007
ENSG00000210196,8.980063854,11.84187199,10.33142369
ENSG00000211454,0.758095904,0.517632249,0.571925681
ENSG00000211455,8.258705242,8.194548262,30.16571994
ENSG00000211456,5.379665815,5.81668334,8.765743671
ENSG00000211459,106.5817427,158.9268273,90.42268388
ENSG00000211460,10.15144067,9.022636557,15.81544407
ENSG00000211584,2.047430787,1.650968515,6.543394665
ENSG00000212719,1.636157588,1.068397397,2.723586989
ENSG00000212802,4.863726862,3.081702635,2.399005525
ENSG00000212864,1.35426613,1.262678867,0.885941636
ENSG00000212907,122.2444059,158.620496,183.7346124
ENSG00000213020,2.248281518,3.660717433,1.672152457
ENSG00000213047,3.525519292,4.109549887,2.234144185
ENSG00000213062,1.017085982,0.94591611,1.055774811
ENSG00000213064,5.553263646,5.371965761,11.26796417
ENSG00000213079,6.836104674,9.842504041,5.078778089
ENSG00000213080,0.514641875,0.511323492,1.641273042
ENSG00000213096,2.456707347,3.062288545,0.597752096
ENSG00000213139,2.310758534,2.854664037,0.780556179
ENSG00000213160,6.104043452,6.587455051,7.85301894
ENSG00000213214,1.063921121,0.895764803,2.218783642
ENSG00000213281,12.76239204,10.45366172,14.15267274
ENSG00000213339,7.236596864,7.68780621,3.627355558
ENSG00000213341,3.859532273,3.641379384,9.16514671
ENSG00000213347,3.144875227,1.247620904,0.917974951
ENSG00000213380,0.857096061,1.110742893,0.665831309
ENSG00000213420,3.361598441,9.19516078,0.587083798
ENSG00000213445,3.337987998,2.795697626,1.22582971
ENSG00000213523,3.489740678,4.619663054,4.132873749
ENSG00000213551,3.182274953,1.812289703,8.685567985
ENSG00000213563,3.291641154,2.734462231,1.501359857
ENSG00000213585,35.7711548,33.45667691,44.72669105
ENSG00000213588,2.407223286,2.373132527,3.454654381
ENSG00000213619,5.652713466,4.774879595,7.353788576
ENSG00000213639,7.047041831,7.019627606,8.715290264
ENSG00000213654,1.400004184,1.618929791,0.381609509
ENSG00000213672,10.36844938,19.46385289,3.900536249
ENSG00000213676,8.601940274,7.723678102,4.402331523
ENSG00000213719,30.15149741,23.14098015,51.02225464
ENSG00000213722,4.839443671,5.553340031,1.980363131
ENSG00000213740,1.121212403,0.678076539,2.052728645
ENSG00000213741,18.23673443,14.60402937,7.132973273
ENSG00000213742,0.529908298,0.317929637,0.500728901
ENSG00000213793,3.770380716,4.361365944,0.423078311
ENSG00000213853,3.942162,2.593396146,16.23505182
ENSG00000213859,2.915997026,1.543741188,1.345469468
ENSG00000213903,0.945612407,1.104421995,0.769439174
ENSG00000213918,1.101172655,1.318115712,0.822103336
ENSG00000213923,7.638936816,9.269186323,3.549564392
ENSG00000213949,0.876045647,0.619254748,1.411033294
ENSG00000213965,3.217013878,3.210646776,7.966553321
ENSG00000213995,10.16699592,18.72780684,9.469264929
ENSG00000214013,4.162111898,4.01080167,2.755208612
ENSG00000214026,3.281566299,1.847993496,1.592013242
ENSG00000214029,1.082109567,1.078727943,0.637110616
ENSG00000214049,6.248873316,7.648251854,17.00880317
ENSG00000214050,1.351643672,1.26235917,0.714420079
ENSG00000214063,1.464959559,1.119899309,0.122486473
ENSG00000214078,15.44305021,18.48737197,18.51775172
ENSG00000214087,2.197898172,3.140475867,2.372425632
ENSG00000214113,2.27382468,1.353386242,2.039261056
ENSG00000214135,9.792387315,11.4009306,2.808114295
ENSG00000214160,3.458766102,3.498069848,5.849266589
ENSG00000214174,4.608425844,10.46897084,2.074868796
ENSG00000214176,9.980140275,13.6208578,2.755278809
ENSG00000214182,1.312484966,0.992190754,5.142710115
ENSG00000214193,22.11252256,23.23132718,2.230608549
ENSG00000214226,0.934460206,0.584621649,1.113270333
ENSG00000214253,3.878898777,3.232355884,3.615228916
ENSG00000214279,1.966180185,0.346444927,0.330023929
ENSG00000214293,3.733233096,3.396081082,2.158826119
ENSG00000214331,0.764664622,2.893140371,1.13055469
ENSG00000214357,6.878552586,6.513170333,6.445075887
ENSG00000214413,2.464264921,2.605250789,1.576955223
ENSG00000214425,2.767499644,4.04661749,0.967761745
ENSG00000214517,5.872108736,4.952279456,4.494496497
ENSG00000214595,0.550918794,0.401600421,0.576504398
ENSG00000214654,1.432245458,0.864485184,1.161032217
ENSG00000214655,5.738666155,6.379829532,1.741913301
ENSG00000214706,4.572208425,5.498796711,7.746804008
ENSG00000214719,0.943126114,0.566671414,0.555982831
ENSG00000214765,2.578945596,3.714536856,2.458997372
ENSG00000214772,0.640577367,1.021720869,0.296831759
ENSG00000214796,0.89543862,1.592418255,2.591663109
ENSG00000214826,2.647175854,1.829639657,4.314930755
ENSG00000214827,1.541429458,1.367338561,5.573058792
ENSG00000214900,1.818294882,2.348408669,4.095215672
ENSG00000214941,12.10730206,10.12768693,2.226019165
ENSG00000214944,4.879170814,6.438875314,4.17867085
ENSG00000214954,0.905818381,1.286277119,0.368782443
ENSG00000214960,0.50809659,0.374641834,0.996452327
ENSG00000214967,0.323610121,0.209689239,0.630692972
ENSG00000215018,0.3549101,0.482377454,2.447769951
ENSG00000215021,19.52418857,14.99256689,18.01065431
ENSG00000215030,4.016973797,2.889221662,2.116651266
ENSG00000215041,4.981060284,7.793252798,2.551010563
ENSG00000215045,1.42692736,1.619307008,0.237783982
ENSG00000215114,6.587353581,6.234740315,5.393293936
ENSG00000215154,1.93106891,1.842150842,1.273512699
ENSG00000215158,0.794380611,0.5683519,0.158337713
ENSG00000215256,5.944480035,4.732124036,2.934229293
ENSG00000215271,4.589534247,5.053762494,2.918368218
ENSG00000215301,38.6544571,45.67748094,77.05085707
ENSG00000215302,2.014598052,2.354375907,1.759189707
ENSG00000215305,4.647979677,6.879807442,8.891476903
ENSG00000215375,1.91282979,2.455812369,0.858843087
ENSG00000215417,0.273133118,0.296872562,0.430848873
ENSG00000215421,2.932717379,2.536733451,1.161758621
ENSG00000215424,0.531536876,1.281239703,0.791071787
ENSG00000215712,3.157048305,3.640830377,3.333480709
ENSG00000215717,8.89111168,8.291915832,10.85536782
ENSG00000215769,2.3248643,2.894590198,0.50798885
ENSG00000215788,2.672391547,4.229242242,0.935822873
ENSG00000215790,2.065062383,2.871146065,0.654219076
ENSG00000215817,1.236177199,1.242006467,2.022859644
ENSG00000215908,12.33862403,16.77777402,2.895872175
ENSG00000216775,2.275751033,2.202895004,3.851037361
ENSG00000216937,1.04067302,1.412868445,0.333642839
ENSG00000217130,0.771739974,0.720091255,0.437546471
ENSG00000217702,0.521393214,0.563077499,0.346417524
ENSG00000217801,3.304579375,2.494039415,0.336488441
ENSG00000218175,0.549932652,0.57361914,0.55608953
ENSG00000218537,0.738262982,0.637828437,0.58860889
ENSG00000218739,1.841746288,2.202174572,1.546826938
ENSG00000218891,3.353486337,4.114332626,1.690650622
ENSG00000219481,11.84799834,12.69660311,4.9442307
ENSG00000219626,1.639184944,1.462367476,0.353558565
ENSG00000220323,0.853364796,0.781762133,0.750762251
ENSG00000220804,0.818309016,0.499048145,0.86990494
ENSG00000220842,1.76283937,1.296624895,1.867658664
ENSG00000221821,0.414226655,0.375768288,0.220172213
ENSG00000221829,3.809482549,2.13154367,7.446181385
ENSG00000221838,2.126805229,1.598061138,1.642285536
ENSG00000221843,1.112085046,1.126449445,0.543542116
ENSG00000221869,5.952292819,5.835596554,0.898257126
ENSG00000221886,1.838807028,1.843971777,1.535872857
ENSG00000221890,0.650645789,0.435198066,0.323523172
ENSG00000221909,2.065393302,2.273003168,0.792862864
ENSG00000221914,22.04171692,17.81337585,20.09845969
ENSG00000221926,1.814471564,1.823027814,0.227564189
ENSG00000221944,1.060142394,1.173798888,0.273540381
ENSG00000221955,1.031246018,0.637374473,2.496117955
ENSG00000221963,13.27999383,9.25102449,15.9488701
ENSG00000221968,1.971990584,2.173513544,0.515376393
ENSG00000221978,34.08777103,42.95560028,8.927324128
ENSG00000221983,0.451397899,0.691344074,0.727059677
ENSG00000221990,0.572973972,0.288764947,0.194573949
ENSG00000222011,2.067393933,1.619524424,1.090672957
ENSG00000222017,0.32530376,0.707155261,0.814338017
ENSG00000223482,4.217511634,4.719604058,2.09999911
ENSG00000223496,3.997960292,3.658525072,5.173446064
ENSG00000223501,7.123944242,8.84751179,4.370322682
ENSG00000223508,2.067643301,4.717956749,0.674236842
ENSG00000223509,2.390982845,2.381429284,0.810248618
ENSG00000223546,1.075895112,1.025686643,0.867659004
ENSG00000223572,3.140514761,4.430535729,1.684357877
ENSG00000223705,8.2371228,7.841406227,1.905858234
ENSG00000223725,0.369877717,0.329545143,0.122874751
ENSG00000223745,10.57130401,9.823682896,0.604042446
ENSG00000223768,4.212343847,5.823647467,1.785385583
ENSG00000223773,2.198483653,2.729971304,2.736119633
ENSG00000223797,0.629200178,1.413367076,0.356731965
ENSG00000223803,0.656694114,0.483542331,0.428379493
ENSG00000223813,1.110641897,1.850557423,1.283744321
ENSG00000223891,0.299919143,0.174904404,0.494185895
ENSG00000223959,2.610516652,4.448263528,4.138206215
ENSG00000224051,3.023800477,2.553950135,5.474705012
ENSG00000224081,16.40831983,18.45632894,1.671259694
ENSG00000224152,0.367410017,0.307187358,0.491369693
ENSG00000224186,0.340733483,0.206065666,0.338069546
ENSG00000224259,2.326105783,1.397247715,2.136240149
ENSG00000224411,1.848194955,1.328557036,3.008488412
ENSG00000224531,2.128821988,1.733841838,4.966133597
ENSG00000224536,1.107324175,0.939749497,0.864627195
ENSG00000224578,1.649162525,1.134705073,1.816403148
ENSG00000224597,1.52862803,1.441498222,3.25693675
ENSG00000224616,0.552476011,0.9338796,0.255352463
ENSG00000224631,2.082649455,1.077719085,1.106982212
ENSG00000224699,0.74490574,0.965351254,0.305300607
ENSG00000224769,3.444788542,4.84716677,0.297588266
ENSG00000224853,1.885010812,1.814354307,0.943567167
ENSG00000224861,1.307893301,1.271210943,6.87157919
ENSG00000224870,1.96645368,2.046028035,3.214335989
ENSG00000224877,1.69863727,3.067423804,3.274013015
ENSG00000224914,1.18733094,1.3747461,0.569022061
ENSG00000224932,1.959455463,2.202076742,1.334423681
ENSG00000224934,2.067857447,1.52774439,0.277348006
ENSG00000225031,2.165151385,1.510869656,1.608216922
ENSG00000225151,0.561996393,1.785078871,0.515430946
ENSG00000225177,1.08201854,0.892327138,0.351726845
ENSG00000225190,6.025242741,6.484249496,6.461004466
ENSG00000225200,1.290350039,0.880112081,0.545474939
ENSG00000225264,0.304913516,0.395148848,0.658733868
ENSG00000225265,0.330467853,0.275313645,0.125465883
ENSG00000225361,0.642929204,0.802713259,1.041870581
ENSG00000225377,1.859947981,1.246746344,0.718989528
ENSG00000225434,0.481024317,1.070131258,1.789738319
ENSG00000225484,2.766664728,2.965197009,2.02114067
ENSG00000225507,1.219991136,1.8600379,1.068046719
ENSG00000225526,0.794673052,1.087060276,0.741527955
ENSG00000225556,0.706265689,0.526597245,0.29826185
ENSG00000225648,1.717767172,2.442155676,6.695610627
ENSG00000225663,4.420156685,5.161874314,1.358492753
ENSG00000225697,15.84996842,23.68718041,8.190502957
ENSG00000225733,12.64894833,9.607127076,19.05152723
ENSG00000225791,1.311779355,0.941883031,1.064711587
ENSG00000225830,2.575086504,2.957631927,3.456702271
ENSG00000225889,1.103188648,1.054669792,0.557535349
ENSG00000225921,6.449852739,6.424382959,8.613159262
ENSG00000226137,6.057666075,6.919413334,5.198684417
ENSG00000226174,0.575016349,0.602723346,0.179785945
ENSG00000226200,0.467588286,0.702919604,0.109355534
ENSG00000226210,8.409991007,15.63710476,2.187509636
ENSG00000226221,1.79315448,1.057634235,0.500992731
ENSG00000226259,0.63910809,0.944898216,0.14353628
ENSG00000226287,1.44320218,2.038933355,0.735660897
ENSG00000226320,2.632154531,3.715670846,5.221485869
ENSG00000226328,0.999725611,0.531960768,0.830501343
ENSG00000226330,0.359723107,0.358598962,0.558898631
ENSG00000226415,1.689538252,1.324210342,4.904230356
ENSG00000226419,0.362829519,0.163549345,1.090040401
ENSG00000226471,0.683876689,0.635796237,0.21335764
ENSG00000226479,4.794323856,5.491456947,11.81271514
ENSG00000226688,0.714030813,0.512241387,0.257535432
ENSG00000226696,2.628529834,2.337502227,0.308332534
ENSG00000226742,5.347550878,8.284079977,1.89291756
ENSG00000226752,4.141822941,5.955877857,2.690705523
ENSG00000226851,0.631226567,1.349749756,1.498626052
ENSG00000226976,0.437587719,0.313707324,0.702716379
ENSG00000227036,11.62364649,16.76231225,14.42503484
ENSG00000227057,3.740146396,3.807519613,4.962776597
ENSG00000227063,0.965710183,0.898804548,1.726554593
ENSG00000227110,0.197893755,0.192343448,0.273482727
ENSG00000227124,0.799347118,1.233218899,0.188832769
ENSG00000227232,1.666266298,2.531683281,1.214818494
ENSG00000227258,0.258823355,0.216399278,3.221831731
ENSG00000227268,0.783188038,1.360050042,0.349679198
ENSG00000227345,5.703344297,6.446307763,5.077811918
ENSG00000227354,1.122186382,1.346558677,1.796777361
ENSG00000227359,0.236770644,0.80894168,1.636046613
ENSG00000227388,1.924252098,1.867383121,0.285429742
ENSG00000227398,0.411927764,0.437742749,0.131370176
ENSG00000227473,0.656818511,1.974774056,1.871262174
ENSG00000227500,7.677063478,7.456720872,5.616606971
ENSG00000227598,0.641411353,0.409591102,0.612679998
ENSG00000227615,1.876381163,1.43689747,0.861343637
ENSG00000227619,0.333450382,0.483986543,1.50297424
ENSG00000227627,0.747925296,0.772791894,0.257864885
ENSG00000227671,12.23645067,13.3189082,4.527945191
ENSG00000227827,0.889550908,1.719434008,3.878721725
ENSG00000227963,0.342801596,0.279242499,0.531006
ENSG00000228065,4.336343382,2.660673998,1.321268215
ENSG00000228175,0.413204885,0.259106946,0.311731647
ENSG00000228223,1.489244565,1.411288969,6.589837893
ENSG00000228232,3.193732273,2.60853611,5.525363877
ENSG00000228253,14.2663495,19.03564764,311.4601798
ENSG00000228300,2.010321327,1.699615944,4.106238638
ENSG00000228315,0.975420326,1.483924391,0.279518216
ENSG00000228358,1.219061717,1.086131576,0.874749951
ENSG00000228474,3.788160013,3.673519157,6.87511528
ENSG00000228506,1.683709542,1.397832392,0.503401106
ENSG00000228526,7.291423981,15.46784699,0.770179153
ENSG00000228570,1.05425617,1.117840962,0.596751808
ENSG00000228589,3.589632475,3.685962752,1.188579437
ENSG00000228594,0.72935081,0.21812147,0.423453695
ENSG00000228672,1.305809566,1.380873988,1.299302145
ENSG00000228716,5.724979753,2.441767202,23.86757113
ENSG00000228782,1.744510931,1.547376304,0.181329439
ENSG00000228794,1.801044944,1.797842864,3.070266224
ENSG00000228801,1.546360309,0.968218077,0.951223075
ENSG00000228857,0.897437115,0.58887209,0.132838536
ENSG00000228862,1.161775389,0.732448337,0.122390114
ENSG00000228878,0.851638837,1.48828318,0.548688648
ENSG00000228889,0.596562776,0.664601657,0.611925351
ENSG00000228956,1.25092814,2.180627833,4.365985504
ENSG00000229043,1.380052785,1.33070097,0.471557479
ENSG00000229117,61.39254394,46.33993722,90.31420552
ENSG00000229119,1.420692446,1.090141912,1.059838442
ENSG00000229155,0.928763693,0.63721041,2.134362161
ENSG00000229180,2.05020373,2.923518007,1.640071607
ENSG00000229320,0.472010822,0.516778083,0.570981923
ENSG00000229334,0.251881034,0.440669791,0.642630256
ENSG00000229337,0.661846881,0.712337223,0.560477049
ENSG00000229358,2.40396607,2.315106097,6.76006932
ENSG00000229413,0.860954398,1.13566704,0.735460066
ENSG00000229644,1.864669076,1.661339975,2.446827465
ENSG00000229719,2.644275016,3.255830517,0.38570915
ENSG00000229809,0.79452833,0.534479495,0.515801427
ENSG00000229891,2.524517886,1.575223145,0.778602433
ENSG00000229931,1.58493447,1.114020856,0.299849314
ENSG00000230074,1.769709991,0.610867794,0.501092204
ENSG00000230124,4.195177743,3.537515127,3.938168442
ENSG00000230185,1.063629718,0.900404882,0.838901684
ENSG00000230207,1.150457446,1.048303759,0.840809718
ENSG00000230311,0.618531128,0.662172849,0.714707261
ENSG00000230424,2.216004247,1.670616121,0.351094
ENSG00000230438,1.46389718,1.070169802,0.811351434
ENSG00000230487,1.205252139,1.73547933,0.493516806
ENSG00000230490,0.404896502,0.535009184,0.185673956
ENSG00000230524,0.391724096,0.343891888,0.174629016
ENSG00000230561,0.802491995,1.627261946,1.565672208
ENSG00000230590,2.80364347,3.812455236,2.592124513
ENSG00000230715,1.68799423,1.927478355,0.338807601
ENSG00000230795,4.789341301,4.551570325,2.233034336
ENSG00000230844,0.886404623,0.597336978,0.716143519
ENSG00000230876,1.515839466,1.778704924,0.884813875
ENSG00000230979,0.47630878,0.333323851,0.334185024
ENSG00000231028,0.791172234,0.591524848,0.17252454
ENSG00000231113,0.568146469,1.150441082,0.62284321
ENSG00000231305,0.564454831,2.110090847,0.761595285
ENSG00000231312,2.789919256,2.217641591,1.903173617
ENSG00000231365,7.849414397,7.269888419,3.732794214
ENSG00000231500,84.78558603,60.55052526,33.98882895
ENSG00000231527,0.705918098,0.556850431,0.130509141
ENSG00000231584,2.901213317,2.936893363,0.186212243
ENSG00000231607,1.035311315,0.750292046,0.637183477
ENSG00000231770,0.706245186,0.632598984,0.253938696
ENSG00000231772,0.260089164,0.187255162,0.875546206
ENSG00000231840,1.882555302,1.403468341,0.699362942
ENSG00000231925,20.68219214,18.29590124,11.55729281
ENSG00000231991,13.52817969,9.127492795,7.430735285
ENSG00000232040,2.736911323,2.42342422,0.315961491
ENSG00000232104,4.093529477,3.372143971,0.640938373
ENSG00000232119,4.002801827,4.276181162,12.00044853
ENSG00000232237,1.277664778,1.129520008,1.326637344
ENSG00000232284,0.287794123,0.553014379,0.432535982
ENSG00000232389,0.580034157,0.855369095,1.913606077
ENSG00000232434,7.432046367,11.26140792,1.614858312
ENSG00000232442,2.510554054,1.667840335,0.687430858
ENSG00000232445,0.516078645,0.237318134,3.66335496
ENSG00000232533,1.364051712,0.794953575,1.166910371
ENSG00000232573,5.886393273,2.534434714,0.962302838
ENSG00000232593,1.758223878,1.795804929,2.035399929
ENSG00000232611,0.4076591,0.636362207,0.512156006
ENSG00000232811,0.340185268,1.209212798,2.9447388
ENSG00000232931,4.507580432,4.957766564,0.654229885
ENSG00000232956,2.622797114,2.047678818,2.720165278
ENSG00000233006,4.680347309,2.650820794,0.626538402
ENSG00000233016,9.097493389,5.345228018,1.42555688
ENSG00000233024,0.679658549,0.274345976,0.355333918
ENSG00000233041,11.44122791,8.703836251,7.998085793
ENSG00000233184,0.977998707,0.75360415,0.833603961
ENSG00000233223,1.090954533,1.01794237,0.287615835
ENSG00000233276,13.24251121,11.75908721,12.20587845
ENSG00000233325,0.73629767,0.722875555,0.687847154
ENSG00000233328,0.854842363,0.784188778,0.479897346
ENSG00000233369,3.197997042,3.912478875,3.614698957
ENSG00000233382,0.468030363,0.586972336,0.786435076
ENSG00000233396,0.985577347,1.511408483,0.960409866
ENSG00000233426,2.057673872,1.67705188,0.880092385
ENSG00000233429,4.872881992,4.973899062,0.377632034
ENSG00000233452,0.735146027,0.952703276,0.13955328
ENSG00000233493,1.922389254,0.942221017,1.462832986
ENSG00000233621,0.882884583,0.949034596,0.676630597
ENSG00000233762,1.138314589,0.980798356,0.752216534
ENSG00000233797,1.044654429,1.240989575,0.222104372
ENSG00000233806,1.550823719,1.100893424,0.451529052
ENSG00000233830,1.869397839,1.356668706,2.098553838
ENSG00000233834,0.716455587,0.520512432,0.796248982
ENSG00000233913,2.302488803,1.643580627,5.96267258
ENSG00000233927,11.50965361,8.889159006,7.705396744
ENSG00000233930,2.060257268,2.504242634,0.445584351
ENSG00000233937,1.983751978,1.567297245,0.517958559
ENSG00000233954,0.483396939,0.369159333,1.358100926
ENSG00000233967,2.812422544,5.027849661,0.29130908
ENSG00000234009,0.622293773,0.634586607,0.347032429
ENSG00000234062,1.01312075,1.550717874,0.907393634
ENSG00000234072,1.96244489,2.462724651,1.168525285
ENSG00000234127,5.492430114,8.076017508,16.85498989
ENSG00000234129,0.29622514,0.170617447,0.454859445
ENSG00000234155,0.536726396,0.378023828,2.902454639
ENSG00000234160,0.527931758,0.52926091,1.418930674
ENSG00000234171,0.803102164,0.580894984,1.191264094
ENSG00000234185,1.5237373,1.27366102,1.376840035
ENSG00000234350,0.628479974,0.831092593,3.490517259
ENSG00000234420,2.140762226,2.516220107,1.993478826
ENSG00000234518,1.083294299,1.154302702,2.200831817
ENSG00000234545,4.848895979,5.342756538,6.521690027
ENSG00000234585,1.091895759,0.90520213,0.520626855
ENSG00000234608,2.96473814,2.489690662,3.668544416
ENSG00000234616,3.576344862,4.703894197,1.205807507
ENSG00000234690,1.890544609,2.388197233,0.3106549
ENSG00000234741,20.9572567,13.82620039,7.969043585
ENSG00000234743,1.161003143,0.702140817,2.029584148
ENSG00000234745,54.79286877,45.28061787,50.9950971
ENSG00000234769,0.634855654,0.553762747,0.454249181
ENSG00000234771,5.475117553,9.988264707,3.181703892
ENSG00000234797,0.943592441,0.627368442,0.645465142
ENSG00000234996,0.526406905,0.232564919,1.577048489
ENSG00000234997,2.178787332,1.541517754,0.676069485
ENSG00000235106,5.050139865,4.514432036,2.17224999
ENSG00000235109,1.984178199,3.101653565,2.388333664
ENSG00000235162,8.147725374,4.903361178,26.8985021
ENSG00000235173,2.196155181,1.5625536,3.505210135
ENSG00000235217,1.387081193,0.991763024,0.440666909
ENSG00000235257,0.556394891,0.262201085,0.172065931
ENSG00000235437,3.548553619,4.525996793,3.175886074
ENSG00000235501,4.706564259,2.413245988,3.121637854
ENSG00000235552,5.19107152,4.484869365,4.839100842
ENSG00000235703,3.421230465,2.230340324,0.398367254
ENSG00000235706,2.013695464,2.765576977,0.503183675
ENSG00000235726,0.575597037,0.514439836,0.685738248
ENSG00000235750,6.091249096,3.885203716,8.089078158
ENSG00000235823,5.898379432,3.215893245,2.218611587
ENSG00000235831,0.216814678,0.232112478,0.491033796
ENSG00000235888,0.855585829,1.347385188,16.6939441
ENSG00000235919,0.355865989,0.321428531,0.32098522
ENSG00000235939,0.518947024,0.697431145,0.735556815
ENSG00000235944,0.291694645,0.456228642,0.224545427
ENSG00000235954,1.749474946,1.253505595,2.81649774
ENSG00000236008,3.509176621,4.146408138,2.43069186
ENSG00000236017,1.800556901,2.532279236,0.22838519
ENSG00000236065,0.351367914,0.620932968,0.215058307
ENSG00000236088,2.951082859,2.073731191,1.530110626
ENSG00000236104,5.231603721,5.465111118,1.87496832
ENSG00000236204,1.343930988,1.578689061,0.501287146
ENSG00000236255,0.855735374,3.807496379,1.263459861
ENSG00000236287,17.46919896,22.79683919,12.2736761
ENSG00000236423,0.446749087,1.157917754,0.74373866
ENSG00000236438,0.183444957,0.225220919,0.63635334
ENSG00000236449,6.327774632,5.105762478,9.22690513
ENSG00000236552,7.975166503,5.765189552,8.66653581
ENSG00000236675,1.703419769,2.351943047,6.09249059
ENSG00000236682,0.511627868,0.399927514,0.31942568
ENSG00000236699,6.580332271,6.781412593,2.283995828
ENSG00000236751,3.986749065,2.952329978,6.749903294
ENSG00000236756,0.878715822,1.138760752,1.540036515
ENSG00000236778,0.292006836,0.582188612,0.274600907
ENSG00000236810,1.253203706,1.596546957,0.43654685
ENSG00000236814,0.686213668,0.401052352,0.786694906
ENSG00000236830,1.025410036,1.748509578,0.841452966
ENSG00000236859,1.161855995,0.889188607,1.157310796
ENSG00000236869,0.98785072,1.413199794,1.159241665
ENSG00000236871,4.834214597,5.448686352,0.94293962
ENSG00000236935,0.247703507,0.385209904,1.246389281
ENSG00000237037,1.349222747,1.851970331,0.305530036
ENSG00000237149,0.986067159,0.864449162,1.279470082
ENSG00000237172,1.11611819,1.673946017,2.386314451
ENSG00000237187,0.933706991,0.880018813,0.947461748
ENSG00000237190,2.734739367,2.011906791,4.335364619
ENSG00000237276,0.389259401,0.280253245,0.94255114
ENSG00000237289,4.422528287,5.413281511,7.685256772
ENSG00000237296,0.59605643,0.861093874,0.30123817
ENSG00000237330,1.349361066,0.75511508,1.043229688
ENSG00000237356,0.936768354,1.307377296,1.216065741
ENSG00000237361,2.318425681,3.425169549,2.198429252
ENSG00000237424,3.122968538,3.659086941,0.522994414
ENSG00000237441,0.901922437,0.807558778,0.575274207
ENSG00000237476,2.240370341,2.1747324,0.229887057
ENSG00000237489,0.501676249,0.522662409,0.250968415
ENSG00000237506,2.926752947,2.075989423,10.73303079
ENSG00000237523,1.671799904,1.117482717,2.460032839
ENSG00000237638,0.391075032,0.627477543,0.31674899
ENSG00000237649,7.816236,3.749539523,11.68318723
ENSG00000237836,0.222664084,0.824453509,0.219796083
ENSG00000237854,1.312822644,1.961412892,1.77783259
ENSG00000237877,0.842975676,1.382473074,1.126106344
ENSG00000237899,0.878990212,0.774599113,0.161964781
ENSG00000237943,0.590875297,0.646622721,0.47458794
ENSG00000237950,0.848388408,0.559373531,0.316449437
ENSG00000238058,1.454301853,0.576491653,0.281917341
ENSG00000238105,4.28506493,4.54755292,1.460014853
ENSG00000238164,5.242837519,4.352327803,0.740442503
ENSG00000238227,6.906633438,7.163129809,7.144416373
ENSG00000239213,0.890901134,0.731216364,0.631382752
ENSG00000239521,0.558767053,0.712986739,0.374675894
ENSG00000239653,0.718257681,1.423602525,0.299429482
ENSG00000239713,1.628287503,1.767483417,1.405475547
ENSG00000239883,1.690049867,2.745921053,0.455856444
ENSG00000239887,3.423096373,2.671315031,2.911143235
ENSG00000240024,0.894128543,1.707608994,1.834307955
ENSG00000240038,4.722376093,7.44902426,0.439363149
ENSG00000240065,3.258031776,3.033967503,7.329792279
ENSG00000240230,5.397305932,4.393752774,6.900253766
ENSG00000240344,7.891275374,5.970859353,4.700640381
ENSG00000240356,2.386229724,3.868795405,0.841963864
ENSG00000240857,1.328957958,0.875885313,2.131236185
ENSG00000240891,1.787801855,1.928830632,1.432416244
ENSG00000241058,3.8599145,4.583128,1.543304917
ENSG00000241127,2.061454816,2.413906,6.957801118
ENSG00000241224,0.363623509,0.350918435,3.528302793
ENSG00000241316,1.02409768,0.96883158,0.587881242
ENSG00000241388,1.834362842,2.590902178,1.018832175
ENSG00000241399,1.552946597,0.933078229,1.590831429
ENSG00000241506,0.427781874,0.482068309,0.988596361
ENSG00000241852,2.024966674,0.885677683,0.457436985
ENSG00000241878,5.386681953,11.07869961,4.364035602
ENSG00000241962,2.050289377,2.385523779,3.165936003
ENSG00000241973,11.32514322,12.59384855,7.702599955
ENSG00000242086,5.507296718,6.315835478,1.108905131
ENSG00000242110,0.350259704,0.276295887,1.230354872
ENSG00000242207,4.09318829,3.051174878,0.902092875
ENSG00000242247,8.100311753,8.065703077,6.2321712
ENSG00000242337,0.796251002,0.447567398,0.173370532
ENSG00000242372,6.267800196,4.768708461,12.27304763
ENSG00000242474,0.846135183,0.849817168,0.49471708
ENSG00000242485,3.541068245,4.876223664,7.566161281
ENSG00000242588,1.716709846,2.0907276,0.505709489
ENSG00000242612,2.240083216,3.235361448,1.463290633
ENSG00000242622,1.306747541,1.045962497,0.459642055
ENSG00000242802,4.652256333,7.44118116,5.876524413
ENSG00000243004,1.06331407,2.153107089,1.190912918
ENSG00000243147,3.093283036,2.989961142,4.456897009
ENSG00000243156,6.565186665,6.17521307,5.522020932
ENSG00000243176,0.246482081,0.088117341,0.30719966
ENSG00000243302,3.576932126,3.228545412,0.959727444
ENSG00000243317,5.683651482,3.982277001,7.802941992
ENSG00000243449,0.522777363,0.442551841,1.106997149
ENSG00000243517,0.481595624,0.286756832,0.48428756
ENSG00000243547,1.442111463,1.081986787,3.598608054
ENSG00000243660,0.576274578,0.378523084,0.419595737
ENSG00000243667,0.942299491,0.889323925,2.221190244
ENSG00000243679,1.951973522,1.875789118,0.360495823
ENSG00000243716,3.602642739,4.360628089,1.276598715
ENSG00000243742,0.31959479,0.299919727,1.429275616
ENSG00000243766,4.643620898,3.632391285,1.100686
ENSG00000243797,1.504141612,1.505272285,3.260143722
ENSG00000243960,0.442756171,0.874337994,0.829280615
ENSG00000244005,3.749374298,3.717100276,4.763006389
ENSG00000244026,1.536975296,1.284069191,1.053316392
ENSG00000244038,40.2579314,36.26407658,41.27363208
ENSG00000244119,1.397413553,1.8025375,0.836038586
ENSG00000244165,0.441690208,0.836588835,0.240789542
ENSG00000244300,0.18717943,0.450492408,10.88712765
ENSG00000244342,0.277555162,0.332025352,0.385841856
ENSG00000244405,3.266968472,1.463146919,2.723887831
ENSG00000244625,2.429560063,2.770042743,0.882086202
ENSG00000244649,6.664456947,8.582528238,3.656242028
ENSG00000244754,12.8705854,15.61198745,3.256339809
ENSG00000244879,11.50297396,10.71259955,2.634108142
ENSG00000245146,0.743161592,0.702253816,0.938147954
ENSG00000245149,1.452210295,0.989491339,0.350134511
ENSG00000245213,1.819112014,1.601532205,0.830277313
ENSG00000245275,0.718330098,1.038842581,0.52014843
ENSG00000245482,1.868841417,1.910056418,2.140284308
ENSG00000245498,1.070285941,1.049639516,0.133252282
ENSG00000245532,203.1806523,214.7381326,18.30350136
ENSG00000245556,1.335758838,1.483765643,0.987812833
ENSG00000245571,2.568299551,2.325671068,1.942008637
ENSG00000245573,0.354342227,0.532678224,0.436953639
ENSG00000245614,0.328620449,0.186318803,1.626617108
ENSG00000245694,3.432729523,2.048367948,3.061591428
ENSG00000245832,0.604678541,0.345326524,0.272374856
ENSG00000245848,0.554791425,0.324698383,1.36028074
ENSG00000245849,7.750385962,8.873597172,0.60601368
ENSG00000245910,7.577900468,6.121860839,4.517100685
ENSG00000245937,5.910920809,4.260209121,6.303776827
ENSG00000245958,2.185365483,2.013571853,1.557723695
ENSG00000246089,0.838372281,0.292063991,0.325827203
ENSG00000246250,5.146062985,2.089778934,1.960103206
ENSG00000246263,1.060061039,1.206692334,0.289339159
ENSG00000246366,0.989920053,0.712708045,1.000369147
ENSG00000246575,2.951512327,2.158128318,0.287854196
ENSG00000246596,1.223089988,1.208741743,0.21514235
ENSG00000246705,4.709338471,3.630562655,11.89928345
ENSG00000246922,1.231759627,1.463259824,0.145491599
ENSG00000246982,1.623774687,1.244057748,0.19541397
ENSG00000247077,4.659738475,3.874178925,17.84599908
ENSG00000247081,0.33913003,0.559352577,0.546231541
ENSG00000247095,16.10467961,19.04708294,3.105832614
ENSG00000247137,1.640433325,3.471791891,0.715110409
ENSG00000247240,0.989478819,0.740298448,0.737391524
ENSG00000247271,2.121336941,1.640947603,3.216564233
ENSG00000247315,3.499272843,3.546162205,7.22533595
ENSG00000247400,1.363699629,0.863703108,0.632192786
ENSG00000247498,0.86941794,2.264919611,0.584720974
ENSG00000247516,1.195704151,1.310364315,0.443603815
ENSG00000247595,0.219251547,0.326756738,0.244729558
ENSG00000247596,4.21537925,2.431914999,1.364152265
ENSG00000247675,0.333376816,0.304024985,0.866303417
ENSG00000247679,2.047194562,3.066371462,1.166987525
ENSG00000247708,1.417931428,1.701770865,0.928161745
ENSG00000247735,1.168171467,0.474226582,0.643356093
ENSG00000247796,0.795181491,0.642199069,0.833068179
ENSG00000247828,4.616613963,4.726015534,1.906588553
ENSG00000247950,1.806162437,2.299367559,0.271065089
ENSG00000248092,2.853676011,1.767113338,2.928998564
ENSG00000248124,4.271602582,5.970472985,2.060459238
ENSG00000248333,4.490500361,5.889017778,8.548004053
ENSG00000248508,2.702030758,3.291352798,0.810827313
ENSG00000248643,0.581992367,1.437465473,0.909835414
ENSG00000248663,0.986899173,0.41109416,0.874270853
ENSG00000248712,0.670272873,0.587603814,0.754448653
ENSG00000248774,1.232147597,0.859807969,0.503783393
ENSG00000248866,0.447088336,0.253486854,0.519835419
ENSG00000248905,2.137794705,2.216358594,3.48230206
ENSG00000248932,0.869741868,0.896856979,0.526911599
ENSG00000249042,1.175416844,0.967480215,0.86116194
ENSG00000249115,4.361822221,6.028880312,5.239030767
ENSG00000249242,1.464277656,1.316710553,1.78956413
ENSG00000249306,0.76599956,0.992687526,10.02157085
ENSG00000249345,1.640271396,1.828092668,0.755600558
ENSG00000249348,3.713879855,3.803054104,1.261285327
ENSG00000249464,0.593590965,0.894260993,0.520589844
ENSG00000249471,1.587433138,1.315497433,1.22833364
ENSG00000249572,0.871375208,1.709131768,0.738550085
ENSG00000249592,4.867268214,7.313093243,1.354309979
ENSG00000249626,0.971348259,2.401415662,0.762530655
ENSG00000249673,2.122337044,1.566073214,1.099975628
ENSG00000249859,2.872593994,10.28174885,0.889269077
ENSG00000249898,1.024165843,1.030877578,0.771632274
ENSG00000249936,0.261783939,0.199562126,1.407819541
ENSG00000250039,0.312231315,0.60042206,0.353332157
ENSG00000250131,0.445641966,0.747384153,0.19506963
ENSG00000250303,1.358454919,1.425734867,0.355942127
ENSG00000250317,3.34821665,2.905633517,4.118650986
ENSG00000250349,0.543842772,1.521929666,0.821116552
ENSG00000250479,6.060954552,4.445495636,2.510127938
ENSG00000250546,0.805741038,1.330269447,0.469339467
ENSG00000250565,0.776276932,0.27436537,0.932394427
ENSG00000250608,2.17812298,1.481422881,1.395843315
ENSG00000250786,4.070000819,4.404294048,4.645953036
ENSG00000250903,3.178542769,2.122008333,0.907881073
ENSG00000250917,0.197660831,0.26896388,2.027693886
ENSG00000250959,1.531685323,1.431583263,0.197364966
ENSG00000251136,2.411198738,2.124838684,0.699062552
ENSG00000251169,1.560459747,0.807048015,0.760940216
ENSG00000251192,0.778446165,1.090930603,1.279782697
ENSG00000251279,1.086433302,0.785832344,0.255160051
ENSG00000251333,0.780637988,0.874947471,1.166287879
ENSG00000251349,1.508034039,1.905863644,1.218899959
ENSG00000251357,1.104707771,0.856532076,0.722684108
ENSG00000251396,2.400337697,3.601848733,1.063201462
ENSG00000251432,0.821921072,0.774660587,0.407085619
ENSG00000251474,0.950718291,1.358733,0.340036105
ENSG00000251562,51.59946303,84.79672629,8.226106907
ENSG00000251611,2.970092693,2.609528397,1.159483451
ENSG00000253161,1.18050265,1.563854444,2.667900053
ENSG00000253313,4.430575381,3.253176663,3.449610633
ENSG00000253352,18.10117146,27.58930825,11.72963665
ENSG00000253368,9.481501427,6.623495269,3.47587052
ENSG00000253392,0.22398063,0.177384099,0.621713468
ENSG00000253438,0.464526737,0.657566609,1.511836744
ENSG00000253522,1.972302556,3.590544412,0.648966174
ENSG00000253626,1.207841261,0.964125889,1.386345587
ENSG00000253669,0.464195975,0.094363757,1.219147355
ENSG00000253710,2.550977788,3.332249573,3.98670208
ENSG00000253716,0.724926005,0.561632959,0.242917225
ENSG00000253719,21.26804151,20.99781974,25.13663134
ENSG00000253729,16.05748217,10.89917931,30.29721326
ENSG00000253738,5.992977456,7.370721523,6.038955916
ENSG00000253930,0.792762364,0.92576238,1.889236207
ENSG00000253944,0.966953189,0.456741342,0.480337106
ENSG00000253948,1.3326612,2.045185547,0.260968842
ENSG00000253958,1.393765679,0.930483747,0.96852134
ENSG00000254004,4.080570214,4.507942915,5.175404171
ENSG00000254064,1.08488113,0.801384716,0.242189835
ENSG00000254087,10.80836343,12.67823929,15.33710219
ENSG00000254290,4.465666015,4.10527736,9.185853689
ENSG00000254470,3.182300925,3.469561519,6.407978835
ENSG00000254612,0.622752116,0.438612933,0.805934724
ENSG00000254614,0.475198727,0.278865433,0.600474279
ENSG00000254631,0.974560031,2.040180454,1.527447508
ENSG00000254635,4.758811434,2.97609105,1.87842517
ENSG00000254670,2.676463619,3.182137126,0.365441061
ENSG00000254681,1.231598853,1.386371795,0.7263012
ENSG00000254692,1.51076246,1.603669084,0.250183845
ENSG00000254726,11.73416141,13.9410397,1.339189375
ENSG00000254733,1.128107768,1.020611573,0.588304986
ENSG00000254827,1.037328567,1.004280851,1.978434683
ENSG00000254858,0.683648591,0.508610007,2.678222783
ENSG00000254929,2.01351135,2.636285662,0.540633425
ENSG00000254986,14.06964479,15.65450589,12.90215065
ENSG00000254999,14.86216483,11.24346433,17.28422039
ENSG00000255031,3.864518044,6.391383584,1.160724772
ENSG00000255050,1.257767967,2.668882476,0.999131177
ENSG00000255062,0.392577551,0.459121228,0.356257577
ENSG00000255135,0.933862444,0.831453888,0.803289224
ENSG00000255139,0.549734971,0.49321533,1.168793592
ENSG00000255145,0.440681325,0.510980128,0.283545884
ENSG00000255284,2.027808873,2.48611959,0.348938747
ENSG00000255320,0.429387957,0.370973293,0.371931736
ENSG00000255468,1.336305704,2.015504724,0.521675419
ENSG00000255517,0.550795341,0.481036648,0.534608892
ENSG00000255529,5.947723324,3.417728631,4.743898296
ENSG00000255545,1.671045505,2.56171141,0.751001786
ENSG00000255621,0.548858066,0.533464296,0.364665375
ENSG00000255624,1.828186152,0.941194969,3.953470199
ENSG00000255717,12.32334201,9.86232012,12.27197678
ENSG00000255769,3.157782106,5.639684573,0.608435626
ENSG00000255857,0.666457498,1.209162133,0.31487951
ENSG00000255872,1.354667203,1.570767768,0.587401673
ENSG00000256043,4.366718804,3.225433715,2.471534432
ENSG00000256069,0.23370577,0.382570184,0.653793049
ENSG00000256073,0.730610413,0.750532333,0.587243416
ENSG00000256087,2.076058482,2.462101867,0.773656821
ENSG00000256139,0.922169022,0.749849965,0.672764177
ENSG00000256235,5.790603006,3.818686304,14.35195247
ENSG00000256269,4.566916137,3.431434627,3.57013623
ENSG00000256294,1.44041548,1.968276864,0.61457787
ENSG00000256340,0.597117798,0.423025604,0.812502015
ENSG00000256525,5.659213799,9.737038278,1.740810962
ENSG00000256537,2.094694689,2.43594301,4.711607534
ENSG00000256591,0.616724516,1.806493241,0.413124209
ENSG00000256628,0.484411773,0.627767364,0.718541648
ENSG00000256667,1.947149627,2.787267454,1.068782778
ENSG00000256673,0.791694136,0.439708324,1.346579107
ENSG00000256771,0.746435793,1.310992276,1.983749936
ENSG00000256806,1.123861906,0.80024986,0.196932447
ENSG00000257027,0.891054181,0.692850296,1.353195463
ENSG00000257084,0.529312913,0.64937209,0.292597286
ENSG00000257093,9.009155908,10.33684811,7.158790195
ENSG00000257103,10.86904687,11.99731208,18.52554844
ENSG00000257135,0.61813497,0.400532132,0.591398589
ENSG00000257167,0.725783436,0.224613718,1.923105818
ENSG00000257218,2.939777053,2.436369648,5.216275601
ENSG00000257252,0.508907202,0.435277859,0.551814654
ENSG00000257261,0.301107018,0.134136703,0.220063513
ENSG00000257267,2.726734952,3.263802804,3.002431394
ENSG00000257322,0.1388735,0.107982823,0.275575507
ENSG00000257335,0.298977154,1.881927656,0.517605969
ENSG00000257337,1.153567583,1.04298938,0.437286052
ENSG00000257354,0.460581325,1.586839527,0.513505837
ENSG00000257379,1.213381697,2.221421348,0.614232237
ENSG00000257489,1.094463021,1.926822742,0.417093368
ENSG00000257557,0.34873364,0.376614157,0.7908735
ENSG00000257702,0.84700568,0.344183529,0.389160679
ENSG00000257704,1.278686779,1.039320298,0.9181307
ENSG00000257743,20.54594094,38.30911788,6.457338782
ENSG00000257923,14.8576352,12.80491565,14.47823398
ENSG00000258017,0.305485415,0.27945176,0.429812001
ENSG00000258056,0.973080207,0.651312103,1.841521197
ENSG00000258077,1.746517341,2.26337725,4.269371732
ENSG00000258102,0.826008117,0.542363797,0.679055868
ENSG00000258210,0.163002325,0.12070904,0.288799881
ENSG00000258441,5.444858254,10.48610913,1.084610108
ENSG00000258474,0.379076566,0.556760792,0.483573668
ENSG00000258498,0.410949707,0.168178459,0.467517762
ENSG00000258526,0.295593617,0.304203316,0.508315421
ENSG00000258551,0.485445386,0.40891946,1.225627375
ENSG00000258603,0.402632581,0.500045535,0.160507246
ENSG00000258643,3.799573626,4.193102095,0.978230162
ENSG00000258655,0.45219391,0.375650659,0.838153332
ENSG00000258738,0.541170366,0.260491381,0.558855257
ENSG00000258744,2.628268,3.527716351,2.140845837
ENSG00000258890,9.223698429,15.39812776,3.475005387
ENSG00000258984,1.122861403,0.811825077,0.954927943
ENSG00000259132,0.986060514,0.644216846,0.147272473
ENSG00000259146,1.236798737,1.367105902,0.232020216
ENSG00000259153,1.813078,1.443752057,2.07833663
ENSG00000259330,2.487641315,3.14645571,4.294654656
ENSG00000259429,4.062354625,6.281428068,0.886927808
ENSG00000259479,1.538946482,1.705537388,10.87644604
ENSG00000259536,0.241863818,0.724830883,0.594575631
ENSG00000259628,0.315508895,0.796791398,0.137600954
ENSG00000259642,0.478646832,0.372177816,0.66147434
ENSG00000259768,0.762145912,0.467854787,0.99498325
ENSG00000259865,2.360999197,1.894104523,1.066462631
ENSG00000259877,0.713523509,0.798588866,0.3332858
ENSG00000259917,1.40572514,0.256910905,0.919605388
ENSG00000259925,0.498588389,0.723676095,0.381618234
ENSG00000259943,1.502982054,1.071927525,0.503987593
ENSG00000259953,2.382139639,1.852262398,0.905797833
ENSG00000259956,12.81110553,13.66894404,13.15272907
ENSG00000259972,1.017381735,1.335366476,0.82501294
ENSG00000259974,1.949449057,1.580914935,0.470414252
ENSG00000259992,0.634853723,0.974619471,0.52952315
ENSG00000260027,6.284693292,5.558444533,6.980777742
ENSG00000260032,52.5602779,53.17623828,104.8809422
ENSG00000260167,0.299999271,0.291585221,0.149491308
ENSG00000260219,0.87367751,0.890688713,0.668710456
ENSG00000260231,2.586796119,1.541396123,2.100424972
ENSG00000260233,0.554530974,0.428660943,0.20684042
ENSG00000260257,0.184443555,0.204880553,0.317451634
ENSG00000260260,1.39411444,0.977998974,1.267674826
ENSG00000260261,2.901114876,6.863208344,0.785959219
ENSG00000260265,0.464816452,0.499528873,2.012651432
ENSG00000260267,1.573958492,1.225964796,0.29476054
ENSG00000260269,0.822738391,1.168457536,0.287544196
ENSG00000260284,1.612565946,1.269188564,0.83468292
ENSG00000260285,1.030860543,0.747485088,0.717526229
ENSG00000260404,2.896714065,3.834075278,0.55390879
ENSG00000260563,1.453702861,1.196536159,0.375898759
ENSG00000260565,4.469899691,5.173984418,1.522614866
ENSG00000260630,1.512367445,1.233663806,0.489662455
ENSG00000260704,0.304869841,0.122290458,0.517004636
ENSG00000260708,1.276434193,0.572005783,0.583346967
ENSG00000260710,0.803309062,0.771593098,0.773586579
ENSG00000260778,0.282465098,0.227549009,0.219119634
ENSG00000260852,1.054275206,1.659047892,0.430287656
ENSG00000260912,1.997372686,2.568088434,17.0366433
ENSG00000260917,1.693694426,2.558110596,0.440406415
ENSG00000260920,0.86548072,1.396288615,1.182922597
ENSG00000260942,1.162268587,1.166111537,0.531420133
ENSG00000260948,0.750781475,1.280218208,0.630094468
ENSG00000261008,1.173052864,1.040675982,0.468677175
ENSG00000261087,0.39396513,1.232801535,1.011261756
ENSG00000261150,4.175661818,6.476570902,3.067719282
ENSG00000261167,0.897813733,0.690218064,0.452946309
ENSG00000261183,2.482132623,3.295336295,0.793526157
ENSG00000261188,1.435032994,0.903289179,0.726435488
ENSG00000261211,0.966924089,1.419143084,0.544905793
ENSG00000261221,4.696423796,5.122109705,2.514807745
ENSG00000261236,4.824604629,4.973341205,6.177999832
ENSG00000261286,2.174215352,2.687801634,2.172838523
ENSG00000261423,0.431498859,0.447356429,0.209694023
ENSG00000261437,0.591510626,0.25552026,0.187538776
ENSG00000261455,1.187561089,0.259831997,0.614824213
ENSG00000261474,3.261211036,2.684155951,0.520425807
ENSG00000261512,0.84254366,1.279063988,1.01082489
ENSG00000261556,1.10090683,1.161272653,1.351766206
ENSG00000261572,0.633137989,0.449955582,1.280982366
ENSG00000261578,0.657780237,1.093967298,0.256393324
ENSG00000261609,4.758640474,5.731955335,7.67721847
ENSG00000261716,1.600818177,1.252564676,5.148069719
ENSG00000261824,2.464259644,2.530719024,2.105594101
ENSG00000262136,0.562309916,0.66247135,0.285296748
ENSG00000262468,1.657536752,1.964561019,1.071395755
ENSG00000262660,1.005030968,1.359918632,2.003250117
ENSG00000262877,1.05239397,1.341106157,0.298333171
ENSG00000262879,2.184404398,2.512522809,2.564607157
ENSG00000262919,1.15616602,1.009230318,3.961026407
ENSG00000263001,5.31651938,5.25166933,6.731931199
ENSG00000263002,2.922760627,3.825466299,0.299349965
ENSG00000263006,1.559203308,1.293912178,0.857836199
ENSG00000263072,0.950881601,0.610383212,0.453459354
ENSG00000263325,3.167216416,1.72427089,0.338228942
ENSG00000263327,0.577274413,1.454194337,0.779157411
ENSG00000263465,4.012946148,4.790325228,5.229805415
ENSG00000263528,2.801596649,5.317394435,1.50084666
ENSG00000263753,5.333073638,5.344321937,8.375459971
ENSG00000263798,2.323190355,1.531014161,1.23483594
ENSG00000263956,4.220037327,4.031564186,1.804512459
ENSG00000264247,2.062924268,2.435302384,1.420563904
ENSG00000264278,0.88711995,1.099667107,0.861049791
ENSG00000264364,15.19922911,15.84504328,39.71859082
ENSG00000264522,4.288846427,6.116030401,6.536708651
ENSG00000264538,2.831267025,2.74976926,0.781583933
ENSG00000265354,4.366889653,3.538837844,6.411555755
ENSG00000265479,0.44701918,1.224199942,0.268983725
ENSG00000265491,3.868986311,4.350960754,4.602406221
ENSG00000265688,0.278454865,0.424541284,0.818386031
ENSG00000265763,3.83671728,3.224510299,2.988302822
ENSG00000265808,12.84572922,11.60148731,15.77187082
ENSG00000265933,0.227655332,0.141099904,1.694066003
ENSG00000265972,95.17230788,105.649914,41.78790513
ENSG00000266010,1.591516859,1.12115728,0.581307459
ENSG00000266028,3.235837646,2.286511069,2.298184533
ENSG00000266074,2.096694439,3.450824783,2.19917637
ENSG00000266086,16.13454832,20.25820888,1.7686003
ENSG00000266338,8.50424959,7.296411884,3.264030064
ENSG00000266412,20.33312383,17.73976849,20.65424609
ENSG00000266472,4.588784602,4.670159794,4.056259591
ENSG00000266714,13.62691021,13.3634492,6.519870132
ENSG00000266865,0.699401449,0.645926361,0.649494277
ENSG00000266903,0.440913437,0.329279189,0.571989794
ENSG00000266929,1.025067213,1.009601481,0.348703882
ENSG00000267022,0.688400177,1.635559894,0.813116783
ENSG00000267041,0.790139103,0.814772515,0.243859024
ENSG00000267059,0.336175102,0.704747204,0.336349718
ENSG00000267080,1.254454885,1.535378686,0.740861459
ENSG00000267100,1.702393892,0.953833922,0.555462614
ENSG00000267106,1.250625049,2.044615566,0.490884669
ENSG00000267191,0.509561064,1.584862251,1.906748264
ENSG00000267296,0.659559119,0.372815342,0.425162735
ENSG00000267309,0.435948986,0.400181857,0.366887142
ENSG00000267321,1.202100192,1.02894811,1.932618788
ENSG00000267519,1.230300039,1.0886817,0.725955812
ENSG00000267565,0.764215016,1.017141757,1.317405749
ENSG00000267575,2.903650283,2.15504211,2.299019157
ENSG00000267680,4.032608848,6.585993638,1.190797896
ENSG00000267698,1.315218297,0.843782506,0.747523223
ENSG00000267699,0.570101094,0.726898987,0.478972661
ENSG00000267751,1.231809212,1.017960854,1.081741954
ENSG00000267871,1.360865783,0.873994948,0.140826374
ENSG00000268043,3.542009542,4.143703121,1.611624086
ENSG00000268163,0.296826007,0.512890589,0.330567229
ENSG00000268205,1.64853714,1.357027268,1.75248051
ENSG00000268350,0.490341298,0.652626026,0.690314966
ENSG00000268434,0.566876713,1.747928863,0.644179312
ENSG00000268471,1.875614046,1.002867355,0.46012501
ENSG00000268533,0.942872917,0.891271397,0.400929132
ENSG00000268744,0.227056985,0.406347521,0.770095944
ENSG00000268858,1.433600653,0.721401839,0.356678949
ENSG00000268869,6.460404997,5.922836574,0.658776565
ENSG00000268870,0.764160281,0.825253279,1.507345757
ENSG00000269028,0.357083777,0.49929179,0.309672527
ENSG00000269235,0.277611282,1.019339438,0.491858661
ENSG00000269293,0.845219247,1.679538637,1.138115088
ENSG00000269313,0.48718369,0.315679798,0.722336357
ENSG00000269335,2.42765871,3.29590786,4.140507315
ENSG00000269386,1.451519394,1.350517796,0.371912307
ENSG00000269416,0.635869898,0.281911028,0.693751184
ENSG00000269516,0.892384941,0.867356306,0.508206156
ENSG00000269556,2.582764516,2.499048673,4.625358291
ENSG00000269609,1.945897479,2.107109391,0.52755986
ENSG00000269713,4.080542003,3.500978523,2.796658515
ENSG00000269743,2.620131945,2.198112028,3.500964136
ENSG00000269749,0.352822716,0.400081653,0.437580328
ENSG00000269893,10.23221303,5.089662707,6.281125599
ENSG00000269973,0.463952716,0.275574615,0.667882865
ENSG00000269982,0.740945032,0.960218424,0.694211468
ENSG00000270049,0.979454629,0.634655973,0.130151386
ENSG00000270069,1.529541801,2.110449906,0.736474332
ENSG00000270170,2.316745638,1.509206424,3.029137896
ENSG00000270231,3.77895187,4.014168273,1.843970708
ENSG00000270265,2.61422127,3.059193586,1.545070424
ENSG00000270344,1.000569837,0.659516208,0.687709687
ENSG00000270441,1.189040226,0.938839755,0.443659648
ENSG00000270629,3.911538158,4.449413374,2.246834055
ENSG00000270647,11.27071528,12.11207448,18.08506429
ENSG00000270933,0.552637454,1.027567744,0.191570311
ENSG00000271122,1.061121577,1.729145492,1.329061856
ENSG00000271133,0.478477415,0.124015361,0.470497843
ENSG00000271254,9.37672904,11.47106279,1.756064416
ENSG00000271425,1.014451292,1.138473158,0.511412994
ENSG00000271643,1.417906787,1.15272901,1.423048998
ENSG00000271793,0.811583395,1.01024443,0.408673542
ENSG00000271848,1.003913675,1.750891074,0.498697347
ENSG00000271943,0.413397818,0.31809427,0.4257301
ENSG00000272047,3.387717,3.530577839,2.930350768
ENSG00000272068,3.213563451,2.382525596,0.53228924
ENSG00000272079,1.117947898,0.645259662,0.798948986
ENSG00000272086,0.474746894,0.147658148,0.494586968
ENSG00000272106,0.902899061,0.667162689,0.353621043
ENSG00000272141,3.765938374,6.965126453,0.453000043
ENSG00000272274,0.764013469,1.407817883,0.482235412
ENSG00000272305,1.90081716,1.584460006,0.264006778
ENSG00000272333,8.596514645,14.66045386,8.17417242
ENSG00000272335,1.602524479,1.341248264,1.502451155
ENSG00000272391,12.781702,14.86321427,12.55212518
ENSG00000272398,72.70460176,71.20944452,133.1546112
ENSG00000272419,0.668751713,0.537548854,0.422951077
ENSG00000272455,0.575484957,0.386213981,0.480676717
ENSG00000272556,0.387217147,1.016163643,0.277851544
ENSG00000272631,0.321408762,0.401649739,0.366079489
ENSG00000272645,2.467440823,2.810912687,0.704113872
ENSG00000272667,0.446236552,0.336217829,0.375085317
ENSG00000272686,0.915535058,0.63695037,0.993750978
ENSG00000272693,2.063275976,2.126746759,1.889338007
ENSG00000272711,0.555685343,0.211803957,0.416980482
ENSG00000272752,2.617156862,4.516460677,1.149775795
ENSG00000272763,9.00691564,8.002691244,3.813655852
ENSG00000272822,1.115359233,1.672170843,0.743959048
ENSG00000272870,2.423213044,2.208046332,0.503125232
ENSG00000272886,6.435709597,6.818437677,5.170896025
ENSG00000272888,1.687919221,1.578836118,0.651173845
ENSG00000272894,0.59532963,1.39606566,1.64243869
ENSG00000272896,7.5878063,10.16410698,2.590074422
ENSG00000272933,1.570092312,1.869015898,0.709929508
ENSG00000272994,1.315897074,1.983361669,0.8970994
ENSG00000273015,3.040513572,2.676440676,4.551031922
ENSG00000273033,1.23724626,1.091966452,0.21543002
ENSG00000273079,2.463152624,1.924246863,2.028383759
ENSG00000273136,1.061586996,1.566238868,1.093798299
ENSG00000273142,1.307179588,2.073281877,0.352585004
ENSG00000273184,3.857628201,4.829999628,0.822307648
ENSG00000273230,1.170637575,1.763084939,0.6838861
ENSG00000273247,0.237603502,0.351907747,0.32475195
ENSG00000273270,0.476226926,0.322397179,0.105784403
ENSG00000273294,0.561627094,1.068271882,3.476306206
ENSG00000273329,0.855783311,0.939290378,0.157812398
ENSG00000273344,3.608733841,2.265938865,1.229842895
ENSG00000273398,0.401421693,0.842256759,1.524043167
ENSG00000273559,3.837383227,5.850598445,3.722823937
ENSG00000273604,1.643469685,1.285937468,6.559841793
ENSG00000273611,3.131452382,2.75649042,4.333846191
ENSG00000273702,0.431056869,0.269679946,0.284422231
ENSG00000273748,2.087008198,2.465376189,1.954072848
ENSG00000273749,19.35765668,13.27505066,11.17412462
ENSG00000273819,0.515704099,0.592661364,2.203224632
ENSG00000273820,0.60793045,0.572974432,1.950535039
ENSG00000274020,0.890035817,0.705403934,0.414431201
ENSG00000274070,0.61586262,1.219349145,1.345759719
ENSG00000274173,1.09964294,1.112472813,7.20240974
ENSG00000274180,1.239460986,0.943032368,0.64605459
ENSG00000274211,9.488099423,10.72121866,7.037157416
ENSG00000274290,0.432652518,0.713606226,0.282231045
ENSG00000274349,1.397161548,1.410051248,1.012076561
ENSG00000274422,0.719118333,1.089887029,0.285052918
ENSG00000274471,2.113091192,3.348628575,0.610414557
ENSG00000274487,2.09438952,2.047347507,0.307095824
ENSG00000274512,2.029181655,2.46533674,0.346680864
ENSG00000274523,5.33839234,5.012111728,10.07324436
ENSG00000274602,1.928759169,3.790017262,1.850102264
ENSG00000274605,0.682535694,0.735446567,1.752783524
ENSG00000274750,0.693107967,1.472090282,0.296770585
ENSG00000274775,0.320338989,0.237222455,0.145944414
ENSG00000274925,0.6833498,0.45841716,0.213657733
ENSG00000274979,7.378001206,17.01551058,1.400060858
ENSG00000275004,1.146543478,0.954071235,1.962966168
ENSG00000275023,16.07524442,21.33338802,13.47751514
ENSG00000275052,15.53789093,16.34498677,19.31418208
ENSG00000275066,10.25581998,10.93083472,5.61044098
ENSG00000275074,1.642283556,0.717493991,0.747269268
ENSG00000275111,1.282245481,2.054939026,1.560794052
ENSG00000275131,2.904466241,3.345783651,1.103375971
ENSG00000275183,2.79181689,1.491471049,0.765641174
ENSG00000275216,15.9059869,10.58970271,8.817069029
ENSG00000275342,17.66011808,13.71974395,6.799699094
ENSG00000275410,7.595446233,8.228901572,2.33606188
ENSG00000275674,1.477027104,1.904165304,2.347056767
ENSG00000275700,5.906604011,4.949918417,12.95922994
ENSG00000275734,0.458734788,0.317062185,0.845275392
ENSG00000275832,2.373431136,1.605848923,1.236208086
ENSG00000275835,3.592115639,3.106856032,3.532630446
ENSG00000275895,1.310949392,1.395918389,0.710118328
ENSG00000275896,4.494873841,3.247312146,2.444064855
ENSG00000275964,0.53887452,0.23592827,0.216754649
ENSG00000275993,1.670536637,1.90123595,1.94662357
ENSG00000276023,2.040325681,1.444600303,5.850934375
ENSG00000276043,3.057995142,0.673617496,13.42662432
ENSG00000276045,1.743196694,0.957234703,4.133374274
ENSG00000276234,2.937553616,3.132142345,1.667300534
ENSG00000276256,4.116678126,3.157683617,5.222246339
ENSG00000276291,1.045475684,0.791340645,0.511438358
ENSG00000276293,10.92507974,13.05540342,6.951061445
ENSG00000276529,0.409677166,0.59412027,0.279969481
ENSG00000276550,11.19889764,12.25066854,10.20711404
ENSG00000276644,3.415571163,4.717814631,3.272319048
ENSG00000276710,3.970992796,6.477369418,0.960068835
ENSG00000276805,0.56624329,1.240815963,0.339278652
ENSG00000277053,2.837182139,3.41072564,2.837488614
ENSG00000277117,3.721726662,3.847283432,1.18691656
ENSG00000277147,0.453826899,0.62080524,0.51817795
ENSG00000277149,1.070013504,0.983087354,0.237682361
ENSG00000277258,5.509248091,6.546346875,3.035542101
ENSG00000277283,0.579345501,0.60063643,0.31353602
ENSG00000277363,1.923292713,1.391144415,1.740253344
ENSG00000277443,25.68376108,21.40948414,12.38534424
ENSG00000277639,2.56223457,4.777032249,3.951999564
ENSG00000277791,6.071204029,4.726792674,10.88244514
ENSG00000277969,0.430891225,0.265243838,0.618380632
ENSG00000277972,3.634341828,3.042295405,3.353591171
ENSG00000278053,4.429653789,5.091011447,7.617845571
ENSG00000278192,0.92503394,1.121940871,0.453858033
ENSG00000278259,8.49251575,8.653145118,10.49519762
ENSG00000278311,12.05058143,15.01906054,14.64205971
ENSG00000278535,3.385052975,2.544838568,1.138195454
ENSG00000278540,14.46654609,11.07483315,10.40072195
ENSG00000278619,2.172963869,2.019207838,2.525372774
ENSG00000278845,5.750302011,4.267756275,6.214637458
ENSG00000278970,0.739035847,0.463085127,0.414400061
ENSG00000278974,0.296820694,0.21094316,1.323214633
ENSG00000278996,4.675265349,5.018828178,15.91198567
ENSG00000279088,2.810989563,3.20861767,0.425476136
ENSG00000279170,0.845371839,0.675977064,0.267690165
ENSG00000279207,1.286538056,1.458863754,2.359207811
ENSG00000279457,2.802558918,5.452373479,2.576662083
ENSG00000279806,0.578756486,1.669426535,2.480839404
ENSG00000280114,4.420790738,3.262913087,3.807345429
ENSG00000280187,2.3094608,2.114994515,0.540116863
ENSG00000280193,1.070347637,1.3871036,1.113625814
ENSG00000280385,1.020483068,2.503269948,1.181685951
ENSG00000280433,0.220187594,0.136471429,0.284955801
ENSG00000280441,8.293805429,8.127256314,28.30882485
ENSG00000280587,1.033323133,0.8481107,1.122886681
ENSG00000280670,0.613206229,0.331115385,0.950643802
ENSG00000281016,0.556661533,1.977627014,1.020276017
ENSG00000281333,2.779698344,1.808693832,0.234913421
ENSG00000281344,0.142620282,0.33604903,0.59266806
ENSG00000281357,0.240474464,0.103879956,0.227232739
ENSG00000281490,2.210300185,3.822886737,0.560304438
ENSG00000281593,1.874545489,2.05858981,1.21634725
ENSG00000281641,0.322033664,0.282711138,0.187734012
ENSG00000281649,13.08043318,9.420804372,8.38264241
ENSG00000281706,1.139491588,1.530901023,0.177811182
ENSG00000282206,1.045741853,1.016412032,0.463199102
ENSG00000282221,0.870978889,0.846550628,1.346757452
ENSG00000282278,0.869754596,1.374329047,0.421744751
ENSG00000282564,32.53463478,43.36514491,3.79437231
ENSG00000283050,1.480025486,2.584649537,0.594800735
ENSG00000283103,0.25766158,0.871078159,0.333452765
ENSG00000283196,0.655776234,0.769859577,0.623311013
ENSG00000283580,0.859214611,0.88043269,0.286761886
ENSG00000283674,1.875001765,0.979920847,0.542418377
ENSG00000283906,1.215587641,2.501987657,0.405406347
ENSG00000283977,1.911288088,1.2792831,0.92658938
ENSG00000284543,8.637147167,7.572109002,1.656804906
ENSG00000284686,0.21613774,0.538655759,0.653948337
ENSG00000284691,1.556603472,1.560722792,1.13219754
ENSG00000284707,3.603883086,5.607928965,1.199428175
ENSG00000284773,1.20313794,1.931741716,0.328238438
ENSG00000285043,0.848644295,0.726979786,1.009188007
ENSG00000285128,0.688837967,0.865363653,0.268997326
ENSG00000285130,0.921551615,1.162845017,0.395300265
ENSG00000285184,0.434185158,0.345278952,0.32519095
ENSG00000285230,1.248024566,0.940326621,1.049030358
ENSG00000285382,0.296338504,0.384036169,0.315023205
ENSG00000285458,0.587297942,0.696782975,0.298974059
ENSG00000285533,0.45775263,0.870054213,0.421732823
ENSG00000285622,0.323401489,0.469909086,0.500061907
ENSG00000285676,1.621200616,2.747428337,0.397712392
ENSG00000285756,5.31378812,7.360935994,3.274796117
ENSG00000285796,1.235479804,0.647505521,0.280058785
ENSG00000285799,1.527481876,1.432936832,0.436242757
ENSG00000285967,1.239190454,0.771834314,0.898639454
ENSG00000286016,1.182107387,1.572608147,0.355863075
ENSG00000286129,2.154242456,2.310085994,1.451453766
ENSG00000286156,2.410812804,2.168605823,0.442211921
ENSG00000286158,0.654153826,0.503347079,0.304237262
ENSG00000286215,0.608484864,1.654679776,0.562018065
ENSG00000286239,0.558427352,1.255144512,0.259716296
ENSG00000286388,2.637266441,1.45589204,0.618305822
ENSG00000286416,0.722493596,0.608599236,0.288018067
ENSG00000286451,2.325397573,2.693948785,2.272259216
ENSG00000286600,0.527312985,1.284725544,0.706306937
ENSG00000286619,2.015500266,1.545539822,3.321634996
ENSG00000286909,2.265791279,4.342668354,0.418345114
ENSG00000286924,0.76089305,0.501391428,0.466127777
ENSG00000287058,1.070438198,1.048122504,1.601532999
ENSG00000287117,1.489313493,1.71648525,0.298475433
ENSG00000287126,0.379550988,0.440990791,0.459135136
ENSG00000287151,1.776069667,2.250241132,0.917657629
ENSG00000287222,0.886766789,0.528629379,0.697582538
ENSG00000287252,3.209004632,3.526472555,0.939941226
ENSG00000287625,1.558057765,1.893472473,0.171814963
ENSG00000287670,1.422826878,1.005760719,2.200056423
ENSG00000287691,0.440539918,0.79662165,0.98019793
ENSG00000287769,0.516146005,0.501669707,0.211993857
ENSG00000287778,7.541470282,6.269487307,0.619366929
ENSG00000287860,0.155897603,0.151525157,1.046153202
ENSG00000288271,0.485494094,0.889044543,0.953673042
ENSG00000288398,0.785631435,0.838459347,1.17905926
ENSG00000288587,0.683170754,0.977845468,0.368542724
ENSG00000288632,0.564561359,1.12711525,0.811024346
ENSG00000288670,1.965541025,2.887579306,1.10778046
ENSG00000288701,21.08372648,24.0381133,15.82417227
ENSG00000288784,0.429396006,0.404705723,1.134259364
ENSG00000288851,5.43715088,4.972516239,3.544575415
ENSG00000288880,2.981716773,3.096588085,0.651312252
ENSG00000288884,1.594176854,2.778707464,1.067656404
ENSG00000288891,0.419229334,0.434635999,0.453765487
ENSG00000288953,0.278381456,0.467658278,0.504183734
ENSG00000289007,1.52940493,0.963324824,0.508641677
ENSG00000289047,3.360645862,2.96818468,5.154016026
ENSG00000289052,1.253136619,0.94020282,0.233710393
ENSG00000289074,0.606380276,0.179224595,0.350579377
ENSG00000289106,1.017891805,1.409652248,0.668338465
ENSG00000289194,0.55379923,0.170878373,1.523189242
ENSG00000289223,4.037115414,2.993701121,4.478765621
ENSG00000289234,2.049236564,1.585279818,0.611298282
ENSG00000289402,3.269891952,2.841966786,0.5619985
ENSG00000289421,1.085062915,0.957652765,0.129269106
ENSG00000289469,0.683713299,0.835705945,0.974603179
ENSG00000289519,0.513782082,0.346231313,0.305859125
ENSG00000289586,2.926971509,4.078580602,3.972477847
