,Sample_1,Sample_2,Sample_3
MAR03905,20.95500141,17.74499472,34.58279597
MAR03907,13.26733276,12.03082705,12.74335455
MAR04097,29.11708663,18.66023428,43.03226392
MAR04099,8.202846211,9.363462098,17.7804703
MAR04108,29.11708663,18.66023428,43.03226392
MAR04133,29.11708663,18.66023428,43.03226392
MAR04137,7.303343748,6.812068162,14.4339105
MAR04281,197.5127371,146.8884247,445.5709318
MAR04388,197.5127371,146.8884247,445.5709318
MAR04283,12.17173323,5.277627449,5.920927265
MAR08357,27.09277626,24.75337947,63.42502465
MAR04379,68.38692305,79.21883698,34.3737429
MAR04301,68.38692305,79.21883698,34.3737429
MAR04355,0.890398778,0.654239077,1.673838626
MAR04358,262.8015488,228.2184746,511.2029879
MAR04360,5.75105903,4.060384025,11.36297282
MAR04363,240.6515971,187.5489115,343.3632692
MAR04365,48.82057848,35.13365408,99.65594493
MAR04368,223.1595902,150.8055555,391.4210073
MAR04370,3.702736422,2.593292862,4.650492846
MAR04371,1.242763133,0.820482419,6.103218681
MAR04372,1.228917258,0.808814847,6.071836406
MAR04373,223.1471289,150.7950547,321.2672573
MAR04375,0.890398778,0.654239077,1.673838626
MAR04377,9.605140166,7.62393551,8.030889847
MAR04381,69.8578668,46.18614459,92.33570591
MAR04391,98.05635287,68.73032978,243.5847376
MAR04394,36.12944486,28.96592304,41.57159768
MAR04396,16.47678186,11.47841197,17.66725283
MAR04521,4.33309489,3.442285018,10.95033522
MAR06410,12.64199288,7.766769121,27.35989837
MAR06412,12.64199288,7.766769121,27.35989837
MAR07745,0,0,0
MAR07747,10.98536942,11.956407,12.47254985
MAR08360,25.28219568,12.80396206,16.85472883
MAR08652,0,0,0
MAR08757,1000,1000,1000
MAR03989,26.71544326,18.21472474,11.22995837
MAR04122,13.01056776,8.363096164,28.96848375
MAR04837,23.87584094,23.50938896,30.21437978
MAR05395,3.027086623,1.78798772,9.998339298
MAR05396,3.027086623,1.78798772,9.998339298
MAR09727,23.27509125,25.30186835,14.98409179
MAR05397,3.027086623,1.78798772,9.998339298
MAR05398,3.027086623,1.78798772,9.998339298
MAR05399,5.606392188,4.728234708,9.644335882
MAR05400,5.606392188,4.728234708,9.644335882
MAR05401,7.183936243,5.483558172,12.34340485
MAR08568,5.57737076,7.752652483,0.617731296
MAR08569,5.57737076,7.752652483,0.617731296
MAR08570,5.57737076,7.752652483,0.617731296
MAR08571,5.57737076,7.752652483,0.617731296
MAR08572,5.57737076,7.752652483,0.617731296
MAR08573,5.57737076,7.752652483,0.617731296
MAR08574,5.57737076,7.752652483,0.617731296
MAR08575,5.57737076,7.752652483,0.617731296
MAR08576,5.57737076,7.752652483,0.617731296
MAR08577,5.57737076,7.752652483,0.617731296
MAR08578,5.57737076,7.752652483,0.617731296
MAR08579,5.57737076,7.752652483,0.617731296
MAR08581,5.57737076,7.752652483,0.617731296
MAR08591,4.899486301,4.12192296,0.617731296
MAR08592,5.57737076,7.752652483,0.617731296
MAR08580,5.57737076,7.752652483,0.617731296
MAR08582,5.57737076,7.752652483,0.617731296
MAR08587,4.899486301,4.12192296,4.90989464
MAR08589,26.71544326,18.21472474,11.22995837
MAR08583,0.225336088,1.873852764,0.762745706
MAR08584,1000,1000,1000
MAR08585,16.22021601,23.0770203,12.24614659
MAR03944,19.88172675,12.62602158,41.65975825
MAR04128,6.063962084,5.84965079,14.41199186
MAR04130,3.031981042,2.924825395,7.205995928
MAR04131,104.1547558,86.29936945,160.5537775
MAR04132,3.031981042,2.924825395,7.205995928
MAR04303,26.71544326,18.21472474,11.22995837
MAR04414,3.031981042,2.924825395,7.205995928
MAR04415,1.441957653,1.133911796,0.808431811
MAR04416,20.35567918,14.63589871,29.74753993
MAR04774,68.38692305,79.21883698,34.3737429
MAR04775,68.38692305,79.21883698,34.3737429
MAR04831,1000,1000,1000
MAR04832,1.441957653,1.133911796,0.808431811
MAR07674,1.844852466,2.187215733,6.016220767
MAR08761,0.890398778,0.654239077,1.673838626
MAR08762,0.890398778,0.654239077,1.673838626
MAR08764,1.844852466,2.187215733,6.016220767
MAR08766,220.442987,178.6482373,1000
MAR08767,107.1867369,89.22419484,167.7597734
MAR00454,1000,1000,1000
MAR04297,55.92539921,73.03708809,23.67957517
MAR04310,0,0,0
MAR04315,13.41916468,10.28984371,20.47878336
MAR04316,1000,1000,1000
MAR04317,0,0,0
MAR04318,0,0,0
MAR04319,36.12944486,28.96592304,41.57159768
MAR04320,0,0,0
MAR04356,0,0,0
MAR04383,9.929670328,8.476001493,5.667237976
MAR04385,4.219381312,4.658481365,15.13615562
MAR04386,7.236942731,8.455076512,9.437192615
MAR04387,4.771844368,4.844619251,9.437192615
MAR04399,7.306519984,7.888499747,17.23320233
MAR04400,3.653259992,3.944249873,8.616601167
MAR04401,0,-7.68E-18,0
MAR04402,0.922426233,0.660522981,0.555130523
MAR04403,0,0,0
MAR04490,20.41618884,17.18630403,31.90491698
MAR04706,55.92539921,73.03708809,23.67957517
MAR08768,3.653259992,3.944249873,8.616601167
MAR04590,9.230297319,5.250032843,11.78764107
MAR04591,5.242764366,4.703511542,4.111952094
MAR04592,1000,1000,1000
MAR04593,13.41916468,10.28984371,20.47878336
MAR04594,0,0,0
MAR04595,2.487472521,1.868089309,4.12870625
MAR08341,13.26733276,12.03082705,12.74335455
MAR08342,1000,1000,1000
MAR08344,13.26733276,12.03082705,12.74335455
MAR08352,5.383946244,1.679913427,3.220678128
MAR08353,5.383946244,1.679913427,3.220678128
MAR08726,34.9969922,31.91733539,79.38799584
MAR08727,4.95988661,3.804184427,12.40123757
MAR08728,4.95988661,3.804184427,12.40123757
MAR08729,8.251957786,5.341952007,24.68146568
MAR06537,5.383946244,1.679913427,3.220678128
MAR01568,12.17173323,5.277627449,5.920927265
MAR03853,26.50964495,16.82852632,45.79919458
MAR03854,1000,1000,1000
MAR03855,1000,1000,1000
MAR03857,2.777321769,3.382288632,5.608199303
MAR03859,30.22451391,21.25241258,76.96442355
MAR04087,7.389246492,3.929115599,18.79429015
MAR04089,7.812009034,4.168323141,16.66434517
MAR04091,7.389246492,3.929115599,18.79429015
MAR04093,1000,1000,1000
MAR04095,1000,842.5228655,1000
MAR04101,15.48164605,5.793085353,3.019448982
MAR04103,66.80862044,38.64065309,83.61731073
MAR04143,5.013140234,3.881537782,4.530799311
MAR04193,262.8015488,228.2184746,492.5764333
MAR08497,13.26733276,12.03082705,12.74335455
MAR08498,44.12934995,45.23640845,50.76723476
MAR08499,57.39668271,57.2672355,63.51058931
MAR08500,13.26733276,12.03082705,12.74335455
MAR08501,10.42740946,7.579732436,12.15166209
MAR08502,20.95500141,16.82852632,34.58279597
MAR08503,27.09277626,23.57541622,28.61366711
MAR08504,27.09277626,24.75337947,63.42502465
MAR08506,27.09277626,24.75337947,63.42502465
MAR08507,20.95500141,17.74499472,34.58279597
MAR08508,20.95500141,17.74499472,34.58279597
MAR08509,13.26733276,12.03082705,12.74335455
MAR08511,2.777321769,3.382288632,5.608199303
MAR08512,76.77676974,76.75436518,125.408658
MAR08514,30.22451391,21.25241258,76.96442355
MAR08516,6.881733981,5.837834735,5.730541462
MAR08517,1000,1000,802.0124199
MAR04280,11.12879985,7.08125676,50.76723476
MAR00153,29.11708663,18.66023428,43.03226392
MAR03212,2.885980176,2.562854824,7.007772105
MAR03797,29.11708663,18.66023428,43.03226392
MAR03800,5.928065441,3.615200535,8.454419908
MAR04105,0.429197128,0.483633217,0.581174458
MAR04106,0.429197128,0.483633217,0.581174458
MAR04107,0.429197128,0.483633217,0.581174458
MAR04282,39.31368106,19.65828378,113.8417496
MAR04331,0,0,0
MAR04459,29.11708663,18.66023428,43.03226392
MAR04460,29.11708663,18.66023428,43.03226392
MAR04464,400.8335439,287.7653446,602.1472818
MAR04497,38.63488715,19.34144661,112.548618
MAR04741,10.01568677,6.353239113,7.931936911
MAR08078,1000,1000,1000
MAR09803,10.01568677,6.353239113,7.931936911
MAR09804,0.429197128,0.483633217,0.581174458
MAR00718,0,0,0
MAR00719,0,0,0
MAR01434,11.16798781,4.316618273,18.4897383
MAR01436,17.2635656,13.27289332,21.10225217
MAR03163,8.31197816,6.893945659,11.75850328
MAR04461,8.626554211,7.08125676,20.90765757
MAR04604,13.4674812,5.537232608,19.50401411
MAR05351,6.476802516,4.024350278,11.4633449
MAR07709,2.885980176,2.562854824,4.750731174
MAR04052,12.92965709,5.729353323,52.54121369
MAR04304,4.060594231,2.974042699,15.91062837
MAR04306,4.060594231,2.974042699,20.96213547
MAR04350,4.239889381,3.145240184,4.161479547
MAR04351,4.961474619,5.075911196,6.319402167
MAR04352,4.961474619,5.075911196,6.319402167
MAR04354,16.47678186,11.47841197,17.66725283
MAR04398,3.637604568,2.01311747,11.11481691
MAR04404,13.78075774,9.948711846,34.60289453
MAR04473,27.40424212,16.01083692,46.7166863
MAR04474,27.40424212,16.01083692,46.7166863
MAR04476,30.62190902,18.1601652,26.6916147
MAR04477,8.358014322,7.324433213,22.2497305
MAR04501,13.78075774,9.948711846,34.60289453
MAR04565,14.67115652,9.948711846,34.60289453
MAR04567,68.38692305,79.21883698,34.3737429
MAR04568,68.38692305,79.21883698,34.3737429
MAR09799,0,0,0
MAR09800,0,0,0
MAR04623,14.37953209,6.263994408,7.955314184
MAR04625,14.37953209,6.263994408,7.955314184
MAR04710,3.637604568,2.01311747,11.11481691
MAR04841,12.17173323,5.277627449,5.920927265
MAR08074,4.239889381,3.145240184,4.161479547
MAR08653,4.060594231,2.974042699,7.955314184
MAR03998,65.05655467,54.04397948,46.40719109
MAR04000,21.81085479,21.40716294,19.59793155
MAR04002,30.37387749,21.95143985,40.39999682
MAR04004,30.37387749,21.95143985,40.39999682
MAR04010,13.95340175,9.980649848,31.47065369
MAR04081,13.95340175,9.980649848,31.47065369
MAR04082,12.66404589,7.466206681,31.47065369
MAR04012,7.149181322,4.422432902,25.57645304
MAR04014,14.19984314,12.65910574,9.499364404
MAR04020,-0.740025417,-0.623600881,-1.677299638
MAR04022,15.54392362,14.70296231,19.59793155
MAR04038,8.206253234,6.106029168,27.80348321
MAR04040,31.55235684,21.08839473,35.64297476
MAR04042,6.291922577,3.962838171,8.352934104
MAR04046,9.88847933,5.499653519,37.23378685
MAR04048,14.19984314,12.65910574,9.499364404
MAR04080,7.104580011,8.549167942,8.881382914
MAR04085,8.29474259,5.265535859,10.11392032
MAR04086,8.29474259,5.265535859,10.11392032
MAR04134,65.05655467,54.04397948,46.40719109
MAR04135,5.514864563,3.043773779,17.29183386
MAR04168,6.344326769,8.72160261,11.21929132
MAR04171,262.8015488,228.2184746,511.2029879
MAR04290,1.361187941,1.573992119,0.764108014
MAR04406,6.291922577,4.767847745,4.978766289
MAR04412,0,2.35E-15,0
MAR04417,13.95340175,9.980649848,31.47065369
MAR04418,4.827243126,2.462449748,24.82430773
MAR04419,8.241928665,5.8340258,9.108193722
MAR04421,262.8015488,228.2184746,477.7658979
MAR04449,13.95340175,9.980649848,31.47065369
MAR04450,13.95340175,9.980649848,31.47065369
MAR04451,5.514864563,3.043773779,17.29183386
MAR04452,4.827243126,2.462449748,24.82430773
MAR04453,9.88847933,5.499653519,37.23378685
MAR04480,76.27458953,61.8076376,47.7064638
MAR04481,0.989205305,0.534284451,0.543026119
MAR04482,0.989205305,0.534284451,0.543026119
MAR04486,36.12944486,28.96592304,41.57159768
MAR04487,36.12944486,28.96592304,41.57159768
MAR04488,36.12944486,28.96592304,41.57159768
MAR04489,36.12944486,28.96592304,41.57159768
MAR04492,20.41618884,17.18630403,31.90491698
MAR04493,20.41618884,17.18630403,31.90491698
MAR04495,10.51287905,9.032803479,29.00625008
MAR04496,10.51287905,9.032803479,29.00625008
MAR04518,14.28897916,9.601784208,12.87990048
MAR04519,2.368291153,1.70720787,1.009183537
MAR04520,2.368291153,1.70720787,1.009183537
MAR04573,262.8015488,228.2184746,511.2029879
MAR04574,3.924546144,4.765983049,17.76016892
MAR04600,2.875415619,2.206670013,5.675470772
MAR04602,13.95340175,9.980649848,31.47065369
MAR04603,3.924546144,4.765983049,17.76016892
MAR04611,16.56327404,7.137187973,63.651646
MAR04612,16.56327404,7.137187973,63.651646
MAR04614,15.54392362,7.137187973,26.89839947
MAR04615,15.54392362,7.137187973,26.89839947
MAR04617,16.56327404,7.137187973,63.651646
MAR04618,13.44386451,7.137187973,20.19186726
MAR04619,16.56327404,7.137187973,63.651646
MAR04621,13.44386451,7.137187973,20.19186726
MAR04632,13.6676678,9.980649848,31.47065369
MAR04646,2.368291153,1.70720787,1.009183537
MAR04648,2.368291153,1.70720787,1.009183537
MAR04649,2.368291153,1.70720787,1.009183537
MAR04650,2.368291153,1.70720787,1.009183537
MAR04651,3.924546144,4.765983049,17.76016892
MAR04663,3.924546144,4.765983049,17.76016892
MAR04664,4.827243126,2.462449748,24.82430773
MAR04694,0.989205305,0.534284451,0.543026119
MAR04695,3.924546144,4.765983049,17.76016892
MAR04705,13.95340175,9.980649848,31.47065369
MAR04709,3.924546144,4.765983049,17.29183386
MAR04799,6.291922577,4.767847745,4.978766289
MAR04802,6.291922577,4.767847745,4.978766289
MAR04804,-1.46E-14,1.65E-15,2.60E-15
MAR04808,6.291922577,4.767847745,4.978766289
MAR04810,6.291922577,4.767847745,4.978766289
MAR04812,-3.55E-15,9.86E-15,1.16E-15
MAR04814,8.206253234,6.106029168,27.80348321
MAR05301,5.540042994,7.773793802,11.59935006
MAR05353,13.95340175,9.980649848,28.57569911
MAR06601,0,0,0
MAR06602,1000,1000,1000
MAR06603,1000,1000,1000
MAR06605,1000,1000,1000
MAR06606,1000,1000,1000
MAR06607,1000,1000,1000
MAR06609,0,0,0
MAR06610,1000,1000,1000
MAR06611,1000,1000,1000
MAR07144,4.65719622,3.796595147,9.693956548
MAR08755,2.368291153,1.70720787,1.009183537
MAR09797,27.54591992,23.01604,52.98139902
MAR04016,5.238547902,3.271616888,10.34145607
MAR04018,5.238547902,3.271616888,10.34145607
MAR04044,5.238547902,3.271616888,10.34145607
MAR04291,5.238547902,3.271616888,10.34145607
MAR04420,5.238547902,3.271616888,10.34145607
MAR04570,5.238547902,3.271616888,10.34145607
MAR04572,5.238547902,3.271616888,10.34145607
MAR04006,5.238547902,3.271616888,10.34145607
MAR04028,5.238547902,3.271616888,10.34145607
MAR04030,-0.08347903,-0.070345687,-0.189208834
MAR04670,5.238547902,3.271616888,10.34145607
MAR04673,5.238547902,3.271616888,10.34145607
MAR04675,5.238547902,3.271616888,10.34145607
MAR06614,5.238547902,3.271616888,10.34145607
MAR06615,5.238547902,3.271616888,10.34145607
MAR06616,5.238547902,3.271616888,10.34145607
MAR04635,5.238547902,3.271616888,10.34145607
MAR03793,3.564774087,2.879691994,8.300903643
MAR03931,16.56327404,12.762481,101.1690904
MAR03969,4.935782037,5.231738645,11.59935006
MAR03970,13.95340175,9.980649848,31.47065369
MAR04008,36.55012865,27.56178935,72.53616843
MAR04032,7.15624715,5.879199565,36.86131628
MAR04034,7.76265938,6.777106647,11.12174572
MAR04036,6.839214546,6.885685934,22.28834231
MAR04050,7.76265938,6.777106647,11.12174572
MAR04056,13.95340175,9.980649848,31.47065369
MAR04059,65.05655467,54.04397948,46.40719109
MAR04060,65.05655467,54.04397948,46.40719109
MAR04127,20.61998312,24.35066657,9.838372471
MAR04177,13.95340175,9.980649848,31.47065369
MAR04179,13.95340175,9.980649848,31.47065369
MAR04182,13.52063862,7.663838499,26.11299508
MAR04183,1.361187941,1.573992119,0.764108014
MAR04192,1.361187941,1.573992119,0.764108014
MAR04194,7.15624715,5.879199565,36.86131628
MAR04210,262.8015488,228.2184746,511.2029879
MAR04211,6.344326769,8.72160261,11.21929132
MAR04343,2.958173607,1.540953353,10.12483501
MAR04345,1000,1000,1000
MAR04346,19.46043856,13.27401653,11.84837183
MAR04470,11.68925719,10.6659836,21.4056221
MAR04471,11.68925719,10.6659836,21.4056221
MAR04472,11.68925719,10.6659836,21.4056221
MAR04484,6.987302114,4.779360386,19.01786878
MAR04485,3.924546144,4.765983049,3.645453176
MAR04510,13.95340175,9.980649848,31.47065369
MAR04512,36.55012865,27.56178935,72.53616843
MAR04513,7.149181322,4.422432902,25.57645304
MAR04514,21.49860025,16.23385082,41.03627193
MAR04577,6.839214546,6.885685934,22.28834231
MAR04579,2.744233861,2.398774861,4.352388044
MAR04580,1000,1000,1000
MAR04608,3.31827188,3.794897745,4.240797133
MAR04575,3.356545835,3.827150248,4.327546709
MAR04637,4.808281099,3.329362131,17.67123336
MAR04642,2.023942368,2.301767389,0.799817239
MAR04643,7.902764335,8.610186326,12.4952111
MAR04644,6.181374243,4.891301636,9.050593956
MAR04672,13.44386451,10.2368428,20.19186726
MAR04676,5.540042994,7.773793802,11.59935006
MAR04736,1000,1000,1000
MAR04819,1000,1000,1000
MAR05299,5.540042994,7.773793802,11.59935006
MAR05352,5.540042994,7.773793802,11.59935006
MAR05415,0,0,0
MAR05416,0,0,0
MAR05417,0,0,0
MAR06612,4.808281099,3.329362131,17.67123336
MAR06613,0,0,0
MAR06621,16.69595128,7.137187973,63.651646
MAR06622,13.44386451,7.137187973,20.19186726
MAR06623,11.72191663,4.736345209,20.19186726
MAR06624,1.472437551,1.735586608,0.799817239
MAR06627,262.8015488,228.2184746,511.2029879
MAR07744,0,0,0
MAR08072,26.31991239,24.896173,90.66936018
MAR08637,7.764711044,5.900000547,3.645453176
MAR03965,7.902764335,4.266571504,12.4952111
MAR03966,6.344326769,8.72160261,11.21929132
MAR03967,36.55012865,27.56178935,72.53616843
MAR03968,4.808281099,3.329362131,9.850411195
MAR03999,1.361187941,1.573992119,0.764108014
MAR04024,36.55012865,27.56178935,72.53616843
MAR04026,0,0,0
MAR04054,11.72191663,4.736345209,41.78646113
MAR04061,1.361187941,1.573992119,0.764108014
MAR04083,7.149181322,4.422432902,25.57645304
MAR04136,989.491539,604.7218248,704.7395514
MAR04180,5.540042994,7.773793802,11.59935006
MAR04185,18.38751038,13.07277987,14.92929731
MAR04186,23.57059661,17.22373019,14.92929731
MAR04342,65.05655467,54.04397948,46.40719109
MAR04344,1000,1000,1000
MAR04483,1.472437551,1.735586608,1.726034915
MAR04507,7.829760268,6.03669952,19.97830214
MAR04516,1000,907.8466349,802.0124199
MAR04601,2.875415619,2.206670013,5.675470772
MAR04633,0.989205305,0.534284451,0.543026119
MAR04640,4.808281099,3.329362131,12.4952111
MAR04641,11.72191663,4.736345209,20.19186726
MAR04680,2.744233861,2.398774861,4.352388044
MAR04806,6.291922577,4.767847745,4.978766289
MAR05394,1000,1000,1000
MAR06625,1.472437551,1.735586608,0.799817239
MAR06626,2.023942368,2.301767389,0.799817239
MAR07160,2.753326734,2.339382827,5.85768523
MAR07161,2.299123025,1.937413378,7.939049217
MAR07162,0.229912302,0.193741338,3.249093551
MAR07163,2.207182741,1.879160966,4.619826232
MAR07164,0.229912302,0.193741338,3.249093551
MAR07713,0.977727019,0.762652777,1.983407899
MAR07716,0.977727019,0.762652777,1.983407899
MAR07717,5.238547902,3.043773779,10.34145607
MAR07721,0.977727019,0.762652777,1.983407899
MAR07725,0.977727019,0.762652777,1.983407899
MAR07728,0.977727019,0.762652777,1.983407899
MAR07800,609.5731363,476.4088402,1000
MAR07801,16.86027026,13.87778697,40.39999682
MAR07802,88.95404102,71.78912085,79.17935908
MAR07863,36.55012865,27.56178935,72.53616843
MAR07864,36.55012865,27.56178935,72.53616843
MAR07865,36.55012865,27.56178935,72.53616843
MAR07866,36.55012865,27.56178935,72.53616843
MAR07867,36.55012865,27.56178935,72.53616843
MAR07868,36.55012865,27.56178935,72.53616843
MAR07869,36.55012865,27.56178935,72.53616843
MAR07870,36.55012865,27.56178935,72.53616843
MAR07871,36.55012865,27.56178935,72.53616843
MAR07872,36.55012865,27.56178935,72.53616843
MAR07873,36.55012865,27.56178935,72.53616843
MAR07874,36.55012865,27.56178935,72.53616843
MAR07875,5.238547902,3.043773779,10.34145607
MAR07876,36.55012865,27.56178935,72.53616843
MAR07878,5.238547902,3.271616888,10.34145607
MAR07879,2.023942368,2.301767389,0.799817239
MAR07880,2.023942368,2.301767389,0.799817239
MAR07881,5.238547902,3.271616888,10.34145607
MAR07882,109.6503859,82.68536804,217.6085053
MAR07883,5.238547902,3.043773779,10.34145607
MAR07884,116.7995673,87.10780095,243.1849583
MAR07885,109.6503859,82.68536804,217.6085053
MAR07886,5.238547902,3.271616888,10.34145607
MAR07887,278.3697336,237.9090654,541.8931342
MAR07888,109.6503859,82.68536804,217.6085053
MAR07889,13.44386451,7.137187973,20.19186726
MAR07890,5.238547902,3.271616888,10.34145607
MAR07891,123.9487486,91.53023385,268.7614114
MAR07892,114.8889338,85.95698493,227.9499614
MAR07893,73.62547095,82.49045386,44.71519897
MAR07894,0,0,0
MAR07895,0,0,0
MAR08083,14.19984314,12.65910574,9.499364404
MAR08085,14.19984314,12.65910574,9.499364404
MAR08087,14.19984314,12.65910574,9.499364404
MAR08443,4.65719622,3.796595147,9.693956548
MAR08444,4.65719622,3.796595147,9.693956548
MAR08445,5.238547902,3.043773779,10.34145607
MAR08446,1000,1000,1000
MAR08448,36.55012865,27.56178935,72.53616843
MAR08449,36.55012865,27.56178935,72.53616843
MAR08450,36.55012865,27.56178935,72.53616843
MAR08451,36.55012865,27.56178935,72.53616843
MAR08452,36.55012865,27.56178935,72.53616843
MAR08453,36.55012865,27.56178935,72.53616843
MAR08454,36.55012865,27.56178935,72.53616843
MAR08455,36.55012865,27.56178935,72.53616843
MAR08456,36.55012865,27.56178935,72.53616843
MAR08457,36.55012865,27.56178935,72.53616843
MAR08458,36.55012865,27.56178935,72.53616843
MAR08459,36.55012865,27.56178935,72.53616843
MAR08460,36.55012865,27.56178935,72.53616843
MAR08461,243.530451,183.9503777,553.4551202
MAR08462,36.55012865,27.56178935,72.53616843
MAR08463,36.55012865,27.56178935,72.53616843
MAR08464,36.55012865,27.56178935,72.53616843
MAR08465,36.55012865,27.56178935,72.53616843
MAR08466,36.55012865,27.56178935,72.53616843
MAR08467,36.55012865,27.56178935,72.53616843
MAR08468,36.55012865,27.56178935,72.53616843
MAR08469,36.55012865,27.56178935,72.53616843
MAR08470,36.55012865,27.56178935,72.53616843
MAR08471,36.55012865,27.56178935,72.53616843
MAR08472,36.55012865,27.56178935,72.53616843
MAR08473,0.989205305,0.534284451,0.543026119
MAR08474,65.05655467,54.04397948,46.40719109
MAR08477,7.149181322,4.422432902,17.29183386
MAR08478,7.149181322,4.422432902,25.57645304
MAR08479,7.149181322,4.422432902,25.57645304
MAR08480,21.49860025,14.74486635,41.03627193
MAR08481,12.57734757,9.583120157,38.3541455
MAR08482,16.56327404,12.762481,101.1690904
MAR08483,7.902764335,4.266571504,12.4952111
MAR08484,0,0,0
MAR08485,11.57169085,11.04105131,34.99485847
MAR08486,3.924546144,4.765983049,17.76016892
MAR08487,13.95340175,8.956770153,31.47065369
MAR08488,6.344326769,8.72160261,11.21929132
MAR08489,6.344326769,8.72160261,11.21929132
MAR08493,0,0,0
MAR08494,0,0,0
MAR08495,0,0,0
MAR03802,11.48169411,5.975455998,26.0437314
MAR03804,11.48169411,5.975455998,26.0437314
MAR03811,44.04314222,42.50502029,43.84360387
MAR03813,6.79245233,5.985261474,6.233684501
MAR03822,2.800012883,1.667010417,8.22057914
MAR03827,12.38545988,14.34762676,51.52863503
MAR03829,9.822434376,5.832008493,15.86466254
MAR03831,8.125502346,4.385543287,27.43269256
MAR03862,444.3996542,317.5491719,810.5722736
MAR03865,5.097075796,4.266853969,11.45035822
MAR03870,15.12845458,9.829701847,35.14249039
MAR03873,22.95132843,14.32849684,77.18073153
MAR08654,22.95132843,14.32849684,77.18073153
MAR03890,53.6886823,65.44620144,92.88641858
MAR03892,4.631672807,5.938162852,14.0083215
MAR09802,1000,1000,1000
MAR03899,1000,1000,1000
MAR03903,1000,1000,1000
MAR04109,9.817537988,9.192586595,29.20470211
MAR04114,5.524798957,4.284472674,9.446613021
MAR04115,5.524798957,4.284472674,9.446613021
MAR04118,15.12845458,9.829701847,35.14249039
MAR04172,1000,1000,1000
MAR04196,5.524798957,4.284472674,9.446613021
MAR04197,5.524798957,4.284472674,9.446613021
MAR04287,61.78398355,46.98484681,118.7376762
MAR04690,6.690478932,9.028443442,6.124026434
MAR04693,0.678793911,0.31683717,1.293131539
MAR06780,12.38545988,14.34762676,51.52863503
MAR06968,0,0,0
MAR06969,1.918518906,1.35856211,0.946712393
MAR06970,1000,1000,1000
MAR06971,0,0,0
MAR06972,0,0,0
MAR07641,1000,1000,1000
MAR07642,8.326341226,6.037031996,17.49066623
MAR08626,440.9540598,312.9963839,841.3156664
MAR08628,1.918518906,1.35856211,0.946712393
MAR03806,2.800012883,1.667010417,8.22057914
MAR03807,8.400038649,5.001031252,24.66173742
MAR03809,0,0,0
MAR03816,0.601049,0.040542997,5.105707552
MAR03819,2.800012883,1.667010417,8.22057914
MAR03820,2.800012883,1.667010417,8.22057914
MAR03832,1000,1000,1000
MAR03833,8.525838899,3.821439433,14.94011127
MAR03835,8.525838899,3.821439433,14.94011127
MAR03837,8.525838899,3.821439433,14.94011127
MAR03838,284.5894274,276.3025542,381.8267537
MAR03895,19.82475024,13.33611064,43.02097534
MAR03897,19.82475024,13.33611064,43.02097534
MAR03956,2.154417178,1.899008544,2.664566395
MAR03993,500,500,500
MAR04073,15.04651514,9.725191076,44.64079186
MAR04075,3.690516721,2.667479894,14.5720536
MAR04077,16.44731335,12.19114021,62.77851689
MAR04190,1000,1000,1000
MAR04191,3.004019269,2.994532989,2.061125484
MAR04212,25.62199409,29.18765395,92.30144955
MAR04422,25.62199409,29.18765395,92.30144955
MAR04423,42.22122778,34.16084318,35.67658023
MAR04424,1000,1000,1000
MAR04583,158.474365,96.92439565,213.7644389
MAR04605,0,0,0
MAR04606,1000,1000,1000
MAR04607,12.06134579,10.53029623,37.24552755
MAR04776,61.78398355,42.08753126,29.09534879
MAR04777,61.78398355,42.08753126,29.09534879
MAR04778,8.400038649,3.821439433,14.94011127
MAR04779,8.400038649,3.821439433,14.94011127
MAR04780,8.400038649,3.821439433,14.94011127
MAR04781,8.400038649,3.821439433,14.94011127
MAR04784,2.800012883,1.667010417,8.22057914
MAR04785,2.800012883,1.667010417,8.22057914
MAR04786,8.400038649,5.001031252,24.66173742
MAR04787,8.400038649,5.001031252,24.66173742
MAR05384,5.958055779,5.615580193,3.701687686
MAR06929,0,0,0
MAR06930,0,0,0
MAR06931,0,0,0
MAR06932,42.22122778,34.16084318,35.67658023
MAR06933,0,0,0
MAR06934,0,0,0
MAR06935,42.22122778,34.16084318,35.67658023
MAR06936,0,0,0
MAR06938,0,-2.91E-15,0
MAR06939,0,0,0
MAR06940,1000,1000,1000
MAR06941,0,0,0
MAR06942,42.22122778,34.16084318,35.67658023
MAR06943,0,0,0
MAR06944,0,0,0
MAR06945,42.22122778,34.16084318,35.67658023
MAR06946,0,0,0
MAR06947,0,0,0
MAR06948,42.22122778,34.16084318,35.67658023
MAR06949,0,0,0
MAR06950,0,0,0
MAR06951,42.22122778,34.16084318,35.67658023
MAR06952,0,0,0
MAR06953,0,0,0
MAR06954,0,0,0
MAR06955,0,0,0
MAR06956,0,0,0
MAR06957,0,0,0
MAR06958,0,0,0
MAR06959,0,0,0
MAR06960,0,0,0
MAR06961,0,0,0
MAR06962,0,0,0
MAR06963,0,0,0
MAR06964,0,0,0
MAR06965,1000,1000,1000
MAR06966,1000,1000,1000
MAR06967,0,0,0
MAR06973,0,0,0
MAR08096,2.800012883,1.667010417,8.22057914
MAR08097,2.800012883,1.667010417,8.22057914
MAR08098,8.400038649,5.001031252,24.66173742
MAR08416,1.266052144,0.873125347,1.209876501
MAR08425,1000,1000,1000
MAR08426,0.601049,0.040542997,5.105707552
MAR08427,0,0,0
MAR08431,1000,1000,802.0124199
MAR08432,81.05829188,53.9644651,129.6837332
MAR08603,27.09277626,24.75337947,35.67658023
MAR08604,27.09277626,24.75337947,35.67658023
MAR08605,27.09277626,24.75337947,35.67658023
MAR08606,42.22122778,34.16084318,35.67658023
MAR08607,1000,1000,1000
MAR08608,0,0,0
MAR08609,8.525838899,3.821439433,14.94011127
MAR08610,19.85169068,9.309889283,38.10080167
MAR08611,281.7894146,274.6355438,373.6061746
MAR04285,4.018210543,2.662335686,3.141186003
MAR00457,47.94759517,39.91284435,87.72834883
MAR00460,20.95500141,17.74499472,34.58279597
MAR03750,0,0,0
MAR03752,8.02329993,5.868508643,11.94971395
MAR03770,8.02329993,5.868508643,11.94971395
MAR03771,0,0,0
MAR03772,0,0,0
MAR03782,29.39614915,17.42009626,32.28166268
MAR03784,8.02329993,5.868508643,11.94971395
MAR03794,0,0,0
MAR03839,15.73847209,5.680423799,22.129826
MAR03841,15.73847209,5.680423799,22.129826
MAR03843,11.70833818,9.143818158,28.75062498
MAR03845,10.66768913,5.96833924,19.44944122
MAR03847,0,2.22E-16,0
MAR03849,1000,1000,1000
MAR03852,1000,1000,1000
MAR03856,10.42740946,7.579732436,12.15166209
MAR03860,2.68673154,1.814633494,1.247886353
MAR03883,2.781710432,2.440080663,3.618942209
MAR03901,1000,1000,1000
MAR03939,-1.78E-15,0,0
MAR03974,2.781710432,2.440080663,3.618942209
MAR04198,470.0658456,357.26511,1000
MAR04199,1000,1000,1000
MAR04200,2.781710432,2.440080663,3.618942209
MAR04284,1000,1000,1000
MAR04348,1.70105907,2.440080663,3.618942209
MAR04466,0,0,0
MAR04467,470.0658456,357.26511,1000
MAR04582,4.295720766,2.174124861,12.89844078
MAR04584,72.927977,43.45353196,36.90092468
MAR04696,16.78198467,9.187394855,21.38855547
MAR04697,16.78198467,9.187394855,21.38855547
MAR04698,16.78198467,9.187394855,21.38855547
MAR04699,1000,1000,1000
MAR04700,1.536012727,3.766118136,2.64819528
MAR04742,12.22459215,11.9584339,30.51590872
MAR04788,763.5318758,699.1597814,948.8997643
MAR04789,1000,1000,1000
MAR04791,711.7079326,549.3899432,1000
MAR04792,0,0,0
MAR04937,0,0,0
MAR05392,9.413451243,4.126721494,8.003971606
MAR05393,9.413451243,4.126721494,8.003971606
MAR06409,1.24E-14,0,4.97E-13
MAR07702,10.42740946,7.579732436,12.15166209
MAR07703,1000,1000,1000
MAR08433,13.20247969,11.35913645,52.75679018
MAR08434,13.20247969,11.35913645,52.75679018
MAR08435,13.20247969,11.35913645,52.75679018
MAR08436,13.20247969,11.35913645,52.75679018
MAR08437,0,0,0
MAR08439,281.7894146,274.6355438,373.6061746
MAR08440,16.78198467,9.187394855,21.38855547
MAR08441,16.78198467,9.187394855,21.38855547
MAR08442,1000,1000,1000
MAR09718,1000,1000,802.0124199
MAR09486,1000,1000,802.0124199
MAR04426,0,0,0
MAR04428,1000,1000,1000
MAR04429,3.689116286,3.084663556,6.849711955
MAR04430,11.22558405,5.277627449,5.920927265
MAR04431,11.22558405,5.277627449,5.920927265
MAR04437,1000,1000,1000
MAR04658,37.43202938,21.67928409,65.59665456
MAR04660,1000,1000,1000
MAR04712,1000,1000,1000
MAR05336,0,0,0
MAR05337,0,0,0
MAR05338,8.537419241,8.558172534,15.84056807
MAR05339,8.537419241,8.558172534,15.84056807
MAR05340,0,0,0
MAR08783,27.09277626,24.75337947,35.67658023
MAR08784,27.09277626,24.75337947,35.67658023
MAR08786,0,0,0
MAR04239,13.20247969,11.35913645,23.96407563
MAR04241,0,0,0
MAR04288,51.46241231,35.49711028,130.2616734
MAR04596,6.283980922,6.9869521,10.1808703
MAR04597,6.283980922,6.9869521,10.1808703
MAR04599,13.20247969,11.35913645,23.96407563
MAR04667,8.834514737,5.833221386,25.21461446
MAR04668,36.57800337,32.78814449,43.24651905
MAR04737,18.28900169,16.39407225,21.62325952
MAR04739,18.28900169,16.39407225,21.62325952
MAR04740,36.57800337,32.78814449,43.24651905
MAR06415,13.20247969,11.35913645,23.96407563
MAR06974,876.798244,862.8426203,850.8092047
MAR06975,4.537476063,4.728645876,8.758699703
MAR06976,4.537476063,4.728645876,8.758699703
MAR06977,4.537476063,4.728645876,8.758699703
MAR06978,4.537476063,4.728645876,8.758699703
MAR06979,9.888515718,5.953523958,25.73609122
MAR06980,9.888515718,5.953523958,25.73609122
MAR06981,9.888515718,5.953523958,25.73609122
MAR06982,61.78398355,46.98484681,118.7376762
MAR06983,0,0,0
MAR06984,0,0,0
MAR06985,0,0,0
MAR08017,1000,1000,1000
MAR08018,1000,1000,1000
MAR08019,1000,1000,1000
MAR08021,36.57800337,32.78814449,43.24651905
MAR08025,4.537476063,4.728645876,8.758699703
MAR08026,4.537476063,4.728645876,8.758699703
MAR08027,4.537476063,4.728645876,8.758699703
MAR08029,4.537476063,4.728645876,8.758699703
MAR03164,2.885980176,2.562854824,7.007772105
MAR03166,2.885980176,2.562854824,7.007772105
MAR03885,2.394303163,1.464660481,15.73893199
MAR04250,0.418940982,0.605860997,2.997724807
MAR08091,0.84104136,0.54323073,3.082494729
MAR08092,0.84104136,0.54323073,3.082494729
MAR08563,22.21953561,24.75337947,35.67658023
MAR08564,7.697685364,6.9869521,12.7491677
MAR08565,7.697685364,6.9869521,12.7491677
MAR08566,12.57911646,11.25154014,2.763520556
MAR03935,11.03019797,6.740874284,10.95929487
MAR04681,1000,1000,1000
MAR04682,42.22122778,21.1105098,23.68370906
MAR04683,12.17173323,5.277627449,5.920927265
MAR04685,12.17173323,5.277627449,5.920927265
MAR04686,12.17173323,5.277627449,5.920927265
MAR04687,12.17173323,5.277627449,5.920927265
MAR04702,1000,1000,1000
MAR04703,1000,1000,1000
MAR04704,1000,1000,1000
MAR06988,1000,1000,1000
MAR07689,1000,1000,1000
MAR07701,1.607170921,1.691502164,0.3087061
MAR08094,1000,1000,1000
MAR08529,42.22122778,34.16084318,35.67658023
MAR08530,20.95500141,14.27342341,28.78828494
MAR08533,1000,1000,1000
MAR08534,1000,1000,1000
MAR08535,1000,1000,1000
MAR08537,18.97255598,12.96416288,28.81390978
MAR08541,1000,1000,1000
MAR08542,1000,1000,1000
MAR08543,1000,1000,1000
MAR08544,1000,1000,1000
MAR08630,0,0,0
MAR08540,1000,1000,1000
MAR09733,500,500,500
MAR09734,250,250,250
MAR03206,2.885980176,2.562854824,7.007772105
MAR03208,5.756924912,2.803251727,6.970671183
MAR03211,2.885980176,2.562854824,7.007772105
MAR03213,1.503150128,0.662039739,1.761301904
MAR03215,8.205029398,5.397673094,9.245775368
MAR03747,1000,1000,1000
MAR03744,5.235073125,4.804041644,6.302898804
MAR03757,2.885980176,2.562854824,7.007772105
MAR03761,8.205029398,5.397673094,9.245775368
MAR03777,1000,1000,1000
MAR03778,5.235073125,4.804041644,6.302898804
MAR03795,614.6034864,592.8226486,618.2944116
MAR04797,27.09277626,24.75337947,63.42502465
MAR06417,5.928065441,3.615200535,8.454419908
MAR06419,5.928065441,3.615200535,8.454419908
MAR06420,5.928065441,3.615200535,8.454419908
MAR06421,5.928065441,3.615200535,8.454419908
MAR06422,5.928065441,3.615200535,8.454419908
MAR06923,1000,1000,1000
MAR03765,5.235073125,4.804041644,6.302898804
MAR06924,1000,1000,1000
MAR06925,0,0,0
MAR06926,0,0,0
MAR06927,0,0,0
MAR08088,0.678793911,0.31683717,1.293131539
MAR08787,0.429197128,0.483633217,0.581174458
MAR03743,0,0,0
MAR03940,1000,1000,1000
MAR04214,15.33144143,13.80892,15.00434814
MAR04216,7.665720714,6.904459998,7.502174072
MAR04218,7.665720714,6.904459998,7.502174072
MAR04219,7.665720714,6.904459998,7.502174072
MAR04220,23.90004959,12.17161905,34.09992986
MAR04222,7.697685364,6.9869521,12.7491677
MAR04224,1000,1000,1000
MAR04225,1000,1000,1000
MAR04227,0,0,0
MAR04231,0.418940982,0.605860997,2.997724807
MAR04232,0.418940982,0.605860997,2.997724807
MAR04233,1000,1000,1000
MAR04235,1000,1000,1000
MAR04242,3.292687366,1.990832773,6.308072515
MAR04243,3.292687366,1.990832773,6.308072515
MAR04244,7.697685364,6.9869521,12.7491677
MAR04245,7.697685364,6.9869521,12.7491677
MAR04246,7.697685364,6.9869521,12.7491677
MAR04248,0,0,0
MAR06707,45.88488311,37.69523467,36.28919827
MAR06708,0,0,0
MAR06709,0,0,0
MAR06710,0,0,0
MAR06711,0,0,0
MAR06712,0,0,0
MAR06713,42.22122778,34.16084318,35.67658023
MAR06714,27.09277626,24.75337947,35.67658023
MAR06715,0,0,0
MAR06716,0.84104136,0.54323073,3.082494729
MAR06717,0.84104136,0.54323073,3.082494729
MAR06718,0.84104136,0.54323073,3.082494729
MAR06719,0.84104136,0.54323073,3.082494729
MAR06720,0.84104136,0.54323073,3.082494729
MAR06721,0.84104136,0.54323073,3.082494729
MAR06722,0,0,0
MAR06723,0,0,0
MAR06725,12.38545988,14.34762676,51.52863503
MAR06726,11.12879985,7.08125676,50.76723476
MAR06727,0,0,0
MAR06728,1000,1000,1000
MAR06729,1000,1000,1000
MAR06730,14.363286,10.82652335,29.22043185
MAR06731,1000,1000,1000
MAR06734,1000,1000,1000
MAR06735,0,0,0
MAR06736,14.363286,10.82652335,29.22043185
MAR06737,0,0,0
MAR06738,1.51E-12,-3.64E-12,0
MAR06739,0,0,0
MAR06740,1000,1000,1000
MAR06741,1000,1000,1000
MAR06742,0,0,0
MAR06743,34.08725685,31.39154036,74.74538834
MAR06744,0,0,0
MAR06745,8.277158617,5.447404603,31.49031364
MAR06746,14.363286,10.82652335,29.22043185
MAR06747,8.277158617,5.447404603,11.84185453
MAR06748,12.17173323,5.277627449,5.920927265
MAR06749,12.17173323,5.277627449,5.920927265
MAR06750,14.363286,10.82652335,29.22043185
MAR06751,8.277158617,5.447404603,11.84185453
MAR06752,8.277158617,5.447404603,31.49031364
MAR06753,12.17173323,5.277627449,5.920927265
MAR06754,12.17173323,5.277627449,5.920927265
MAR06755,14.363286,10.82652335,29.22043185
MAR06756,16.55431723,10.89480921,34.58279597
MAR06757,0,0,0
MAR06758,37.61079923,22.58608195,24.58520908
MAR06759,0,0,0
MAR06760,12.17173323,5.277627449,5.920927265
MAR06761,12.17173323,5.277627449,5.920927265
MAR06762,14.363286,10.82652335,29.22043185
MAR06763,14.363286,10.82652335,29.22043185
MAR06764,8.277158617,5.447404603,11.84185453
MAR06765,1000,1000,1000
MAR06766,8.277158617,5.277627449,5.920927265
MAR06767,8.277158617,5.277627449,5.920927265
MAR06768,12.38545988,14.34762676,51.52863503
MAR06770,1000,1000,1000
MAR06771,0,0,0
MAR06772,1000,1000,1000
MAR06774,30.79255647,33.0188693,19.26557989
MAR06776,4.559820024,2.26549282,0.881452095
MAR06778,3.590908041,2.26549282,0.881452095
MAR06782,1000,1000,1000
MAR06783,1000,1000,1000
MAR06784,1000,1000,1000
MAR06785,1000,1000,1000
MAR06786,1000,1000,1000
MAR06787,1000,1000,1000
MAR06788,0,0,0
MAR06789,24.34346646,10.5552549,11.84185453
MAR06790,12.17173323,5.277627449,5.920927265
MAR06791,12.17173323,5.277627449,5.920927265
MAR06792,0,0,0
MAR06798,0,0,0
MAR06799,0,0,0
MAR06800,0,0,0
MAR06801,0,0,0
MAR06802,0,0,0
MAR06803,0,0,0
MAR06806,0,0,0
MAR06807,1000,1000,1000
MAR06808,1000,1000,1000
MAR06811,1.74E-16,0,0
MAR06813,1000,1000,1000
MAR06814,0,0,0
MAR06815,0,0,0
MAR06817,7.066681492,5.195333625,11.89940026
MAR06818,0,0,0
MAR06819,0,0,0
MAR06820,0,0,0
MAR06822,0,0,0
MAR06823,0,0,0
MAR06824,0,0,0
MAR06826,1000,1000,1000
MAR06827,0,0,0
MAR06828,0,0,0
MAR06829,7.099834647,7.992992552,13.42783583
MAR06830,0,0,0
MAR06831,7.099834647,7.992992552,13.42783583
MAR06834,1000,1000,1000
MAR06835,0,0,0
MAR06836,0,0,0
MAR06837,0,0,0
MAR06838,3.213120832,2.717944499,13.42783583
MAR06839,30.22041466,21.78092953,19.70140824
MAR06840,0,0,0
MAR06841,0,0,0
MAR06842,0,0,0
MAR06843,0,0,0
MAR06844,3.213120832,2.717944499,13.42783583
MAR06845,3.213120832,2.717944499,13.42783583
MAR06848,0,0,0
MAR06849,0.84104136,0.54323073,3.082494729
MAR06850,3.213120832,2.717944499,13.42783583
MAR06851,3.213120832,2.717944499,13.42783583
MAR06854,1000,1000,1000
MAR06855,0,0,0
MAR06874,1000,1000,1000
MAR06875,0,-3.41E-13,0
MAR06876,1000,1000,1000
MAR06877,1000,1000,1000
MAR06878,0,0,0
MAR06879,0,0,0
MAR06880,0,0,0
MAR06881,0,0,0
MAR06882,0,0,0
MAR06883,-1.36E-14,0,1.75E-13
MAR06885,0,0,0
MAR06886,0,0,0
MAR06888,1000,1000,1000
MAR06889,0,0,0
MAR07628,3.112208078,2.773537746,3.91625912
MAR07756,3.112208078,2.773537746,3.91625912
MAR08539,18.97255598,12.96416288,28.81390978
MAR08794,1000,1000,1000
MAR08795,1000,1000,1000
MAR08796,1000,1000,1000
MAR03875,35.72658893,30.94358111,38.72547236
MAR03877,31.53025402,23.69875509,51.77312277
MAR03879,1000,1000,1000
MAR03881,1.52047419,0.281084597,1.241196346
MAR03912,12.38545988,14.34762676,48.63017012
MAR03917,10.93026302,9.346611706,7.681032223
MAR03919,1000,1000,1000
MAR03920,11.4236625,11.49732964,37.83337443
MAR03922,0,0,0
MAR03928,6.559041372,4.281624304,12.38894174
MAR03995,16.56327404,12.762481,101.1690904
MAR03996,1000,1000,1000
MAR04072,0,0,0
MAR04189,4.218030556,3.642972182,8.484286778
MAR04302,1.52047419,0.281084597,1.241196346
MAR04323,1000,1000,1000
MAR05381,16.56327404,12.762481,101.1690904
MAR05385,5.958055779,5.615580193,3.701687686
MAR05386,5.958055779,5.615580193,3.701687686
MAR05387,5.958055779,4.124662585,3.701687686
MAR05388,0,0,0
MAR05389,5.958055779,4.124662585,3.701687686
MAR05390,1000,1000,1000
MAR05391,1000,1000,1000
MAR05418,-2.94E-13,0,2.22E-16
MAR05419,7.84E-14,0,0
MAR06515,6.559041372,4.281624304,12.38894174
MAR06518,6.559041372,4.281624304,12.38894174
MAR06519,0,-1.78E-15,0
MAR06520,5.259405479,4.281624304,4.242143389
MAR06523,0,0,0
MAR08062,1000,1000,1000
MAR08066,12.38545988,14.34762676,51.52863503
MAR08067,1.12E-13,1.78E-15,2.13E-13
MAR08068,12.38545988,14.34762676,51.52863503
MAR08069,-5.97E-15,1.07E-13,-4.17E-13
MAR08641,0,0,0
MAR08682,1000,1000,1000
MAR08683,0,0,0
MAR08684,0,0,0
MAR08685,6.476802516,4.024350278,11.4633449
MAR03868,15.12845458,9.829701847,35.14249039
MAR03869,15.12845458,9.829701847,35.14249039
MAR03889,3.248238441,2.585121268,1.530163143
MAR03933,11.03019797,6.740874284,10.95929487
MAR03937,11.45531024,7.53254913,17.82899007
MAR04116,24.3208616,16.28429256,120.5433051
MAR04120,24.3208616,16.28429256,120.5433051
MAR04121,24.3208616,16.28429256,70.28498077
MAR04175,13.86418411,8.834782203,10.94923357
MAR04176,16.69337026,18.22360888,10.94923357
MAR04324,4.261661654,3.291561007,20.93654309
MAR04326,4.261661654,3.291561007,20.93654309
MAR04328,13.86418411,8.834782203,11.92961476
MAR04329,13.86418411,8.834782203,23.53512369
MAR04708,1.894096269,0.866107963,18.78884958
MAR08769,16.69337026,18.22360888,10.94923357
MAR08770,1.894096269,0.866107963,18.78884958
MAR08771,13.43768911,8.154361505,28.3903321
MAR04078,4.918123869,4.106394629,14.61372173
MAR04079,27.09277626,24.75337947,63.42502465
MAR04174,6.690478932,9.028443442,6.124026434
MAR04330,0.678793911,0.31683717,1.293131539
MAR04347,1000,1000,1000
MAR04425,1000,1000,1000
MAR04427,12.06134579,10.53029623,37.24552755
MAR04688,0,0,0
MAR04689,9.888515718,5.953523958,25.73609122
MAR04735,2.885980176,2.562854824,7.007772105
MAR07991,1000,1000,1000
MAR07992,42.22122778,34.16084318,35.67658023
MAR07993,27.09277626,24.75337947,63.42502465
MAR07128,2.36151555,0.824315327,4.323691075
MAR07129,2.36151555,0.824315327,4.323691075
MAR07130,2.36151555,0.824315327,4.323691075
MAR07131,2.36151555,0.824315327,4.323691075
MAR07132,0,0,0
MAR07133,2.36151555,0.824315327,4.323691075
MAR07134,0,0,0
MAR07135,0,0,0
MAR07136,0,0,0
MAR07137,0.84104136,0.281084597,1.241196346
MAR07138,0,0,0
MAR07139,0,0,0
MAR07140,0,-1.23E-16,-4.94E-13
MAR07141,2.36151555,0.824315327,4.323691075
MAR07620,0,0,0
MAR07647,0.980097575,0.67446954,8.365608057
MAR08640,0,0,0
MAR08689,1000,1000,1000
MAR08690,1000,1000,1000
MAR03748,12.3724731,6.921589283,8.875191872
MAR03751,8.02329993,5.868508643,11.94971395
MAR03753,2.885980176,2.562854824,7.007772105
MAR03755,2.885980176,2.562854824,7.007772105
MAR03759,27.09277626,24.75337947,63.42502465
MAR03763,8.205029398,5.397673094,9.245775368
MAR03767,12.3724731,6.921589283,8.875191872
MAR03769,8.02329993,5.868508643,11.94971395
MAR03773,11.10969138,6.291095744,5.351266807
MAR03775,6.881733981,5.837834735,5.351266807
MAR03780,12.3724731,6.921589283,8.875191872
MAR03783,8.02329993,5.868508643,11.94971395
MAR03785,2.885980176,2.562854824,7.007772105
MAR03790,757.0874771,612.2170092,917.6218998
MAR03792,0.678793911,0.31683717,1.293131539
MAR03796,29.11708663,18.66023428,43.03226392
MAR03823,2.885980176,2.562854824,7.007772105
MAR06416,5.928065441,3.615200535,8.454419908
MAR03986,500,500,500
MAR03988,32.21969453,20.69377174,87.1971936
MAR04124,0.922426233,1.093607867,1.110261047
MAR04158,7.811535684,5.594297391,6.601009242
MAR04159,19.63823133,15.08484574,19.34991334
MAR04299,5.135730554,5.483154187,22.40524084
MAR04300,10.51287905,9.032803479,29.00625008
MAR04494,10.51287905,9.032803479,29.00625008
MAR04524,7.015553535,6.893391374,8.829658885
MAR04525,1.844852466,1.342668167,1.110261047
MAR04526,26.98691919,20.28911286,24.90185794
MAR04527,7.015553535,6.893391374,8.829658885
MAR04528,2.628845556,1.900752245,11.10152338
MAR04529,2.628845556,1.900752245,11.10152338
MAR04530,2.628845556,1.900752245,11.10152338
MAR04531,15.99392123,11.58653952,56.17051737
MAR04532,0,1.42E-14,-3.55E-14
MAR04533,15.99392123,11.58653952,56.17051737
MAR04534,15.99392123,11.58653952,56.17051737
MAR04536,2.053454429,1.277801549,4.370869027
MAR04628,5.377148501,3.549649292,8.829658885
MAR04629,1.391719676,1.299093983,2.228649643
MAR04631,7.811535684,5.594297391,6.601009242
MAR07696,0,0,0
MAR07697,0,0,0
MAR07698,0,0,0
MAR08366,181.9535656,121.791683,416.6357852
MAR08367,181.9535656,121.791683,416.6357852
MAR08368,181.9535656,121.791683,416.6357852
MAR08371,5.710289016,4.051821171,11.10152338
MAR08372,5.710289016,4.051821171,11.10152338
MAR08373,147.7026373,109.4549026,291.2340655
MAR08375,8.98792302,7.494829424,37.30575933
MAR08376,1000,1000,1000
MAR08377,15.99392123,11.58653952,56.17051737
MAR08672,0,0,0
MAR08674,0,0,0
MAR08675,0,0,0
MAR05130,4.955880606,4.198143624,7.583995826
MAR05131,12.43849025,11.62859806,20.66728418
MAR05132,8.901628268,6.964065825,13.74101965
MAR05133,6.775351193,4.837471752,10.21863035
MAR05134,10.50490401,9.105664849,15.81499082
MAR05135,4.530430175,4.460510839,5.726129417
MAR05136,7.84855564,6.13346005,11.73270885
MAR05137,13.15829798,12.00917521,20.73927858
MAR05138,12.95220904,7.336831424,19.60199563
MAR05139,3.628858347,3.272054077,5.916589323
MAR05140,7.740629067,6.21745421,12.00429443
MAR05141,16.41969231,13.14368896,24.80035977
MAR05142,11.0722218,11.28975126,18.43364952
MAR05143,4.162053116,3.554304064,6.293120603
MAR05144,0,0,0
MAR05145,6.462082991,6.279652591,9.915042191
MAR05146,8.94781024,6.605401102,13.77978258
MAR05147,12.7209807,10.38919476,18.48219685
MAR05148,9.332919845,7.343586212,14.37726865
MAR05149,2.30668833,1.888799541,2.994297466
MAR05150,9.286209107,9.504907015,16.50530822
MAR07171,1.026727215,0.638900774,2.185434514
MAR07172,1.026727215,0.638900774,2.185434514
MAR07174,0.922426233,0.671334084,0.555130523
MAR07175,0.922426233,0.671334084,0.555130523
MAR07180,1.844852466,1.342668167,1.110261047
MAR07181,1.844852466,1.342668167,1.110261047
MAR07183,2.053454429,1.277801549,3.651698613
MAR07197,5.083023451,4.63675391,17.93545223
MAR07436,5.083023451,4.63675391,17.93545223
MAR07438,1.844852466,1.981568942,3.29569556
MAR07440,0.922426233,0.671334084,0.555130523
MAR08254,1.844852466,1.342668167,1.110261047
MAR08255,0.922426233,0.671334084,0.555130523
MAR08256,2.672656887,2.568578228,12.82392728
MAR08257,1.844852466,1.342668167,1.110261047
MAR08258,1.844852466,1.342668167,1.110261047
MAR08260,2.672656887,2.568578228,12.82392728
MAR08261,1.844852466,2.187215733,6.016220767
MAR01532,1.702459455,1.346159683,3.212338533
MAR07254,0.255368918,0.201923952,0.48185078
MAR07256,0,0,0
MAR07258,0.255368918,0.201923952,0.48185078
MAR07259,0.255368918,0.201923952,0.48185078
MAR07260,0.255368918,0.201923952,0.48185078
MAR07261,10.37937748,7.904907843,19.67363099
MAR07263,10.37937748,7.904907843,19.67363099
MAR07264,0.922426233,0.660522981,0.555130523
MAR07265,0.922426233,0.660522981,0.555130523
MAR07266,0.922426233,0.660522981,0.555130523
MAR07267,0.922426233,0.660522981,0.555130523
MAR07268,0.922426233,0.660522981,0.555130523
MAR07269,0.922426233,0.660522981,0.555130523
MAR07270,0.922426233,0.660522981,0.555130523
MAR07271,4.5552192,3.440200435,6.717262889
MAR07274,0.922426233,0.660522981,0.555130523
MAR07275,0.922426233,0.660522981,0.555130523
MAR07276,0.922426233,0.660522981,0.555130523
MAR07277,0.922426233,0.660522981,0.555130523
MAR07278,4.95988661,3.804184427,12.40123757
MAR07279,0.922426233,0.660522981,0.555130523
MAR07280,0.922426233,0.660522981,0.555130523
MAR07281,0.922426233,0.660522981,0.555130523
MAR07285,0.922426233,0.660522981,0.555130523
MAR07286,0.922426233,0.660522981,0.555130523
MAR07287,0.922426233,0.660522981,0.555130523
MAR07288,0.922426233,0.660522981,0.555130523
MAR07289,0.922426233,0.660522981,0.555130523
MAR07290,0.922426233,0.660522981,0.555130523
MAR07291,0.922426233,0.660522981,0.555130523
MAR07292,0.922426233,0.660522981,0.555130523
MAR07293,0.922426233,0.660522981,0.555130523
MAR07294,0.922426233,0.660522981,0.555130523
MAR07295,0.922426233,0.660522981,0.555130523
MAR07296,0.922426233,0.660522981,0.555130523
MAR07297,0.922426233,0.660522981,0.555130523
MAR07298,0.922426233,0.660522981,0.555130523
MAR07299,0.922426233,0.660522981,0.555130523
MAR07300,0.922426233,0.660522981,0.555130523
MAR07301,0.922426233,0.660522981,0.555130523
MAR07302,0.922426233,0.660522981,0.555130523
MAR07303,0.922426233,0.660522981,0.555130523
MAR07304,0.922426233,0.660522981,0.555130523
MAR07305,0.922426233,0.660522981,0.555130523
MAR07306,0.922426233,0.660522981,0.555130523
MAR07308,0.922426233,0.660522981,0.555130523
MAR07309,0.922426233,0.660522981,0.555130523
MAR07310,0.922426233,0.660522981,0.555130523
MAR07311,0.922426233,0.660522981,0.555130523
MAR07312,0.922426233,0.660522981,0.555130523
MAR07313,0.922426233,0.660522981,0.555130523
MAR07314,0.922426233,0.660522981,0.555130523
MAR07315,0.922426233,0.660522981,0.555130523
MAR07316,0.922426233,0.660522981,0.555130523
MAR07317,0.922426233,0.660522981,0.555130523
MAR07318,0.922426233,0.660522981,0.555130523
MAR07319,0.922426233,0.660522981,0.555130523
MAR07320,0.922426233,0.660522981,0.555130523
MAR07321,0.922426233,0.660522981,0.555130523
MAR07322,0.922426233,0.660522981,0.555130523
MAR07323,0.922426233,0.660522981,0.555130523
MAR07324,0.922426233,0.660522981,0.555130523
MAR07325,0.922426233,0.660522981,0.555130523
MAR07326,0.614950822,0.447556056,0.370087016
MAR07327,0.368970493,0.268533633,0.222052209
MAR07328,0.368970493,0.268533633,0.222052209
MAR07329,0.368970493,0.268533633,0.222052209
MAR07332,0.922426233,0.641395644,0.555130523
MAR07333,0.922426233,0.641395644,0.555130523
MAR07334,0.922426233,0.638900774,0.555130523
MAR07428,5.755809773,4.691577839,5.161694165
MAR07429,5.755809773,4.691577839,5.161694165
MAR07574,0.922426233,0.660522981,0.555130523
MAR07575,4.862357273,4.031054858,4.606563641
MAR07576,4.862357273,4.031054858,4.606563641
MAR07577,4.862357273,4.031054858,4.606563641
MAR07578,4.862357273,4.031054858,4.606563641
MAR07580,15.99953906,11.00366737,28.71849583
MAR07582,0.922426233,0.660522981,0.555130523
MAR07585,0.8934525,0.660522981,0.555130523
MAR07586,0.8934525,0.660522981,0.555130523
MAR07587,0.8934525,0.660522981,0.555130523
MAR08691,0.922426233,0.660522981,0.555130523
MAR08692,9.91977322,7.608368855,24.80247515
MAR08693,0.368970493,0.268533633,0.222052209
MAR08694,0.368970493,0.268533633,0.222052209
MAR08695,0.368970493,0.268533633,0.222052209
MAR05151,0.063541258,0.079305171,0.038384438
MAR05152,0.113844754,0.085429272,0.068772118
MAR05153,0.101195337,0.056952848,0.061130771
MAR05154,0.010842358,0.006603229,0.006549725
MAR05155,0.248388554,0.227811391,0.150048257
MAR05156,0.253210429,0.174625069,0.2419753
MAR05157,0.39032487,0.455622782,0.235790117
MAR05158,0.39032487,0.273373669,0.235790117
MAR05159,0.30358601,0.333081718,0.183392314
MAR05160,0.022395689,0.005217055,0.013528941
MAR05161,0.075896503,0.044092527,0.045848078
MAR05162,0.056922377,0.022046264,0.034386059
MAR05163,0.073845246,0.027895272,0.044608941
MAR05164,0.056922377,0.02628593,0.034386059
MAR05165,0.113844754,0.07593713,0.068772118
MAR05166,0.182151606,0.124260759,0.110035388
MAR05167,0.248388554,0.273373669,0.150048257
MAR05168,0.160722005,0.136686834,0.097090048
MAR05169,0.003442701,0.002685397,0.018898257
MAR05170,0.005092328,0.00397215,0.027953672
MAR05171,0.003017676,0.002353867,0.016565139
MAR05172,0.097581218,0.07593713,0.058947529
MAR05173,0,0,0
MAR05174,0.078064974,0.042714636,0.047158023
MAR07282,0.8934525,0.660522981,0.555130523
MAR07616,0,0,0
MAR07619,0,0,0
MAR09735,51.54949701,41.97173697,3.016139526
MAR07621,64.7296074,52.91105794,25.36861407
MAR07622,51.54949701,41.97173697,3.016139526
MAR07624,13.18011039,10.93932097,22.35247455
MAR07626,13.18011039,10.93932097,22.35247455
MAR05258,2.338227912,2.078758379,1.319099375
MAR05259,0.001608104,0.001254363,0.008827475
MAR05260,3.368821256,2.994988375,1.900503365
MAR05261,0.002316889,0.001807234,0.012718258
MAR05262,3.409214797,3.030899507,1.923291175
MAR05263,0.002344669,0.001828904,0.012870755
MAR05264,0.311763722,0.277167784,0.175879917
MAR05265,0.000214414,0.000167248,0.001176997
MAR05266,0.248388554,0.227811391,0.150048257
MAR05267,0.253210429,0.174625069,0.2419753
MAR05268,17.33710451,15.41323286,9.780639267
MAR05269,14.2164257,12.63885094,8.020124199
MAR05270,14.50655684,12.89678668,8.183800203
MAR05271,0.531852813,0.47283393,0.300042058
MAR05272,0.000365779,0.000285317,0.002007896
MAR05273,3.510228568,3.120703937,1.98027758
MAR05274,0.002414141,0.001883093,0.013252111
MAR05275,1.75728377,1.56228071,0.991362695
MAR05276,0.001208562,0.00094271,0.006634246
MAR05277,2.289279501,2.035241698,1.291485378
MAR05278,0.00157444,0.001228104,0.008642681
MAR05279,2.039659355,1.813321513,1.150663443
MAR05280,0.001402765,0.001094193,0.007700294
MAR05281,4.498868893,3.999636375,2.538013987
MAR05282,0.001010645,0.00078833,0.005547805
MAR05283,5.344520941,4.751447723,3.015084285
MAR05284,0.003675665,0.002867116,0.020177087
MAR05285,0.003442701,0.002685397,0.018898257
MAR05286,0.005092328,0.00397215,0.027953672
MAR05287,0.003017676,0.002353867,0.016565139
MAR05288,4.15684962,3.695570452,2.345065555
MAR05289,0,0,0
MAR05290,0.000200436,0.000156345,0.001100268
MAR05291,0.002062715,0.001608972,0.011323006
MAR09817,0.248388554,0.273373669,0.150048257
MAR09818,0.160722005,0.136686834,0.097090048
MAR05407,71.28266942,60.35222417,32.82086759
MAR03851,9.822434376,5.832008493,15.86466254
MAR03861,9.822434376,5.832008493,15.86466254
MAR03866,5.097075796,4.266853969,11.45035822
MAR03915,3.689116286,3.084663556,8.809028235
MAR04084,18.38751038,13.07277987,24.59179336
MAR04187,18.38751038,13.07277987,14.92929731
MAR04188,0,0,0
MAR04701,1000,1000,1000
MAR04840,6.559041372,4.281624304,12.38894174
MAR04842,0,0,0
MAR08662,1000,1000,1000
MAR08663,1000,1000,1000
MAR08664,1.21E-13,1.21E-13,0
MAR08665,123.1566675,86.51778188,240.8802462
MAR08666,123.1566675,86.51778188,240.8802462
MAR08667,1000,1000,1000
MAR08668,1000,1000,1000
MAR08669,123.1566675,86.51778188,240.8802462
MAR00710,42.30579488,26.46892102,102.3943373
MAR03787,123.1566675,86.51778188,240.8802462
MAR03957,11.58616305,9.558897077,31.88076668
MAR03958,42.30579488,26.46892102,102.3943373
MAR04111,42.30579488,26.46892102,102.3943373
MAR04112,42.30579488,26.46892102,102.3943373
MAR04113,42.30579488,26.46892102,102.3943373
MAR04139,1000,1000,1000
MAR04141,30.35749951,18.84266842,59.43093027
MAR04145,31.76958263,22.90248547,78.70817827
MAR04147,1000,1000,1000
MAR04149,37.59471566,26.12889733,47.72472059
MAR04152,1000,1000,1000
MAR04209,13.20247969,11.35913645,23.96407563
MAR04408,8.125502346,4.385543287,27.43269256
MAR04410,8.125502346,4.385543287,27.43269256
MAR04454,15.27889674,15.22426799,31.33844432
MAR04456,21.355571,14.89125768,31.33844432
MAR04458,21.355571,14.89125768,31.33844432
MAR04465,10.42740946,7.579732436,12.15166209
MAR04585,-7.11E-15,0,0
MAR04586,42.30579488,26.46892102,102.3943373
MAR04587,-5.47E-12,0,0
MAR04588,42.30579488,26.46892102,102.3943373
MAR04589,21.355571,14.89125768,31.33844432
MAR04652,10.20064408,6.639022478,21.37690395
MAR05294,0.491845106,0.270654972,0.37023975
MAR05297,13.20247969,11.35913645,23.96407563
MAR06411,13.20247969,11.35913645,23.96407563
MAR06413,13.20247969,11.35913645,23.96407563
MAR06414,13.20247969,11.35913645,23.96407563
MAR07704,38.08211604,49.79997403,29.96722272
MAR07706,1000,1000,1000
MAR08743,10.20064408,6.639022478,21.37690395
MAR08772,0.890398778,0.654239077,1.673838626
MAR08773,0.890398778,0.654239077,1.673838626
MAR08774,27.09277626,23.57541622,28.61366711
MAR08775,27.09277626,23.57541622,28.61366711
MAR08777,27.09277626,24.75337947,63.42502465
MAR08778,27.09277626,24.75337947,63.42502465
MAR08779,10.42740946,7.579732436,12.15166209
MAR08780,6.476802516,4.024350278,11.4633449
MAR08781,47.94759517,39.91284435,87.72834883
MAR08782,10.42740946,7.579732436,12.15166209
MAR03975,25.31936,16.33233328,39.72960708
MAR03977,25.31936,16.33233328,39.72960708
MAR03979,25.31936,16.33233328,39.72960708
MAR06911,11.53713968,8.227061647,30.57164288
MAR06912,25.31936,16.33233328,39.72960708
MAR06914,7.556128478,5.313103146,19.24110589
MAR06916,1.828343453,1.296428358,3.36043489
MAR06918,4.022469927,2.711715345,8.05013674
MAR06921,1.36176368,0.884254073,2.573627481
MAR03960,18.58892809,12.80949293,47.70191953
MAR03980,25.28219568,12.80396206,16.85472883
MAR03982,25.28219568,12.80396206,16.85472883
MAR04767,1000,1000,1000
MAR06608,1000,1000,1000
MAR08409,16.02559839,11.68514299,2.283157044
MAR08410,18.58892809,12.80949293,34.29853638
MAR08413,14.26800507,9.002292703,47.70191953
MAR08415,14.26800507,9.002292703,47.70191953
MAR00156,1.450228177,0.817695924,19.66836088
MAR00165,1.450228177,0.817695924,19.66836088
MAR00168,1.450228177,0.817695924,19.66836088
MAR00171,1.450228177,0.817695924,19.66836088
MAR00174,1.450228177,0.817695924,19.66836088
MAR00177,1.450228177,0.817695924,19.66836088
MAR00180,1.450228177,0.817695924,19.66836088
MAR00184,1.450228177,0.817695924,19.11559014
MAR00188,24.49563746,13.852791,67.50427828
MAR00192,1.557786264,4.080662965,2.587389648
MAR00196,24.49563746,13.852791,67.50427828
MAR00200,22.09791923,12.43197605,27.68699437
MAR00204,8.051919251,5.20489683,16.78425519
MAR00209,1.557786264,4.080662965,2.587389648
MAR00213,1.557786264,4.080662965,2.587389648
MAR00217,24.49563746,13.852791,67.50427828
MAR00226,24.49563746,13.852791,67.50427828
MAR00233,1.557786264,4.080662965,2.587389648
MAR00237,1.557786264,2.572841505,2.587389648
MAR00241,12.81543969,8.865116093,16.78425519
MAR00245,1.557786264,4.080662965,2.587389648
MAR00249,24.49563746,13.852791,67.50427828
MAR00255,23.54730174,13.852791,30.11546662
MAR00259,9.024088013,9.598048939,24.21232105
MAR00263,24.49563746,13.852791,67.50427828
MAR00267,16.01150658,12.19370679,67.50427828
MAR00271,1.557786264,4.080662965,2.587389648
MAR00275,24.49563746,13.852791,40.90966081
MAR00279,1.557786264,4.080662965,2.587389648
MAR00283,1.557786264,4.080662965,2.587389648
MAR00289,10.35141265,6.425511165,17.798531
MAR00293,1.557786264,4.080662965,2.587389648
MAR00297,22.04251359,13.852791,23.39558841
MAR00301,1.557786264,4.080662965,2.587389648
MAR00305,1.557786264,4.080662965,2.587389648
MAR00309,1.557786264,4.080662965,2.587389648
MAR00313,11.23614045,12.23105149,28.97690476
MAR00319,1.557786264,4.080662965,2.587389648
MAR00323,1.557786264,4.080662965,2.587389648
MAR00327,1.557786264,4.080662965,2.587389648
MAR00331,1.557786264,4.080662965,2.587389648
MAR00337,1.557786264,4.080662965,2.587389648
MAR00341,1.557786264,4.080662965,2.587389648
MAR00345,1.557786264,4.080662965,2.587389648
MAR00349,0.365532522,0.301505533,0.491741694
MAR00353,18.61883252,13.852791,21.5491916
MAR00357,4.926727297,6.570215173,12.34498065
MAR00361,24.49563746,13.852791,67.50427828
MAR00365,3.227081371,5.314224869,7.422232035
MAR00369,9.736997665,9.758821196,27.12068635
MAR00373,6.662681728,4.156105504,18.64680416
MAR00377,9.873910977,10.22604409,26.67369536
MAR00381,22.04251359,13.852791,23.39558841
MAR00385,12.81543969,8.865116093,16.78425519
MAR00389,22.0383875,13.852791,42.20590176
MAR00393,6.662681728,4.156105504,18.64680416
MAR00397,24.49563746,13.852791,67.50427828
MAR00401,2.367316658,4.673060677,4.80826841
MAR00405,24.49563746,13.852791,54.37069093
MAR00409,24.49563746,13.852791,67.50427828
MAR00413,1.861294466,4.304946947,3.4664519
MAR00417,9.736997665,9.758821196,27.12068635
MAR00421,6.662681728,4.156105504,18.64680416
MAR00425,24.49563746,13.852791,67.50427828
MAR00429,24.49563746,13.852791,67.50427828
MAR00433,12.81543969,8.865116093,16.78425519
MAR00437,1.557786264,4.080662965,2.587389648
MAR02942,0,2.32E-17,1.08E-16
MAR02943,0,0,0
MAR02944,0,0,0
MAR02945,0,0,0
MAR02946,0.849670611,0.64248237,7.421666283
MAR02947,0.849670611,0.64248237,7.421666283
MAR02948,-7.36E-19,0,0
MAR02949,24.49563746,13.852791,67.50427828
MAR02951,0,0,0
MAR02952,4.80143408,3.989944532,4.035939344
MAR02954,0,0,0
MAR02955,0.849670611,0.64248237,7.421666283
MAR02956,0,2.70E-17,-6.80E-33
MAR02957,0,0,0
MAR02959,7.075903428,5.749570492,11.45760563
MAR02961,0,0,0
MAR02962,0.849670611,0.64248237,7.421666283
MAR02963,0,0,0
MAR02964,0.849670611,0.64248237,7.421666283
MAR02965,0,0,0
MAR02966,0,0,0
MAR02967,0,0,-3.74E-32
MAR02968,0.849670611,0.64248237,7.421666283
MAR02969,0.849670611,0.64248237,7.421666283
MAR02970,0,2.70E-17,0
MAR02971,0,0,0
MAR02972,0,0,-1.12E-32
MAR02973,4.80143408,3.989944532,4.035939344
MAR02974,0,0,0
MAR02975,0,0,0
MAR02976,0,0,0
MAR02977,0,0,0
MAR02978,0,0,0
MAR02979,0,0,0
MAR02980,0,0,0
MAR02981,4.80143408,3.989944532,4.035939344
MAR02982,4.80143408,3.989944532,4.035939344
MAR02983,0,0,0
MAR02984,4.80143408,3.989944532,4.035939344
MAR02985,0,0,0
MAR02986,0.849670611,0.64248237,7.421666283
MAR02987,0.849670611,0.64248237,7.421666283
MAR02988,0,0,0
MAR02989,0.849670611,0.64248237,7.421666283
MAR02990,0.849670611,0.64248237,7.421666283
MAR02991,24.49563746,13.852791,67.50427828
MAR02992,24.49563746,13.852791,67.50427828
MAR02994,24.49563746,13.852791,67.50427828
MAR02996,4.80143408,3.989944532,4.035939344
MAR02998,-2.34E-32,8.85E-17,3.17E-33
MAR02999,0.849670611,0.64248237,7.421666283
MAR03000,0.849670611,0.64248237,7.421666283
MAR03001,0.849670611,0.64248237,7.421666283
MAR03002,0.849670611,0.64248237,7.421666283
MAR03003,0.849670611,0.64248237,7.421666283
MAR02152,10.3335838,6.590575332,10.62241327
MAR02153,10.3335838,6.590575332,10.62241327
MAR02154,10.3335838,6.590575332,10.62241327
MAR02155,10.3335838,6.590575332,10.62241327
MAR02156,10.3335838,6.590575332,10.62241327
MAR02157,10.3335838,6.590575332,10.62241327
MAR02158,10.3335838,6.590575332,10.62241327
MAR02159,10.3335838,6.590575332,10.62241327
MAR02160,10.3335838,6.590575332,10.62241327
MAR02161,10.3335838,6.590575332,10.62241327
MAR02162,10.3335838,6.590575332,10.62241327
MAR02163,10.3335838,6.590575332,10.62241327
MAR02164,10.3335838,6.590575332,10.62241327
MAR02165,10.3335838,6.590575332,10.62241327
MAR02166,10.3335838,6.590575332,10.62241327
MAR02167,10.3335838,6.590575332,10.62241327
MAR02168,10.3335838,6.590575332,10.62241327
MAR02169,10.3335838,6.590575332,10.62241327
MAR02170,10.3335838,6.590575332,10.62241327
MAR02171,10.3335838,6.590575332,10.62241327
MAR02173,8.611319835,5.49214611,8.852011058
MAR02174,79.74163546,64.18746663,61.40888383
MAR02175,8.611319835,5.49214611,8.852011058
MAR02176,8.611319835,5.49214611,8.852011058
MAR02178,7.381131287,4.707553809,7.58743805
MAR02179,7.381131287,4.707553809,7.58743805
MAR02180,7.381131287,4.707553809,7.58743805
MAR02181,7.381131287,4.707553809,7.58743805
MAR04156,17.36720396,11.58147131,19.08000773
MAR04295,7.354384761,5.903585597,6.970155523
MAR02227,10.14916549,6.590575332,9.953899928
MAR02228,10.14916549,6.590575332,9.953899928
MAR02229,10.14916549,6.590575332,9.953899928
MAR02230,10.14916549,6.590575332,9.953899928
MAR02231,10.14916549,6.590575332,9.953899928
MAR02232,10.14916549,6.590575332,9.953899928
MAR02233,10.14916549,6.590575332,9.953899928
MAR02234,10.14916549,6.590575332,9.953899928
MAR02235,10.14916549,6.590575332,9.953899928
MAR02236,10.14916549,6.590575332,9.953899928
MAR02237,10.14916549,6.590575332,9.953899928
MAR02238,10.14916549,6.590575332,9.953899928
MAR02239,10.14916549,6.590575332,9.953899928
MAR02240,10.14916549,6.590575332,9.953899928
MAR02241,10.14916549,6.590575332,9.953899928
MAR02242,10.14916549,6.590575332,9.953899928
MAR02243,10.14916549,6.590575332,9.953899928
MAR02244,10.14916549,6.590575332,9.953899928
MAR02245,10.14916549,6.590575332,9.953899928
MAR02246,10.14916549,6.590575332,9.953899928
MAR02247,10.14916549,6.590575332,9.953899928
MAR02249,8.611319835,5.49214611,8.531914224
MAR02250,8.611319835,5.49214611,8.531914224
MAR02251,8.611319835,5.49214611,8.531914224
MAR02252,8.611319835,5.49214611,8.531914224
MAR02254,7.381131287,4.707553809,7.58743805
MAR02255,7.381131287,4.707553809,7.58743805
MAR02256,7.381131287,4.707553809,7.58743805
MAR02257,7.381131287,4.707553809,7.58743805
MAR02305,13.68650127,8.231120273,23.96065314
MAR02307,13.68650127,8.231120273,23.96065314
MAR02309,13.68650127,8.231120273,23.96065314
MAR02311,13.68650127,8.231120273,23.96065314
MAR02315,12.10892799,8.231120273,24.57337342
MAR02317,12.10892799,8.231120273,24.57337342
MAR02319,12.10892799,8.231120273,24.57337342
MAR02321,12.10892799,8.231120273,24.57337342
MAR02324,7.645374527,8.231120273,17.9620402
MAR02326,7.645374527,8.231120273,17.9620402
MAR02328,7.645374527,8.231120273,17.9620402
MAR02330,7.645374527,8.231120273,17.9620402
MAR02332,3.074315937,5.309266529,3.589669691
MAR02334,3.074315937,5.309266529,3.589669691
MAR02336,3.074315937,5.309266529,3.589669691
MAR02338,3.074315937,5.309266529,3.589669691
MAR02342,6.763046853,7.872121353,7.625609035
MAR02343,6.763046853,7.872121353,7.625609035
MAR02344,6.763046853,7.872121353,7.625609035
MAR02345,6.763046853,7.872121353,7.625609035
MAR02347,14.61904537,8.231120273,13.22266644
MAR02348,14.61904537,8.231120273,13.22266644
MAR02349,14.61904537,8.231120273,13.22266644
MAR02350,14.61904537,8.231120273,13.22266644
MAR02353,9.227073898,8.231120273,6.61133322
MAR02354,9.227073898,8.231120273,6.61133322
MAR02355,9.227073898,8.231120273,6.61133322
MAR02356,9.227073898,8.231120273,6.61133322
MAR02361,14.61904537,8.231120273,13.22266644
MAR02362,14.61904537,8.231120273,13.22266644
MAR02363,14.61904537,8.231120273,13.22266644
MAR02364,14.61904537,8.231120273,13.22266644
MAR02190,14.61904537,8.231120273,33.63312036
MAR02191,14.61904537,8.231120273,33.63312036
MAR02193,14.61904537,8.231120273,33.63312036
MAR02194,19.58136064,14.17125621,32.67590306
MAR02201,14.61904537,8.231120273,32.67590306
MAR02202,14.61904537,8.231120273,32.67590306
MAR02203,14.61904537,8.231120273,32.67590306
MAR02204,14.61904537,8.231120273,32.67590306
MAR02205,14.61904537,8.231120273,32.67590306
MAR02208,14.61904537,8.231120273,32.67590306
MAR02209,14.61904537,8.231120273,32.67590306
MAR02210,14.61904537,8.231120273,32.67590306
MAR02211,7.645374527,8.231120273,22.8462527
MAR02212,7.645374527,8.231120273,22.8462527
MAR02213,7.645374527,8.231120273,22.8462527
MAR02214,7.645374527,8.231120273,22.8462527
MAR02215,3.074315937,5.602715692,8.473882192
MAR02217,3.074315937,5.602715692,8.473882192
MAR02218,3.074315937,5.602715692,8.473882192
MAR02219,3.074315937,5.602715692,8.473882192
MAR02259,9.115442679,8.231120273,20.63244205
MAR02260,9.115442679,8.231120273,20.63244205
MAR02261,9.115442679,8.231120273,20.63244205
MAR02262,9.115442679,8.231120273,20.63244205
MAR02263,7.537869396,8.231120273,15.08521541
MAR02264,7.537869396,8.231120273,15.08521541
MAR02265,7.537869396,8.231120273,15.08521541
MAR02266,7.537869396,8.231120273,15.08521541
MAR02267,3.074315937,5.602715692,8.473882192
MAR02268,3.074315937,5.602715692,8.473882192
MAR02269,3.074315937,5.602715692,8.473882192
MAR02270,3.074315937,5.602715692,8.473882192
MAR02281,18.51108437,13.87858624,17.52744477
MAR02282,4.46355346,6.651507018,6.61133322
MAR02284,4.46355346,6.651507018,6.61133322
MAR02286,110.7869349,68.17545526,184.0255029
MAR02287,18.538502,13.91348642,17.60100687
MAR02292,20.06887064,17.9592492,20.11483442
MAR02293,17.02382354,17.96949716,34.06002712
MAR02294,337.1404252,199.2938723,425.1880395
MAR02295,32.96480469,21.99163006,85.03172305
MAR02296,27.43448506,17.09623637,30.00692163
MAR02359,22.94304862,14.27336605,30.75011121
MAR02365,9.227073898,10.31172628,6.61133322
MAR02288,9.227073898,10.31172628,6.61133322
MAR02289,9.227073898,10.31172628,6.61133322
MAR00709,11.93230622,8.048243717,31.23063887
MAR02150,10.3335838,6.590575332,10.62241327
MAR02151,51.66791901,32.95287666,53.11206635
MAR02172,10.3335838,6.590575332,10.62241327
MAR02177,8.611319835,5.49214611,8.852011058
MAR02182,7.381131287,4.707553809,7.58743805
MAR02248,9.227073898,6.590575332,6.61133322
MAR02253,8.611319835,5.49214611,6.61133322
MAR02258,7.381131287,4.707553809,7.58743805
MAR02437,0,0,0
MAR02438,0,0,0
MAR02439,0.354290766,0.123914651,0.338091938
MAR02440,105.7269709,74.36727334,229.3210074
MAR02441,0.354290766,0.123914651,0.338091938
MAR02442,17.52848053,21.81204015,26.14948663
MAR02443,56.28583792,49.30635504,162.5741156
MAR02444,0,0,0
MAR02445,2.84E-16,8.52E-16,2.27E-15
MAR02446,0,0,2.93E-29
MAR02447,0,0,2.93E-29
MAR02448,0,0,0
MAR02449,1000,1000,1000
MAR02450,56.28583792,49.30635504,162.5741156
MAR02451,38.7573574,27.49431489,136.4246289
MAR02452,17.52848053,21.81204015,26.14948663
MAR02453,17.52848053,21.81204015,26.14948663
MAR02454,17.52848053,21.81204015,26.14948663
MAR02455,40.32198011,45.93197935,40.39878328
MAR02456,0.354290766,0.123914651,0.338091938
MAR02457,40.32198011,45.93197935,40.39878328
MAR02458,0.708581531,0.247829301,0.676183877
MAR02459,7.870839739,7.436610903,24.62751425
MAR02460,0.354290766,0.123914651,0.338091938
MAR02461,0,0,0
MAR02462,0,0,0
MAR02463,1.89E-15,1.73E-15,4.58E-16
MAR02464,0.354290766,0.123914651,0.338091938
MAR02465,7.870839739,7.436610903,24.62751425
MAR02466,0.708581531,0.247829301,0.676183877
MAR02467,0.354290766,0.123914651,0.338091938
MAR02468,0.354290766,0.123914651,0.338091938
MAR02469,0.354290766,0.123914651,0.338091938
MAR02470,0.354290766,0.123914651,0.338091938
MAR06397,13.20247969,11.35913645,52.75679018
MAR06398,0,0,0
MAR06399,0,0,0
MAR06400,0,0,1.55E-30
MAR06401,0,0,0
MAR06402,0,0,0
MAR06403,0,0,0
MAR06404,0,0,0
MAR02472,22.94304862,14.15429653,52.05435933
MAR02475,14.61904537,8.231120273,32.67590306
MAR02478,14.61904537,8.231120273,32.67590306
MAR02480,14.61904537,8.231120273,32.67590306
MAR02482,14.61904537,8.231120273,32.67590306
MAR02484,22.94304862,14.27336605,52.05435933
MAR02486,14.61904537,8.231120273,32.67590306
MAR02489,14.61904537,8.231120273,32.67590306
MAR02491,14.61904537,8.231120273,32.67590306
MAR02493,14.61904537,8.231120273,32.67590306
MAR02495,65.25158175,37.5202147,126.6917706
MAR02497,6.148631873,8.231120273,16.94776438
MAR02499,6.148631873,8.231120273,16.94776438
MAR02501,6.148631873,8.231120273,16.94776438
MAR02503,6.148631873,8.231120273,16.94776438
MAR02505,3.074315937,5.602715692,8.473882192
MAR02510,1.496742653,1.220614335,1.014275815
MAR02511,1.496742653,1.220614335,1.014275815
MAR02512,1.496742653,1.220614335,1.014275815
MAR02513,1.496742653,1.220614335,1.014275815
MAR02514,15.89527284,12.15081604,58.8198487
MAR02515,14.61904537,8.231120273,29.86169979
MAR02516,14.61904537,8.231120273,29.86169979
MAR02518,14.61904537,8.231120273,29.86169979
MAR02520,14.61904537,8.231120273,29.86169979
MAR02522,9.22294781,10.564357,25.42164657
MAR02524,9.22294781,10.564357,25.42164657
MAR02526,3.074315937,5.602715692,8.473882192
MAR02528,3.074315937,5.602715692,8.473882192
MAR02530,14.61904537,8.231120273,13.22266644
MAR02533,14.61904537,8.231120273,13.22266644
MAR02535,14.61904537,8.231120273,13.22266644
MAR02537,14.61904537,8.231120273,13.22266644
MAR02540,9.227073898,8.231120273,6.61133322
MAR02541,9.227073898,8.231120273,6.61133322
MAR02542,9.227073898,8.231120273,6.61133322
MAR02543,9.227073898,8.231120273,6.61133322
MAR02544,11.92438923,16.02798505,3.731355477
MAR02545,2.22E-14,6.05E-15,2.28E-29
MAR02546,0.354290766,0.123914651,0.338091938
MAR02548,-1.37E-15,5.34E-17,-4.06E-15
MAR02549,11.92438923,11.48138741,3.731355477
MAR02550,0.354290766,0.123914651,0.338091938
MAR02551,11.92438923,11.23355811,3.731355477
MAR02552,0.354290766,0.123914651,0.338091938
MAR02553,0.354290766,0.123914651,0.338091938
MAR02555,0.354290766,0.123914651,0.338091938
MAR02556,0.354290766,0.123914651,0.338091938
MAR02557,80.94020104,52.80513006,227.9346689
MAR02558,80.94020104,52.80513006,227.9346689
MAR02559,1.36E-14,0,8.13E-13
MAR02560,5.238547902,3.271616888,10.34145607
MAR02561,0.708581531,0.247829301,0.676183877
MAR02562,0.354290766,0.123914651,0.338091938
MAR02563,0.354290766,0.123914651,0.338091938
MAR02565,0.354290766,0.123914651,0.338091938
MAR02566,0.354290766,0.123914651,0.338091938
MAR02567,-4.49E-16,-2.02E-17,-6.71E-16
MAR02568,0.354290766,0.123914651,0.338091938
MAR02570,5.947129433,3.51944619,11.01763995
MAR02571,-9.34E-15,2.39E-14,1.52E-15
MAR02572,0.708581531,0.247829301,0.676183877
MAR02573,0.354290766,0.123914651,0.338091938
MAR02574,0.354290766,0.123914651,0.338091938
MAR02576,0.708581531,0.247829301,0.676183877
MAR02577,-8.28E-18,-5.05E-17,7.91E-16
MAR02578,0.708581531,0.247829301,0.676183877
MAR02579,0.354290766,0.123914651,0.338091938
MAR02580,0.354290766,0.123914651,0.338091938
MAR02581,6.543057581,5.5350022,8.179550792
MAR02582,6.543057581,5.5350022,8.179550792
MAR02583,6.543057581,5.5350022,8.179550792
MAR02584,6.543057581,5.5350022,8.179550792
MAR02586,0.708581531,0.247829301,0.676183877
MAR02587,1.65E-16,-2.92E-17,-1.09E-16
MAR02588,0,0,0
MAR02368,22.94304862,14.27336605,52.05435933
MAR02371,19.58136064,10.564357,32.67590306
MAR02374,19.58136064,10.564357,32.67590306
MAR02376,19.58136064,10.564357,32.67590306
MAR02378,19.58136064,10.564357,32.67590306
MAR02380,22.94304862,14.27336605,52.05435933
MAR02383,14.61904537,8.231120273,33.63312036
MAR02387,14.61904537,8.231120273,33.63312036
MAR02389,14.61904537,8.231120273,33.63312036
MAR02391,14.61904537,8.231120273,33.63312036
MAR02393,28.62195767,24.51363066,69.33230534
MAR02395,9.22294781,10.564357,25.42164657
MAR02397,9.22294781,10.564357,25.42164657
MAR02399,6.148631873,8.231120273,16.94776438
MAR02401,6.148631873,8.231120273,16.94776438
MAR02403,3.074315937,5.602715692,8.473882192
MAR02408,1.496742653,1.220614335,1.014275815
MAR02409,1.496742653,1.220614335,1.014275815
MAR02410,1.496742653,1.220614335,1.014275815
MAR02411,9.653008157,11.59718919,16.79785858
MAR02412,18.19476623,13.37143038,59.83412452
MAR02415,9.227073898,8.231120273,6.61133322
MAR02417,9.227073898,8.231120273,6.61133322
MAR02419,9.227073898,8.231120273,6.61133322
MAR02421,9.227073898,8.231120273,6.61133322
MAR02423,14.61904537,8.231120273,33.63312036
MAR02426,14.61904537,8.231120273,33.63312036
MAR02428,14.61904537,8.231120273,33.63312036
MAR02430,14.61904537,8.231120273,32.67590306
MAR02433,9.227073898,8.231120273,6.61133322
MAR02434,9.227073898,8.231120273,6.61133322
MAR02435,9.227073898,8.231120273,6.61133322
MAR02436,9.227073898,8.231120273,6.61133322
MAR03444,0,0,0
MAR03445,0,0,0
MAR03446,0,0,0
MAR03447,0,0,0
MAR03448,-1.39E-17,-4.14E-17,0
MAR03449,0,0,0
MAR03450,0,0,0
MAR03452,2.885980176,2.562854824,5.665367463
MAR03453,2.885980176,2.562854824,5.665367463
MAR03454,2.885980176,2.562854824,5.665367463
MAR03455,1.61E-14,1.10E-15,2.70E-15
MAR03456,2.885980176,2.562854824,5.665367463
MAR03457,2.885980176,2.562854824,5.665367463
MAR03458,2.885980176,2.562854824,5.665367463
MAR03459,0,0,0
MAR03460,0,0,0
MAR03461,0,0,0
MAR03462,0,0,0
MAR03463,0,0,0
MAR03464,0,0,0
MAR03466,0,0,0
MAR03467,0,0,0
MAR03468,0,0,0
MAR03469,0,0,0
MAR03470,0,0,0
MAR03471,0,0,0
MAR03472,0,0,0
MAR00931,0.354290766,0.123914651,0.338091938
MAR00932,0.354290766,0.123914651,0.338091938
MAR00933,0.354290766,0.123914651,0.338091938
MAR00934,40.32198011,45.93197935,40.39878328
MAR00935,0.354290766,0.123914651,0.338091938
MAR00936,0.354290766,0.123914651,0.338091938
MAR00937,0.354290766,0.123914651,0.338091938
MAR00938,0.354290766,0.123914651,0.338091938
MAR00939,0.354290766,0.123914651,0.338091938
MAR00940,0.354290766,0.123914651,0.338091938
MAR00941,1000,1000,1000
MAR00942,40.32198011,45.93197935,40.39878328
MAR00943,40.32198011,45.93197935,40.39878328
MAR00944,0.354290766,0.123914651,0.338091938
MAR00945,0.354290766,0.123914651,0.338091938
MAR00946,40.32198011,45.93197935,40.39878328
MAR00947,40.32198011,45.93197935,40.39878328
MAR00948,0.354290766,0.123914651,0.338091938
MAR00949,0.354290766,0.123914651,0.338091938
MAR00950,40.32198011,45.93197935,40.39878328
MAR00951,40.32198011,45.93197935,40.39878328
MAR00953,0.354290766,0.123914651,0.338091938
MAR00954,40.32198011,45.93197935,40.39878328
MAR00955,40.32198011,45.93197935,40.39878328
MAR00956,0.354290766,0.123914651,0.338091938
MAR00957,0.354290766,0.123914651,0.338091938
MAR00958,11.92438923,16.02798505,3.731355477
MAR00959,11.92438923,16.02798505,3.731355477
MAR00960,15.8861987,12.30403692,22.42566558
MAR00961,1000,1000,1000
MAR00963,8.550711937,5.571212995,10.37324959
MAR00964,8.550711937,5.571212995,10.37324959
MAR00967,1000,1000,1000
MAR00969,0.354290766,0.123914651,0.338091938
MAR00971,11.92438923,16.02798505,3.731355477
MAR00973,1000,1000,1000
MAR00976,1000,1000,1000
MAR00979,1000,1000,924.8992294
MAR00980,0,0,0
MAR00981,4.90203265,3.938195004,11.17678788
MAR00983,1000,1000,810.4894066
MAR00985,0.354290766,0.123914651,0.338091938
MAR00986,0.708581531,0.247829301,0.676183877
MAR00987,0.708581531,0.247829301,0.676183877
MAR00988,0,0,0
MAR00989,0,0,0
MAR00990,0,0,0
MAR00991,0.354290766,0.123914651,0.338091938
MAR00992,-3.61E-15,7.42E-17,-2.18E-16
MAR00993,0,0,0
MAR00994,0,0,0
MAR00995,0.708581531,0.247829301,0.676183877
MAR00996,0.708581531,0.247829301,0.676183877
MAR00997,0.708581531,0.247829301,0.676183877
MAR00998,0.708581531,0.247829301,0.676183877
MAR00999,0.708581531,0.247829301,0.676183877
MAR01000,0.708581531,0.247829301,0.676183877
MAR01002,0.354290766,0.123914651,0.338091938
MAR01003,0.354290766,0.123914651,0.338091938
MAR01004,0.354290766,0.123914651,0.338091938
MAR01006,0.354290766,0.123914651,0.338091938
MAR01007,0.354290766,0.123914651,0.338091938
MAR01008,0.354290766,0.123914651,0.338091938
MAR01010,1000,1000,806.7580512
MAR01011,0,0,4.04E-17
MAR01013,11.92438923,16.02798505,3.731355477
MAR01014,0.354290766,0.123914651,0.338091938
MAR01015,11.92438923,16.02798505,3.731355477
MAR01016,0.354290766,0.123914651,0.338091938
MAR01017,0.708581531,0.247829301,0.676183877
MAR01018,0.708581531,0.247829301,0.676183877
MAR01020,7.870839739,7.436610903,24.62751425
MAR01021,0,0,0
MAR01022,0.354290766,0.123914651,0.338091938
MAR01023,0.354290766,0.123914651,0.338091938
MAR01025,7.870839739,7.436610903,24.62751425
MAR01026,0.354290766,0.123914651,0.338091938
MAR01027,0.354290766,0.123914651,0.338091938
MAR01028,0.354290766,0.123914651,0.338091938
MAR01029,1000,1000,808.4485108
MAR01030,1000,1000,1000
MAR01033,12.98726153,16.39972901,4.745631291
MAR01034,0.708581531,0.247829301,0.676183877
MAR01037,13.3415523,16.52364366,5.08372323
MAR01039,12.27868,16.1518997,4.069447415
MAR01040,0.354290766,0.123914651,0.338091938
MAR01041,0.354290766,0.123914651,0.338091938
MAR01042,0.354290766,0.123914651,0.338091938
MAR01043,1.062872297,0.371743952,1.014275815
MAR01045,15.8861987,12.30403692,22.42566558
MAR01048,0.708581531,0.247829301,0.676183877
MAR01049,0.708581531,0.247829301,0.676183877
MAR01050,0.354290766,0.123914651,0.338091938
MAR01053,0,0,0
MAR01054,0.354290766,0.123914651,0.338091938
MAR01055,0.354290766,0.123914651,0.338091938
MAR01057,0.354290766,0.123914651,0.338091938
MAR01058,0.354290766,0.123914651,0.338091938
MAR01059,0.354290766,0.123914651,0.338091938
MAR01061,0.354290766,0.123914651,0.338091938
MAR01062,0.354290766,0.123914651,0.338091938
MAR01063,0.354290766,0.123914651,0.338091938
MAR01064,0.354290766,0.123914651,0.338091938
MAR01065,0.354290766,0.123914651,0.338091938
MAR01066,0.354290766,0.123914651,0.338091938
MAR01067,0.354290766,0.123914651,0.338091938
MAR01068,0.354290766,0.123914651,0.338091938
MAR01069,0.354290766,0.123914651,0.338091938
MAR01070,0.354290766,0.123914651,0.338091938
MAR01071,0.354290766,0.123914651,0.338091938
MAR01072,0.354290766,0.123914651,0.338091938
MAR01073,0.354290766,0.123914651,0.338091938
MAR01074,0.354290766,0.123914651,0.338091938
MAR01075,11.92438923,16.02798505,3.731355477
MAR01077,11.92438923,16.02798505,3.731355477
MAR01079,0,0,0
MAR03015,2.125744593,0.743487904,2.02855163
MAR01080,17.02319705,11.23355811,36.20295487
MAR01081,1000,1000,1000
MAR01084,16.69337026,18.22360888,10.94923357
MAR01085,1000,1000,1000
MAR01087,0.354290766,0.123914651,0.338091938
MAR01088,-4.04E-15,3.28E-16,-2.16E-15
MAR01091,0,0,0
MAR01092,0.354290766,0.123914651,0.338091938
MAR01093,11.92438923,16.02798505,3.731355477
MAR01096,0.354290766,0.123914651,0.338091938
MAR01097,0,3.08E-17,-2.78E-15
MAR01098,0,0,0
MAR01099,0.354290766,0.123914651,0.338091938
MAR01100,8.550711937,5.571212995,10.37324959
MAR01101,7.842130406,5.323383693,9.697065716
MAR01102,7.842130406,5.323383693,9.697065716
MAR01103,0.708581531,0.247829301,0.676183877
MAR01105,7.842130406,5.323383693,9.697065716
MAR01106,7.842130406,5.323383693,9.697065716
MAR01107,0.708581531,0.247829301,0.676183877
MAR01108,0.354290766,0.123914651,0.338091938
MAR01109,0.708581531,0.247829301,0.676183877
MAR01110,0.354290766,0.123914651,0.338091938
MAR01111,0.354290766,0.123914651,0.338091938
MAR01112,0.354290766,0.123914651,0.338091938
MAR01113,-4.68E-16,-3.71E-17,-1.68E-15
MAR01114,0,0,0
MAR01115,0,0,0
MAR01116,0,0,0
MAR01117,0,0,0
MAR01119,0.354290766,0.123914651,0.338091938
MAR01120,0.354290766,0.123914651,0.338091938
MAR01121,0.354290766,0.123914651,0.338091938
MAR01122,0.354290766,0.123914651,0.338091938
MAR01123,-9.93E-16,1.31E-16,1.40E-15
MAR01124,0,0,0
MAR01125,0,0,-1.13E-15
MAR01126,4.90203265,3.938195004,11.17678788
MAR01127,0.708581531,0.247829301,0.676183877
MAR01128,4.90203265,3.938195004,11.17678788
MAR01129,10.14058055,7.209811892,21.51824395
MAR01130,0.708581531,0.247829301,0.676183877
MAR01131,4.90203265,3.938195004,11.17678788
MAR01132,14.70609795,11.81458501,33.53036365
MAR01133,0,0,0
MAR01134,25.85703406,21.68318972,45.75958385
MAR01136,4.90203265,3.938195004,11.17678788
MAR01137,0.354290766,0.123914651,0.338091938
MAR01138,4.90203265,3.938195004,11.17678788
MAR01139,0.354290766,0.123914651,0.338091938
MAR01140,4.90203265,3.938195004,11.17678788
MAR01142,0,0,1.15E-13
MAR01146,1000,1000,802.3505118
MAR01147,0.354290766,0.123914651,0.338091938
MAR01148,0.354290766,0.123914651,0.338091938
MAR01149,0.708581531,0.247829301,0.676183877
MAR01150,24.84992822,13.97670565,40.39878328
MAR01151,24.84992822,13.97670565,40.39878328
MAR01152,24.84992822,13.97670565,40.39878328
MAR01153,0.354290766,0.123914651,0.338091938
MAR01154,0.354290766,0.123914651,0.338091938
MAR01155,0.354290766,0.123914651,0.338091938
MAR01156,0.354290766,0.123914651,0.338091938
MAR01157,-1.14E-16,-6.85E-16,-8.61E-17
MAR01158,24.49563746,13.852791,40.39878328
MAR01159,24.49563746,13.852791,40.39878328
MAR01160,24.49563746,13.852791,40.39878328
MAR01161,2.885980176,2.551281789,7.007772105
MAR01162,2.299493394,1.220614335,1.014275815
MAR01163,2.885980176,2.551281789,7.007772105
MAR01164,2.299493394,1.220614335,1.014275815
MAR01165,2.885980176,2.551281789,7.007772105
MAR01166,2.299493394,1.220614335,1.014275815
MAR01167,2.885980176,2.551281789,7.007772105
MAR01168,2.299493394,1.220614335,1.014275815
MAR01170,2.885980176,2.551281789,7.007772105
MAR01171,2.299493394,1.220614335,1.014275815
MAR01186,73.48691237,41.55837299,121.1963498
MAR01190,0.354290766,0.123914651,0.338091938
MAR01191,0.354290766,0.123914651,0.338091938
MAR01192,0.354290766,0.123914651,0.338091938
MAR01193,0.708581531,0.247829301,0.676183877
MAR01194,27.7359084,16.52798744,40.39878328
MAR01195,24.84992822,13.97670565,40.39878328
MAR01196,27.14942162,15.19731998,40.39878328
MAR01197,-1.14E-16,1.61E-17,-4.06E-16
MAR01198,0,0,0
MAR01199,0,0,0
MAR01200,0,0,0
MAR01201,0,-1.70E-16,0
MAR01202,0,0,0
MAR01203,5.57E-15,0,0
MAR01204,2.885980176,2.551281789,7.007772105
MAR01205,2.299493394,1.220614335,1.014275815
MAR01206,2.885980176,2.551281789,7.007772105
MAR01207,2.299493394,1.220614335,1.014275815
MAR01208,2.885980176,2.551281789,7.007772105
MAR01209,2.299493394,1.220614335,1.014275815
MAR01210,2.885980176,2.551281789,7.007772105
MAR01211,2.299493394,1.220614335,1.014275815
MAR01212,2.885980176,2.551281789,7.007772105
MAR01213,2.299493394,1.220614335,1.014275815
MAR01228,7.487839641,5.199469042,9.358973778
MAR01229,7.487839641,5.199469042,9.358973778
MAR01230,7.487839641,5.199469042,9.358973778
MAR01231,1000,1000,1000
MAR01232,24.49563746,13.852791,67.50427828
MAR01233,24.49563746,13.852791,67.50427828
MAR01234,4.90203265,3.938195004,11.17678788
MAR01235,4.90203265,3.938195004,11.17678788
MAR01236,4.90203265,3.938195004,11.17678788
MAR01237,4.90203265,3.938195004,11.17678788
MAR01238,4.90203265,3.938195004,11.17678788
MAR01239,4.90203265,3.938195004,11.17678788
MAR01241,9.8040653,7.876390008,22.35357577
MAR01244,9.8040653,7.876390008,22.35357577
MAR01245,0.708581531,0.247829301,0.676183877
MAR01246,9.8040653,7.876390008,22.35357577
MAR01247,0.354290766,0.123914651,0.338091938
MAR01248,5.238547902,3.271616888,10.34145607
MAR01249,0.354290766,0.123914651,0.338091938
MAR01250,4.90203265,3.938195004,11.17678788
MAR01251,0.354290766,0.123914651,0.338091938
MAR01253,0.354290766,0.123914651,0.338091938
MAR01254,0.354290766,0.123914651,0.338091938
MAR01255,0.354290766,0.123914651,0.338091938
MAR01256,0.354290766,0.123914651,0.338091938
MAR01257,0.354290766,0.123914651,0.338091938
MAR01258,0.354290766,0.123914651,0.338091938
MAR01259,0.354290766,0.123914651,0.338091938
MAR01260,0.354290766,0.123914651,0.338091938
MAR01261,0.354290766,0.123914651,0.338091938
MAR01262,0.354290766,0.123914651,0.338091938
MAR01263,0,-4.44E-14,-1.42E-14
MAR01264,0,0,0
MAR01265,4.90203265,3.938195004,11.17678788
MAR01266,-7.11E-15,4.80E-14,0
MAR01270,0.354290766,0.123914651,0.338091938
MAR01271,0.354290766,0.123914651,0.338091938
MAR01272,0.354290766,0.123914651,0.338091938
MAR01273,0.354290766,0.123914651,0.338091938
MAR01274,0.354290766,0.123914651,0.338091938
MAR01275,0.354290766,0.123914651,0.338091938
MAR01276,0.354290766,0.123914651,0.338091938
MAR01277,0.354290766,0.123914651,0.338091938
MAR01278,0.354290766,0.123914651,0.338091938
MAR01279,0.354290766,0.123914651,0.338091938
MAR01280,1000,1000,1000
MAR01281,24.49563746,13.852791,67.50427828
MAR01282,24.49563746,13.852791,67.50427828
MAR01285,29.39767011,17.790986,78.68106616
MAR01287,1.062872297,0.371743952,1.014275815
MAR01288,1.062872297,0.371743952,1.014275815
MAR01289,1.062872297,0.371743952,1.014275815
MAR01290,1.59E-15,-8.06E-15,8.72E-16
MAR01291,1.062872297,0.371743952,1.014275815
MAR01292,1.062872297,0.371743952,1.014275815
MAR01293,1.062872297,0.371743952,1.014275815
MAR01294,1.062872297,0.371743952,1.014275815
MAR01295,1.17E-16,-2.13E-15,-1.18E-15
MAR01296,0.708581531,0.247829301,0.676183877
MAR01297,-7.46E-16,3.93E-15,4.17E-15
MAR01298,0,0,0
MAR01299,0.354290766,0.123914651,0.338091938
MAR01300,0.354290766,0.123914651,0.338091938
MAR01301,0.354290766,0.123914651,0.338091938
MAR01302,0,0,0
MAR01303,0.354290766,0.123914651,0.338091938
MAR01304,0.354290766,0.123914651,0.338091938
MAR04796,16.69337026,18.22360888,10.94923357
MAR08545,0.354290766,0.123914651,0.338091938
MAR08546,0,-9.69E-16,-2.21E-16
MAR08547,1000,1000,1000
MAR08548,16.69337026,18.22360888,10.94923357
MAR08549,1000,1000,1000
MAR08550,16.69337026,18.22360888,10.94923357
MAR08552,1000,1000,1000
MAR08554,5.592838668,3.395531539,10.67954801
MAR08555,5.592838668,3.395531539,10.67954801
MAR08556,5.592838668,3.395531539,9.39439402
MAR08557,1000,1000,1000
MAR08558,818.4381201,752.3749822,768.1190022
MAR08559,1000,1000,1000
MAR08560,37.4628102,21.16819863,145.2486591
MAR08561,25.85703406,21.68318972,45.75958385
MAR00154,5.036217368,6.199386233,12.58802185
MAR00189,5.036217368,2.551281789,12.58802185
MAR00193,5.036217368,2.551281789,12.58802185
MAR00197,5.036217368,2.551281789,12.58802185
MAR00201,5.036217368,2.551281789,12.58802185
MAR00206,5.036217368,2.551281789,12.58802185
MAR00210,5.036217368,2.551281789,12.58802185
MAR00214,5.036217368,2.551281789,12.58802185
MAR00223,5.036217368,2.551281789,12.58802185
MAR00230,5.036217368,2.551281789,12.58802185
MAR00234,5.036217368,2.551281789,12.58802185
MAR00238,5.036217368,2.551281789,12.58802185
MAR00242,5.036217368,2.551281789,12.58802185
MAR00246,5.036217368,2.551281789,12.58802185
MAR00250,5.036217368,2.551281789,12.58802185
MAR00256,5.036217368,2.551281789,12.58802185
MAR00260,5.036217368,2.551281789,12.58802185
MAR00264,5.036217368,2.551281789,12.58802185
MAR00268,5.036217368,2.551281789,12.58802185
MAR00272,5.036217368,2.551281789,12.58802185
MAR00276,5.036217368,2.551281789,12.58802185
MAR00280,5.036217368,2.551281789,12.58802185
MAR00284,5.036217368,2.551281789,12.58802185
MAR00290,5.036217368,2.551281789,12.58802185
MAR00294,5.036217368,2.551281789,12.58802185
MAR00298,5.036217368,2.551281789,12.58802185
MAR00302,5.036217368,2.551281789,12.58802185
MAR00306,5.036217368,2.551281789,12.58802185
MAR00310,5.036217368,2.551281789,12.58802185
MAR00314,5.036217368,2.551281789,12.58802185
MAR00320,5.036217368,2.551281789,12.58802185
MAR00324,5.036217368,2.551281789,12.58802185
MAR00328,5.036217368,2.551281789,12.58802185
MAR00332,5.036217368,2.551281789,12.58802185
MAR00338,5.036217368,2.551281789,12.58802185
MAR00342,5.036217368,2.551281789,12.58802185
MAR00346,5.036217368,2.551281789,12.58802185
MAR00350,5.036217368,2.551281789,12.58802185
MAR00354,5.036217368,2.551281789,12.58802185
MAR00358,5.036217368,2.551281789,12.58802185
MAR00362,5.036217368,2.551281789,12.58802185
MAR00366,5.036217368,2.551281789,12.58802185
MAR00370,5.036217368,2.551281789,12.58802185
MAR00374,5.036217368,2.551281789,12.58802185
MAR00378,5.036217368,2.551281789,12.58802185
MAR00382,5.036217368,2.551281789,12.58802185
MAR00386,5.036217368,2.551281789,12.58802185
MAR00390,5.036217368,2.551281789,12.58802185
MAR00394,5.036217368,2.551281789,12.58802185
MAR00398,5.036217368,2.551281789,12.58802185
MAR00402,5.036217368,2.551281789,12.58802185
MAR00406,5.036217368,2.551281789,12.58802185
MAR00410,5.036217368,2.551281789,12.58802185
MAR00414,5.036217368,2.551281789,12.58802185
MAR00418,5.036217368,2.551281789,12.58802185
MAR00422,5.036217368,2.551281789,12.58802185
MAR00426,5.036217368,2.551281789,12.58802185
MAR00430,5.036217368,2.551281789,12.58802185
MAR00434,5.036217368,2.551281789,12.58802185
MAR00438,5.036217368,2.551281789,12.58802185
MAR03009,0,0,0
MAR03475,2.714632434,3.243953635,5.232906013
MAR03476,0,0,0
MAR03477,7.781067595,4.853749783,11.64524467
MAR00159,16.93351109,9.789934042,14.9520509
MAR02591,16.93351109,9.789934042,14.9520509
MAR02594,16.93351109,9.789934042,14.9520509
MAR02599,-2.04E-15,-7.36E-18,6.11E-16
MAR02602,7.649500615,6.223074086,4.035939344
MAR02605,1.577573283,4.088652195,2.575393876
MAR02608,16.93351109,9.789934042,14.9520509
MAR02611,16.93351109,9.789934042,14.9520509
MAR02614,2.887511115,2.56401245,4.049311715
MAR02620,2.887511115,2.56401245,4.049311715
MAR02623,1.577573283,4.088652195,2.575393876
MAR02626,16.93351109,9.789934042,14.9520509
MAR02633,16.93351109,9.789934042,14.9520509
MAR02636,16.93351109,9.789934042,14.9520509
MAR02642,2.885980176,2.562854824,4.035939344
MAR02648,7.651031553,6.224231712,4.049311715
MAR02651,7.651031553,6.224231712,4.049311715
MAR02654,16.93351109,9.789934042,14.9520509
MAR02657,16.93351109,9.789934042,14.9520509
MAR02660,2.885980176,2.562854824,4.035939344
MAR02663,7.649500615,6.223074086,4.035939344
MAR02666,16.93351109,9.789934042,14.9520509
MAR02669,7.651031553,6.224231712,4.049311715
MAR02672,16.93351109,9.789934042,14.9520509
MAR02675,2.885980176,2.562854824,4.035939344
MAR02678,2.885980176,2.562854824,4.035939344
MAR02681,2.887511115,2.56401245,4.049311715
MAR02684,7.687414257,6.552799356,8.071878687
MAR02687,7.651031553,6.224231712,4.049311715
MAR02690,7.651031553,6.224231712,4.049311715
MAR02693,7.651031553,6.224231712,4.049311715
MAR02699,-1.74E-16,2.89E-19,0
MAR02702,4.80143408,3.989944532,4.035939344
MAR02705,7.687414257,6.552799356,8.071878687
MAR02708,7.651031553,6.224231712,4.049311715
MAR02711,0.542702269,0.529999356,2.92046779
MAR02714,12.4509347,9.789934042,8.071878687
MAR02717,12.4509347,9.789934042,8.071878687
MAR02720,12.4509347,9.789934042,8.071878687
MAR02726,7.672081951,6.240149068,4.233181826
MAR02730,12.4509347,9.789934042,8.071878687
MAR02733,7.651031553,6.224231712,4.049311715
MAR02736,7.651031553,6.224231712,4.049311715
MAR02739,10.72534749,9.789934042,8.071878687
MAR02742,16.93351109,9.789934042,14.9520509
MAR02746,11.46042217,8.678098047,8.071878687
MAR02752,4.80143408,3.989944532,4.035939344
MAR02755,13.36754989,9.742461284,10.74398128
MAR02759,12.4509347,9.789934042,8.071878687
MAR02762,7.664044526,6.234071532,4.162976875
MAR02768,7.651031553,6.224231712,4.049311715
MAR02771,7.651031553,6.224231712,4.049311715
MAR02774,7.651031553,6.224231712,4.049311715
MAR02877,0.001530938,0.001157626,0.013372372
MAR03032,16.93351109,9.789934042,14.9520509
MAR03521,0.28738475,0.178321275,1.014275815
MAR08419,0,0,0
MAR00160,0.395673619,0.438214133,6.626598412
MAR00161,0.791347238,0.876428265,4.035939344
MAR00162,0.395673619,0.438214133,6.626598412
MAR00163,0.395673619,0.438214133,6.626598412
MAR02592,8.045174234,6.661288219,6.626598412
MAR02593,7.649500615,6.223074086,4.035939344
MAR02596,8.045174234,6.661288219,6.626598412
MAR02598,7.649500615,6.223074086,4.035939344
MAR02600,7.649500615,6.223074086,4.035939344
MAR02601,7.649500615,6.223074086,4.035939344
MAR02603,7.649500615,6.223074086,4.035939344
MAR02604,7.649500615,6.223074086,4.035939344
MAR02606,1.577573283,4.088652195,2.575393876
MAR02607,7.649500615,6.223074086,4.035939344
MAR02609,7.649500615,6.223074086,4.035939344
MAR02610,7.649500615,6.223074086,4.035939344
MAR02612,0.395673619,0.438214133,6.626598412
MAR02613,0,0,0
MAR02616,1.577573283,2.562854824,2.575393876
MAR02618,1.577573283,2.562854824,2.575393876
MAR02621,1.577573283,2.562854824,2.575393876
MAR02622,1.577573283,2.562854824,2.575393876
MAR02624,1.973246902,4.526866327,6.626598412
MAR02625,7.649500615,6.223074086,4.035939344
MAR02629,8.045174234,6.661288219,6.626598412
MAR02630,7.649500615,6.223074086,4.035939344
MAR02634,5.188781516,4.065432193,6.626598412
MAR02635,2.885980176,2.562854824,4.035939344
MAR02638,8.045174234,6.661288219,6.626598412
MAR02640,7.649500615,6.223074086,4.035939344
MAR02644,3.281653795,3.001068956,6.626598412
MAR02646,7.649500615,6.223074086,4.035939344
MAR02649,0,0,0
MAR02650,0,0,0
MAR02652,0,0,0
MAR02653,0,0,0
MAR02655,8.045174234,6.661288219,6.626598412
MAR02656,7.649500615,6.223074086,4.035939344
MAR02658,2.302801339,1.502577369,6.626598412
MAR02659,0,0,0
MAR02661,2.885980176,2.562854824,4.035939344
MAR02662,2.885980176,2.562854824,4.035939344
MAR02664,7.649500615,6.223074086,4.035939344
MAR02665,7.649500615,6.223074086,4.035939344
MAR02667,9.952301954,7.725651455,6.626598412
MAR02668,-3.55E-15,4.62E-14,0
MAR02670,0,0,0
MAR02671,0,0,0
MAR02673,8.045174234,6.661288219,6.626598412
MAR02674,0,0,0
MAR02676,2.885980176,2.562854824,4.035939344
MAR02677,2.885980176,2.562854824,4.035939344
MAR02679,3.281653795,3.001068956,6.626598412
MAR02680,7.649500615,6.223074086,4.035939344
MAR02682,0,0,0
MAR02683,0,0,0
MAR02685,2.885980176,2.562854824,4.035939344
MAR02686,2.885980176,2.562854824,4.035939344
MAR02688,0,0,0
MAR02689,0,0,0
MAR02691,7.649500615,6.223074086,4.035939344
MAR02692,3.55E-15,-1.69E-14,-3.55E-15
MAR02695,7.649500615,6.223074086,4.035939344
MAR02697,3.55E-15,9.77E-15,8.88E-16
MAR02700,0,5.84E-16,0
MAR02701,2.885980176,2.562854824,4.035939344
MAR02703,-6.81E-16,0,0
MAR02704,2.885980176,2.562854824,4.035939344
MAR02706,-9.08E-15,-8.30E-15,-1.91E-15
MAR02707,0,0,0
MAR02709,0,0,0
MAR02710,-8.88E-16,0,0
MAR02712,0.395673619,0.438214133,2.672102589
MAR02713,7.649500615,6.223074086,4.035939344
MAR02715,8.045174234,6.661288219,6.626598412
MAR02716,7.649500615,6.223074086,4.035939344
MAR02718,8.045174234,6.661288219,6.626598412
MAR02719,5.33E-15,-3.67E-11,4.00E-14
MAR02722,8.045174234,6.661288219,6.626598412
MAR02724,7.649500615,6.223074086,4.035939344
MAR02727,8.045174234,6.661288219,6.626598412
MAR02729,-6.66E-14,2.66E-15,0
MAR02731,14.38346245,22.01482444,6.626598412
MAR02732,8.88E-15,-7.46E-14,5.33E-15
MAR02734,7.649500615,6.223074086,4.035939344
MAR02735,-1.95E-14,-8.88E-16,-1.78E-15
MAR02737,7.649500615,6.223074086,4.035939344
MAR02738,2.22E-13,4.44E-15,1.78E-14
MAR02740,7.649500615,6.223074086,4.035939344
MAR02741,-1.42E-14,-9.77E-15,1.60E-14
MAR02744,0.395673619,0.438214133,6.626598412
MAR02745,7.649500615,6.223074086,4.035939344
MAR02748,7.054661707,5.126367648,6.626598412
MAR02750,7.649500615,6.223074086,4.035939344
MAR02753,0.395673619,0.438214133,6.626598412
MAR02754,6.658988088,4.688153515,4.035939344
MAR02757,7.054661707,5.126367648,6.626598412
MAR02758,6.658988088,4.688153515,4.035939344
MAR02760,0.395673619,0.438214133,6.626598412
MAR02761,0,0,0
MAR02764,8.045174234,6.661288219,6.626598412
MAR02766,-1.15E-14,-8.88E-16,5.33E-15
MAR02769,0,0,0
MAR02770,0,0,0
MAR02772,7.649500615,6.223074086,4.035939344
MAR02773,1.87E-14,0,-1.78E-15
MAR02775,7.649500615,6.223074086,4.035939344
MAR02776,-7.99E-15,3.55E-15,7.99E-15
MAR03519,-1.19E-15,6.01E-17,0
MAR03520,1000,1000,1000
MAR08417,0.28738475,0.178321275,2.08374694
MAR08418,1000,1000,1000
MAR03027,0,0,0
MAR03028,0.429197128,0.483633217,0.581174458
MAR03029,7.649500615,6.223074086,4.035939344
MAR03030,7.649500615,6.223074086,4.035939344
MAR03033,1.444730265,2.578288452,6.626598412
MAR03034,1.444730265,2.578288452,6.626598412
MAR03035,7.649500615,6.223074086,4.035939344
MAR03037,7.649500615,6.223074086,4.035939344
MAR02778,4.80143408,3.989944532,4.035939344
MAR02780,4.80143408,3.989944532,4.035939344
MAR02783,-4.08E-15,-3.90E-16,4.80E-15
MAR02785,7.649500615,6.223074086,4.035939344
MAR02787,1.95E-33,-9.82E-18,0
MAR02788,0.001530938,0.001157626,0.013372372
MAR02789,-1.56E-18,9.97E-18,-6.55E-33
MAR02790,0.001530938,0.001157626,0.013372372
MAR02791,2.23E-16,-1.72E-16,0
MAR02792,0.05090369,0.038491061,0.444631358
MAR02793,9.34E-19,1.09E-17,1.13E-16
MAR02794,0,0,0
MAR02795,0,0,0
MAR02796,0,0,0
MAR02797,0,0,0
MAR02798,0,0,0
MAR02799,0,0,0
MAR02800,0.001530938,0.001157626,0.013372372
MAR02801,4.80143408,3.989944532,4.035939344
MAR02803,4.80143408,3.989944532,4.035939344
MAR02805,-7.21E-19,-9.82E-18,-1.15E-16
MAR02806,0,0,0
MAR02807,4.80143408,3.989944532,4.035939344
MAR02809,4.80143408,3.989944532,4.035939344
MAR02811,0,0,0
MAR02812,0.001530938,0.001157626,0.013372372
MAR02813,-8.41E-18,1.56E-19,0
MAR02814,0,0,0
MAR02815,0,0,0
MAR02816,0,0,0
MAR02817,4.80143408,3.989944532,4.035939344
MAR02819,0.573336295,0.433530896,4.035939344
MAR02821,-2.80E-18,-1.71E-18,0
MAR02822,0,0,0
MAR02823,0,0,0
MAR02824,0.095683627,0.072351618,0.83577323
MAR02825,4.80143408,3.989944532,4.035939344
MAR02827,4.80143408,3.989944532,4.035939344
MAR02829,0.001530938,0.001157626,0.013372372
MAR02830,0.001530938,0.001157626,0.013372372
MAR02831,-5.81E-17,0,0
MAR02832,0,0,0
MAR02833,0.001530938,0.001157626,0.013372372
MAR02834,0.001530938,0.001157626,0.013372372
MAR02835,-4.98E-18,-9.50E-18,5.60E-17
MAR02836,0.001530938,0.001157626,0.013372372
MAR02837,-3.36E-17,-1.56E-19,1.13E-16
MAR02838,0.001530938,0.001157626,0.013372372
MAR02839,4.80143408,3.989944532,4.035939344
MAR02840,4.80143408,3.989944532,4.035939344
MAR02841,-2.08E-33,-2.04E-17,0
MAR02842,0,0,0
MAR02843,0,0,0
MAR02844,0,0,0
MAR02845,0.001530938,0.001157626,0.013372372
MAR02846,-2.80E-18,2.02E-18,0
MAR02847,0.001530938,0.001157626,0.013372372
MAR02848,3.21E-17,8.56E-18,0
MAR02849,0,0,0
MAR02850,0.001530938,0.001157626,0.013372372
MAR02851,4.80143408,3.989944532,4.035939344
MAR02852,4.80143408,3.989944532,4.035939344
MAR02853,4.80143408,3.989944532,4.035939344
MAR02854,4.80143408,3.989944532,4.035939344
MAR02855,4.91E-33,3.11E-19,0
MAR02856,0,0,0
MAR02857,0.14702865,0.091785223,0.248365201
MAR02859,4.80143408,3.989944532,4.035939344
MAR02861,4.80143408,3.989944532,4.035939344
MAR02862,4.80143408,3.989944532,4.035939344
MAR02863,4.80143408,3.989944532,4.035939344
MAR02864,4.80143408,3.989944532,4.035939344
MAR02865,4.80143408,3.989944532,4.035939344
MAR02866,4.80143408,3.989944532,4.035939344
MAR02867,0.022581336,0.017074982,0.197242482
MAR02868,4.80143408,3.989944532,4.035939344
MAR02869,4.80143408,3.989944532,4.035939344
MAR02870,4.80143408,3.989944532,4.035939344
MAR02871,0.001530938,0.001157626,0.013372372
MAR02872,-4.70E-17,-3.11E-19,0
MAR02873,0.001530938,0.001157626,0.013372372
MAR02874,3.11E-19,-1.09E-18,-4.43E-33
MAR02875,3.075846875,3.989944532,4.035939344
MAR02876,4.80143408,3.989944532,4.035939344
MAR02878,0.001530938,0.001157626,0.013372372
MAR02879,3.074315937,3.989944532,4.035939344
MAR02880,4.80143408,3.989944532,4.035939344
MAR02882,4.80143408,3.989944532,4.035939344
MAR02884,4.80143408,3.989944532,4.035939344
MAR02886,4.80143408,3.989944532,4.035939344
MAR02888,4.80143408,3.989944532,4.035939344
MAR02890,4.80143408,3.989944532,4.035939344
MAR02892,4.80143408,3.989944532,4.035939344
MAR02894,4.80143408,3.989944532,4.035939344
MAR02896,4.80143408,3.989944532,4.035939344
MAR02897,4.80143408,3.989944532,4.035939344
MAR02898,0.014543911,0.010997446,0.127037531
MAR02899,-8.43E-16,3.72E-17,0
MAR02900,4.80143408,3.989944532,4.035939344
MAR02901,4.80143408,3.989944532,4.035939344
MAR02902,0.001530938,0.001157626,0.013372372
MAR02903,1.12E-16,2.97E-17,0
MAR02904,0.001530938,0.001157626,0.013372372
MAR02905,4.80143408,3.989944532,4.035939344
MAR02906,0,-2.30E-18,0
MAR02907,0,0,0
MAR02908,0.001530938,0.001157626,0.013372372
MAR02909,-5.38E-17,-2.72E-17,0
MAR02910,0,0,0
MAR02911,0.001530938,0.001157626,0.013372372
MAR02912,0.001530938,0.001157626,0.013372372
MAR02913,0.001530938,0.001157626,0.013372372
MAR02914,4.80143408,3.989944532,4.035939344
MAR02915,-1.19E-16,3.24E-17,0
MAR02916,0,0,0
MAR02917,0.001530938,0.001157626,0.013372372
MAR02918,2.41E-17,2.67E-17,0
MAR02919,0,0,0
MAR02920,0.001530938,0.001157626,0.013372372
MAR02921,0.397204557,0.439371759,2.685474961
MAR02922,0.001530938,0.001157626,0.013372372
MAR02923,-5.33E-17,-3.11E-19,-5.06E-33
MAR02924,0.397204557,0.439371759,2.685474961
MAR02925,0.001530938,0.001157626,0.013372372
MAR02926,5.05E-17,3.04E-17,2.78E-17
MAR02927,0.397204557,0.439371759,2.685474961
MAR02928,0.001530938,0.001157626,0.013372372
MAR02929,-3.21E-17,4.67E-18,0
MAR02930,0.001530938,0.001157626,0.013372372
MAR02931,0.001530938,0.001157626,0.013372372
MAR02932,-2.55E-17,3.74E-18,0
MAR00001,0.025892314,0.025892314,0.025892314
MAR00002,1000,1000,1000
MAR00003,58.57741543,45.90840828,29.94753562
MAR00005,17.37860504,10.74721887,32.73066156
MAR00449,13.19508174,8.101985458,23.49297278
MAR00604,17.33806926,19.99290435,12.91847345
MAR00605,9.081992179,8.886534017,15.09662271
MAR00665,9.081992179,8.886534017,15.09662271
MAR00667,21.87588668,14.37423083,29.94753562
MAR00668,21.87588668,14.37423083,29.94753562
MAR00669,21.87588668,14.37423083,29.94753562
MAR00670,21.87588668,14.37423083,29.94753562
MAR00671,21.87588668,14.37423083,25.23620893
MAR00672,18.84493137,14.37423083,21.65294852
MAR00679,17.37860504,10.74721887,29.94753562
MAR00680,17.37860504,10.74721887,29.94753562
MAR00681,17.37860504,10.74721887,29.94753562
MAR00682,17.37860504,10.74721887,25.23620893
MAR00683,17.37860504,10.74721887,29.94753562
MAR00684,17.37860504,10.74721887,21.65294852
MAR07588,20.97390037,20.79264329,17.81837827
MAR03053,1.496742653,1.514063497,5.898488315
MAR03054,1.496742653,1.514063497,5.898488315
MAR03055,1.496742653,1.514063497,5.898488315
MAR03057,1.496742653,1.220614335,1.014275815
MAR03058,1.496742653,1.220614335,1.014275815
MAR03059,1.496742653,1.220614335,1.014275815
MAR03060,1.496742653,1.220614335,1.014275815
MAR03062,2.299493394,1.220614335,1.014275815
MAR03063,2.299493394,1.220614335,1.014275815
MAR03064,2.299493394,1.220614335,1.014275815
MAR03065,2.299493394,1.220614335,1.014275815
MAR03066,2.299493394,1.220614335,1.014275815
MAR03067,2.299493394,1.220614335,1.014275815
MAR03068,2.299493394,1.220614335,1.014275815
MAR03069,2.299493394,1.220614335,1.014275815
MAR03070,2.299493394,1.220614335,1.014275815
MAR03071,2.299493394,1.220614335,1.014275815
MAR03072,2.299493394,1.220614335,1.014275815
MAR03073,2.299493394,1.220614335,1.014275815
MAR03074,2.299493394,1.220614335,1.014275815
MAR03075,2.299493394,1.220614335,1.014275815
MAR03076,2.299493394,1.220614335,1.014275815
MAR03077,2.299493394,1.220614335,1.014275815
MAR03078,9.759160932,7.93446403,11.05768641
MAR03079,2.299493394,1.220614335,1.014275815
MAR03080,2.299493394,1.220614335,1.014275815
MAR03081,2.299493394,1.220614335,1.014275815
MAR03082,2.299493394,1.220614335,1.014275815
MAR03083,2.299493394,1.220614335,1.014275815
MAR03084,2.299493394,1.220614335,1.014275815
MAR03085,2.299493394,1.220614335,1.014275815
MAR03086,5.18547357,3.783469159,8.02204792
MAR03087,2.299493394,1.220614335,1.014275815
MAR03088,2.299493394,1.220614335,1.014275815
MAR03089,2.299493394,1.220614335,1.014275815
MAR03090,5.18547357,3.783469159,8.02204792
MAR03091,2.299493394,1.220614335,1.014275815
MAR03092,2.299493394,1.220614335,1.014275815
MAR03093,2.299493394,1.220614335,1.014275815
MAR03094,2.299493394,1.220614335,1.014275815
MAR03095,2.299493394,1.220614335,1.014275815
MAR03096,2.299493394,1.220614335,1.014275815
MAR03097,2.299493394,1.220614335,1.014275815
MAR03098,2.695167013,1.658828468,7.640874227
MAR03099,2.299493394,1.220614335,1.014275815
MAR03100,2.299493394,1.220614335,1.014275815
MAR03101,2.299493394,1.220614335,1.014275815
MAR03102,2.299493394,1.220614335,1.014275815
MAR03103,2.299493394,1.220614335,1.014275815
MAR03104,2.299493394,1.220614335,1.014275815
MAR03106,44.26377009,22.85509667,65.75233607
MAR03056,1.496742653,1.514063497,5.898488315
MAR03326,1.496742653,1.220614335,1.014275815
MAR03327,1.496742653,1.220614335,1.014275815
MAR03328,1.496742653,1.220614335,1.014275815
MAR03329,1.496742653,1.220614335,1.014275815
MAR03330,2.299493394,1.220614335,1.014275815
MAR03331,2.299493394,1.220614335,1.014275815
MAR03332,2.299493394,1.220614335,1.014275815
MAR03333,2.299493394,1.220614335,1.014275815
MAR03334,2.299493394,1.220614335,1.014275815
MAR03335,2.299493394,1.220614335,1.014275815
MAR03336,2.299493394,1.220614335,1.014275815
MAR03337,2.299493394,1.220614335,1.014275815
MAR03338,2.299493394,1.220614335,1.014275815
MAR03339,2.299493394,1.220614335,1.014275815
MAR03340,2.299493394,1.220614335,1.014275815
MAR03341,2.299493394,1.220614335,1.014275815
MAR03342,2.299493394,1.220614335,1.014275815
MAR03343,2.299493394,1.220614335,1.014275815
MAR03344,2.299493394,1.220614335,1.014275815
MAR03345,2.299493394,1.220614335,1.014275815
MAR03346,2.299493394,1.220614335,1.014275815
MAR03347,2.299493394,1.220614335,1.014275815
MAR03348,2.299493394,1.220614335,1.014275815
MAR03349,2.299493394,1.220614335,1.014275815
MAR03350,2.299493394,1.220614335,1.014275815
MAR03351,2.299493394,1.220614335,1.014275815
MAR03352,2.299493394,1.220614335,1.014275815
MAR03353,2.299493394,1.220614335,1.014275815
MAR03355,0,-2.22E-16,0
MAR03364,9.759160932,7.93446403,11.05768641
MAR03365,2.299493394,1.220614335,1.014275815
MAR03367,2.299493394,1.220614335,1.014275815
MAR03368,2.299493394,1.220614335,1.014275815
MAR03369,9.759160932,7.93446403,11.05768641
MAR03370,2.299493394,1.220614335,1.014275815
MAR03372,2.299493394,1.220614335,1.014275815
MAR03373,2.299493394,1.220614335,1.014275815
MAR03375,0,1.55E-15,4.66E-15
MAR03478,8.186542929,5.784794791,20.74582999
MAR03480,5.968018981,3.932292255,16.10332567
MAR03481,7.781067595,4.853749783,11.64524467
MAR03482,2.218523948,1.852502536,4.64250432
MAR03484,5.562543647,3.001247247,7.002740351
MAR03486,2.218523948,1.852502536,4.64250432
MAR03488,5.562543647,3.001247247,7.002740351
MAR03489,5.562543647,3.001247247,7.002740351
MAR03491,0.28738475,0.178321275,2.08374694
MAR03493,0.28738475,0.178321275,2.08374694
MAR03498,0.28738475,0.178321275,1.014275815
MAR03501,0.28738475,0.178321275,1.014275815
MAR03503,0.28738475,0.178321275,1.014275815
MAR03505,0.28738475,0.178321275,1.014275815
MAR03506,0.28738475,0.178321275,1.014275815
MAR03508,0.28738475,0.178321275,1.014275815
MAR03509,0.28738475,0.178321275,1.014275815
MAR03510,0.28738475,0.178321275,1.014275815
MAR03511,0.28738475,0.178321275,1.014275815
MAR03512,0.28738475,0.178321275,1.014275815
MAR03513,0.28738475,0.178321275,1.014275815
MAR03514,0.28738475,0.178321275,1.014275815
MAR03515,0.28738475,0.178321275,1.014275815
MAR03517,4.46E-17,5.30E-17,2.66E-15
MAR03301,9.759160932,7.93446403,11.05768641
MAR03302,2.299493394,1.220614335,1.014275815
MAR03304,2.299493394,1.220614335,1.014275815
MAR03305,2.299493394,1.220614335,1.014275815
MAR03306,9.759160932,7.93446403,11.05768641
MAR03307,2.299493394,1.220614335,1.014275815
MAR03309,2.299493394,1.220614335,1.014275815
MAR03310,2.299493394,1.220614335,1.014275815
MAR03311,9.759160932,7.93446403,11.05768641
MAR03312,2.299493394,1.220614335,1.014275815
MAR03314,2.299493394,1.220614335,1.014275815
MAR03315,2.299493394,1.220614335,1.014275815
MAR03316,2.299493394,1.220614335,1.014275815
MAR03317,2.299493394,1.220614335,1.014275815
MAR03319,2.299493394,1.220614335,1.014275815
MAR03320,2.299493394,1.220614335,1.014275815
MAR03321,2.299493394,1.220614335,1.014275815
MAR03322,2.299493394,1.220614335,1.014275815
MAR03323,-1.02E-14,0,6.66E-16
MAR03107,2.885980176,2.562854824,4.035939344
MAR03108,2.885980176,2.562854824,4.035939344
MAR03109,2.885980176,2.562854824,4.035939344
MAR03110,2.885980176,2.562854824,4.035939344
MAR03111,2.885980176,2.562854824,7.007772105
MAR03112,2.885980176,2.562854824,7.007772105
MAR03113,2.885980176,2.562854824,7.007772105
MAR03114,2.885980176,2.562854824,7.007772105
MAR03115,11.45209598,8.315371575,12.10781803
MAR03116,2.885980176,2.562854824,7.007772105
MAR03117,2.885980176,2.562854824,7.007772105
MAR03118,2.885980176,2.562854824,7.007772105
MAR03121,16.69486035,13.01888312,22.92781206
MAR03122,2.885980176,2.562854824,7.007772105
MAR03123,2.885980176,2.562854824,7.007772105
MAR03125,2.885980176,2.562854824,7.007772105
MAR03128,8.128744543,7.266366366,11.1197242
MAR03129,2.885980176,2.562854824,7.007772105
MAR03130,3.757330843,3.003128461,24.70505836
MAR03132,3.757330843,3.003128461,24.70505836
MAR03135,8.128744543,7.266366366,11.1197242
MAR03136,2.885980176,2.562854824,7.007772105
MAR03137,3.757330843,3.003128461,24.70505836
MAR03139,3.757330843,3.003128461,24.70505836
MAR03142,7.628106753,6.684644634,13.58087929
MAR03143,2.885980176,2.562854824,7.007772105
MAR03144,3.757330843,3.003128461,24.70505836
MAR03146,3.757330843,3.003128461,24.70505836
MAR03149,7.628106753,6.684644634,11.1197242
MAR03150,2.885980176,2.562854824,7.007772105
MAR03151,2.885980176,2.562854824,7.007772105
MAR03153,2.885980176,2.562854824,7.007772105
MAR03156,8.02329993,5.868508643,11.94971395
MAR03157,2.885980176,2.562854824,7.007772105
MAR03158,2.885980176,2.562854824,7.007772105
MAR03160,2.885980176,2.562854824,7.007772105
MAR03398,7.649500615,6.223074086,4.035939344
MAR03406,7.649500615,6.223074086,4.035939344
MAR03407,7.649500615,6.223074086,4.035939344
MAR03408,7.649500615,6.223074086,4.035939344
MAR03409,7.649500615,6.223074086,4.035939344
MAR03411,7.649500615,6.223074086,4.035939344
MAR03413,7.649500615,6.223074086,4.035939344
MAR03414,7.649500615,6.223074086,4.035939344
MAR03416,7.649500615,6.223074086,4.035939344
MAR03421,7.649500615,6.223074086,4.035939344
MAR03422,7.649500615,6.223074086,4.035939344
MAR03423,7.649500615,6.223074086,4.035939344
MAR03424,7.649500615,6.223074086,4.035939344
MAR03425,7.649500615,6.223074086,4.035939344
MAR03426,8.045174234,6.661288219,6.708041933
MAR09719,20.96747679,15.59938112,20.17969672
MAR03427,7.649500615,6.223074086,4.035939344
MAR03428,20.96747679,15.59938112,12.10781803
MAR03429,7.649500615,6.223074086,4.035939344
MAR03430,7.649500615,6.223074086,4.035939344
MAR03431,7.649500615,6.223074086,4.035939344
MAR03432,7.649500615,6.223074086,4.035939344
MAR03433,7.649500615,6.223074086,4.035939344
MAR03170,2.885980176,2.562854824,4.035939344
MAR03171,2.885980176,2.562854824,4.035939344
MAR03172,2.885980176,2.562854824,4.035939344
MAR03173,2.885980176,2.562854824,4.035939344
MAR03174,2.885980176,2.562854824,7.007772105
MAR03175,2.885980176,2.562854824,7.007772105
MAR03176,2.885980176,2.562854824,7.007772105
MAR03177,2.885980176,2.562854824,7.007772105
MAR03178,2.885980176,2.562854824,7.007772105
MAR03179,2.885980176,2.562854824,7.007772105
MAR03180,2.885980176,2.562854824,7.007772105
MAR03181,2.885980176,2.562854824,7.007772105
MAR03182,2.885980176,2.562854824,7.007772105
MAR03183,2.885980176,2.562854824,7.007772105
MAR03184,2.885980176,2.562854824,7.007772105
MAR03185,2.885980176,2.562854824,7.007772105
MAR03186,2.885980176,2.562854824,7.007772105
MAR03187,2.885980176,2.562854824,7.007772105
MAR03188,2.885980176,2.562854824,7.007772105
MAR03189,2.885980176,2.562854824,7.007772105
MAR03190,2.885980176,2.562854824,7.007772105
MAR03191,2.885980176,2.562854824,7.007772105
MAR03192,2.885980176,2.562854824,7.007772105
MAR03193,2.885980176,2.562854824,7.007772105
MAR03194,2.885980176,2.562854824,7.007772105
MAR03195,2.885980176,2.562854824,7.007772105
MAR03196,2.885980176,2.562854824,7.007772105
MAR03197,2.885980176,2.562854824,7.007772105
MAR03198,2.885980176,2.562854824,7.007772105
MAR03199,2.885980176,2.562854824,7.007772105
MAR03200,2.885980176,2.562854824,7.007772105
MAR03201,2.885980176,2.562854824,7.007772105
MAR03202,2.885980176,2.562854824,7.007772105
MAR03203,2.885980176,2.562854824,7.007772105
MAR03204,2.885980176,2.562854824,7.007772105
MAR03205,2.885980176,2.562854824,7.007772105
MAR03396,7.649500615,6.223074086,4.035939344
MAR03397,7.649500615,6.223074086,4.035939344
MAR03240,2.885980176,2.562854824,4.035939344
MAR03241,2.885980176,2.562854824,4.035939344
MAR03242,2.885980176,2.562854824,4.035939344
MAR03243,2.885980176,2.562854824,4.035939344
MAR03244,2.885980176,2.562854824,7.007772105
MAR03245,2.885980176,2.562854824,7.007772105
MAR03246,2.885980176,2.562854824,7.007772105
MAR03247,2.885980176,2.562854824,7.007772105
MAR03250,2.885980176,2.562854824,7.007772105
MAR03252,2.885980176,2.562854824,7.007772105
MAR03254,2.885980176,2.562854824,7.007772105
MAR03256,2.885980176,2.562854824,7.007772105
MAR03258,2.885980176,2.562854824,7.007772105
MAR03260,2.885980176,2.562854824,7.007772105
MAR03262,2.885980176,2.562854824,7.007772105
MAR03264,2.885980176,2.562854824,7.007772105
MAR03272,-2.93E-15,0,1.05E-15
MAR03356,2.299493394,1.220614335,1.014275815
MAR03357,2.299493394,1.220614335,1.014275815
MAR03358,2.299493394,1.220614335,1.014275815
MAR03359,2.299493394,1.220614335,1.014275815
MAR03360,2.299493394,1.220614335,1.014275815
MAR03361,2.299493394,1.220614335,1.014275815
MAR03362,2.299493394,1.220614335,1.014275815
MAR03363,2.299493394,1.220614335,1.014275815
MAR03218,2.885980176,2.562854824,4.035939344
MAR03219,2.885980176,2.562854824,4.035939344
MAR03220,2.885980176,2.562854824,4.035939344
MAR03221,2.885980176,2.562854824,4.035939344
MAR03222,2.885980176,2.562854824,7.007772105
MAR03223,2.885980176,2.562854824,7.007772105
MAR03224,2.885980176,2.562854824,7.007772105
MAR03225,2.885980176,2.562854824,7.007772105
MAR03226,2.885980176,2.562854824,7.007772105
MAR03227,2.885980176,2.562854824,7.007772105
MAR03228,2.885980176,2.562854824,7.007772105
MAR03229,2.885980176,2.562854824,7.007772105
MAR03230,2.885980176,2.562854824,7.007772105
MAR03231,2.885980176,2.562854824,7.007772105
MAR03232,2.885980176,2.562854824,7.007772105
MAR03233,2.885980176,2.562854824,7.007772105
MAR03234,2.885980176,2.562854824,7.007772105
MAR03235,2.885980176,2.562854824,7.007772105
MAR03236,2.885980176,2.562854824,7.007772105
MAR03237,2.885980176,2.562854824,7.007772105
MAR03239,5.75E-16,1.22E-14,-1.41E-15
MAR03275,2.885980176,2.562854824,4.035939344
MAR03277,2.885980176,2.562854824,4.035939344
MAR03278,2.885980176,2.562854824,4.035939344
MAR03279,2.885980176,2.562854824,4.035939344
MAR03280,2.885980176,2.562854824,4.035939344
MAR03281,2.885980176,2.562854824,5.665367463
MAR03282,2.885980176,2.562854824,5.665367463
MAR03283,2.885980176,2.562854824,5.665367463
MAR03284,2.885980176,2.562854824,5.665367463
MAR03285,2.885980176,2.562854824,5.665367463
MAR03286,2.885980176,2.562854824,5.665367463
MAR03287,2.885980176,2.562854824,5.665367463
MAR03288,2.885980176,2.562854824,5.665367463
MAR03290,2.885980176,2.562854824,5.665367463
MAR03292,2.885980176,2.562854824,5.665367463
MAR03293,2.885980176,2.562854824,5.665367463
MAR03294,6.727061631,4.541681851,5.665367463
MAR03296,6.727061631,4.541681851,5.665367463
MAR03298,4.44E-15,1.78E-15,4.44E-15
MAR01174,2.885980176,2.562854824,7.007772105
MAR01175,2.885980176,2.562854824,7.007772105
MAR01176,2.885980176,2.562854824,7.007772105
MAR01177,2.885980176,2.562854824,7.007772105
MAR01178,2.885980176,2.562854824,7.007772105
MAR01179,2.885980176,2.562854824,7.007772105
MAR01180,2.885980176,2.562854824,7.007772105
MAR01181,2.885980176,2.562854824,7.007772105
MAR01182,2.885980176,2.562854824,7.007772105
MAR01183,2.885980176,2.562854824,7.007772105
MAR01184,2.885980176,2.562854824,7.007772105
MAR01216,2.885980176,2.562854824,7.007772105
MAR01217,2.885980176,2.562854824,7.007772105
MAR01218,2.885980176,2.562854824,7.007772105
MAR01219,-1.20E-14,7.55E-15,-6.22E-15
MAR01220,2.885980176,2.562854824,7.007772105
MAR01221,2.885980176,2.562854824,7.007772105
MAR01222,2.885980176,2.562854824,7.007772105
MAR01223,2.885980176,2.562854824,7.007772105
MAR01224,2.885980176,2.562854824,7.007772105
MAR01225,2.885980176,2.562854824,7.007772105
MAR01226,2.885980176,2.562854824,7.007772105
MAR03522,0.28738475,0.178321275,2.08374694
MAR03523,0.28738475,0.178321275,2.08374694
MAR03524,0.28738475,0.178321275,2.08374694
MAR03525,0.28738475,0.178321275,2.08374694
MAR03526,0.28738475,0.178321275,2.08374694
MAR03527,2.885980176,2.562854824,7.007772105
MAR03528,2.885980176,2.562854824,7.007772105
MAR03529,2.885980176,2.562854824,7.007772105
MAR03530,2.885980176,2.562854824,7.007772105
MAR03531,2.885980176,2.562854824,7.007772105
MAR03532,2.885980176,2.562854824,7.007772105
MAR03533,2.885980176,2.562854824,7.007772105
MAR03534,2.885980176,2.562854824,7.007772105
MAR01573,145.7005164,101.195751,284.7292025
MAR06901,0.510737837,0.403847905,0.96370156
MAR06903,0.510737837,0.403847905,0.96370156
MAR06904,0.510737837,0.403847905,0.96370156
MAR06905,0.510737837,0.403847905,0.96370156
MAR06906,0.510737837,0.403847905,0.96370156
MAR06907,0.510737837,0.403847905,0.96370156
MAR06908,0.510737837,0.403847905,0.96370156
MAR06909,0.510737837,0.403847905,0.96370156
MAR06910,0.510737837,0.403847905,0.96370156
MAR07165,0,0,0
MAR07166,0,0,0
MAR07167,0,0,0
MAR07168,0,0,0
MAR07169,0,0,0
MAR07170,0,0,0
MAR09722,0,0,0
MAR01644,0.28738475,0.178321275,2.08374694
MAR01651,0.28738475,0.178321275,2.08374694
MAR01920,30.22041466,21.78092953,19.70140824
MAR01924,28.18047024,15.89610415,47.27603128
MAR01926,28.18047024,15.89610415,47.27603128
MAR01927,2.102518856,3.224631845,1.927651927
MAR01928,2.102518856,3.224631845,1.927651927
MAR01929,2.102518856,3.224631845,1.927651927
MAR01931,0,0,0
MAR01932,0,0,0
MAR01933,0,0,0
MAR01934,0,0,0
MAR01935,0,0,0
MAR01940,1000,1000,1000
MAR01941,1000,1000,1000
MAR01942,0,0,0
MAR01943,0,0,0
MAR01948,709.2091491,697.4460978,718.3099158
MAR01949,709.2091491,697.4460978,718.3099158
MAR01950,0,0,0
MAR01951,0,0,0
MAR01989,1000,1000,1000
MAR01990,1000,1000,1000
MAR01991,1000,1000,1000
MAR01992,1000,1000,1000
MAR01993,1000,1000,1000
MAR02002,0,0,0
MAR02003,0,0,0
MAR02004,5.175987869,3.864646945,18.58427821
MAR02005,5.175987869,3.864646945,18.58427821
MAR02007,1000,1000,1000
MAR02009,1000,1000,1000
MAR02010,1000,1000,1000
MAR02011,1000,1000,1000
MAR04766,532.5280873,0.123914651,11.06342445
MAR06793,0,0,0
MAR06794,0,0,0
MAR06795,1000,1000,1000
MAR06796,1000,1000,1000
MAR07648,8.467859231,0.123914651,4.357027274
MAR07928,182.4889588,165.1105118,192.9731369
MAR07930,1000,1000,1000
MAR07931,190.7798259,170.8091092,205.5741118
MAR07932,182.4889588,165.1105118,192.9731369
MAR07934,1000,1000,1000
MAR07935,1000,1000,1000
MAR07936,1000,1000,1000
MAR07937,190.7798259,170.8091092,205.5741118
MAR07938,1000,1000,1000
MAR07939,190.7798259,170.8091092,205.5741118
MAR07940,4.834725488,4.242304322,6.603621244
MAR07941,4.834725488,4.242304322,6.603621244
MAR07942,1000,1000,1000
MAR07943,2.629727183,2.122251656,4.269101293
MAR07945,30.22041466,21.78092953,19.70140824
MAR07948,30.22041466,21.78092953,19.70140824
MAR07950,30.22041466,21.78092953,19.70140824
MAR07952,30.22041466,21.78092953,19.70140824
MAR07954,190.7798259,170.8091092,205.5741118
MAR07955,3.114879238,1.833950424,0.347827655
MAR07957,40.32198011,45.93197935,40.39878328
MAR07958,1000,1000,1000
MAR07959,16.68743917,0.123914651,11.06342445
MAR07962,65.07659999,56.61451067,9.794513285
MAR07965,16.68743917,0.123914651,11.06342445
MAR07968,7.775907421,5.469594491,28.12745522
MAR02041,7.775907421,5.469594491,28.12745522
MAR07970,6.643861899,5.469594491,6.417617451
MAR07971,6.643861899,5.469594491,6.417617451
MAR07972,6.643861899,5.469594491,6.417617451
MAR07973,986.2776518,960.7115513,1000
MAR07974,1000,1000,1000
MAR07976,1000,1000,1000
MAR07978,1000,1000,1000
MAR07980,16.68743917,21.26880942,23.0669919
MAR07984,16.68743917,21.26880942,23.0669919
MAR07987,16.68743917,21.26880942,23.0669919
MAR01944,1000,1000,1000
MAR01945,1000,1000,1000
MAR01952,67.08875469,47.94192383,74.41305356
MAR01953,30.22041466,21.78092953,19.70140824
MAR01958,1000,1000,1000
MAR01959,1000,1000,1000
MAR01960,1000,1000,1000
MAR01962,36.86834003,26.16099431,54.71164532
MAR01963,30.22041466,21.78092953,19.70140824
MAR01967,1000,1000,1000
MAR01968,95.38991297,85.40455458,102.7870559
MAR01969,1000,1000,1000
MAR01970,1000,1000,1000
MAR01971,95.38991297,85.40455458,102.7870559
MAR01973,13.5992075,13.92279819,28.12745522
MAR01974,13.5992075,13.92279819,28.12745522
MAR01976,5.175987869,3.864646945,18.58427821
MAR01977,5.175987869,3.864646945,18.58427821
MAR01978,6.647925375,4.380064779,35.01023708
MAR01982,986.2776518,960.7115513,1000
MAR01983,986.2776518,960.7115513,1000
MAR02014,33.84634038,32.22566115,72.35176651
MAR02015,5.175987869,3.864646945,18.58427821
MAR02016,13.5992075,13.92279819,18.67076471
MAR02017,11.81984977,9.334241437,18.67076471
MAR02018,13.5992075,13.92279819,18.67076471
MAR02019,11.81984977,9.334241437,18.67076471
MAR02020,30.22041466,21.78092953,19.70140824
MAR02022,0,0,0
MAR02024,0,0,0
MAR02025,30.22041466,21.78092953,19.70140824
MAR01440,30.59889263,15.64502723,40.88154478
MAR01445,2.553689183,2.019239524,4.818507799
MAR01448,4.44E-16,0,1.38E-13
MAR01454,1.702459455,1.346159683,0.993678817
MAR01465,0,5.46E-16,-6.82E-17
MAR01467,0.851229728,0.673079841,1.606169266
MAR01470,0.851229728,0.673079841,1.606169266
MAR01473,0.851229728,0.673079841,1.606169266
MAR01477,0.851229728,0.673079841,1.606169266
MAR01478,0.851229728,0.673079841,1.606169266
MAR01479,0.851229728,0.673079841,1.606169266
MAR01484,0.851229728,0.673079841,1.606169266
MAR01490,0.851229728,0.673079841,1.606169266
MAR01493,0.851229728,0.673079841,1.606169266
MAR01494,0.851229728,0.673079841,1.606169266
MAR01495,0.851229728,0.673079841,1.606169266
MAR01496,0.851229728,0.673079841,1.606169266
MAR01500,0.851229728,0.673079841,1.606169266
MAR01502,0.851229728,0.673079841,1.606169266
MAR01503,0.851229728,0.673079841,1.606169266
MAR01504,0.851229728,0.673079841,1.606169266
MAR01505,0.851229728,0.673079841,1.606169266
MAR01509,0.851229728,0.673079841,1.606169266
MAR01512,0.851229728,0.673079841,1.606169266
MAR01516,0.851229728,0.673079841,1.606169266
MAR01519,0.851229728,0.673079841,1.606169266
MAR01526,14.09115396,10.01960818,51.29634411
MAR01533,0.851229728,0.673079841,1.606169266
MAR01557,13.23992423,9.346528337,49.69017484
MAR01558,13.23992423,9.346528337,49.69017484
MAR01565,36.47498829,18.26378124,55.26071439
MAR01535,0.851229728,0.673079841,1.606169266
MAR01536,0.851229728,0.673079841,1.606169266
MAR01538,0.851229728,0.673079841,1.606169266
MAR01539,0.851229728,0.673079841,1.606169266
MAR01540,0.851229728,0.673079841,1.606169266
MAR01543,0.851229728,0.673079841,1.606169266
MAR01544,0.851229728,0.673079841,1.606169266
MAR01545,0.851229728,0.673079841,1.606169266
MAR01546,0.851229728,0.673079841,1.606169266
MAR01547,0.851229728,0.673079841,1.606169266
MAR01548,0.851229728,0.673079841,1.606169266
MAR01549,0.851229728,0.673079841,1.606169266
MAR01550,0.851229728,0.673079841,1.606169266
MAR01551,0.851229728,0.673079841,1.606169266
MAR01552,0.851229728,0.673079841,1.606169266
MAR01553,0.851229728,0.673079841,1.606169266
MAR01437,22.89125745,9.576903532,30.55847173
MAR01451,2.553689183,2.019239524,4.818507799
MAR01457,1.702459455,1.346159683,3.212338533
MAR01460,1.702459455,1.346159683,3.212338533
MAR01531,0.84104136,0.54323073,3.082494729
MAR01570,0.851229728,0.673079841,1.606169266
MAR01576,17.2635656,13.27289332,21.10225217
MAR01577,11.03019797,6.740874284,10.95929487
MAR03105,2.299493394,1.220614335,1.014275815
MAR04630,13.68248903,9.100496284,40.88154478
MAR02029,40.32198011,45.93197935,40.39878328
MAR02030,40.32198011,45.93197935,40.39878328
MAR02031,40.32198011,45.93197935,40.39878328
MAR02032,40.32198011,45.93197935,40.39878328
MAR02033,40.32198011,45.93197935,40.39878328
MAR02034,40.32198011,45.93197935,40.39878328
MAR02036,7.775907421,5.469594491,28.12745522
MAR02037,105.5975349,93.73614273,104.7139401
MAR02038,30.22041466,21.78092953,38.01012734
MAR02042,22.54730571,14.73566759,40.39878328
MAR02043,0.84104136,0.54323073,3.082494729
MAR02044,-3.03E-17,-3.01E-16,-8.16E-14
MAR02045,7.488966735,4.92329551,29.22043185
MAR02046,1000,1000,1000
MAR02047,1000,1000,1000
MAR02048,0.84104136,0.54323073,3.082494729
MAR02049,4.205206799,2.716153651,15.41247365
MAR02050,0,0,0
MAR02051,0.84104136,0.54323073,3.082494729
MAR02052,0.84104136,0.54323073,3.082494729
MAR02053,40.32198011,45.93197935,40.39878328
MAR02054,40.32198011,45.93197935,40.39878328
MAR02055,105.5975349,93.73614273,104.7139401
MAR02056,0,0,0
MAR02057,1.68208272,1.086461461,6.164989458
MAR02058,7.488966735,4.92329551,29.22043185
MAR02059,0.84104136,0.54323073,3.082494729
MAR02060,2.23E-15,-7.26E-13,7.43E-15
MAR02061,6.728330879,4.345845842,24.65995783
MAR02062,0,0,0
MAR02063,0.84104136,0.54323073,3.082494729
MAR02064,6.728330879,4.345845842,24.65995783
MAR02068,-7.06E-16,1.51E-12,-2.46E-15
MAR02069,0,0,0
MAR02070,0,0,0
MAR02071,0,0,0
MAR02072,0,0,0
MAR02073,0,0,0
MAR02074,0,0,0
MAR02075,0,0,0
MAR02076,3.364165439,2.172922921,12.32997892
MAR02077,0,0,0
MAR02078,0.84104136,0.54323073,3.082494729
MAR02079,3.364165439,2.172922921,12.32997892
MAR02083,-8.32E-17,-9.28E-14,8.25E-15
MAR02084,0,0,0
MAR02085,0,0,0
MAR02086,0,0,0
MAR02088,181.4330135,140.8659549,297.9316748
MAR02089,1000,1000,1000
MAR02091,3.364165439,2.172922921,12.32997892
MAR02095,0.84104136,0.54323073,3.082494729
MAR02096,0.84104136,0.54323073,3.082494729
MAR02097,0.84104136,0.54323073,3.082494729
MAR02098,0.84104136,0.54323073,3.082494729
MAR02099,-3.65E-15,-1.94E-12,-9.46E-15
MAR02100,0.84104136,0.54323073,3.082494729
MAR02102,6.728330879,4.345845842,24.65995783
MAR02106,0.84104136,0.54323073,3.082494729
MAR02107,0.84104136,0.54323073,3.082494729
MAR02108,0.84104136,0.54323073,3.082494729
MAR02109,0.84104136,0.54323073,3.082494729
MAR02110,0.84104136,0.54323073,3.082494729
MAR02111,0.84104136,0.54323073,3.082494729
MAR02112,0.84104136,0.54323073,3.082494729
MAR02113,0.84104136,0.54323073,3.082494729
MAR03537,0,0,0
MAR03538,0.007001364,0.004370725,0.011826914
MAR03539,0.007001364,0.004370725,0.011826914
MAR03540,0.232795362,0.145326604,0.393244902
MAR03541,0.007001364,0.004370725,0.011826914
MAR03542,0.007001364,0.004370725,0.011826914
MAR03543,0.007001364,0.004370725,0.011826914
MAR03544,0.007001364,0.004370725,0.011826914
MAR03545,3.885757174,2.425752331,6.563937463
MAR03546,0.007001364,0.004370725,0.011826914
MAR03547,0.383324694,0.239297189,0.647523561
MAR03548,0.007001364,0.004370725,0.011826914
MAR03549,0.007001364,0.004370725,0.011826914
MAR03550,0.007001364,0.004370725,0.011826914
MAR03551,2.622010922,1.636836483,4.429179423
MAR03552,2.704276952,1.688192501,4.568145667
MAR03553,0.007001364,0.004370725,0.011826914
MAR03554,0.437585267,0.273170308,0.739182147
MAR03555,0.007001364,0.004370725,0.011826914
MAR03556,0.007001364,0.004370725,0.011826914
MAR03557,0.007001364,0.004370725,0.011826914
MAR03558,0.007001364,0.004370725,0.011826914
MAR03559,0.007001364,0.004370725,0.011826914
MAR03560,0.007001364,0.004370725,0.011826914
MAR03561,0.007001364,0.004370725,0.011826914
MAR03562,0.007001364,0.004370725,0.011826914
MAR03563,0.007001364,0.004370725,0.011826914
MAR03564,0.007001364,0.004370725,0.011826914
MAR03565,0.007001364,0.004370725,0.011826914
MAR03566,0.007001364,0.004370725,0.011826914
MAR03567,0.007001364,0.004370725,0.011826914
MAR03568,0.007001364,0.004370725,0.011826914
MAR03569,0.007001364,0.004370725,0.011826914
MAR03570,0.007001364,0.004370725,0.011826914
MAR03571,0.007001364,0.004370725,0.011826914
MAR03572,0.007001364,0.004370725,0.011826914
MAR03573,0.007001364,0.004370725,0.011826914
MAR03574,0.14702865,0.091785223,0.248365201
MAR03575,0.043758527,0.027317031,0.073918215
MAR03576,0.201289223,0.125658341,0.340023787
MAR03577,0.203039564,0.126751023,0.342980516
MAR03578,0.103270123,0.064468193,0.174446987
MAR03579,0.007001364,0.004370725,0.011826914
MAR03580,0.007001364,0.004370725,0.011826914
MAR03581,0.486594817,0.303765382,0.821970547
MAR03582,0.007001364,0.004370725,0.011826914
MAR03583,0.007001364,0.004370725,0.011826914
MAR03584,0.007001364,0.004370725,0.011826914
MAR03585,0.007001364,0.004370725,0.011826914
MAR03586,3.351903148,2.092484556,5.662135244
MAR03587,0.050759891,0.031687756,0.085745129
MAR03588,0.37632333,0.234926465,0.635696646
MAR03589,1.895619378,1.183373772,3.202137059
MAR03590,0.024504775,0.015297537,0.0413942
MAR03591,0.007001364,0.004370725,0.011826914
MAR03592,0.007001364,0.004370725,0.011826914
MAR03593,0.066512961,0.041521887,0.112355686
MAR03594,0.007001364,0.004370725,0.011826914
MAR03595,0.007001364,0.004370725,0.011826914
MAR03596,0.007001364,0.004370725,0.011826914
MAR03622,0,0,0
MAR03625,0.849670611,0.64248237,7.421666283
MAR03626,0.849670611,0.64248237,7.421666283
MAR03627,0.849670611,0.64248237,7.421666283
MAR03628,0.849670611,0.64248237,7.421666283
MAR03629,0.849670611,0.64248237,7.421666283
MAR03630,0.849670611,0.64248237,7.421666283
MAR03631,0.849670611,0.64248237,7.421666283
MAR03632,0.849670611,0.64248237,7.421666283
MAR03633,0.849670611,0.64248237,7.421666283
MAR03634,0.849670611,0.64248237,7.421666283
MAR03635,0.849670611,0.64248237,7.421666283
MAR03636,0.849670611,0.64248237,7.421666283
MAR03637,0.849670611,0.64248237,7.421666283
MAR03638,0.849670611,0.64248237,7.421666283
MAR03639,0.849670611,0.64248237,7.421666283
MAR03640,0.849670611,0.64248237,7.421666283
MAR03641,0.849670611,0.64248237,7.421666283
MAR03642,0.849670611,0.64248237,7.421666283
MAR03643,0.001530938,0.001157626,0.013372372
MAR03644,0.849670611,0.64248237,7.421666283
MAR03645,0.849670611,0.64248237,7.421666283
MAR03646,0.849670611,0.64248237,7.421666283
MAR03647,0.849670611,0.64248237,7.421666283
MAR03648,0.849670611,0.64248237,7.421666283
MAR03649,0.849670611,0.64248237,7.421666283
MAR03650,0.849670611,0.64248237,7.421666283
MAR03651,0.849670611,0.64248237,7.421666283
MAR03652,0.849670611,0.64248237,7.421666283
MAR03653,0.849670611,0.64248237,7.421666283
MAR03654,0.849670611,0.64248237,7.421666283
MAR03655,0.849670611,0.64248237,7.421666283
MAR03656,0.849670611,0.64248237,7.421666283
MAR03657,0.849670611,0.64248237,7.421666283
MAR03658,0.849670611,0.64248237,7.421666283
MAR03659,0.849670611,0.64248237,7.421666283
MAR03660,0.849670611,0.64248237,7.421666283
MAR03661,0.849670611,0.64248237,7.421666283
MAR03662,0.849670611,0.64248237,7.421666283
MAR03663,0.849670611,0.64248237,7.421666283
MAR03664,0.849670611,0.64248237,7.421666283
MAR03665,0.849670611,0.64248237,7.421666283
MAR03666,0.849670611,0.64248237,7.421666283
MAR03667,0.849670611,0.64248237,7.421666283
MAR03668,0.849670611,0.64248237,7.421666283
MAR03669,0.849670611,0.64248237,7.421666283
MAR03670,0.849670611,0.64248237,7.421666283
MAR03671,0.001530938,0.001157626,0.013372372
MAR03672,0.001530938,0.001157626,0.013372372
MAR03673,0.849670611,0.64248237,7.421666283
MAR03674,0.849670611,0.64248237,7.421666283
MAR03675,0.849670611,0.64248237,7.421666283
MAR03676,0.849670611,0.64248237,7.421666283
MAR03677,0.849670611,0.64248237,7.421666283
MAR03678,0.849670611,0.64248237,7.421666283
MAR03679,0.849670611,0.64248237,7.421666283
MAR03680,0.849670611,0.64248237,7.421666283
MAR03681,0.849670611,0.64248237,7.421666283
MAR03682,0.849670611,0.64248237,7.421666283
MAR03683,0.001530938,0.001157626,0.013372372
MAR03684,0.849670611,0.64248237,7.421666283
MAR03685,0.849670611,0.64248237,7.421666283
MAR03686,0.849670611,0.64248237,7.421666283
MAR03687,0.849670611,0.64248237,7.421666283
MAR03688,0.849670611,0.64248237,7.421666283
MAR03689,0.849670611,0.64248237,7.421666283
MAR03690,0.849670611,0.64248237,7.421666283
MAR03691,0.849670611,0.64248237,7.421666283
MAR03692,0.849670611,0.64248237,7.421666283
MAR03693,1.699341222,1.284964739,14.84333257
MAR03694,0.849670611,0.64248237,7.421666283
MAR03695,0.849670611,0.64248237,7.421666283
MAR03696,0.849670611,0.64248237,7.421666283
MAR03697,0.849670611,0.64248237,7.421666283
MAR03698,0.849670611,0.64248237,7.421666283
MAR03699,0.849670611,0.64248237,7.421666283
MAR03700,0.849670611,0.64248237,7.421666283
MAR03701,0.849670611,0.64248237,7.421666283
MAR03702,0,0,0
MAR03703,0.849670611,0.64248237,7.421666283
MAR03704,0.849670611,0.64248237,7.421666283
MAR03705,0.849670611,0.64248237,7.421666283
MAR03706,0.849670611,0.64248237,7.421666283
MAR03707,0.849670611,0.64248237,7.421666283
MAR03708,0.849670611,0.64248237,7.421666283
MAR03709,0.849670611,0.64248237,7.421666283
MAR03710,0.849670611,0.64248237,7.421666283
MAR03711,0.849670611,0.64248237,7.421666283
MAR03712,0.849670611,0.64248237,7.421666283
MAR03713,0.849670611,0.64248237,7.421666283
MAR03714,0.849670611,0.64248237,7.421666283
MAR03715,0.849670611,0.64248237,7.421666283
MAR03716,0.849670611,0.64248237,7.421666283
MAR03717,0.849670611,0.64248237,7.421666283
MAR03718,0.849670611,0.64248237,7.421666283
MAR03719,0.849670611,0.64248237,7.421666283
MAR03720,0.849670611,0.64248237,7.421666283
MAR03721,0.849670611,0.64248237,7.421666283
MAR03722,0.849670611,0.64248237,7.421666283
MAR03723,0.849670611,0.64248237,7.421666283
MAR03724,0.849670611,0.64248237,7.421666283
MAR03725,0.849670611,0.64248237,7.421666283
MAR03726,0.849670611,0.64248237,7.421666283
MAR03727,0.849670611,0.64248237,7.421666283
MAR03728,0.849670611,0.64248237,7.421666283
MAR03729,0.849670611,0.64248237,7.421666283
MAR03730,0,0,0
MAR03731,0,0,0
MAR03732,0.849670611,0.64248237,7.421666283
MAR03733,0.849670611,0.64248237,7.421666283
MAR03734,0.849670611,0.64248237,7.421666283
MAR03735,0.849670611,0.64248237,7.421666283
MAR03736,0.849670611,0.64248237,7.421666283
MAR03737,0.849670611,0.64248237,7.421666283
MAR03738,0.849670611,0.64248237,7.421666283
MAR03739,0.849670611,0.64248237,7.421666283
MAR03740,0.849670611,0.64248237,7.421666283
MAR03741,0.849670611,0.64248237,7.421666283
MAR03742,0,0,0
MAR00715,0,0,0
MAR00716,0,0,0
MAR00733,0,0,0
MAR00735,5.718421232,4.594297801,4.626638822
MAR00736,5.718421232,4.594297801,4.626638822
MAR00738,2.374774457,2.705306329,4.04749611
MAR00741,2.374774457,2.705306329,4.04749611
MAR00744,5.726574715,4.243515077,8.061460849
MAR00746,26.74896796,20.57269122,25.23620893
MAR00748,15.23775904,12.22556726,10.0496768
MAR00750,26.17932378,25.10739493,31.90559075
MAR00753,26.17932378,23.67395641,31.90559075
MAR00754,6.198405787,3.925351616,18.4077415
MAR00758,26.17932378,25.10739493,31.90559075
MAR00760,10.09553449,6.934548813,2.762535971
MAR00761,9.697140113,6.702137575,9.233332754
MAR00762,22.08568855,21.20615446,21.03607295
MAR00763,3.02573981,2.92324147,2.290584796
MAR00765,20.18154244,15.31881564,20.88923244
MAR00766,20.35567918,14.63589871,29.74753993
MAR00767,26.74896796,20.57269122,25.23620893
MAR00773,5.726574715,4.243515077,8.061460849
MAR00775,26.74896796,20.57269122,25.23620893
MAR00779,15.23775904,12.22556726,10.0496768
MAR00781,15.23775904,12.22556726,10.0496768
MAR00783,13.60003675,20.57269122,24.71232055
MAR00795,12.39656985,12.66413909,16.3451869
MAR08147,1.844852466,2.187215733,6.016220767
MAR08148,1.844852466,2.187215733,6.016220767
MAR08149,1.844852466,2.187215733,6.016220767
MAR08150,0.922426233,1.093607867,3.008110384
MAR08151,0.614950822,0.729071911,1.110261047
MAR08152,0.614950822,0.729071911,1.110261047
MAR08155,0.922426233,0.638900774,2.185434514
MAR08156,0.922426233,0.638900774,2.185434514
MAR08159,0.922426233,0.638900774,2.185434514
MAR08162,0.922426233,0.638900774,2.185434514
MAR08165,1.026727215,0.638900774,2.185434514
MAR08166,1.026727215,0.638900774,2.185434514
MAR08167,1.026727215,0.638900774,2.185434514
MAR08168,0.513363607,0.319450387,1.092717257
MAR08169,0.513363607,0.319450387,1.092717257
MAR08170,0.68448481,0.42593385,1.456956342
MAR08171,1.026727215,0.638900774,2.185434514
MAR08172,1.026727215,0.638900774,2.185434514
MAR08173,1.026727215,0.638900774,2.185434514
MAR08174,1.026727215,0.638900774,2.185434514
MAR08175,0.68448481,0.42593385,1.456956342
MAR08176,0.68448481,0.42593385,1.456956342
MAR08177,0.68448481,0.42593385,1.456956342
MAR08178,1.026727215,0.638900774,2.185434514
MAR08179,1.026727215,0.638900774,2.185434514
MAR08180,2.053454429,1.277801549,4.370869027
MAR08181,1.026727215,0.638900774,2.185434514
MAR08182,1.026727215,0.638900774,2.185434514
MAR08183,0.68448481,0.42593385,1.456956342
MAR08184,1.026727215,0.638900774,2.185434514
MAR08185,1.844852466,1.277801549,4.370869027
MAR08186,1.026727215,0.638900774,2.185434514
MAR08187,0.68448481,0.42593385,1.456956342
MAR08188,1.844852466,1.277801549,4.370869027
MAR08189,1.026727215,0.638900774,2.185434514
MAR08190,1.026727215,0.638900774,2.185434514
MAR08191,1.026727215,0.638900774,2.185434514
MAR08192,0.68448481,0.42593385,1.456956342
MAR08194,1.844852466,2.187215733,6.016220767
MAR08197,1.844852466,2.187215733,6.016220767
MAR08198,1.844852466,2.187215733,6.016220767
MAR08201,1.844852466,2.187215733,6.016220767
MAR00786,1.441957653,1.133911796,0.808431811
MAR08206,1.691981149,1.050294596,0.890202
MAR08209,1.691981149,1.050294596,0.890202
MAR08210,25.70219341,13.70308879,10.88888128
MAR08211,29.62317938,23.67395641,56.92579795
MAR08212,1.691981149,1.050294596,0.890202
MAR08217,25.70219341,20.93449653,33.76190519
MAR08219,6.198405787,3.925351616,18.4077415
MAR08220,6.198405787,3.925351616,18.4077415
MAR08221,0.922426233,1.093607867,3.008110384
MAR08224,1000,1000,1000
MAR08226,1000,1000,1000
MAR08227,34.04129688,24.4508806,116.7119038
MAR08228,2.053454429,1.277801549,4.370869027
MAR08233,4.200774487,3.00237573,6.398761051
MAR08235,4.200774487,3.00237573,6.398761051
MAR08237,0,0,0
MAR08238,15.23775904,12.22556726,10.0496768
MAR08242,3.168803073,2.415194078,2.863395872
MAR08245,15.19068663,12.66413909,16.3451869
MAR08246,12.39656985,12.81807646,22.1540022
MAR08248,9.697140113,6.702137575,9.233332754
MAR08249,0.461213117,0.546803933,1.504055192
MAR08250,0.461213117,0.546803933,1.504055192
MAR08251,0.461213117,0.546803933,1.504055192
MAR00453,20.95500141,17.74499472,34.58279597
MAR00456,27.09277626,24.75337947,63.42502465
MAR00458,20.95500141,17.74499472,34.58279597
MAR00459,20.95500141,17.74499472,34.58279597
MAR00463,0,0,0
MAR00486,0.012531531,0.010513743,0.022189517
MAR00487,0.012531531,0.010513743,0.022189517
MAR00488,0.41667339,0.349581964,0.737801437
MAR00489,0.012531531,0.010513743,0.022189517
MAR00490,0.012531531,0.010513743,0.022189517
MAR00491,0.012531531,0.010513743,0.022189517
MAR00492,0.012531531,0.010513743,0.022189517
MAR00493,6.954999449,5.835127523,12.31518188
MAR00494,0.686101297,0.575627445,1.21487605
MAR00495,0.026468113,0.028253764,0.059581678
MAR00496,0.012531531,0.010513743,0.022189517
MAR00497,0.012531531,0.010513743,0.022189517
MAR00498,0.012531531,0.010513743,0.022189517
MAR00499,4.693058187,3.93739686,8.309974076
MAR00500,0.012531531,0.010513743,0.022189517
MAR00501,0.788250315,0.663511258,1.400339486
MAR00502,5.048633411,4.326118443,9.129654225
MAR00503,0.012531531,0.010513743,0.022189517
MAR00504,0.012531531,0.010513743,0.022189517
MAR00505,0.012531531,0.010513743,0.022189517
MAR00506,0.012531531,0.010513743,0.022189517
MAR00507,0.012531531,0.010513743,0.022189517
MAR00508,0.012531531,0.010513743,0.022189517
MAR00509,0.012531531,0.010513743,0.022189517
MAR00510,0.012531531,0.010513743,0.022189517
MAR00511,0.012531531,0.010513743,0.022189517
MAR00512,0.012531531,0.010513743,0.022189517
MAR00513,0.012531531,0.010513743,0.022189517
MAR00514,0.012531531,0.010513743,0.022189517
MAR00515,0.012531531,0.010513743,0.022189517
MAR00516,0.012531531,0.010513743,0.022189517
MAR00517,0.012531531,0.010513743,0.022189517
MAR00518,0.012531531,0.010513743,0.022189517
MAR00519,0.012531531,0.010513743,0.022189517
MAR00520,0.012531531,0.010513743,0.022189517
MAR00521,0.012531531,0.010513743,0.022189517
MAR00522,0.267683685,0.226544129,0.478111256
MAR00523,0.079027779,0.066609205,0.140577924
MAR00524,0.360281503,0.302270119,0.637948611
MAR00525,0.363414386,0.304898555,0.64349599
MAR00526,0.184840075,0.155077713,0.327295374
MAR00527,0.012531531,0.010513743,0.022189517
MAR00528,0.012531531,0.010513743,0.022189517
MAR00529,0.870941372,0.730705158,1.542171424
MAR00530,0.012531531,0.010513743,0.022189517
MAR00531,0.012531531,0.010513743,0.022189517
MAR00532,0.012531531,0.010513743,0.022189517
MAR00533,0.012531531,0.010513743,0.022189517
MAR00534,6.108515327,5.172259219,10.91580159
MAR00535,0.091733662,0.077344883,0.163235232
MAR00536,0.673569766,0.565113702,1.192686533
MAR00537,3.392911893,2.846595994,6.007811699
MAR00538,0.04536145,0.038708858,0.081690774
MAR00539,0.012531531,0.010513743,0.022189517
MAR00540,0.012531531,0.010513743,0.022189517
MAR00541,0.11904954,0.099880561,0.21080041
MAR00542,0.012531531,0.010513743,0.022189517
MAR00543,0.012531531,0.010513743,0.022189517
MAR00544,0.012531531,0.010513743,0.022189517
MAR00588,18.84493137,19.91028353,21.65294852
MAR00596,26.74896796,20.57269122,25.23620893
MAR00673,4.497281641,3.627011968,8.274693665
MAR00674,4.497281641,3.627011968,8.274693665
MAR00675,4.497281641,3.627011968,8.274693665
MAR00676,4.497281641,3.627011968,8.274693665
MAR00677,4.497281641,3.627011968,8.274693665
MAR00678,4.497281641,3.627011968,8.274693665
MAR04296,1000,1000,802.0124199
MAR04390,1000,1000,1000
MAR05254,0.312578115,0.243819147,1.715856817
MAR07599,0,0,0
MAR00448,15.74279373,14.57487355,12.36767192
MAR00450,15.74279373,17.79131497,12.36767192
MAR00468,0.614385263,0.78205741,1.648409323
MAR00478,0.226241503,0.086640148,0.566793298
MAR00479,4.263533872,2.467272134,12.69122112
MAR00481,4.263533872,2.467272134,12.69122112
MAR00483,13.19508174,8.101985458,23.49297278
MAR00482,13.19508174,8.101985458,23.49297278
MAR00484,0,0,0
MAR00579,5.238547902,3.271616888,10.34145607
MAR00580,5.238547902,3.271616888,10.34145607
MAR00581,5.238547902,3.271616888,10.34145607
MAR00582,5.155068873,3.201271201,5.927794161
MAR00584,5.155068873,3.201271201,10.15224724
MAR00586,0.092754477,0.078161875,0.210232038
MAR00589,18.84493137,19.91028353,21.65294852
MAR00590,18.84493137,19.91028353,21.65294852
MAR00591,18.84493137,19.91028353,21.65294852
MAR00592,18.84493137,19.10871953,21.65294852
MAR00593,18.84493137,14.37423083,21.65294852
MAR00594,0.614385263,0.78205741,1.648409323
MAR00597,26.74896796,20.57269122,25.23620893
MAR00598,26.74896796,20.57269122,25.23620893
MAR00599,26.74896796,20.57269122,25.23620893
MAR00600,21.87588668,14.37423083,23.72845803
MAR00601,18.84493137,14.37423083,21.65294852
MAR00602,0.614385263,0.78205741,1.648409323
MAR00607,14.03729537,9.860328013,22.8300304
MAR00610,6.03601454,4.734488694,12.20148725
MAR00613,0.02358552,0.018397326,0.129469639
MAR00614,6.888149196,7.056535286,8.803196056
MAR00615,6.381139094,7.056535286,7.891677469
MAR00616,6.381139094,7.056535286,7.891677469
MAR00622,4.060913627,3.942258105,5.05405199
MAR00623,7.191317018,4.305257901,26.17060138
MAR00625,10.71761746,10.39491476,16.3451869
MAR00627,6.381139094,11.58555425,7.891677469
MAR00629,25.86300944,18.55292363,14.99208264
MAR00630,12.64747658,10.88896131,17.69964804
MAR00632,35.7073116,26.76742789,22.33229271
MAR00633,11.6027837,10.37787402,22.85731033
MAR00634,41.39784933,31.23201682,26.17060138
MAR00635,20.95877881,25.13332728,35.8302695
MAR00636,9.788222351,10.87826742,9.831689167
MAR00638,3.02573981,2.92324147,2.290584796
MAR00640,1000,1000,1000
MAR00641,1000,1000,1000
MAR00642,25.86300944,18.55292363,14.99208264
MAR00643,12.64747658,10.88896131,17.69964804
MAR00644,12.64747658,10.88896131,17.69964804
MAR00645,11.6027837,10.37787402,17.69964804
MAR00646,11.6027837,10.37787402,17.69964804
MAR00647,1000,1000,1000
MAR00648,15.69765025,13.35963347,28.6272556
MAR00649,1000,1000,802.0124199
MAR00651,6.888149196,7.056535286,8.803196056
MAR00653,1.328192228,0.937039836,0.462671717
MAR00654,1.328192228,0.937039836,0.462671717
MAR00657,1.328192228,0.937039836,0.462671717
MAR00660,25.86300944,18.55292363,14.99208264
MAR04627,0.84104136,0.54323073,3.082494729
MAR04838,0.84104136,0.54323073,3.082494729
MAR04839,0.84104136,0.54323073,3.082494729
MAR07591,12.6566203,8.761816234,12.74335455
MAR07594,12.6566203,8.761816234,16.3451869
MAR07597,10.71761746,8.761816234,16.3451869
MAR07601,0,0,0
MAR07611,16.54592782,13.60976639,28.83153269
MAR07612,1000,1000,1000
MAR07613,35.7073116,26.76742789,22.33229271
MAR07755,6.802672745,6.656641254,3.060205183
MAR08362,1000,1000,1000
MAR08421,1000,1000,1000
MAR08424,1000,1000,802.0124199
MAR08518,16.54592782,13.60976639,28.83153269
MAR08519,1000,1000,1000
MAR08521,35.7073116,26.76742789,22.33229271
MAR08522,46.42492906,35.52924412,38.67747961
MAR08523,25.86300944,18.55292363,14.99208264
MAR08525,8.669916555,6.199743674,14.99208264
MAR09805,93.07001479,86.33480301,105.5487909
MAR00815,50.69239929,33.59750247,122.4890582
MAR00816,19.18863426,13.69849731,30.15909117
MAR00817,17.02064844,12.2254403,23.40945416
MAR00819,1.441957653,1.133911796,0.808431811
MAR00820,1.452056322,0.678290433,5.941205194
MAR00821,32.21969453,20.69377174,87.1971936
MAR00822,17.02064844,12.2254403,23.40945416
MAR00823,3.645197458,2.575067238,3.586146353
MAR00824,1.452056322,0.678290433,5.941205194
MAR00825,4.346070297,2.490492662,12.6908422
MAR00827,33.67175085,21.37206217,93.1383988
MAR00828,32.21969453,20.69377174,87.1971936
MAR00829,4.346070297,2.490492662,12.6908422
MAR00830,1.441957653,1.133911796,0.808431811
MAR00837,18.76377124,13.90528185,23.40945416
MAR00838,14.40760227,11.87041055,30.85740353
MAR00839,9.846218891,5.887740086,25.78063096
MAR00840,0,0,0
MAR00841,4.346070297,2.490492662,12.6908422
MAR00842,25.70219341,20.93449653,33.76190519
MAR00843,25.70219341,20.93449653,33.76190519
MAR00844,24.22444958,13.96210325,23.40945416
MAR00845,14.40760227,11.87041055,30.85740353
MAR00846,24.22444958,18.16064557,64.61930872
MAR00847,14.40760227,11.87041055,30.85740353
MAR00848,24.22444958,18.16064557,64.61930872
MAR00849,1.452056322,0.678290433,5.941205194
MAR00850,4.346070297,2.490492662,12.6908422
MAR00851,4.346070297,2.490492662,12.6908422
MAR00852,9.846218891,5.887740086,25.78063096
MAR00853,9.846218891,5.887740086,25.78063096
MAR00854,34.04129688,24.4508806,116.7119038
MAR00855,34.04129688,24.4508806,116.7119038
MAR00856,0,0,0
MAR00857,0,0,0
MAR00858,0,0,0
MAR00928,0,0,0
MAR00801,25.70219341,20.93449653,33.76190519
MAR00803,90.14158247,62.32204001,208.1562924
MAR00805,90.14158247,62.32204001,208.1562924
MAR00806,24.53245254,20.76097334,31.37356375
MAR00807,32.21969453,20.69377174,87.1971936
MAR00809,25.70219341,13.96210325,23.40945416
MAR00810,12.82834686,7.604740473,15.22856059
MAR00811,12.82834686,7.604740473,15.22856059
MAR00812,25.70219341,13.96210325,23.40945416
MAR00813,0,0,0
MAR00814,25.70219341,13.96210325,23.40945416
MAR00859,20.2227279,13.66523881,24.90185794
MAR00860,3.740485411,3.97572636,8.707777995
MAR00861,0,0,0
MAR00862,0,0,0
MAR00863,0,0,0
MAR00864,3.740485411,3.97572636,8.707777995
MAR00865,3.740485411,3.97572636,8.707777995
MAR00866,3.740485411,3.97572636,8.707777995
MAR00867,3.740485411,3.97572636,6.715075571
MAR00868,3.740485411,3.97572636,6.715075571
MAR00870,3.740485411,3.97572636,6.715075571
MAR00871,0,0,0
MAR00873,0,0,4.07E-16
MAR00875,16.48224249,9.689512453,24.90185794
MAR00876,16.48224249,9.689512453,24.90185794
MAR00877,16.48224249,9.689512453,24.90185794
MAR00878,7.480970823,7.951452721,17.41555599
MAR00879,0,0,0
MAR00880,0,0,0
MAR00881,0,0,0
MAR00882,0,0,0
MAR00883,3.740485411,3.97572636,6.715075571
MAR00884,3.740485411,3.97572636,6.715075571
MAR00885,3.740485411,3.97572636,6.715075571
MAR00886,3.740485411,3.97572636,6.715075571
MAR00887,3.740485411,3.97572636,6.715075571
MAR00888,0,0,0
MAR00889,12.85109671,9.58552838,12.45092897
MAR00890,12.85109671,9.58552838,12.45092897
MAR00891,2.493656941,2.65048424,5.80518533
MAR00892,2.493656941,2.65048424,5.80518533
MAR00893,2.493656941,2.65048424,5.80518533
MAR00894,2.493656941,2.65048424,5.80518533
MAR00895,2.493656941,2.65048424,5.80518533
MAR00896,0,0,0
MAR00897,0,0,0
MAR00898,6.906726922,5.980330251,11.57850735
MAR00899,2.493656941,2.65048424,5.80518533
MAR00900,2.493656941,2.65048424,5.80518533
MAR00901,6.906726922,5.980330251,6.715075571
MAR00902,3.740485411,3.97572636,6.715075571
MAR00903,3.740485411,3.97572636,6.715075571
MAR00904,3.740485411,3.97572636,6.715075571
MAR00905,3.740485411,3.97572636,6.715075571
MAR00906,0.268211445,0.163270207,0.217133925
MAR00907,0.268211445,0.163270207,0.217133925
MAR00908,0.53642289,0.326540413,0.43426785
MAR00909,0.53642289,0.326540413,0.43426785
MAR00910,12.85109671,10.14455643,12.45092897
MAR00911,7.480970823,7.951452721,12.45092897
MAR00912,25.70219341,13.70308879,10.88888128
MAR00787,6.510503614,5.681291014,18.80284849
MAR00790,1.691981149,1.050294596,0.890202
MAR00792,1.691981149,1.050294596,0.890202
MAR00793,25.70219341,13.70308879,10.88888128
MAR00794,30.22041466,21.78092953,19.70140824
MAR00797,12.39656985,12.66413909,16.3451869
MAR00804,32.21969453,20.69377174,87.1971936
MAR00808,32.21969453,20.69377174,87.1971936
MAR00826,9.724714545,8.062109717,9.213127283
MAR00832,1.441957653,1.133911796,0.808431811
MAR00834,0,0,0
MAR00835,9.724714545,8.062109717,9.213127283
MAR00836,9.724714545,8.062109717,9.213127283
MAR00914,25.70219341,13.70308879,10.88888128
MAR00915,0,0,0
MAR00919,20.27279009,10.42623511,22.66796456
MAR00920,1.844852466,2.187215733,6.016220767
MAR00921,20.27279009,10.42623511,22.66796456
MAR00924,25.70219341,20.93449653,33.76190519
MAR00925,1.844852466,2.187215733,6.016220767
MAR00926,25.70219341,20.93449653,33.76190519
MAR07188,0,0,0
MAR08378,0,0,0
MAR08379,1.5184064,1.146733478,1.358748563
MAR07185,1.5184064,1.146733478,1.110261047
MAR08380,1.5184064,1.146733478,1.358748563
MAR07186,1.5184064,1.146733478,1.110261047
MAR08381,1.5184064,1.146733478,1.358748563
MAR07187,1.5184064,1.146733478,1.110261047
MAR08383,1.5184064,1.146733478,2.178606121
MAR08384,1.5184064,1.146733478,2.178606121
MAR08385,1.5184064,1.146733478,1.089303061
MAR08387,1.5184064,1.146733478,1.089303061
MAR08388,1.5184064,1.146733478,1.089303061
MAR08389,1.1388048,0.860050109,1.679315722
MAR08390,1.1388048,0.860050109,1.679315722
MAR08391,1.5184064,1.146733478,1.089303061
MAR08392,1.5184064,1.146733478,1.089303061
MAR08393,1.5184064,1.146733478,1.089303061
MAR08394,1.5184064,1.146733478,1.089303061
MAR08395,1.5184064,1.146733478,1.089303061
MAR08396,1.5184064,1.146733478,2.178606121
MAR08397,1.5184064,1.146733478,1.089303061
MAR08398,1.5184064,1.146733478,2.178606121
MAR08399,1.5184064,1.146733478,1.089303061
MAR08401,1.1388048,0.860050109,1.679315722
MAR08402,1.5184064,1.146733478,2.178606121
MAR08403,1.5184064,1.146733478,2.178606121
MAR08404,1.5184064,1.146733478,2.178606121
MAR08405,1.5184064,1.146733478,2.178606121
MAR08406,1.5184064,1.146733478,1.089303061
MAR08407,1.1388048,0.860050109,1.679315722
MAR01979,1000,1000,1000
MAR01980,1000,1000,1000
MAR01981,1000,1000,1000
MAR01985,1000,1000,1000
MAR01987,26.72480009,23.86369988,53.66318233
MAR01988,1000,1000,1000
MAR01995,1000,1000,1000
MAR01996,1000,1000,1000
MAR01999,0.354290766,0.123914651,0.338091938
MAR02000,0.354290766,0.123914651,0.338091938
MAR02001,0.354290766,0.123914651,0.338091938
MAR01305,818.4381201,752.3749822,768.1190022
MAR01307,1000,1000,1000
MAR01308,1000,1000,1000
MAR01310,1000,1000,1000
MAR01312,37.4628102,21.16819863,145.2486591
MAR01313,19.6459443,17.91576385,24.60222737
MAR01315,1000,1000,1000
MAR01317,0,-1.47E-13,0
MAR01318,1000,1000,1000
MAR01319,0,0,0
MAR01320,1000,1000,1000
MAR01321,2.009256372,2.101890513,7.224113893
MAR01322,1000,1000,1000
MAR01323,1000,1000,1000
MAR01324,1000,1000,1000
MAR01325,13.5992075,13.92279819,18.67076471
MAR01326,13.5992075,13.92279819,18.67076471
MAR01327,13.5992075,13.92279819,18.67076471
MAR01328,0,0,0
MAR01329,13.5992075,13.92279819,18.67076471
MAR01330,1000,1000,1000
MAR01332,1000,1000,1000
MAR01333,1000,1000,1000
MAR01334,1000,1000,1000
MAR01335,1000,1000,1000
MAR01336,0,0,0
MAR01337,0,0,0
MAR01338,0,0,0
MAR01339,19.6459443,17.91576385,24.60222737
MAR01341,0,0,0
MAR01342,0,0,0
MAR01343,0,0,0
MAR01344,0,0,0
MAR01345,0,0,0
MAR01346,17.13000284,17.02219233,9.862195654
MAR01347,17.13000284,17.02219233,9.862195654
MAR01350,0.354290766,0.123914651,0.338091938
MAR01352,0,0,0
MAR01355,0,0,0
MAR01356,0,0,0
MAR01357,0,0,0
MAR01358,0,0,0
MAR01359,0,0,0
MAR01360,0,0,0
MAR01361,0,0,0
MAR01362,0,0,0
MAR01363,0,0,0
MAR01364,0.354290766,0.123914651,0.338091938
MAR01365,0.354290766,0.123914651,0.338091938
MAR01366,0.354290766,0.123914651,0.338091938
MAR01367,0.354290766,0.123914651,0.338091938
MAR01370,0.354290766,0.123914651,0.338091938
MAR01373,1000,1000,1000
MAR01374,0,0,0
MAR01375,1000,1000,1000
MAR01376,1000,1000,1000
MAR01379,0.354290766,0.123914651,0.338091938
MAR01382,0.354290766,0.123914651,0.338091938
MAR01383,-1.81E-15,-1.26E-16,6.33E-17
MAR01384,0.354290766,0.123914651,0.338091938
MAR01387,0.354290766,0.123914651,0.338091938
MAR01388,84.5664183,53.15739848,175.3159425
MAR01389,0,0,0
MAR01390,37.4628102,21.16819863,145.2486591
MAR01391,0.354290766,0.123914651,0.338091938
MAR01393,0.354290766,0.123914651,0.338091938
MAR01394,-3.55E-14,2.49E-14,7.11E-13
MAR01395,2.009256372,2.101890513,7.224113893
MAR01398,0.354290766,0.123914651,0.338091938
MAR01401,1000,1000,1000
MAR01402,1000,1000,1000
MAR00703,0,0,0
MAR00705,0,0,0
MAR00706,0,0,0
MAR00708,0,0,0
MAR07598,10.71761746,8.761816234,16.3451869
MAR07600,10.71761746,8.761816234,16.3451869
MAR07602,12.64747658,10.88896131,17.69964804
MAR07603,12.64747658,10.88896131,17.69964804
MAR07604,0,0,0
MAR07605,0,0,0
MAR07606,0,0,0
MAR07607,0,0,0
MAR07610,10.71761746,10.39491476,16.3451869
MAR07614,35.7073116,26.76742789,22.33229271
MAR07615,12.64747658,10.88896131,17.69964804
MAR00024,0,0,0
MAR00025,43.17673979,26.09480192,101.1690904
MAR00026,0,0,0
MAR00027,0,0,0
MAR00028,0,0,0
MAR00029,0,0,0
MAR00030,43.17673979,26.09480192,101.1690904
MAR07200,0.922426233,1.093607867,1.110261047
MAR07202,0.922426233,1.093607867,1.110261047
MAR07203,0.922426233,1.093607867,1.110261047
MAR07205,0.922426233,1.093607867,1.110261047
MAR07206,0.922426233,1.093607867,1.110261047
MAR07207,0.368970493,0.268533633,0.222052209
MAR07208,0.368970493,0.268533633,0.222052209
MAR07209,0.368970493,0.268533633,0.222052209
MAR07210,0.368970493,0.268533633,0.222052209
MAR07211,0.368970493,0.268533633,0.222052209
MAR07212,0.368970493,0.268533633,0.222052209
MAR07213,0.368970493,0.268533633,0.222052209
MAR07214,0.368970493,0.268533633,0.222052209
MAR07215,0.368970493,0.268533633,0.222052209
MAR07216,0.368970493,0.268533633,0.222052209
MAR07217,0.368970493,0.268533633,0.222052209
MAR07218,0.368970493,0.268533633,0.222052209
MAR07219,0.368970493,0.268533633,0.222052209
MAR07220,0.368970493,0.268533633,0.222052209
MAR07221,0.368970493,0.268533633,0.222052209
MAR07222,0.368970493,0.268533633,0.222052209
MAR07490,0.922426233,1.093607867,1.110261047
MAR07491,0.922426233,1.093607867,1.110261047
MAR07492,0.922426233,1.093607867,1.110261047
MAR07493,0.922426233,1.093607867,1.110261047
MAR07494,0.922426233,1.093607867,1.110261047
MAR07495,0.922426233,1.093607867,1.110261047
MAR07496,0.922426233,1.093607867,1.110261047
MAR07497,0.922426233,1.093607867,0.521472481
MAR07498,0.922426233,1.093607867,1.110261047
MAR07509,0.922426233,1.093607867,0.521472481
MAR07510,0.922426233,1.093607867,0.521472481
MAR07519,0.922426233,1.093607867,1.110261047
MAR07520,0.922426233,1.093607867,1.110261047
MAR07521,0.922426233,1.093607867,1.110261047
MAR07522,0.922426233,1.093607867,1.110261047
MAR07534,0.922426233,1.093607867,1.110261047
MAR07535,0.922426233,1.093607867,1.110261047
MAR07536,0.922426233,1.093607867,1.110261047
MAR07537,0.922426233,1.093607867,1.110261047
MAR07538,0.922426233,1.093607867,1.110261047
MAR07551,0.922426233,1.093607867,1.110261047
MAR07552,0.922426233,1.093607867,1.110261047
MAR07553,0.922426233,1.093607867,1.110261047
MAR07554,0.922426233,1.093607867,1.110261047
MAR07501,0.642092764,0.465183831,2.77346426
MAR07502,0.642092764,0.465183831,2.77346426
MAR07503,0.642092764,0.465183831,2.77346426
MAR07504,0.642092764,0.465183831,2.77346426
MAR07505,0.642092764,0.465183831,2.77346426
MAR07506,0.642092764,0.465183831,2.77346426
MAR07507,0.642092764,0.465183831,2.77346426
MAR07508,0.642092764,0.465183831,2.77346426
MAR07513,0.642092764,0.465183831,2.259221186
MAR07514,0.642092764,0.465183831,2.259221186
MAR07515,0.642092764,0.465183831,2.259221186
MAR07516,0.642092764,0.465183831,2.259221186
MAR07517,0.642092764,0.465183831,2.259221186
MAR07518,0.642092764,0.465183831,2.259221186
MAR07525,4.862357273,4.031054858,4.606563641
MAR07526,4.862357273,4.031054858,4.606563641
MAR07527,4.862357273,4.031054858,4.606563641
MAR07528,4.862357273,4.031054858,4.606563641
MAR07529,4.862357273,4.031054858,4.606563641
MAR07530,4.862357273,4.031054858,4.606563641
MAR07531,4.862357273,4.031054858,4.606563641
MAR07532,4.862357273,4.031054858,4.606563641
MAR07533,4.862357273,4.031054858,4.606563641
MAR07541,4.08874209,3.460162224,4.606563641
MAR07542,4.08874209,3.460162224,4.606563641
MAR07543,4.08874209,3.460162224,4.606563641
MAR07544,4.08874209,3.460162224,4.606563641
MAR07545,4.08874209,3.460162224,4.606563641
MAR07546,4.08874209,3.460162224,4.606563641
MAR07547,4.08874209,3.460162224,4.606563641
MAR07548,4.08874209,3.460162224,4.606563641
MAR07549,4.08874209,3.460162224,4.606563641
MAR07550,4.08874209,3.460162224,4.606563641
MAR07557,3.504636077,2.965853335,4.606563641
MAR07558,0.642092764,0.465183831,2.77346426
MAR07559,3.504636077,2.965853335,4.606563641
MAR07560,0.642092764,0.465183831,2.77346426
MAR07561,0.642092764,0.465183831,2.77346426
MAR07562,3.504636077,2.965853335,4.606563641
MAR07563,3.504636077,2.965853335,4.606563641
MAR07564,0.642092764,0.465183831,2.77346426
MAR07565,0.642092764,0.465183831,2.77346426
MAR07566,0.642092764,0.465183831,2.77346426
MAR07567,3.504636077,2.965853335,4.606563641
MAR07225,0.819400607,0.427088055,0.981257663
MAR07226,0.819400607,0.427088055,0.981257663
MAR07227,0.819400607,0.427088055,0.981257663
MAR07228,0.819400607,0.427088055,0.981257663
MAR07229,0.819400607,0.427088055,0.981257663
MAR07230,0.819400607,0.427088055,0.981257663
MAR07231,0.819400607,0.427088055,0.981257663
MAR07232,0.819400607,0.427088055,0.981257663
MAR07233,0.819400607,0.427088055,0.981257663
MAR07234,0.819400607,0.427088055,0.981257663
MAR07235,0.819400607,0.427088055,0.981257663
MAR07236,0.819400607,0.427088055,0.981257663
MAR07237,0.819400607,0.427088055,0.981257663
MAR07238,0.819400607,0.427088055,0.981257663
MAR07239,0.819400607,0.427088055,0.981257663
MAR07240,0.819400607,0.427088055,0.981257663
MAR07241,0.819400607,0.427088055,0.981257663
MAR07242,0.819400607,0.427088055,0.981257663
MAR07243,0.819400607,0.427088055,0.981257663
MAR07244,0.819400607,0.427088055,0.981257663
MAR07245,0.819400607,0.427088055,0.981257663
MAR07246,0.819400607,0.427088055,0.981257663
MAR07247,0.819400607,0.427088055,0.981257663
MAR07248,0.819400607,0.427088055,0.981257663
MAR07249,0.819400607,0.427088055,0.981257663
MAR07250,0.819400607,0.427088055,0.981257663
MAR07251,0.819400607,0.427088055,0.981257663
MAR07571,4.862357273,4.031054858,4.606563641
MAR07572,4.862357273,4.031054858,4.606563641
MAR07573,4.862357273,4.031054858,4.606563641
MAR07335,0.131775176,0.095904869,0.07930436
MAR07336,0.131775176,0.095904869,0.07930436
MAR07337,0.131775176,0.095904869,0.07930436
MAR07338,0.131775176,0.095904869,0.07930436
MAR07339,0.131775176,0.095904869,0.07930436
MAR07340,0.131775176,0.095904869,0.07930436
MAR07341,0.131775176,0.095904869,0.07930436
MAR07342,0.131775176,0.095904869,0.07930436
MAR07343,0.131775176,0.095904869,0.07930436
MAR07344,0.131775176,0.095904869,0.07930436
MAR07345,0.131775176,0.095904869,0.07930436
MAR07346,0.131775176,0.095904869,0.07930436
MAR07347,0.131775176,0.095904869,0.07930436
MAR07348,0.131775176,0.095904869,0.07930436
MAR07349,0.131775176,0.095904869,0.07930436
MAR07350,0.131775176,0.095904869,0.07930436
MAR07351,0.131775176,0.095904869,0.07930436
MAR07352,0.131775176,0.095904869,0.07930436
MAR07353,0.131775176,0.095904869,0.07930436
MAR07354,0.131775176,0.095904869,0.07930436
MAR07355,0.131775176,0.095904869,0.07930436
MAR07356,0.131775176,0.095904869,0.07930436
MAR07357,0.131775176,0.095904869,0.07930436
MAR07358,0.131775176,0.095904869,0.07930436
MAR07359,0.131775176,0.095904869,0.07930436
MAR07360,0.131775176,0.095904869,0.07930436
MAR07361,0.131775176,0.095904869,0.07930436
MAR07362,0.131775176,0.095904869,0.07930436
MAR07363,0.131775176,0.095904869,0.07930436
MAR07364,0.131775176,0.095904869,0.07930436
MAR07365,0.131775176,0.095904869,0.07930436
MAR07366,0.131775176,0.095904869,0.07930436
MAR07367,0.131775176,0.095904869,0.07930436
MAR07368,0.131775176,0.095904869,0.07930436
MAR07369,0.131775176,0.095904869,0.07930436
MAR07370,0.131775176,0.095904869,0.07930436
MAR07371,0.131775176,0.095904869,0.07930436
MAR07442,0.368970493,0.335667042,0.277565262
MAR07443,0.368970493,0.335667042,0.277565262
MAR07444,0.368970493,0.335667042,0.277565262
MAR07445,0.368970493,0.335667042,0.277565262
MAR07446,0.368970493,0.335667042,0.277565262
MAR07447,0.368970493,0.335667042,0.277565262
MAR07448,0.368970493,0.335667042,0.277565262
MAR07449,0.368970493,0.335667042,0.277565262
MAR07450,0.368970493,0.335667042,0.277565262
MAR07451,0.368970493,0.335667042,0.277565262
MAR07452,0.368970493,0.335667042,0.277565262
MAR07471,0.368970493,0.268533633,0.222052209
MAR07472,0.368970493,0.268533633,0.222052209
MAR07473,0.368970493,0.268533633,0.222052209
MAR07474,0.368970493,0.268533633,0.222052209
MAR07475,0.368970493,0.268533633,0.222052209
MAR07476,0.368970493,0.268533633,0.222052209
MAR07477,0.368970493,0.268533633,0.222052209
MAR07478,0.368970493,0.268533633,0.222052209
MAR07479,0.368970493,0.268533633,0.222052209
MAR07480,0.368970493,0.268533633,0.222052209
MAR07481,0.368970493,0.268533633,0.222052209
MAR07373,15.99953906,11.00366737,28.71849583
MAR07375,0.922426233,0.660522981,0.555130523
MAR07376,0.922426233,0.660522981,0.555130523
MAR07377,0.922426233,0.660522981,0.555130523
MAR07378,0.922426233,0.660522981,0.555130523
MAR07379,0.922426233,0.660522981,0.555130523
MAR07380,0.922426233,0.660522981,0.555130523
MAR07381,0.922426233,0.660522981,0.555130523
MAR07382,0.922426233,0.660522981,0.555130523
MAR07383,0.922426233,0.660522981,0.555130523
MAR07384,0.922426233,0.660522981,0.555130523
MAR07385,0.922426233,0.660522981,0.555130523
MAR07386,0.922426233,0.660522981,0.555130523
MAR07387,0.922426233,0.660522981,0.555130523
MAR07388,0.922426233,0.660522981,0.555130523
MAR07389,0.922426233,0.660522981,0.555130523
MAR07390,0.922426233,0.660522981,0.555130523
MAR07391,0.922426233,0.660522981,0.555130523
MAR07392,0.922426233,0.660522981,0.555130523
MAR07393,0.922426233,0.660522981,0.555130523
MAR07394,0.922426233,0.660522981,0.555130523
MAR07395,0.922426233,0.660522981,0.555130523
MAR07396,0.922426233,0.660522981,0.555130523
MAR07397,0.922426233,0.660522981,0.555130523
MAR07398,0.922426233,0.660522981,0.555130523
MAR07399,0.922426233,0.660522981,0.555130523
MAR07400,0.922426233,0.660522981,0.555130523
MAR07401,0.922426233,0.660522981,0.555130523
MAR07402,0.922426233,0.660522981,0.555130523
MAR07403,0.922426233,0.660522981,0.555130523
MAR07404,0.922426233,0.660522981,0.555130523
MAR07405,0.922426233,0.660522981,0.555130523
MAR07406,0.922426233,0.660522981,0.555130523
MAR07407,0.922426233,0.660522981,0.555130523
MAR07408,0.922426233,0.660522981,0.555130523
MAR07409,0.922426233,0.660522981,0.555130523
MAR07410,0.922426233,0.660522981,0.555130523
MAR07411,0.922426233,0.660522981,0.555130523
MAR07412,0.922426233,0.660522981,0.555130523
MAR07413,0.922426233,0.660522981,0.555130523
MAR07414,0.922426233,0.660522981,0.555130523
MAR07415,0.922426233,0.660522981,0.555130523
MAR07416,0.922426233,0.660522981,0.555130523
MAR07417,0.922426233,0.660522981,0.555130523
MAR07418,0.922426233,0.660522981,0.555130523
MAR07419,0.922426233,0.660522981,0.555130523
MAR07420,0.922426233,0.660522981,0.555130523
MAR07421,0.922426233,0.660522981,0.555130523
MAR07422,0.922426233,0.660522981,0.555130523
MAR07423,0.922426233,0.660522981,0.555130523
MAR07424,0.922426233,0.660522981,0.555130523
MAR07425,0.922426233,0.660522981,0.555130523
MAR07426,0.922426233,0.660522981,0.555130523
MAR07427,0.922426233,0.660522981,0.555130523
MAR07455,5.050188259,5.795232172,6.931088418
MAR07456,5.050188259,5.795232172,6.931088418
MAR07457,5.050188259,5.795232172,6.931088418
MAR07458,5.050188259,5.795232172,6.931088418
MAR07459,5.050188259,5.795232172,6.931088418
MAR07460,5.050188259,5.795232172,6.931088418
MAR07461,5.050188259,5.795232172,6.931088418
MAR07462,5.050188259,5.795232172,6.931088418
MAR07463,5.050188259,5.795232172,6.931088418
MAR07464,5.050188259,5.795232172,6.931088418
MAR07465,5.050188259,5.795232172,6.931088418
MAR07466,5.050188259,5.795232172,6.931088418
MAR07467,5.050188259,4.63675391,6.931088418
MAR07468,5.050188259,4.63675391,6.931088418
MAR07469,5.050188259,4.63675391,6.931088418
MAR07484,5.050188259,5.795232172,6.931088418
MAR07485,5.050188259,5.795232172,6.931088418
MAR07486,5.050188259,5.795232172,6.931088418
MAR07487,5.050188259,5.795232172,6.931088418
MAR07488,5.050188259,5.795232172,6.931088418
MAR07489,5.050188259,5.795232172,6.931088418
MAR08643,11.43332151,12.55448313,16.32362882
MAR08645,11.43332151,12.55448313,16.32362882
MAR08648,0,0,0
MAR01581,1.588869891,1.318390415,5.645489087
MAR01584,0.794434945,0.659195207,2.822744544
MAR01585,0.794434945,0.659195207,2.822744544
MAR01589,68.44076543,58.7874336,22.1244922
MAR01590,68.44076543,58.7874336,22.1244922
MAR01592,5.238547902,3.271616888,10.34145607
MAR01593,5.238547902,3.271616888,10.34145607
MAR01595,3.364165439,2.172922921,12.32997892
MAR01598,3.364165439,2.172922921,12.32997892
MAR01599,3.364165439,2.172922921,12.32997892
MAR01604,0.84104136,0.54323073,3.082494729
MAR01605,0.84104136,0.54323073,3.082494729
MAR01608,0.84104136,0.54323073,3.082494729
MAR01609,0.84104136,0.54323073,3.082494729
MAR01610,0.84104136,0.54323073,3.082494729
MAR01611,0.84104136,0.54323073,3.082494729
MAR01613,0.84104136,0.54323073,3.082494729
MAR01614,0.84104136,0.54323073,3.082494729
MAR01619,0.574769501,0.356642549,4.167493881
MAR01620,5.968018981,3.932292255,16.10332567
MAR01622,23.08285456,18.46734157,28.86062377
MAR01623,8.224871202,5.375396265,26.43580901
MAR01624,0.574769501,0.356642549,4.167493881
MAR01625,0.574769501,0.356642549,4.167493881
MAR01627,0.574769501,0.356642549,4.167493881
MAR01629,0.28738475,0.178321275,2.08374694
MAR01630,0.28738475,0.178321275,2.08374694
MAR01631,5.238547902,3.271616888,10.34145607
MAR01632,0.28738475,0.178321275,2.08374694
MAR01635,0.28738475,0.178321275,2.08374694
MAR01637,0.28738475,0.178321275,2.08374694
MAR01638,0.28738475,0.178321275,2.08374694
MAR01639,0.28738475,0.178321275,2.08374694
MAR01642,0.28738475,0.178321275,2.08374694
MAR01646,0.574769501,0.356642549,4.167493881
MAR01652,0.574769501,0.356642549,4.167493881
MAR01653,0.28738475,0.178321275,2.08374694
MAR01656,5.968018981,3.932292255,16.10332567
MAR01659,42.77319401,26.73543185,94.36391185
MAR01660,2.714632434,3.243953635,5.232906013
MAR01662,2.714632434,3.243953635,5.232906013
MAR01663,2.714632434,3.243953635,5.232906013
MAR01665,2.714632434,3.243953635,5.232906013
MAR01666,2.714632434,3.243953635,5.232906013
MAR01667,6.542788482,4.288934804,20.27081955
MAR01668,6.542788482,4.288934804,20.27081955
MAR01670,6.542788482,4.288934804,20.27081955
MAR01673,1000,1000,1000
MAR01676,13.5992075,13.92279819,18.67076471
MAR01678,1000,1000,1000
MAR01679,704.7598511,636.5746014,832.0848768
MAR01681,0.84104136,0.54323073,3.082494729
MAR01682,0.84104136,0.54323073,3.082494729
MAR01684,20.95500141,17.74499472,34.58279597
MAR01685,0.84104136,0.54323073,3.082494729
MAR01687,0.84104136,0.54323073,3.082494729
MAR01689,0.84104136,0.54323073,3.082494729
MAR01691,0.84104136,0.54323073,3.082494729
MAR01692,27.09277626,24.75337947,63.42502465
MAR01693,0.84104136,0.54323073,3.082494729
MAR01694,5.968018981,3.932292255,16.10332567
MAR01695,5.238547902,3.271616888,10.34145607
MAR01696,23.08285456,17.78585639,28.86062377
MAR01697,5.968018981,3.932292255,16.10332567
MAR01699,5.238547902,3.271616888,10.34145607
MAR01700,5.968018981,3.932292255,16.10332567
MAR01701,5.968018981,3.932292255,16.10332567
MAR01702,2.619273951,1.635808444,5.170728035
MAR01703,0.28738475,0.178321275,2.08374694
MAR01704,0.28738475,0.178321275,2.08374694
MAR01706,2.885980176,2.562854824,7.007772105
MAR01708,0.862154251,0.534963824,6.251240821
MAR01710,0.862154251,0.534963824,6.251240821
MAR01716,0,0,0
MAR01717,29.11062383,19.00078591,74.75475874
MAR01718,5.036217368,2.551281789,12.58802185
MAR01720,29.39800858,19.17910718,76.83850569
MAR01722,29.39800858,19.17910718,76.83850569
MAR01723,29.39800858,19.17910718,76.83850569
MAR01725,5.968018981,3.932292255,16.10332567
MAR01726,5.968018981,3.932292255,16.10332567
MAR01727,5.968018981,3.932292255,16.10332567
MAR01729,1000,1000,1000
MAR01730,30.22041466,21.78092953,19.70140824
MAR01735,1000,1000,1000
MAR01737,4.140730752,5.031357706,8.117015906
MAR01738,0.574769501,0.356642549,2.822744544
MAR01739,0.28738475,0.178321275,2.08374694
MAR01740,0.28738475,0.178321275,2.08374694
MAR01741,0.28738475,0.178321275,2.08374694
MAR01742,0.28738475,0.178321275,2.08374694
MAR01743,0.28738475,0.178321275,2.08374694
MAR01744,0.28738475,0.178321275,2.08374694
MAR01745,0.28738475,0.178321275,2.08374694
MAR01746,0.28738475,0.178321275,2.08374694
MAR01747,0.28738475,0.178321275,2.08374694
MAR01748,0.28738475,0.178321275,2.08374694
MAR01749,0.28738475,0.178321275,2.08374694
MAR01750,0.28738475,0.178321275,2.08374694
MAR01751,0.28738475,0.178321275,2.08374694
MAR01752,0.28738475,0.178321275,2.08374694
MAR01753,0.28738475,0.178321275,2.08374694
MAR01754,0.28738475,0.178321275,2.08374694
MAR01756,0.28738475,0.178321275,2.08374694
MAR01758,0.28738475,0.178321275,2.08374694
MAR01759,0.28738475,0.178321275,2.08374694
MAR01760,0.28738475,0.178321275,2.08374694
MAR01761,0.28738475,0.178321275,2.08374694
MAR01762,0.84104136,0.54323073,3.082494729
MAR01764,0,0,0
MAR01765,0.84104136,0.54323073,3.082494729
MAR01766,0.794434945,0.659195207,2.822744544
MAR01767,0.794434945,0.659195207,2.822744544
MAR01768,0.794434945,0.659195207,2.822744544
MAR01769,0.794434945,0.659195207,2.822744544
MAR01770,0.794434945,0.659195207,2.822744544
MAR01771,0.794434945,0.659195207,2.822744544
MAR01772,1.635476305,1.202425938,5.905239273
MAR01774,1.68208272,1.086461461,6.164989458
MAR01776,1000,1000,1000
MAR01777,818.8353376,752.7045798,769.5303745
MAR01778,0,0,0
MAR01781,182.4889588,165.1105118,192.9731369
MAR01783,182.4889588,165.1105118,192.9731369
MAR01784,1000,1000,1000
MAR01785,1000,1000,1000
MAR01786,1000,1000,1000
MAR01787,182.4889588,165.1105118,192.9731369
MAR01790,0,0,0
MAR01792,0,0,0
MAR01794,0,0,0
MAR01796,0,0,0
MAR01797,0.84104136,0.54323073,3.082494729
MAR01798,0,0,0
MAR01800,0,0,0
MAR01802,0.84104136,0.54323073,3.082494729
MAR01803,0.84104136,0.54323073,3.082494729
MAR01804,0.84104136,0.54323073,3.082494729
MAR01805,0.84104136,0.54323073,3.082494729
MAR01806,0.84104136,0.54323073,3.082494729
MAR01807,0,0,0
MAR01810,0.84104136,0.54323073,3.082494729
MAR01811,0.84104136,0.54323073,3.082494729
MAR01813,1.51E-16,2.19E-15,-1.22E-14
MAR01815,0,0,0
MAR01817,0,0,0
MAR01819,0,0,0
MAR01830,1000,1000,1000
MAR01831,136.121219,4.180121556,35.69235224
MAR01832,5.968018981,3.932292255,16.10332567
MAR01833,5.968018981,3.932292255,16.10332567
MAR01834,1000,1000,1000
MAR01835,1000,1000,1000
MAR01836,0,0,0
MAR01837,0,0,0
MAR01838,1000,1000,1000
MAR01839,1000,1000,1000
MAR01840,136.121219,4.180121556,35.69235224
MAR01841,1000,1000,1000
MAR01842,59.07196548,45.12127056,285.5035404
MAR01843,18.38751038,13.07277987,14.92929731
MAR01844,1000,1000,1000
MAR01845,0,0,0
MAR01846,1000,1000,1000
MAR03799,5.036217368,2.551281789,12.58802185
MAR03908,1000,1000,1000
MAR03910,9.058227389,9.283126651,6.124026434
MAR03911,0,0,0
MAR04679,3.401510958,2.807399708,9.573477145
MAR08063,500,500,500
MAR08064,2.548537898,2.133426984,5.725179109
MAR08065,9.058227389,9.283126651,6.124026434
MAR08759,0,0,0
MAR01847,30.22041466,21.78092953,19.70140824
MAR01848,0.574769501,0.356642549,4.167493881
MAR01850,207.1658379,64.72692449,61.59019119
MAR01852,1000,1000,1000
MAR01853,16.68743917,21.26880942,23.0669919
MAR01854,5.968018981,3.932292255,16.10332567
MAR01855,1000,1000,1000
MAR01857,502.619274,501.6358084,401.0062099
MAR01859,1000,1000,1000
MAR01861,502.619274,501.6358084,401.0062099
MAR01862,1000,1000,1000
MAR01863,1000,1000,1000
MAR01864,1000,1000,1000
MAR01865,1000,1000,1000
MAR01866,1000,1000,1000
MAR01867,1000,1000,1000
MAR01868,65.07659999,56.61451067,9.794513285
MAR01870,65.07659999,56.61451067,9.794513285
MAR01872,65.07659999,56.61451067,23.0669919
MAR01874,65.07659999,56.61451067,9.794513285
MAR01875,1000,1000,1000
MAR01876,1000,1000,1000
MAR01877,1000,1000,1000
MAR01878,26.68611865,36.99798812,38.42675674
MAR01879,1000,1000,1000
MAR01880,1000,1000,1000
MAR01881,1000,1000,1000
MAR01882,1000,1000,1000
MAR01883,1000,1000,1000
MAR01884,1000,1000,1000
MAR01885,1000,1000,1000
MAR01886,1000,1000,1000
MAR01887,1000,1000,1000
MAR01888,1000,1000,1000
MAR01889,1000,1000,1000
MAR01890,1000,1000,1000
MAR01891,1000,1000,1000
MAR01892,1000,1000,1000
MAR01893,1000,1000,1000
MAR01894,1000,1000,1000
MAR01895,5.238547902,3.271616888,10.34145607
MAR01896,65.07659999,56.61451067,23.0669919
MAR01897,5.238547902,3.271616888,10.34145607
MAR01403,0,0,0
MAR01404,0,0,0
MAR01405,0,0,0
MAR01406,0,0,0
MAR01407,0,0,0
MAR01408,0,0,0
MAR01409,0,0,0
MAR01410,0,0,0
MAR01411,0,0,0
MAR01412,0,0,0
MAR01413,0,0,0
MAR01414,0,0,0
MAR01415,0,0,0
MAR01416,0,0,0
MAR01417,0,0,0
MAR01418,0,0,0
MAR01419,0,0,0
MAR01420,0,0,0
MAR01421,0,0,0
MAR01422,0,0,0
MAR01423,0,0,0
MAR01424,0,0,0
MAR01425,0,0,0
MAR01426,0,0,0
MAR01427,0,0,0
MAR01428,0,0,0
MAR01429,0,0,0
MAR01430,0,0,0
MAR01431,0,0,0
MAR01432,0,0,0
MAR01433,0,0,0
MAR08262,1.844852466,1.342668167,1.110261047
MAR08263,1.844852466,1.342668167,1.110261047
MAR08264,1.844852466,1.342668167,1.110261047
MAR08267,0.922426233,1.093607867,1.110261047
MAR08268,0.922426233,1.093607867,1.110261047
MAR08271,1.844852466,1.342668167,1.110261047
MAR08275,1.844852466,1.342668167,1.110261047
MAR08276,1.844852466,1.342668167,1.110261047
MAR08277,1.844852466,1.342668167,1.110261047
MAR08278,0.922426233,0.671334084,0.555130523
MAR08279,0.922426233,0.671334084,0.555130523
MAR08280,1.844852466,1.342668167,1.110261047
MAR08281,0.922426233,1.093607867,1.110261047
MAR08284,0.922426233,1.093607867,1.110261047
MAR08285,0.922426233,1.093607867,1.110261047
MAR08286,0.922426233,1.093607867,1.110261047
MAR08287,1.844852466,1.342668167,1.110261047
MAR08288,0.922426233,1.093607867,1.110261047
MAR08291,0.922426233,0.671334084,0.555130523
MAR08292,0.614950822,0.671334084,0.555130523
MAR08293,0.614950822,0.671334084,0.555130523
MAR08294,0.614950822,0.671334084,0.555130523
MAR08295,0.614950822,0.671334084,0.555130523
MAR08298,0.614950822,0.671334084,0.555130523
MAR08302,0.268211445,0.163270207,0.217133925
MAR08305,0.614950822,0.447556056,0.370087016
MAR08306,0.614950822,0.447556056,0.370087016
MAR08307,0.614950822,0.447556056,0.370087016
MAR08308,0.614950822,0.447556056,0.370087016
MAR08309,0.614950822,0.447556056,0.370087016
MAR08316,0.268211445,0.163270207,0.217133925
MAR08317,0.268211445,0.163270207,0.217133925
MAR08318,1.844852466,1.277801549,1.110261047
MAR08319,1.844852466,1.277801549,1.110261047
MAR08322,1.844852466,1.342668167,1.110261047
MAR08325,1.844852466,1.277801549,1.110261047
MAR08326,1.844852466,1.277801549,1.110261047
MAR08327,1.026727215,0.638900774,1.110261047
MAR08330,0.922426233,0.671334084,0.555130523
MAR08331,0.922426233,0.671334084,0.555130523
MAR08332,0.922426233,0.671334084,0.555130523
MAR08333,0.922426233,0.671334084,0.555130523
MAR08334,0.922426233,0.671334084,0.555130523
MAR08337,0.922426233,0.671334084,0.555130523
MAR00712,42.30579488,26.46892102,102.3943373
MAR03992,7.762267519,6.182234244,13.58909617
MAR04228,0.418940982,0.605860997,2.997724807
MAR04251,19.09780779,13.95936729,59.69830685
MAR04252,8.959990421,9.579420409,21.50025787
MAR04253,5.035444277,4.813437359,3.740088949
MAR04254,3.183614613,4.521020869,2.415319626
MAR04255,5.07070058,3.583316395,9.838372471
MAR04257,2.53535029,1.791658198,5.153924548
MAR04259,23.67039844,17.83320145,52.73390262
MAR04260,5.07070058,3.583316395,10.21426331
MAR04261,5.07070058,3.583316395,10.21426331
MAR04262,8.960533137,8.320047174,8.820571385
MAR04263,8.462760626,5.771759687,5.080482436
MAR04264,8.959990421,9.579420409,21.50025787
MAR04265,5.035444277,4.813437359,3.740088949
MAR04267,2.53535029,1.791658198,5.153924548
MAR04268,0,0,6.96E-16
MAR04269,10.79643325,8.874891222,18.34852934
MAR04270,10.7910927,8.870390873,18.33642475
MAR04271,12.06506176,8.26772549,26.95893453
MAR04276,2.53535029,1.791658198,5.153924548
MAR04278,5.07070058,3.583316395,10.21426331
MAR04279,0,0,0
MAR04662,3.924546144,4.765983049,17.76016892
MAR07142,1000,1000,1000
MAR07143,23.67039844,17.83320145,57.88258943
MAR07623,13.18011039,10.93932097,22.35247455
MAR07625,13.18011039,10.93932097,22.35247455
MAR07627,10.7910927,8.870390873,18.33642475
MAR07676,1000,1000,1000
MAR07677,0,0,0
MAR07678,0,0,0
MAR08788,1000,1000,1000
MAR08790,2.53535029,1.791658198,5.153924548
MAR08791,3.924546144,4.765983049,3.740088949
MAR03871,8.897943158,8.39244523,20.8794614
MAR04058,11.53621627,8.525849238,24.74494029
MAR04498,1.944038399,2.55478551,5.338804978
MAR04499,0,0,0
MAR04500,1.944038399,2.55478551,5.338804978
MAR04714,28.01761943,23.76922823,34.98638346
MAR04715,8.897943158,8.39244523,20.8794614
MAR04716,3.292687366,1.990832773,6.308072515
MAR04717,3.401510958,2.807399708,9.573477145
MAR04718,8.659668114,8.159181113,14.0390303
MAR04723,8.659668114,8.159181113,14.0390303
MAR04725,2.683490374,3.08417417,3.865478891
MAR04727,11.53621627,8.525849238,25.35072885
MAR04730,5.97617774,5.075006943,10.17355141
MAR04731,0,0,0
MAR04732,12.51394329,9.288502015,9.838372471
MAR04733,2.683490374,3.08417417,3.865478891
MAR04734,11.53621627,8.525849238,24.74494029
MAR07731,0.977727019,0.762652777,5.367105019
MAR08792,33.62287522,30.17084069,49.55777235
MAR00663,21.87588668,14.37423083,29.94753562
MAR04308,142.2444582,108.8067112,190.1323991
MAR06539,1000,1000,1000
MAR06540,18.38751038,13.07277987,36.93908111
MAR06542,9.368952152,8.019779349,4.689977141
MAR06543,6.880625983,6.708929381,9.941284449
MAR06544,6.624350732,7.188931061,10.55831576
MAR06545,15.99330288,15.20871041,15.2482929
MAR06546,13.56630395,13.18553676,19.23310666
MAR06547,19.43000645,25.92331182,20.90997953
MAR06548,53.74842322,49.33558749,41.44873083
MAR06549,14.23075989,9.512605871,11.2246713
MAR06550,29.93042463,25.82731253,17.73306322
MAR06551,9.587238698,13.9956691,12.49099632
MAR06552,13.86918399,12.09834816,30.20039805
MAR06553,6.729883227,5.77211528,7.642578821
MAR06554,13.08225229,13.6729342,36.44345536
MAR06555,8.488630664,4.965446674,9.989814493
MAR06556,27.66310806,25.82731253,17.73306322
MAR06557,19.43000645,25.92331182,20.90997953
MAR06558,27.66310806,25.82731253,17.73306322
MAR06559,6.717844534,6.942407864,11.19735971
MAR06560,2.91193444,3.126677272,4.707502676
MAR06561,4.76231835,4.378394998,11.29297567
MAR06562,4.76231835,4.378394998,11.29297567
MAR06563,3.805910094,3.815730592,6.489857037
MAR06564,3.805910094,3.815730592,6.489857037
MAR06565,7.588626899,12.7443845,22.62303443
MAR06566,7.588626899,8.928653905,16.13317739
MAR06567,3.805910094,3.586550305,6.489857037
MAR06568,3.805910094,3.586550305,6.489857037
MAR06569,3.805910094,3.815730592,6.489857037
MAR06570,3.805910094,3.815730592,6.489857037
MAR06571,18.38751038,13.07277987,36.93908111
MAR06572,18.38751038,13.07277987,36.93908111
MAR06573,5.192259383,3.586550305,25.73216916
MAR06574,5.192259383,3.586550305,25.73216916
MAR06575,0,0,0
MAR06576,2.210562801,2.138047363,5.005846029
MAR06579,9.587238698,13.9956691,12.49099632
MAR06580,9.587238698,13.9956691,12.49099632
MAR06581,5.238547902,3.271616888,10.34145607
MAR06583,29.93042463,25.82731253,17.73306322
MAR06584,9.587238698,13.9956691,12.49099632
MAR06585,5.238547902,3.271616888,10.34145607
MAR06587,9.368952152,8.019779349,4.689977141
MAR06588,0,0,0
MAR06589,0,0,0
MAR06591,19.43000645,25.92331182,20.90997953
MAR06592,9.587238698,13.9956691,12.49099632
MAR06595,9.587238698,13.9956691,12.49099632
MAR07652,23.27823303,21.53969491,17.90278686
MAR07654,23.27823303,21.53969491,17.90278686
MAR07655,15.16013626,11.91695704,17.90278686
MAR07656,2.210562801,2.138047363,5.005846029
MAR08799,5.192259383,3.586550305,11.19735971
MAR08800,3.805910094,3.586550305,6.489857037
MAR08801,3.501307036,3.160956636,6.489857037
MAR08802,3.501307036,3.160956636,6.489857037
MAR08803,5.192259383,3.586550305,11.19735971
MAR08804,5.192259383,3.586550305,11.19735971
MAR08805,5.192259383,3.586550305,11.19735971
MAR08806,21.87588668,14.37423083,29.94753562
MAR08807,18.07586936,18.96111577,17.73306322
MAR08808,16.58985277,18.96111577,22.31822671
MAR08809,3.501307036,3.160956636,9.318229233
MAR08810,13.08854573,9.512605871,11.2246713
MAR08811,9.587238698,13.9956691,12.49099632
MAR08812,3.501307036,3.160956636,9.318229233
MAR08813,9.587238698,13.9956691,12.49099632
MAR08814,9.587238698,13.9956691,12.49099632
MAR08815,9.587238698,13.9956691,12.49099632
MAR08816,8.488630664,4.965446674,9.827230394
MAR08817,13.86918399,12.09834816,30.20039805
MAR08818,5.192259383,3.586550305,11.19735971
MAR08819,16.58985277,20.31758237,31.12745478
MAR08820,65.0449896,70.40197041,72.82816023
MAR08821,9.587238698,13.9956691,12.49099632
MAR08822,21.87588668,14.37423083,29.94753562
MAR08823,21.87588668,14.37423083,29.94753562
MAR08824,9.368952152,8.019779349,4.689977141
MAR08825,0,0,0
MAR08826,13.08225229,13.6729342,36.44345536
MAR08827,0,0,0
MAR08829,9.368952152,8.019779349,4.689977141
MAR08830,13.56630395,13.18553676,19.23310666
MAR08831,9.587238698,13.9956691,12.49099632
MAR08833,21.87588668,14.37423083,29.94753562
MAR08835,2.210562801,2.138047363,5.005846029
MAR08836,2.210562801,2.138047363,5.005846029
MAR03923,13.20247969,11.35913645,52.75679018
MAR03925,5.506456924,3.75294259,18.41243908
MAR03929,37.43202938,21.67928409,65.59665456
MAR03972,81.05829188,53.9644651,129.6837332
MAR04332,6.790458167,2.508516388,44.03932273
MAR04333,6.790458167,2.508516388,44.03932273
MAR04335,6.790458167,2.508516388,44.03932273
MAR04336,45.61084525,24.50372343,96.27079158
MAR04338,9.254192803,4.398225147,17.46313736
MAR04340,4.834725488,4.242304322,6.603621244
MAR04440,14.06148092,5.358939648,26.93741241
MAR04442,9.254192803,4.398225147,17.46313736
MAR04444,14.06148092,5.358939648,26.93741241
MAR04446,5.058598659,4.173142598,4.824698865
MAR04448,5.058598659,4.173142598,4.824698865
MAR04503,9.254192803,4.398225147,17.46313736
MAR04505,14.06148092,5.358939648,26.93741241
MAR04654,6.790458167,2.508516388,44.03932273
MAR04655,6.790458167,2.508516388,44.03932273
MAR04656,6.790458167,2.508516388,44.03932273
MAR04665,13.20247969,11.35913645,52.75679018
MAR09726,9.669450975,8.484608645,13.20724249
MAR04666,13.20247969,11.35913645,52.75679018
MAR07145,0,0,0
MAR07146,0,0,0
MAR07147,0,0,0
MAR07908,0.245024394,0.168617385,2.091402014
MAR07909,0.245024394,0.168617385,2.091402014
MAR07910,0.196019515,0.134893908,1.673121611
MAR07911,0.196019515,0.134893908,1.673121611
MAR07912,0.163349596,0.11241159,1.39426801
MAR07913,0.163349596,0.11241159,1.39426801
MAR07916,0.245024394,0.168617385,2.091402014
MAR07919,0.196019515,0.134893908,1.673121611
MAR07920,9.413451243,4.126721494,156.2569508
MAR07921,9.413451243,4.126721494,156.2569508
MAR07922,9.413451243,4.126721494,156.2569508
MAR07925,0.163349596,0.11241159,1.39426801
MAR08105,0.245024394,0.168617385,2.091402014
MAR08106,0.196019515,0.134893908,1.673121611
MAR08107,0.163349596,0.11241159,1.39426801
MAR08108,0.245024394,0.168617385,2.091402014
MAR08109,0.196019515,0.134893908,1.673121611
MAR08110,0.163349596,0.11241159,1.39426801
MAR08112,0.196019515,0.134893908,1.673121611
MAR08113,0.196019515,0.134893908,1.673121611
MAR08114,0.163349596,0.11241159,1.39426801
MAR08115,0.245024394,0.168617385,2.091402014
MAR08116,0.196019515,0.134893908,1.673121611
MAR08117,0.163349596,0.11241159,1.39426801
MAR08129,9.413451243,4.126721494,156.2569508
MAR08130,0.245024394,0.168617385,2.091402014
MAR08132,9.413451243,4.126721494,156.2569508
MAR08133,0.245024394,0.168617385,2.091402014
MAR08135,9.413451243,4.126721494,156.2569508
MAR08136,0.196019515,0.134893908,1.673121611
MAR08137,9.413451243,4.126721494,156.2569508
MAR08138,0.196019515,0.134893908,1.673121611
MAR08139,9.413451243,4.126721494,156.2569508
MAR08140,0.163349596,0.11241159,1.39426801
MAR08141,9.413451243,4.126721494,156.2569508
MAR08142,0.163349596,0.11241159,1.39426801
MAR08143,9.669450975,8.484608645,13.20724249
MAR08144,9.254192803,4.398225147,17.46313736
MAR08758,580.7631727,591.2043233,674.8408695
MAR07661,3.143317554,2.698075106,4.129121433
MAR07662,3.143317554,2.698075106,4.129121433
MAR07663,3.143317554,2.698075106,4.129121433
MAR07668,5.74658227,4.006485446,7.856904413
MAR07669,5.74658227,4.006485446,7.856904413
MAR07670,5.74658227,4.006485446,7.856904413
MAR07671,5.74658227,4.006485446,7.856904413
MAR07672,17.36720396,11.58147131,19.08000773
MAR07673,17.36720396,11.58147131,19.08000773
MAR04160,4.562482925,4.076969889,10.85279375
MAR04162,2.64787558,1.552926406,8.567748287
MAR04163,3.346196305,2.451481191,8.567748287
MAR04165,2.64787558,1.552926406,8.567748287
MAR04166,2.64787558,1.552926406,11.72777418
MAR04167,2.64787558,1.552926406,11.72777418
MAR04169,4.562482925,4.076969889,10.85279375
MAR04170,2.64787558,1.552926406,8.567748287
MAR04523,5.506456924,3.75294259,18.41243908
MAR04539,11.20784494,7.064162338,11.52207591
MAR04540,11.20784494,7.064162338,11.52207591
MAR04541,11.20784494,7.064162338,11.52207591
MAR04542,11.20784494,7.064162338,11.52207591
MAR04543,11.20784494,7.064162338,11.52207591
MAR04544,11.20784494,7.064162338,11.52207591
MAR04816,9.12496585,8.153939779,21.7055875
MAR04817,4.562482925,4.076969889,10.85279375
MAR04818,2.64787558,1.552926406,8.567748287
MAR04833,0,0,0
MAR04834,0,0,0
MAR04835,0,0,0
MAR04836,0,0,0
MAR08538,11.20784494,7.064162338,11.52207591
MAR08738,2.64787558,1.552926406,8.567748287
MAR08739,2.64787558,1.552926406,8.567748287
MAR08740,58.5796924,50.44441752,129.6837332
MAR06393,1000,1000,1000
MAR06394,13.20247969,11.35913645,52.75679018
MAR06396,1.929896388,1.111231193,6.738620817
MAR06405,0,0,0
MAR08345,0,0,0
MAR08346,31.91861177,25.74156753,28.70738722
MAR08348,31.91861177,25.74156753,28.70738722
MAR08349,27.09277626,24.75337947,63.42502465
MAR08619,510.1680576,506.5718998,537.1823478
MAR08620,1000,1000,1000
MAR08621,38.08211604,49.79997403,29.96722272
MAR08622,0,0,0
MAR08623,0,0,0
MAR08624,38.08211604,49.79997403,29.96722272
MAR08625,0,0,0
MAR03991,80.0915455,56.44883595,98.23737194
MAR04657,12.22459215,11.9584339,30.51590872
MAR04744,13.15989083,11.91912955,12.8553747
MAR04746,5.389273985,3.510117013,6.420272818
MAR04748,3.953712827,2.052288498,6.420272818
MAR04750,3.075888444,2.656623337,7.847435211
MAR04752,7.455639809,5.327060401,14.51245795
MAR04755,3.098565025,4.328809478,1.045420887
MAR04757,3.098565025,4.328809478,1.045420887
MAR04762,0,0,0
MAR04763,0,0,0
MAR04764,6.539159677,4.440105118,13.47784115
MAR04768,0,0,0
MAR04769,3.075888444,2.656623337,7.847435211
MAR04770,7.455639809,5.327060401,14.51245795
MAR04771,0,0,1.04E-13
MAR04772,3.075888444,2.656623337,6.420272818
MAR04773,0,0,-2.30E-15
MAR06395,660.183091,612.8976719,696.4747439
MAR08634,6.539159677,4.440105118,13.47784115
MAR09717,0,0,0
MAR06630,23.87455644,25.73564528,23.10510967
MAR06631,20.95500141,17.74499472,34.58279597
MAR06632,23.87455644,25.73564528,23.10510967
MAR06633,20.95500141,17.74499472,34.58279597
MAR06634,0.00084683,0.000713602,0.001919377
MAR06635,0,0,0
MAR06636,41.39784933,31.23201682,26.17060138
MAR06637,41.39784933,31.23201682,26.17060138
MAR06638,1000,1000,1000
MAR06639,0,0,0
MAR06640,0,0,0
MAR06641,0.000422188,0.000355767,0.000956907
MAR06642,0.000422188,0.000355767,0.000956907
MAR06643,1000,1000,1000
MAR06644,51.15884329,38.72434923,49.27743848
MAR06645,1000,1000,1000
MAR06646,10.03158677,9.269862687,31.67419033
MAR06647,10.03158677,9.269862687,31.67419033
MAR06648,0.000422188,0.000355767,0.000956907
MAR06649,0.000422188,0.000355767,0.000956907
MAR06650,10.03200895,9.270218454,31.67514724
MAR06651,1000,1000,1000
MAR06652,10.03158677,9.269862687,31.67419033
MAR06653,0.000422188,0.000355767,0.000956907
MAR06654,0.000422188,0.000355767,0.000956907
MAR06655,0.000422188,0.000355767,0.000956907
MAR06656,0.000422188,0.000355767,0.000956907
MAR06657,0.000422188,0.000355767,0.000956907
MAR06658,0.000422188,0.000355767,0.000956907
MAR06659,999.99962,999.9996798,999.9991388
MAR06660,10.0312068,9.269542497,31.67332911
MAR06661,1000,1000,1000
MAR06662,1000,1000,1000
MAR06663,0,0,0
MAR06664,0.000422188,0.000355767,0.000956907
MAR06665,0.000422188,0.000355767,0.000956907
MAR06666,0,0,0
MAR06667,0,0,0
MAR06668,0.000422188,0.000355767,0.000956907
MAR06669,0.000422188,0.000355767,0.000956907
MAR06670,0,0,0
MAR06671,0,0,0
MAR06672,1000,1000,1000
MAR06673,20.06279356,18.53940518,63.34751944
MAR06674,10.03158677,9.269862687,31.67419033
MAR06675,10.03158677,9.269862687,31.67419033
MAR06676,10.03158677,9.269862687,31.67419033
MAR06677,0.000422188,0.000355767,0.000956907
MAR06678,0.000422188,0.000355767,0.000956907
MAR06679,1000,0.123914651,11.06342445
MAR06680,0.354290766,0.123914651,0.338091938
MAR06681,0,0,0
MAR06682,0.00084683,0.000713602,0.001919377
MAR06683,0,0,0
MAR06684,0,0,0
MAR06685,0,0,0
MAR06686,0,0,0
MAR06687,0.00084683,0.000713602,0.001919377
MAR06690,-0.000762147,-0.000642242,-0.001727439
MAR06691,-0.000762147,-0.000642242,-0.001727439
MAR06692,0.00084683,0.000713602,0.001919377
MAR06693,0.00084683,0.000713602,0.001919377
MAR06694,0,0,0
MAR06695,0,0,0
MAR06697,0,0,0
MAR06699,0,0,0
MAR06700,0.000422188,0.000355767,0.000956907
MAR06701,0.000422188,0.000355767,0.000956907
MAR06702,0.000422188,0.000355767,0.000956907
MAR06703,0.000422188,0.000355767,0.000956907
MAR06704,0,0,0
MAR06705,0,0,0
MAR08697,1.271871865,0.698794307,3.60015445
MAR08698,1000,1000,1000
MAR08699,1000,1000,1000
MAR08700,6.264176157,8.654626328,18.81462611
MAR08702,999.9992379,999.9993578,999.9982726
MAR08703,0,0,0
MAR08704,0,0,0
MAR08706,0,0,0
MAR08709,1000,1000,1000
MAR08710,0,0,0
MAR08711,1000,1000,1000
MAR08712,0,0,0
MAR08713,1000,1000,1000
MAR08717,1000,1000,1000
MAR06506,4.834693934,3.944212694,22.70238812
MAR06507,14.14522228,10.80351614,32.54076059
MAR06508,3.942908241,5.732402016,11.12314937
MAR06509,18.08813052,16.53591815,9.838372471
MAR06510,281.7894146,274.6355438,373.6061746
MAR06511,6.539159677,4.440105118,13.47784115
MAR04537,18.97255598,12.96416288,28.81390978
MAR04545,1000,1000,1000
MAR04546,1000,1000,1000
MAR04547,1000,1000,1000
MAR04548,12.57911646,11.25154014,2.763520556
MAR04549,0,0,0
MAR04550,1000,1000,1000
MAR04551,0,0,0
MAR04552,1000,1000,1000
MAR04553,1000,1000,1000
MAR04554,0,0,0
MAR04555,0,0,0
MAR04556,0,0,0
MAR04557,0,0,0
MAR04558,8.277158617,5.447404603,31.49031364
MAR04559,27.09277626,23.19239932,63.42502465
MAR04560,29.23216003,23.19239932,66.07310961
MAR04561,8.277158617,5.447404603,31.49031364
MAR04563,14.363286,10.82652335,29.22043185
MAR04564,0,0,0
MAR04204,0.466629957,0.313982567,1.125819878
MAR04206,0.466629957,0.313982567,1.125819878
MAR04207,0.466629957,0.313982567,1.125819878
MAR04208,0.46586781,0.313340324,1.124092439
MAR08744,0.46586781,0.313340324,1.124092439
MAR08746,0,0,0
MAR08748,1000,1000,802.0124199
MAR08613,0.000423415,0.000356801,0.000959688
MAR08615,0.00084683,0.000713602,0.001919377
MAR08616,0.00084683,0.000713602,0.001919377
MAR04064,7.249101416,6.842843801,14.35812207
MAR04065,46.54787986,39.49551565,42.10247071
MAR04066,46.54787986,39.49551565,42.10247071
MAR04067,2.667183453,2.202120537,3.222115493
MAR04068,46.54787986,39.49551565,42.10247071
MAR04069,2.667183453,2.202120537,3.222115493
MAR04070,2.667183453,2.202120537,3.222115493
MAR04071,2.667183453,2.202120537,3.222115493
MAR08102,1000,1000,802.0124199
MAR08724,46.54787986,39.49551565,42.10247071
MAR08725,48.90939541,40.31983098,46.42616178
MAR02114,1000,1000,1000
MAR02115,5.845870712,4.531775826,6.314564663
MAR02117,0.84104136,0.54323073,3.082494729
MAR02118,0.319784297,0.547003407,2.804566362
MAR02129,0.000422188,0.000355767,0.000956907
MAR02130,0,0,0
MAR02131,0.000422188,0.000355767,0.000956907
MAR02132,0.000422188,0.000355767,0.000956907
MAR02133,0.000422188,0.000355767,0.000956907
MAR02134,0.000422188,0.000355767,0.000956907
MAR02135,0.000422188,0.000355767,0.000956907
MAR02136,0.000422188,0.000355767,0.000956907
MAR02137,1000,1000,1000
MAR02138,1000,1000,1000
MAR02139,0.000422188,0.000355767,0.000956907
MAR02140,0.000422188,0.000355767,0.000956907
MAR02142,0.000422188,0.000355767,0.000956907
MAR02143,0.000422188,0.000355767,0.000956907
MAR02144,0.000422188,0.000355767,0.000956907
MAR02145,0.000422188,0.000355767,0.000956907
MAR07996,0.84104136,0.54323073,3.082494729
MAR07999,1000,1000,1000
MAR08003,0,0,0
MAR08004,0.319784297,0.547003407,2.804566362
MAR08005,0,0,0
MAR08006,0.000422188,0.000355767,0.000956907
MAR08008,0.319784297,0.547003407,2.804566362
MAR08011,1000,1000,1000
MAR08012,0,0,0
MAR08013,0,0,0
MAR08014,1000,1000,1000
MAR06423,0,0,0
MAR06426,0.00084683,0.000713602,0.001919377
MAR06427,0.00084683,0.000713602,0.001919377
MAR06428,0.00084683,0.000713602,0.001919377
MAR06429,0.00084683,0.000713602,0.001919377
MAR06432,0.00084683,0.000713602,0.001919377
MAR06433,0.00084683,0.000713602,0.001919377
MAR06434,0.00084683,0.000713602,0.001919377
MAR06435,0.00084683,0.000713602,0.001919377
MAR06436,0.00084683,0.000713602,0.001919377
MAR06441,0.00084683,0.000713602,0.001919377
MAR06442,0.00084683,0.000713602,0.001919377
MAR06443,0.00084683,0.000713602,0.001919377
MAR06444,0.00084683,0.000713602,0.001919377
MAR06447,0.00084683,0.000713602,0.001919377
MAR06448,0.00084683,0.000713602,0.001919377
MAR06450,0.00084683,0.000713602,0.001919377
MAR06451,0.00084683,0.000713602,0.001919377
MAR06453,0.00084683,0.000713602,0.001919377
MAR06456,1000,1000,1000
MAR06457,1000,1000,1000
MAR06458,0,0,0
MAR06459,1000,1000,1000
MAR06460,1000,1000,1000
MAR06461,0,0,0
MAR06464,0.00084683,0.000713602,0.001919377
MAR06465,0.00084683,0.000713602,0.001919377
MAR06466,0.00084683,0.000713602,0.001919377
MAR06467,0.00084683,0.000713602,0.001919377
MAR06470,0.00084683,0.000713602,0.001919377
MAR06471,0.00084683,0.000713602,0.001919377
MAR06472,0.00084683,0.000713602,0.001919377
MAR06473,0.00084683,0.000713602,0.001919377
MAR06476,0.00084683,0.000713602,0.001919377
MAR06500,1000,1000,1000
MAR06477,0.00084683,0.000713602,0.001919377
MAR06478,0.00084683,0.000713602,0.001919377
MAR06479,0.00084683,0.000713602,0.001919377
MAR06482,0.00084683,0.000713602,0.001919377
MAR06484,0.00084683,0.000713602,0.001919377
MAR06486,0.00084683,0.000713602,0.001919377
MAR06488,0.00084683,0.000713602,0.001919377
MAR06490,15.3186155,0.123914651,11.06342445
MAR06492,15.31776867,0.123272409,11.06169701
MAR06495,15.31776867,0.123914651,11.06342445
MAR06496,15.31776867,0.123914651,11.06342445
MAR06501,0,0,0
MAR06992,3.399801875,0.123914651,4.667691178
MAR06993,6.79960375,0.247829301,9.335382357
MAR06994,3.399801875,0.123914651,4.667691178
MAR06995,0,-2.95E-18,0
MAR06996,6.79960375,0.247829301,9.335382357
MAR06997,3.399801875,0.123914651,4.667691178
MAR06998,3.399801875,0.123914651,4.667691178
MAR06999,3.399801875,0.123914651,4.667691178
MAR07000,3.399801875,0.123914651,4.667691178
MAR07001,40.32198011,45.93197935,19.61709131
MAR07002,13.5992075,0.495658603,18.67076471
MAR07003,3.399801875,0.123914651,4.667691178
MAR07004,6.79960375,0.247829301,9.335382357
MAR07005,3.399801875,0.123914651,4.667691178
MAR07006,3.399801875,0.123914651,4.667691178
MAR07007,3.399801875,0.123914651,4.667691178
MAR07008,3.399801875,0.123914651,4.667691178
MAR07009,3.399801875,0.123914651,4.667691178
MAR07010,3.399801875,0.123914651,4.667691178
MAR07011,3.399801875,0.123914651,4.667691178
MAR07012,3.399801875,0.123914651,4.667691178
MAR07013,3.399801875,0.123914651,4.667691178
MAR07014,6.79960375,0.247829301,9.335382357
MAR07015,3.399801875,0.123914651,4.667691178
MAR07016,3.399801875,0.123914651,4.667691178
MAR07017,3.399801875,0.123914651,4.667691178
MAR07018,3.399801875,0.123914651,4.667691178
MAR07019,3.399801875,0.123914651,4.667691178
MAR07020,3.399801875,0.123914651,4.667691178
MAR07021,40.32198011,45.93197935,19.61709131
MAR07022,3.399801875,0.123914651,4.667691178
MAR07023,3.399801875,0.123914651,4.667691178
MAR07024,3.399801875,0.123914651,4.667691178
MAR07025,3.399801875,0.123914651,4.667691178
MAR07026,3.399801875,0.123914651,4.667691178
MAR07027,3.399801875,0.123914651,4.667691178
MAR07028,3.399801875,0.123914651,4.667691178
MAR07029,3.399801875,0.123914651,4.667691178
MAR07030,3.399801875,0.123914651,4.667691178
MAR07031,3.399801875,0.123914651,4.667691178
MAR07032,3.399801875,0.123914651,4.667691178
MAR07033,6.79960375,0.247829301,9.335382357
MAR07034,6.79960375,0.247829301,9.335382357
MAR07035,3.399801875,0.123914651,4.667691178
MAR07036,3.399801875,0.123914651,4.667691178
MAR07037,3.399801875,0.123914651,4.667691178
MAR07038,6.79960375,0.247829301,9.335382357
MAR07039,3.399801875,0.123914651,4.667691178
MAR07040,6.79960375,0.247829301,9.335382357
MAR07041,3.399801875,0.123914651,4.667691178
MAR07042,3.399801875,0.123914651,4.667691178
MAR07043,3.399801875,0.123914651,4.667691178
MAR07044,3.399801875,0.123914651,4.667691178
MAR07045,3.399801875,0.123914651,4.667691178
MAR07046,3.399801875,0.123914651,4.667691178
MAR07047,3.399801875,0.123914651,4.667691178
MAR07048,6.79960375,0.247829301,9.335382357
MAR07049,1.13E-14,-2.95E-18,3.07E-14
MAR07050,3.399801875,0.123914651,4.667691178
MAR07051,0,0,0
MAR07052,3.399801875,0.123914651,4.667691178
MAR07053,3.399801875,0.123914651,4.667691178
MAR07054,3.399801875,0.123914651,4.667691178
MAR07055,3.399801875,0.123914651,4.667691178
MAR07056,3.399801875,0.123914651,4.667691178
MAR07057,3.399801875,0.123914651,4.667691178
MAR07058,3.399801875,0.123914651,4.667691178
MAR07059,13.5992075,0.495658603,18.67076471
MAR07060,3.399801875,0.123914651,4.667691178
MAR07061,3.399801875,0.123914651,4.667691178
MAR07062,4.240843235,0.667145381,7.750185908
MAR07063,3.399801875,0.123914651,4.667691178
MAR07064,3.399801875,0.123914651,4.667691178
MAR07065,3.399801875,0.123914651,4.667691178
MAR07066,3.399801875,0.123914651,4.667691178
MAR07067,3.399801875,0.123914651,4.667691178
MAR07068,3.399801875,0.123914651,4.667691178
MAR07069,3.399801875,0.123914651,4.667691178
MAR07070,3.399801875,0.123914651,4.667691178
MAR07071,3.399801875,0.123914651,4.667691178
MAR07072,3.399801875,0.123914651,4.667691178
MAR07073,3.399801875,0.123914651,4.667691178
MAR07074,3.399801875,0.123914651,4.667691178
MAR07075,3.399801875,0.123914651,4.667691178
MAR07076,3.399801875,0.123914651,4.667691178
MAR07077,3.399801875,0.123914651,4.667691178
MAR07078,10.19940563,0.371743952,14.00307354
MAR07079,3.399801875,0.123914651,4.667691178
MAR07080,3.399801875,0.123914651,4.667691178
MAR07081,3.399801875,0.123914651,4.667691178
MAR07082,6.79960375,0.247829301,9.335382357
MAR07083,3.399801875,0.123914651,4.667691178
MAR07084,3.399801875,0.123914651,4.667691178
MAR07085,3.399801875,0.123914651,4.667691178
MAR07086,3.399801875,0.123914651,4.667691178
MAR07087,3.399801875,0.123914651,4.667691178
MAR07088,6.79960375,0.247829301,9.335382357
MAR07089,3.399801875,0.123914651,4.667691178
MAR07090,3.399801875,0.123914651,4.667691178
MAR07091,0,-2.49E-17,0
MAR07092,-3.99E-16,-2.49E-17,0
MAR07093,-3.99E-16,-2.49E-17,0
MAR07094,-3.99E-16,-2.49E-17,0
MAR07095,0,-2.49E-17,0
MAR07096,0,0,0
MAR07097,0,0,0
MAR07098,0,0,0
MAR07099,3.399801875,0.123914651,4.667691178
MAR07100,3.399801875,0.123914651,4.667691178
MAR07103,3.399801875,0.123914651,4.667691178
MAR07104,3.399801875,0.123914651,4.667691178
MAR07106,3.399801875,0.123914651,4.667691178
MAR07688,1000,1000,1000
MAR08032,1000,1000,1000
MAR08034,1000,1000,1000
MAR08036,76.25162662,49.64217498,188.9574869
MAR08037,77.73354331,50.14739201,211.8924522
MAR08038,167.394305,114.2252786,351.2621634
MAR08040,1000,1000,1000
MAR08043,1000,1000,1000
MAR08046,1000,1000,1000
MAR08049,1000,1000,1000
MAR08052,1000,1000,1000
MAR08055,1000,1000,1000
MAR08059,6.794175664,6.25721703,9.39439402
MAR08596,1000,1000,1000
MAR08598,1000,1000,1000
MAR08601,1000,1000,1000
MAR06535,0,0,0
MAR06536,0,0,0
MAR09569,14.14522228,10.80351614,36.98711633
MAR03955,71.28266942,60.35222417,32.82086759
MAR03984,25.28219568,12.80396206,16.85472883
MAR04201,25.28219568,12.80396206,16.85472883
MAR04202,20.95500141,17.74499472,34.58279597
MAR05127,1000,1000,1000
MAR05128,1000,1000,1000
MAR05363,5.994071885,4.004407598,17.13549657
MAR05406,71.28266942,60.35222417,32.82086759
MAR05409,1000,1000,1000
MAR07794,25.31936,16.33233328,39.72960708
MAR08617,0.00084683,0.000713602,0.001919377
MAR08749,71.28266942,60.35222417,32.82086759
MAR08750,2.154417178,1.899008544,2.664566395
MAR08751,2.154417178,1.899008544,2.664566395
MAR08752,1000,1000,1000
MAR07741,0,0,0
MAR09464,0,0,0
MAR09465,542.7449681,539.6058853,605.2844928
MAR09466,0,0,0
MAR09467,0,0,0
MAR09468,0,0,0
MAR09469,0,0,0
MAR09470,0,0,0
MAR09471,0,0,0
MAR09472,0,0,0
MAR09473,0,0,0
MAR09474,14.363286,10.82652335,29.22043185
MAR09475,0,0,0
MAR09476,0,0,0
MAR09477,0,0,0
MAR09478,0,0,0
MAR09479,0,0,0
MAR09480,0,0,0
MAR09481,0,0,0
MAR09482,0,0,0
MAR09483,1000,1000,1000
MAR09484,0,0,0
MAR09485,0,0,0
MAR09487,0,0,0
MAR09488,23.89702085,15.98514771,58.73730764
MAR09489,23.89702085,15.98514771,58.73730764
MAR09490,0,0,0
MAR09491,0,0,0
MAR09492,0,0,0
MAR09493,12.75925719,7.528860835,0.31327072
MAR09494,12.75925719,7.528860835,0.31327072
MAR09495,0,0,0
MAR09496,0,0,0
MAR09497,0,0,0
MAR09498,0,0,0
MAR09499,0,0,0
MAR09500,0,0,0
MAR09501,2.78E-29,2.78E-29,0
MAR09502,0,0,0
MAR09503,0,0,0
MAR09504,0,0,0
MAR09505,0,0,0
MAR09506,0,0,0
MAR09507,0,0,0
MAR09508,0,0,0
MAR09509,0,0,0
MAR09510,0,0,0
MAR09511,0,0,0
MAR09512,0,0,0
MAR09513,0,0,0
MAR09514,0,0,0
MAR09515,0,0,0
MAR09516,7.038287341,4.081819252,17.92339966
MAR09517,7.038287341,4.081819252,17.92339966
MAR09518,0,0,0
MAR09519,0,0,0
MAR09520,0,0,0
MAR09521,0,0,0
MAR09522,0,0,0
MAR09523,0,0,0
MAR09524,0,0,0
MAR09525,0,0,0
MAR09527,0,0,0
MAR09528,0,0,0
MAR09529,0,0,0
MAR09530,0,0,0
MAR09531,0,0,0
MAR09532,0,0,0
MAR09534,0,0,0
MAR09535,0,0,0
MAR09536,0,0,0
MAR09537,0,0,0
MAR09538,0,0,0
MAR09539,0,0,0
MAR09540,0,0,0
MAR09541,0,0,0
MAR09542,0,0,0
MAR09543,0,0,0
MAR09544,0,0,0
MAR09545,0,0,0
MAR09546,0,0,0
MAR09547,0,0,0
MAR09548,0,0,0
MAR09549,0,0,0
MAR09550,0,0,0
MAR09551,0,0,0
MAR09552,0,0,0
MAR09553,0,0,0
MAR09801,1.22911208,0.745802094,2.183609537
MAR09807,1.22911208,0.745802094,2.183609537
MAR09554,0,0,0
MAR09555,0,0,0
MAR09556,1.441957653,1.133911796,0.808431811
MAR09557,0,0,0
MAR09558,0,0,0
MAR09559,0,0,0
MAR09560,0,0,0
MAR09561,1000,1000,1000
MAR09562,0,0,0
MAR09563,0,0,0
MAR09564,0,0,0
MAR09565,0,0,0
MAR09566,0,0,0
MAR09567,0,0,0
MAR09568,0,0,0
MAR09570,0,0,0
MAR09571,16.69337026,18.22360888,10.94923357
MAR09572,16.69337026,18.22360888,10.94923357
MAR09573,0,0,0
MAR09574,0,0,0
MAR09575,0,0,0
MAR09580,0,0,0
MAR09581,7.536467763,5.167748067,0.928784691
MAR09582,7.536467763,5.167748067,0.928784691
MAR09583,1000,1000,1000
MAR09584,1000,1000,1000
MAR09585,0,0,0
MAR09586,0,0,0
MAR09587,0,0,0
MAR09588,0,0,0
MAR09798,14.30352835,13.49360386,38.22590874
MAR09806,0,0,0
MAR00010,17.37860504,10.74721887,32.73066156
MAR00011,1000,1000,1000
MAR00012,1000,1000,1000
MAR00013,6.454569544,6.386294801,6.572387149
MAR00014,0.681670711,0.674460177,0.694113494
MAR00477,500.3071926,500.3910287,500.8242047
MAR00545,0,0,0
MAR00546,0,0,0
MAR00547,0,0,0
MAR00548,0,0,0
MAR00549,0,0,0
MAR00550,0,0,0
MAR00551,0,0,0
MAR00552,0,0,0
MAR00553,0.614385263,0.78205741,1.648409323
MAR00555,0,0,0
MAR00556,0,0,0
MAR00557,0,0,0
MAR00558,0,0,0
MAR00559,0,0,0
MAR00560,0,0,0
MAR00561,0.614385263,0.78205741,1.648409323
MAR00685,0,0,0
MAR00686,0,0,0
MAR00687,0,0,0
MAR00688,0,0,0
MAR00689,0,0,0
MAR00690,0,0,0
MAR00691,0,0,0
MAR00692,0,0,0
MAR01185,2.885980176,2.562854824,7.007772105
MAR01227,2.885980176,2.562854824,7.007772105
MAR05233,0.001837833,0.001433558,0.010088543
MAR05234,0.096332406,0.068886041,0.158609705
MAR05238,0.000214414,0.000167248,0.001176997
MAR05239,0.000214414,0.000167248,0.001176997
MAR05243,0.000144378,0.000112619,0.000792544
MAR05244,0.00400458,0.002863623,0.008962535
MAR05247,0.000200436,0.000156345,0.001100268
MAR05257,0,0,0
MAR09022,1000,1000,1000
MAR00004,17.37860504,10.74721887,32.73066156
MAR00006,0.19659004,0.195449083,0.201547995
MAR00007,1000,1000,1000
MAR00008,1000,1000,1000
MAR00009,17.37860504,10.74721887,32.73066156
MAR00015,1000,1000,1000
MAR00016,1000,1000,1000
MAR00017,1000,1000,1000
MAR00018,815.0220597,702.9431767,1000
MAR00019,17.26590908,10.7415548,29.03555231
MAR00155,37.30712922,26.67661897,116.756268
MAR00164,1.450228177,0.817695924,11.84273601
MAR00167,37.30712922,26.67661897,116.756268
MAR00170,1.450228177,0.817695924,19.66836088
MAR00173,37.30712922,26.67661897,116.756268
MAR00176,37.30712922,26.67661897,116.756268
MAR00179,5.325071213,7.616406403,33.08091351
MAR00183,1.450228177,0.817695924,19.66836088
MAR00187,37.30712922,26.67661897,116.756268
MAR00190,71.28266942,49.64217498,32.82086759
MAR00191,9.227073898,10.31172628,6.61133322
MAR00194,1.436382984,3.990949372,2.235764747
MAR00195,37.30712922,26.67661897,116.756268
MAR00198,1.436382984,3.990949372,2.235764747
MAR00199,18.51108437,13.87858624,17.52744477
MAR00202,1.436382984,3.990949372,2.235764747
MAR00203,4.46355346,6.651507018,6.61133322
MAR00207,1.436382984,3.990949372,2.235764747
MAR00208,4.46355346,6.651507018,6.61133322
MAR00211,1.436382984,3.990949372,2.235764747
MAR00212,9.227073898,10.31172628,6.61133322
MAR00215,1.436382984,3.990949372,2.235764747
MAR00216,37.30712922,26.67661897,116.756268
MAR00224,1.436382984,3.990949372,2.235764747
MAR00225,37.30712922,26.67661897,116.756268
MAR00231,1.436382984,3.990949372,2.235764747
MAR00232,18.538502,13.91348642,17.60100687
MAR00235,1.436382984,3.990949372,2.235764747
MAR00236,26.05342372,17.93345396,40.46644171
MAR00239,1.436382984,3.990949372,2.235764747
MAR00240,9.227073898,10.31172628,6.61133322
MAR00243,1.436382984,3.990949372,2.235764747
MAR00244,9.227073898,10.31172628,6.61133322
MAR00247,1.436382984,3.990949372,2.235764747
MAR00248,37.30712922,26.67661897,116.756268
MAR00253,1.436382984,3.990949372,2.235764747
MAR00254,20.06887064,17.93345396,20.11483442
MAR00257,1.436382984,3.990949372,2.235764747
MAR00258,17.02382354,17.96949716,34.06002712
MAR00261,1.436382984,3.990949372,2.235764747
MAR00262,37.30712922,26.67661897,116.756268
MAR00265,1.436382984,3.990949372,2.235764747
MAR00266,32.96480469,21.99163006,85.03172305
MAR00269,1.436382984,3.990949372,2.235764747
MAR00270,20.06887064,17.93345396,20.11483442
MAR00273,1.436382984,3.990949372,2.235764747
MAR00274,26.05342372,17.93345396,30.75011121
MAR00277,1.436382984,3.990949372,2.235764747
MAR00278,9.115442679,14.88262729,20.63244205
MAR00281,1.436382984,3.990949372,2.235764747
MAR00282,26.05342372,17.93345396,70.09166792
MAR00287,1.436382984,3.990949372,2.235764747
MAR00288,6.763046853,7.872121353,7.625609035
MAR00291,1.436382984,3.990949372,2.235764747
MAR00292,13.68650127,17.93345396,30.12060006
MAR00295,1.436382984,3.990949372,2.235764747
MAR00296,18.4541478,17.93345396,13.22266644
MAR00299,1.436382984,3.990949372,2.235764747
MAR00300,18.4541478,17.93345396,13.22266644
MAR00303,1.436382984,3.990949372,2.235764747
MAR00304,9.227073898,10.31172628,6.61133322
MAR00307,1.436382984,3.990949372,2.235764747
MAR00308,7.537869396,12.25422271,15.08521541
MAR00311,1.436382984,3.990949372,2.235764747
MAR00312,18.48259074,22.012213,57.70965
MAR00317,1.436382984,3.990949372,2.235764747
MAR00318,12.10892799,17.93345396,24.57337342
MAR00321,1.436382984,3.990949372,2.235764747
MAR00322,9.227073898,10.31172628,6.61133322
MAR00325,1.436382984,3.990949372,2.235764747
MAR00326,3.074315937,5.602715692,8.473882192
MAR00329,1.436382984,3.990949372,2.235764747
MAR00330,7.645374527,12.71949488,22.8462527
MAR00335,1.436382984,3.990949372,2.235764747
MAR00336,7.645374527,12.42604572,17.9620402
MAR00339,1.436382984,3.990949372,2.235764747
MAR00340,3.074315937,5.602715692,8.473882192
MAR00343,1.436382984,3.990949372,2.235764747
MAR00344,3.074315937,5.309266529,3.589669691
MAR00347,1.436382984,3.990949372,2.235764747
MAR00348,28.62851798,19.81951105,77.19143294
MAR00351,1.436382984,3.990949372,2.235764747
MAR00352,37.30712922,26.67661897,76.44883335
MAR00355,1.436382984,3.990949372,2.235764747
MAR00356,29.42236475,20.42300617,79.84925892
MAR00359,1.436382984,3.990949372,2.235764747
MAR00360,37.30712922,26.67661897,116.756268
MAR00363,1.436382984,3.990949372,2.235764747
MAR00364,27.72271883,19.16701587,74.92651031
MAR00367,1.436382984,3.990949372,2.235764747
MAR00368,6.148631873,11.20543138,16.94776438
MAR00371,1.436382984,3.990949372,2.235764747
MAR00372,3.074315937,5.602715692,8.473882192
MAR00375,1.436382984,3.990949372,2.235764747
MAR00376,34.36954843,24.07883509,94.17797363
MAR00379,1.436382984,3.990949372,2.235764747
MAR00380,18.4541478,17.93345396,13.22266644
MAR00383,1.436382984,3.990949372,2.235764747
MAR00384,9.227073898,10.31172628,6.61133322
MAR00387,1.436382984,3.990949372,2.235764747
MAR00388,18.45002171,17.93345396,32.03297979
MAR00391,1.436382984,3.990949372,2.235764747
MAR00392,3.074315937,5.602715692,8.473882192
MAR00395,1.436382984,3.990949372,2.235764747
MAR00396,37.30712922,26.67661897,116.756268
MAR00399,1.436382984,3.990949372,2.235764747
MAR00400,26.86295411,18.52585167,61.84608163
MAR00403,1.436382984,3.990949372,2.235764747
MAR00404,37.30712922,26.67661897,116.756268
MAR00407,1.436382984,3.990949372,2.235764747
MAR00408,37.30712922,26.67661897,116.756268
MAR00411,1.436382984,3.990949372,2.235764747
MAR00412,26.35693192,18.15773794,70.97073018
MAR00415,1.436382984,3.990949372,2.235764747
MAR00416,6.148631873,11.20543138,16.94776438
MAR00419,1.436382984,3.990949372,2.235764747
MAR00420,3.074315937,5.602715692,8.473882192
MAR00423,1.436382984,3.990949372,2.235764747
MAR00424,27.0853516,18.6960195,69.33230534
MAR00427,1.436382984,3.990949372,2.235764747
MAR00428,26.05342372,17.93345396,70.09166792
MAR00431,1.436382984,3.990949372,2.235764747
MAR00432,9.227073898,10.31172628,6.61133322
MAR00435,1.436382984,3.990949372,2.235764747
MAR00436,9.227073898,10.31172628,6.61133322
MAR00439,1.436382984,3.990949372,2.235764747
MAR00440,13.74908658,8.786042038,27.74857034
MAR00444,0.563629308,0.48038706,0.216645881
MAR00469,1000,1000,802.0124199
MAR00470,0.614385263,0.78205741,1.648409323
MAR00476,1.436382984,3.990949372,2.235764747
MAR00770,4.361305367,3.990774256,9.07188151
MAR00782,5.726574715,4.243515077,8.061460849
MAR01082,16.68743917,21.26880942,23.0669919
MAR01086,1000,1000,1000
MAR01898,1000,1000,1000
MAR01899,1000,1000,1000
MAR01900,1000,1000,1000
MAR01901,1000,1000,1000
MAR01902,1000,1000,1000
MAR01903,1000,1000,1000
MAR01904,1000,1000,1000
MAR01905,1000,1000,1000
MAR01906,1000,1000,1000
MAR01907,1000,1000,1000
MAR01908,1000,1000,1000
MAR01909,1000,1000,1000
MAR01910,5.238547902,3.271616888,10.34145607
MAR01911,4.778991206,4.104682355,7.617825941
MAR01913,710.8212851,631.9425472,401.0062099
MAR01914,0.987472749,1.55982082,5.079142003
MAR01919,1000,1000,1000
MAR02013,1000,1000,1000
MAR03858,44.12934995,45.23640845,50.76723476
MAR03916,23.47576458,19.9155574,31.66566845
MAR03951,1000,1000,1000
MAR03959,20.33611521,13.14379959,74.36469562
MAR03964,1000,1000,802.0124199
MAR04062,12.58346832,11.24708488,20.80235306
MAR04063,51.88148462,43.89911448,48.54497426
MAR04249,15.39537073,13.9739042,25.49833541
MAR04321,5.356401184,4.575473094,7.179397783
MAR04432,11.22558405,5.277627449,5.920927265
MAR04433,1000,1000,1000
MAR04434,1000,1000,1000
MAR04435,1000,1000,1000
MAR04436,1000,1000,1000
MAR04691,1000,1000,1000
MAR04721,3.344269059,3.157398169,14.61034725
MAR04844,79.74163546,64.18746663,61.40888383
MAR04845,817.7001458,657.2250159,908.1441241
MAR04847,7.764711044,5.900000547,3.645453176
MAR04848,7.764711044,5.900000547,3.645453176
MAR04849,1000,1000,1000
MAR04858,65.07627998,51.42762781,71.9952923
MAR04861,0.885650808,0.559828642,1.047079835
MAR04873,1000,1000,1000
MAR04875,1000,1000,1000
MAR04882,7.764711044,5.900000547,3.645453176
MAR04885,5.964093355,8.690406739,15.70158838
MAR04896,1000,1000,1000
MAR04910,2.081614517,2.395245466,4.046513749
MAR04911,9.272637422,7.584067297,25.36174894
MAR04912,9.272637422,7.584067297,25.36174894
MAR04919,1000,1000,1000
MAR04928,44.12934995,45.23640845,50.76723476
MAR04931,3.752009926,0.986052463,1.540820487
MAR04932,2.745657797,2.686470432,0.524307863
MAR04933,0.977727019,0.762652777,5.367105019
MAR04934,1000,1000,1000
MAR04935,44.12934995,45.23640845,50.76723476
MAR04938,61.78398355,46.98484681,118.7376762
MAR04939,61.78398355,46.98484681,118.7376762
MAR04946,0.987472749,1.55982082,5.079142003
MAR04947,445.0729825,392.5478942,771.2501235
MAR04948,1000,1000,1000
MAR04949,1000,1000,1000
MAR04952,1000,1000,1000
MAR04954,53.87453495,51.78801369,44.59299823
MAR04956,142.8486235,139.3073113,155.0495375
MAR04958,1000,1000,1000
MAR04969,5.035986993,3.554064125,10.22916925
MAR04973,23.70756278,18.61688228,71.9952923
MAR04975,1.079418467,0.579010877,103.9002093
MAR04976,44.12934995,45.23640845,50.76723476
MAR04980,3.924546144,4.765983049,3.645453176
MAR04982,1000,1000,1000
MAR04983,1000,1000,1000
MAR04985,7.764711044,5.900000547,3.645453176
MAR04989,1000,1000,1000
MAR04990,9.599989752,4.843793498,14.87133443
MAR04992,42.77319401,26.73543185,88.43175709
MAR04993,5.028699003,3.026435864,7.545806568
MAR04994,1000,1000,1000
MAR04995,1000,1000,1000
MAR04996,10.51287905,9.032803479,29.00625008
MAR04999,7.536467763,5.167748067,0.928784691
MAR05000,0,0,0
MAR05002,12.17173323,5.277627449,5.920927265
MAR05003,7.764711044,5.900000547,17.29183386
MAR05005,1000,1000,1000
MAR05007,1000,1000,1000
MAR05008,7.764711044,5.900000547,17.29183386
MAR05009,1000,1000,1000
MAR05010,0,0,0
MAR05011,1000,1000,1000
MAR05013,1000,1000,1000
MAR05018,44.12934995,45.23640845,50.76723476
MAR05020,1000,1000,1000
MAR05021,4.451113745,3.848330734,13.11237027
MAR05023,1000,1000,1000
MAR05029,65.07627998,51.42762781,71.9952923
MAR05032,7.764711044,5.900000547,17.29183386
MAR05034,7.764711044,5.900000547,17.29183386
MAR05035,7.764711044,5.900000547,17.29183386
MAR05037,7.764711044,5.900000547,17.29183386
MAR05038,1000,1000,1000
MAR05039,13.6676678,11.7345525,36.13805502
MAR05040,51.32638498,36.87871772,118.4882266
MAR05041,17.31335055,13.80180175,46.40294433
MAR05042,7.764711044,5.900000547,17.29183386
MAR05068,13.70893762,6.356122846,15.41282033
MAR05070,16.20236422,9.508387604,21.35076215
MAR05071,13.70893762,6.356122846,15.41282033
MAR05073,16.20236422,9.508387604,21.35076215
MAR05074,16.20236422,9.508387604,21.35076215
MAR05076,16.20236422,9.508387604,21.35076215
MAR05077,16.20236422,9.508387604,21.35076215
MAR05078,16.20236422,9.508387604,21.35076215
MAR05079,16.20236422,9.508387604,21.35076215
MAR05080,16.20236422,9.508387604,21.35076215
MAR05082,16.20236422,9.508387604,21.35076215
MAR05084,16.20236422,9.508387604,21.35076215
MAR05085,16.20236422,9.508387604,21.35076215
MAR05087,16.20236422,9.508387604,21.71334622
MAR05088,16.20236422,9.508387604,21.35076215
MAR05089,16.20236422,9.508387604,21.35076215
MAR05091,16.20236422,9.508387604,21.35076215
MAR05092,16.20236422,9.508387604,21.35076215
MAR05094,13.70893762,6.356122846,15.41282033
MAR05129,1000,1000,1000
MAR05198,0.063541258,0.079305171,0.038384438
MAR05200,0.113844754,0.085429272,0.068772118
MAR05202,0.101195337,0.056952848,0.061130771
MAR05206,0.182151606,0.124260759,0.110035388
MAR05213,0.022395689,0.005217055,0.013528941
MAR05215,0.075896503,0.044092527,0.045848078
MAR05216,0.056922377,0.022046264,0.034386059
MAR05219,0.073845246,0.027895272,0.044608941
MAR05221,0.056922377,0.02628593,0.034386059
MAR05231,0.078064974,0.042714636,0.047158023
MAR05232,0.001837833,0.001433558,0.010088543
MAR05236,0.096332406,0.068886041,0.158609705
MAR05237,0.000214414,0.000167248,0.001176997
MAR05240,0.000214414,0.000167248,0.001176997
MAR05241,0.000144378,0.000112619,0.000792544
MAR05246,0.000200436,0.000156345,0.001100268
MAR05295,135.9834752,120.6515251,177.2273027
MAR05296,1000,1000,1000
MAR05303,421.6425702,263.8850944,383.263851
MAR05305,31.09520184,21.61999762,68.39587573
MAR05307,1000,1000,1000
MAR05308,31.09520184,21.61999762,68.39587573
MAR05310,1000,1000,1000
MAR05311,31.09520184,21.61999762,68.39587573
MAR05313,1000,1000,1000
MAR05314,1000,1000,1000
MAR05315,31.09520184,21.61999762,68.39587573
MAR05316,1000,1000,1000
MAR05317,1000,1000,1000
MAR05318,1000,1000,1000
MAR05319,31.09520184,21.61999762,68.39587573
MAR05320,31.09520184,21.61999762,68.39587573
MAR05322,31.09520184,21.61999762,68.39587573
MAR05324,31.09520184,21.61999762,68.39587573
MAR05326,31.09520184,21.61999762,68.39587573
MAR05328,2.745657797,2.686470432,6.626598412
MAR05330,2.745657797,2.686470432,6.626598412
MAR05332,1000,1000,802.0124199
MAR05333,22.24331862,13.64857817,46.07996961
MAR05335,1000,1000,1000
MAR05413,9.272637422,7.584067297,25.36174894
MAR05429,135.9834752,120.6515251,177.2273027
MAR05430,6.68320224,4.537934715,21.70309338
MAR05432,2.361026607,3.231305889,4.8571371
MAR05433,1000,1000,1000
MAR05435,1000,1000,1000
MAR05436,1000,1000,1000
MAR05437,1000,1000,1000
MAR05438,1000,1000,1000
MAR05439,1000,1000,1000
MAR05440,1000,1000,1000
MAR05441,283.9267767,110.7921042,424.4185052
MAR05442,3.32943276,5.47450699,4.776736017
MAR05443,3.32943276,5.47450699,4.776736017
MAR05444,3.32943276,5.47450699,4.776736017
MAR05445,3.32943276,5.47450699,4.776736017
MAR05446,8.467859231,4.79881813,4.357027274
MAR05447,2.745657797,2.686470432,0.524307863
MAR05448,1000,1000,1000
MAR05450,1.079418467,0.579010877,369.4527268
MAR05451,11.56558421,10.82661429,94.86948224
MAR05454,11.56558421,10.82661429,94.86948224
MAR05455,1.051809233,0.314169749,2.05240388
MAR05457,1000,1000,1000
MAR05458,19.15310231,13.19709148,45.5122466
MAR05459,16.20236422,5.184666947,21.35076215
MAR05460,19.15310231,13.19709148,45.5122466
MAR05461,16.20236422,5.184666947,21.35076215
MAR05462,16.20236422,5.184666947,21.35076215
MAR05463,16.20236422,5.184666947,21.35076215
MAR05464,16.20236422,5.184666947,21.35076215
MAR05465,16.20236422,5.184666947,21.35076215
MAR05466,16.20236422,5.184666947,21.35076215
MAR05467,16.20236422,5.184666947,21.35076215
MAR05468,16.20236422,5.184666947,21.35076215
MAR05469,16.20236422,5.184666947,21.35076215
MAR05470,19.15310231,13.19709148,45.5122466
MAR05471,16.20236422,5.184666947,21.35076215
MAR05472,16.20236422,5.184666947,21.35076215
MAR05473,19.15310231,13.19709148,45.5122466
MAR05474,16.20236422,5.184666947,21.35076215
MAR05475,16.20236422,5.184666947,21.35076215
MAR05476,16.20236422,5.184666947,21.35076215
MAR05477,16.20236422,5.184666947,21.35076215
MAR05478,16.20236422,5.184666947,21.35076215
MAR05479,16.20236422,5.184666947,21.35076215
MAR05480,16.20236422,5.184666947,21.35076215
MAR05481,16.20236422,5.184666947,21.35076215
MAR05482,16.20236422,5.184666947,21.35076215
MAR05483,16.20236422,5.184666947,21.35076215
MAR05484,16.20236422,5.184666947,21.35076215
MAR05485,16.20236422,5.184666947,21.35076215
MAR05486,16.20236422,5.184666947,21.35076215
MAR05487,19.15310231,13.19709148,45.5122466
MAR05488,16.20236422,5.184666947,21.35076215
MAR05489,16.20236422,5.184666947,21.35076215
MAR05490,16.20236422,5.184666947,21.35076215
MAR05491,16.20236422,5.184666947,21.35076215
MAR05492,1000,1000,1000
MAR05493,16.20236422,5.184666947,21.35076215
MAR05494,16.20236422,5.184666947,21.35076215
MAR05495,16.20236422,5.184666947,21.35076215
MAR05496,16.20236422,5.184666947,21.35076215
MAR05497,19.15310231,13.19709148,45.5122466
MAR05498,16.20236422,5.184666947,21.35076215
MAR05499,16.20236422,5.184666947,21.35076215
MAR05500,16.20236422,5.184666947,21.35076215
MAR05501,16.20236422,5.184666947,21.35076215
MAR05502,16.20236422,5.184666947,21.35076215
MAR05503,16.20236422,5.184666947,21.35076215
MAR05504,16.20236422,5.184666947,21.35076215
MAR05505,16.20236422,5.184666947,21.35076215
MAR05506,16.20236422,5.184666947,21.35076215
MAR05507,16.20236422,5.184666947,21.35076215
MAR05508,16.20236422,5.184666947,21.35076215
MAR05509,16.20236422,5.184666947,21.35076215
MAR05510,16.20236422,5.184666947,21.35076215
MAR05511,16.20236422,5.184666947,21.35076215
MAR05512,16.20236422,5.184666947,21.35076215
MAR05513,16.20236422,5.184666947,21.35076215
MAR05514,16.20236422,5.184666947,21.35076215
MAR05515,16.20236422,5.184666947,21.35076215
MAR05516,16.20236422,5.184666947,21.35076215
MAR05517,16.20236422,5.184666947,21.35076215
MAR05518,16.20236422,5.184666947,21.35076215
MAR05519,16.20236422,5.184666947,21.35076215
MAR05520,16.20236422,5.184666947,21.35076215
MAR05521,16.20236422,5.184666947,21.35076215
MAR05522,16.20236422,5.184666947,21.35076215
MAR05523,16.20236422,5.184666947,21.35076215
MAR05524,16.20236422,5.184666947,21.35076215
MAR05525,16.20236422,5.184666947,21.35076215
MAR05526,16.20236422,5.184666947,21.35076215
MAR05527,16.20236422,5.184666947,21.35076215
MAR05528,16.20236422,5.184666947,21.35076215
MAR05529,16.20236422,5.184666947,21.35076215
MAR05530,16.20236422,5.184666947,21.35076215
MAR05531,16.20236422,5.184666947,21.35076215
MAR05532,16.20236422,5.184666947,21.35076215
MAR05533,16.20236422,5.184666947,21.35076215
MAR05534,16.20236422,5.184666947,21.35076215
MAR05535,16.20236422,5.184666947,21.35076215
MAR05536,16.20236422,5.184666947,21.35076215
MAR05537,16.20236422,5.184666947,21.35076215
MAR05538,16.20236422,5.184666947,21.35076215
MAR05539,16.20236422,5.184666947,21.35076215
MAR05540,16.20236422,5.184666947,21.35076215
MAR05541,16.20236422,5.184666947,21.35076215
MAR05542,16.20236422,5.184666947,21.35076215
MAR05543,16.20236422,5.184666947,21.35076215
MAR05544,16.20236422,5.184666947,21.35076215
MAR05545,16.20236422,5.184666947,21.35076215
MAR05546,16.20236422,5.184666947,21.35076215
MAR05547,16.20236422,5.184666947,21.35076215
MAR05548,16.20236422,5.184666947,21.35076215
MAR05549,16.20236422,5.184666947,21.35076215
MAR05550,1000,1000,1000
MAR05551,16.20236422,5.184666947,21.35076215
MAR05552,16.20236422,5.184666947,21.35076215
MAR05553,16.20236422,5.184666947,21.35076215
MAR05554,16.20236422,5.184666947,21.35076215
MAR05555,16.20236422,5.184666947,21.35076215
MAR05556,16.20236422,5.184666947,21.35076215
MAR05557,16.20236422,5.184666947,21.35076215
MAR05558,16.20236422,5.184666947,21.35076215
MAR05559,16.20236422,5.184666947,21.35076215
MAR05560,16.20236422,5.184666947,21.35076215
MAR05561,16.20236422,5.184666947,21.35076215
MAR05562,16.20236422,5.184666947,21.35076215
MAR05563,16.20236422,5.184666947,21.35076215
MAR05564,16.20236422,5.184666947,21.35076215
MAR05565,16.20236422,5.184666947,21.35076215
MAR05566,16.20236422,5.184666947,21.35076215
MAR05567,16.20236422,5.184666947,21.35076215
MAR05568,16.20236422,5.184666947,21.35076215
MAR05569,16.20236422,5.184666947,21.35076215
MAR05570,16.20236422,5.184666947,21.35076215
MAR05571,16.20236422,5.184666947,21.35076215
MAR05572,16.20236422,5.184666947,21.35076215
MAR05573,16.20236422,5.184666947,21.35076215
MAR05574,16.20236422,5.184666947,21.35076215
MAR05575,16.20236422,5.184666947,21.35076215
MAR05576,16.20236422,5.184666947,21.35076215
MAR05577,16.20236422,5.184666947,21.35076215
MAR05578,19.15310231,13.19709148,45.5122466
MAR05579,16.20236422,5.184666947,21.35076215
MAR05580,16.20236422,5.184666947,21.35076215
MAR05581,16.20236422,5.184666947,21.35076215
MAR05582,16.20236422,5.184666947,21.35076215
MAR05583,16.20236422,5.184666947,21.35076215
MAR05584,16.20236422,5.184666947,21.35076215
MAR05585,16.20236422,5.184666947,21.35076215
MAR05586,16.20236422,5.184666947,21.35076215
MAR05587,16.20236422,5.184666947,21.35076215
MAR05588,16.20236422,5.184666947,21.35076215
MAR05589,16.20236422,5.184666947,21.35076215
MAR05590,16.20236422,5.184666947,21.35076215
MAR05591,16.20236422,5.184666947,21.35076215
MAR05592,16.20236422,5.184666947,21.35076215
MAR05593,16.20236422,5.184666947,21.35076215
MAR05594,16.20236422,5.184666947,21.35076215
MAR05595,16.20236422,5.184666947,21.35076215
MAR05596,16.20236422,5.184666947,21.35076215
MAR05597,16.20236422,5.184666947,21.35076215
MAR05598,16.20236422,5.184666947,21.35076215
MAR05599,16.20236422,5.184666947,21.35076215
MAR05600,16.20236422,5.184666947,21.35076215
MAR05601,16.20236422,5.184666947,21.35076215
MAR05602,16.20236422,5.184666947,21.35076215
MAR05603,15.81383063,6.102414718,36.09545807
MAR05604,15.81383063,6.102414718,36.09545807
MAR05605,16.20236422,5.184666947,21.35076215
MAR05606,16.20236422,5.184666947,21.35076215
MAR05607,16.20236422,5.184666947,21.35076215
MAR05608,16.20236422,5.184666947,21.35076215
MAR05609,15.81383063,6.102414718,36.09545807
MAR05610,16.20236422,5.184666947,21.35076215
MAR05611,16.20236422,5.184666947,21.35076215
MAR05612,15.81383063,6.102414718,36.09545807
MAR05613,16.20236422,5.184666947,21.35076215
MAR05614,15.81383063,6.102414718,36.09545807
MAR05615,16.20236422,5.184666947,21.35076215
MAR05616,16.20236422,5.184666947,21.35076215
MAR05617,16.20236422,5.184666947,21.35076215
MAR05618,15.81383063,6.102414718,36.09545807
MAR05619,15.81383063,6.102414718,36.09545807
MAR05620,16.20236422,5.184666947,21.35076215
MAR05621,16.20236422,5.184666947,21.35076215
MAR05622,16.20236422,5.184666947,21.35076215
MAR05623,16.20236422,5.184666947,21.35076215
MAR05624,15.81383063,6.102414718,36.09545807
MAR05625,16.20236422,5.184666947,21.35076215
MAR05626,16.20236422,5.184666947,21.35076215
MAR05627,15.81383063,6.102414718,36.09545807
MAR05628,16.20236422,5.184666947,21.35076215
MAR05629,15.81383063,6.102414718,36.09545807
MAR05630,16.20236422,5.184666947,21.35076215
MAR05631,16.20236422,5.184666947,21.35076215
MAR05632,16.20236422,5.184666947,21.35076215
MAR05633,15.81383063,6.102414718,36.09545807
MAR05634,15.81383063,6.102414718,36.09545807
MAR05635,16.20236422,5.184666947,21.35076215
MAR05636,16.20236422,5.184666947,21.35076215
MAR05637,16.20236422,5.184666947,21.35076215
MAR05638,16.20236422,5.184666947,21.35076215
MAR05639,15.81383063,6.102414718,36.09545807
MAR05640,16.20236422,5.184666947,21.35076215
MAR05641,16.20236422,5.184666947,21.35076215
MAR05642,15.81383063,6.102414718,36.09545807
MAR05643,16.20236422,5.184666947,21.35076215
MAR05644,15.81383063,6.102414718,36.09545807
MAR05645,16.20236422,5.184666947,21.35076215
MAR05646,16.20236422,5.184666947,21.35076215
MAR05647,16.20236422,5.184666947,21.35076215
MAR05648,16.20236422,5.184666947,21.35076215
MAR05649,16.20236422,5.184666947,21.35076215
MAR05650,16.20236422,5.184666947,21.35076215
MAR05651,16.20236422,5.184666947,21.35076215
MAR05652,16.20236422,5.184666947,21.35076215
MAR05653,16.20236422,5.184666947,21.35076215
MAR05654,16.20236422,5.184666947,21.35076215
MAR05655,16.20236422,5.184666947,21.35076215
MAR05656,16.20236422,5.184666947,21.35076215
MAR05657,16.20236422,5.184666947,21.35076215
MAR05658,16.20236422,5.184666947,21.35076215
MAR05659,16.20236422,5.184666947,21.35076215
MAR05660,16.20236422,5.184666947,21.35076215
MAR05661,16.20236422,5.184666947,21.35076215
MAR05662,16.20236422,5.184666947,21.35076215
MAR05663,16.20236422,5.184666947,21.35076215
MAR05664,16.20236422,5.184666947,21.35076215
MAR05665,16.20236422,5.184666947,21.35076215
MAR05666,16.20236422,5.184666947,21.35076215
MAR05667,16.20236422,5.184666947,21.35076215
MAR05668,16.20236422,5.184666947,21.35076215
MAR05669,16.20236422,5.184666947,21.35076215
MAR05670,16.20236422,5.184666947,21.35076215
MAR05671,16.20236422,5.184666947,21.35076215
MAR05672,16.20236422,5.184666947,21.35076215
MAR05673,16.20236422,5.184666947,21.35076215
MAR05674,16.20236422,5.184666947,21.35076215
MAR05675,16.20236422,5.184666947,21.35076215
MAR05676,16.20236422,5.184666947,21.35076215
MAR05677,0.673671907,1.015492716,3.666571612
MAR05678,0.673671907,1.015492716,3.666571612
MAR05679,0.673671907,1.015492716,3.666571612
MAR05680,0.673671907,1.015492716,3.666571612
MAR05681,0.673671907,1.015492716,3.666571612
MAR05682,0.673671907,1.015492716,3.666571612
MAR05683,0.673671907,1.015492716,3.666571612
MAR05684,0.673671907,1.015492716,3.666571612
MAR05685,0.673671907,1.015492716,3.666571612
MAR05686,0.673671907,1.015492716,3.666571612
MAR05687,0.673671907,1.015492716,3.666571612
MAR05688,0.673671907,1.015492716,3.666571612
MAR05689,0.673671907,1.015492716,3.666571612
MAR05690,0.673671907,1.015492716,3.666571612
MAR05691,0.673671907,1.015492716,3.666571612
MAR05692,0.673671907,1.015492716,3.666571612
MAR05693,0.673671907,1.015492716,3.666571612
MAR05694,0.673671907,1.015492716,3.666571612
MAR05695,0.673671907,1.015492716,3.666571612
MAR05696,0.673671907,1.015492716,3.666571612
MAR05697,0.673671907,1.015492716,3.666571612
MAR05698,0.673671907,1.015492716,3.666571612
MAR05699,0.673671907,1.015492716,3.666571612
MAR05700,0.673671907,1.015492716,3.666571612
MAR05701,0.673671907,1.015492716,3.666571612
MAR05702,0.673671907,1.015492716,3.666571612
MAR05703,0.673671907,1.015492716,3.666571612
MAR05704,0.673671907,1.015492716,3.666571612
MAR05705,0.673671907,1.015492716,3.666571612
MAR05706,0.673671907,1.015492716,3.666571612
MAR05707,0.673671907,1.015492716,3.666571612
MAR05708,15.81383063,6.102414718,36.09545807
MAR05709,15.81383063,6.102414718,36.09545807
MAR05710,15.81383063,6.102414718,36.09545807
MAR05711,0.673671907,1.015492716,3.666571612
MAR05712,0.673671907,1.015492716,3.666571612
MAR05713,0.673671907,1.015492716,3.666571612
MAR05714,0.673671907,1.015492716,3.666571612
MAR05715,0.673671907,1.015492716,3.666571612
MAR05716,0.673671907,1.015492716,3.666571612
MAR05717,15.81383063,6.102414718,36.09545807
MAR05718,0.673671907,1.015492716,3.666571612
MAR05719,15.81383063,6.102414718,36.09545807
MAR05720,0.673671907,1.015492716,3.666571612
MAR05721,0.673671907,1.015492716,3.666571612
MAR05722,0.673671907,1.015492716,3.666571612
MAR05723,0.673671907,1.015492716,3.666571612
MAR05724,0.673671907,1.015492716,3.666571612
MAR05725,0.673671907,1.015492716,3.666571612
MAR05726,0.673671907,1.015492716,3.666571612
MAR05727,0.673671907,1.015492716,3.666571612
MAR05728,0.673671907,1.015492716,3.666571612
MAR05729,0.673671907,1.015492716,3.666571612
MAR05730,0.673671907,1.015492716,3.666571612
MAR05731,0.673671907,1.015492716,3.666571612
MAR05732,0.673671907,1.015492716,3.666571612
MAR05733,0.673671907,1.015492716,3.666571612
MAR05734,0.673671907,1.015492716,3.666571612
MAR05735,0.673671907,1.015492716,3.666571612
MAR05736,0.673671907,1.015492716,3.666571612
MAR05737,0.673671907,1.015492716,3.666571612
MAR05738,0.673671907,1.015492716,3.666571612
MAR05739,0.673671907,1.015492716,3.666571612
MAR05740,0.673671907,1.015492716,3.666571612
MAR05741,0.673671907,1.015492716,3.666571612
MAR05742,0.673671907,1.015492716,3.666571612
MAR05743,0.673671907,1.015492716,3.666571612
MAR05744,0.673671907,1.015492716,3.666571612
MAR05745,0.673671907,1.015492716,3.666571612
MAR05746,0.673671907,1.015492716,3.666571612
MAR05747,0.673671907,1.015492716,3.666571612
MAR05748,0.673671907,1.015492716,3.666571612
MAR05749,0.673671907,1.015492716,3.666571612
MAR05750,0.673671907,1.015492716,3.666571612
MAR05751,0.673671907,1.015492716,3.666571612
MAR05752,0.673671907,1.015492716,3.666571612
MAR05753,15.81383063,6.102414718,36.09545807
MAR05754,15.81383063,6.102414718,36.09545807
MAR05755,15.81383063,6.102414718,36.09545807
MAR05756,0.673671907,1.015492716,3.666571612
MAR05757,0.673671907,1.015492716,3.666571612
MAR05758,0.673671907,1.015492716,3.666571612
MAR05759,0.673671907,1.015492716,3.666571612
MAR05760,15.81383063,6.102414718,36.09545807
MAR05761,0.673671907,1.015492716,3.666571612
MAR05762,0.673671907,1.015492716,3.666571612
MAR05763,0.673671907,1.015492716,3.666571612
MAR05764,15.81383063,6.102414718,36.09545807
MAR05765,0.673671907,1.015492716,3.666571612
MAR05766,0.673671907,1.015492716,3.666571612
MAR05767,0.673671907,1.015492716,3.666571612
MAR05768,0.673671907,1.015492716,3.666571612
MAR05769,0.673671907,1.015492716,3.666571612
MAR05770,0.673671907,1.015492716,3.666571612
MAR05771,0.673671907,1.015492716,3.666571612
MAR05772,0.673671907,1.015492716,3.666571612
MAR05773,0.673671907,1.015492716,3.666571612
MAR05774,0.673671907,1.015492716,3.666571612
MAR05775,0.673671907,1.015492716,3.666571612
MAR05776,0.673671907,1.015492716,3.666571612
MAR05777,0.673671907,1.015492716,3.666571612
MAR05778,0.673671907,1.015492716,3.666571612
MAR05779,0.673671907,1.015492716,3.666571612
MAR05780,0.673671907,1.015492716,3.666571612
MAR05781,0.673671907,1.015492716,3.666571612
MAR05782,0.673671907,1.015492716,3.666571612
MAR05783,15.81383063,6.102414718,36.09545807
MAR05784,15.81383063,6.102414718,36.09545807
MAR05785,15.81383063,6.102414718,36.09545807
MAR05786,0.673671907,1.015492716,3.666571612
MAR05787,0.673671907,1.015492716,3.666571612
MAR05788,0.673671907,1.015492716,3.666571612
MAR05789,0.673671907,1.015492716,3.666571612
MAR05790,15.81383063,6.102414718,36.09545807
MAR05791,0.673671907,1.015492716,3.666571612
MAR05792,0.673671907,1.015492716,3.666571612
MAR05793,15.81383063,6.102414718,36.09545807
MAR05794,0.673671907,1.015492716,3.666571612
MAR05795,0.673671907,1.015492716,3.666571612
MAR05796,0.673671907,1.015492716,3.666571612
MAR05797,0.673671907,1.015492716,3.666571612
MAR05798,0.673671907,1.015492716,3.666571612
MAR05799,0.673671907,1.015492716,3.666571612
MAR05800,0.673671907,1.015492716,3.666571612
MAR05801,0.673671907,1.015492716,3.666571612
MAR05802,0.673671907,1.015492716,3.666571612
MAR05803,0.673671907,1.015492716,3.666571612
MAR05804,0.673671907,1.015492716,3.666571612
MAR05805,0.673671907,1.015492716,3.666571612
MAR05806,0.673671907,1.015492716,3.666571612
MAR05807,0.673671907,1.015492716,3.666571612
MAR05808,0.673671907,1.015492716,3.666571612
MAR05809,0.673671907,1.015492716,3.666571612
MAR05810,0.673671907,1.015492716,3.666571612
MAR05811,0.673671907,1.015492716,3.666571612
MAR05812,0.673671907,1.015492716,3.666571612
MAR05813,0.673671907,1.015492716,3.666571612
MAR05814,0.673671907,1.015492716,3.666571612
MAR05815,0.673671907,1.015492716,3.666571612
MAR05816,0.673671907,1.015492716,3.666571612
MAR05817,0.673671907,1.015492716,3.666571612
MAR05818,0.673671907,1.015492716,3.666571612
MAR05819,0.673671907,1.015492716,3.666571612
MAR05820,0.673671907,1.015492716,3.666571612
MAR05821,0.673671907,1.015492716,3.666571612
MAR05822,0.673671907,1.015492716,3.666571612
MAR05823,0.673671907,1.015492716,3.666571612
MAR05824,0.673671907,1.015492716,3.666571612
MAR05825,0.673671907,1.015492716,3.666571612
MAR05826,0.673671907,1.015492716,3.666571612
MAR05827,0.673671907,1.015492716,3.666571612
MAR05828,0.673671907,1.015492716,3.666571612
MAR05829,0.673671907,1.015492716,3.666571612
MAR05830,0.673671907,1.015492716,3.666571612
MAR05831,0.673671907,1.015492716,3.666571612
MAR05832,0.673671907,1.015492716,3.666571612
MAR05833,0.673671907,1.015492716,3.666571612
MAR05834,0.673671907,1.015492716,3.666571612
MAR05835,0.673671907,1.015492716,3.666571612
MAR05836,0.673671907,1.015492716,3.666571612
MAR05837,0.673671907,1.015492716,3.666571612
MAR05838,0.673671907,1.015492716,3.666571612
MAR05839,0.673671907,1.015492716,3.666571612
MAR05840,0.673671907,1.015492716,3.666571612
MAR05841,0.673671907,1.015492716,3.666571612
MAR05842,0.878435536,1.015492716,3.666571612
MAR05843,0.673671907,1.015492716,3.666571612
MAR05844,0.673671907,1.015492716,3.666571612
MAR05845,0.673671907,1.015492716,3.666571612
MAR05846,0.673671907,1.015492716,3.666571612
MAR05847,0.673671907,1.015492716,3.666571612
MAR05848,0.673671907,1.015492716,3.666571612
MAR05849,0.673671907,1.015492716,3.666571612
MAR05850,0.673671907,1.015492716,3.666571612
MAR05851,0.673671907,1.015492716,3.666571612
MAR05852,0.673671907,1.015492716,3.666571612
MAR05853,0.673671907,1.015492716,3.666571612
MAR05854,0.673671907,1.015492716,3.666571612
MAR05855,0.673671907,1.015492716,3.666571612
MAR05856,0.673671907,1.015492716,3.666571612
MAR05857,0.673671907,1.015492716,3.666571612
MAR05858,0.673671907,1.015492716,3.666571612
MAR05859,0.673671907,1.015492716,3.666571612
MAR05860,0.673671907,1.015492716,3.666571612
MAR05861,0.673671907,1.015492716,3.666571612
MAR05862,0.673671907,1.015492716,3.666571612
MAR05863,0.673671907,1.015492716,3.666571612
MAR05864,0.673671907,1.015492716,3.666571612
MAR05865,0.673671907,1.015492716,3.666571612
MAR05866,0.673671907,1.015492716,3.666571612
MAR05867,0.673671907,1.015492716,3.666571612
MAR05868,0.673671907,1.015492716,3.666571612
MAR05869,0.673671907,1.015492716,3.666571612
MAR05870,0.673671907,1.015492716,3.666571612
MAR05871,0.673671907,1.015492716,3.666571612
MAR05872,0.673671907,1.015492716,3.666571612
MAR05873,19.15310231,13.19709148,45.5122466
MAR05874,0.673671907,1.015492716,3.666571612
MAR05875,0.673671907,1.015492716,3.666571612
MAR05876,0.673671907,1.015492716,3.666571612
MAR05877,0.673671907,1.015492716,3.666571612
MAR05878,0.673671907,1.015492716,3.666571612
MAR05879,0.673671907,1.015492716,3.666571612
MAR05880,0.673671907,1.015492716,3.666571612
MAR05881,0.673671907,1.015492716,3.666571612
MAR05882,0.673671907,1.015492716,3.666571612
MAR05883,0.673671907,1.015492716,3.666571612
MAR05884,0.673671907,1.015492716,3.666571612
MAR05885,0.673671907,1.015492716,3.666571612
MAR05886,0.673671907,1.015492716,3.666571612
MAR05887,0.673671907,1.015492716,3.666571612
MAR05888,0.673671907,1.015492716,3.666571612
MAR05889,0.673671907,1.015492716,3.666571612
MAR05890,0.673671907,1.015492716,3.666571612
MAR05891,0.673671907,1.015492716,3.666571612
MAR05892,0.673671907,1.015492716,3.666571612
MAR05893,0.673671907,1.015492716,3.666571612
MAR05894,0.673671907,1.015492716,3.666571612
MAR05895,0.673671907,1.015492716,3.666571612
MAR05896,0.673671907,1.015492716,3.666571612
MAR05897,0.673671907,1.015492716,3.666571612
MAR05898,0.673671907,1.015492716,3.666571612
MAR05899,0.673671907,1.015492716,3.666571612
MAR05900,0.673671907,1.015492716,3.666571612
MAR05901,0.673671907,1.015492716,3.666571612
MAR05902,0.673671907,1.015492716,3.666571612
MAR05903,0.673671907,1.015492716,3.666571612
MAR05904,0.673671907,1.015492716,3.666571612
MAR05905,0.673671907,1.015492716,3.666571612
MAR05906,0.673671907,1.015492716,3.666571612
MAR05907,0.673671907,1.015492716,3.666571612
MAR05908,0.673671907,1.015492716,3.666571612
MAR05909,0.673671907,1.015492716,3.666571612
MAR05910,0.673671907,1.015492716,3.666571612
MAR05911,0.673671907,1.015492716,3.666571612
MAR05912,0.673671907,1.015492716,3.666571612
MAR05913,0.673671907,1.015492716,3.666571612
MAR05914,0.673671907,1.015492716,3.666571612
MAR05915,0.673671907,1.015492716,3.666571612
MAR05916,0.673671907,1.015492716,3.666571612
MAR05917,0.673671907,1.015492716,3.666571612
MAR05918,0.673671907,1.015492716,3.666571612
MAR05919,0.673671907,1.015492716,3.666571612
MAR05920,0.673671907,1.015492716,3.666571612
MAR05921,0.673671907,1.015492716,3.666571612
MAR05922,0.673671907,1.015492716,3.666571612
MAR05923,0.673671907,1.015492716,3.666571612
MAR05924,0.673671907,1.015492716,3.666571612
MAR05925,0.673671907,1.015492716,3.666571612
MAR05926,0.673671907,1.015492716,3.666571612
MAR05927,0.673671907,1.015492716,3.666571612
MAR05928,0.673671907,1.015492716,3.666571612
MAR05929,0.673671907,1.015492716,3.666571612
MAR05930,0.673671907,1.015492716,3.666571612
MAR05931,0.673671907,1.015492716,3.666571612
MAR05932,0.673671907,1.015492716,3.666571612
MAR05933,0.673671907,1.015492716,3.666571612
MAR05934,0.673671907,1.015492716,3.666571612
MAR05935,0.673671907,1.015492716,3.666571612
MAR05936,0.673671907,1.015492716,3.666571612
MAR05937,0.673671907,1.015492716,3.666571612
MAR05938,0.673671907,1.015492716,3.666571612
MAR05939,0.673671907,1.015492716,3.666571612
MAR05940,0.673671907,1.015492716,3.666571612
MAR05941,0.673671907,1.015492716,3.666571612
MAR05942,0.673671907,1.015492716,3.666571612
MAR05943,0.673671907,1.015492716,3.666571612
MAR05944,0.673671907,1.015492716,3.666571612
MAR05945,0.673671907,1.015492716,3.666571612
MAR05946,0.673671907,1.015492716,3.666571612
MAR05947,0.673671907,1.015492716,3.666571612
MAR05948,0.673671907,1.015492716,3.666571612
MAR05949,0.673671907,1.015492716,3.666571612
MAR05950,0.673671907,1.015492716,3.666571612
MAR05951,0.673671907,1.015492716,3.666571612
MAR05952,0.673671907,1.015492716,3.666571612
MAR05953,0.673671907,1.015492716,3.666571612
MAR05954,0.673671907,1.015492716,3.666571612
MAR05955,0.673671907,1.015492716,3.666571612
MAR05956,0.673671907,1.015492716,3.666571612
MAR05957,0.673671907,1.015492716,3.666571612
MAR05958,0.673671907,1.015492716,3.666571612
MAR05959,0.673671907,1.015492716,3.666571612
MAR05960,0.673671907,1.015492716,3.666571612
MAR05961,0.673671907,1.015492716,3.666571612
MAR05962,0.673671907,1.015492716,3.666571612
MAR05963,0.673671907,1.015492716,3.666571612
MAR05964,0.673671907,1.015492716,3.666571612
MAR05965,0.673671907,1.015492716,3.666571612
MAR05966,0.673671907,1.015492716,3.666571612
MAR05967,0.673671907,1.015492716,3.666571612
MAR05968,0.673671907,1.015492716,3.666571612
MAR05969,0.673671907,1.015492716,3.666571612
MAR05970,0.673671907,1.015492716,3.666571612
MAR05971,0.673671907,1.015492716,3.666571612
MAR05972,0.673671907,1.015492716,3.666571612
MAR05973,0.673671907,1.015492716,3.666571612
MAR05974,0.673671907,1.015492716,3.666571612
MAR05975,0.673671907,1.015492716,3.666571612
MAR05976,0.673671907,1.015492716,3.666571612
MAR05977,0.673671907,1.015492716,3.666571612
MAR05978,0.673671907,1.015492716,3.666571612
MAR05979,0.673671907,1.015492716,3.666571612
MAR05980,0.673671907,1.015492716,3.666571612
MAR05981,0.673671907,1.015492716,3.666571612
MAR05982,0.673671907,1.015492716,3.666571612
MAR05983,0.673671907,1.015492716,3.666571612
MAR05984,0.673671907,1.015492716,3.666571612
MAR05985,0.673671907,1.015492716,3.666571612
MAR05986,0.673671907,1.015492716,3.666571612
MAR05987,32.27260333,21.24976866,42.84473347
MAR05989,14.02613348,12.83281166,27.02654276
MAR05990,39.85491102,59.11665468,39.41223717
MAR05992,1000,1000,1000
MAR05993,128.3716529,94.60781163,221.2649254
MAR05994,128.3716529,94.60781163,221.2649254
MAR05995,128.3716529,94.60781163,221.2649254
MAR05996,0.673671907,1.015492716,3.666571612
MAR05997,128.3716529,94.60781163,221.2649254
MAR05998,44.12934995,45.23640845,50.76723476
MAR06000,44.12934995,45.23640845,50.76723476
MAR06001,44.12934995,45.23640845,50.76723476
MAR06002,44.12934995,45.23640845,50.76723476
MAR06003,44.12934995,45.23640845,50.76723476
MAR06004,44.12934995,45.23640845,50.76723476
MAR06005,44.12934995,45.23640845,50.76723476
MAR06006,44.12934995,45.23640845,50.76723476
MAR06007,44.12934995,45.23640845,50.76723476
MAR06008,44.12934995,45.23640845,50.76723476
MAR06009,44.12934995,45.23640845,50.76723476
MAR06010,44.12934995,45.23640845,50.76723476
MAR06011,44.12934995,45.23640845,50.76723476
MAR06012,44.12934995,45.23640845,50.76723476
MAR06013,44.12934995,45.23640845,50.76723476
MAR06014,44.12934995,45.23640845,50.76723476
MAR06015,44.12934995,45.23640845,50.76723476
MAR06016,44.12934995,45.23640845,50.76723476
MAR06017,44.12934995,45.23640845,50.76723476
MAR06018,44.12934995,45.23640845,50.76723476
MAR06019,44.12934995,45.23640845,50.76723476
MAR06020,44.12934995,45.23640845,50.76723476
MAR06021,44.12934995,45.23640845,50.76723476
MAR06022,44.12934995,45.23640845,50.76723476
MAR06023,44.12934995,45.23640845,50.76723476
MAR06024,44.12934995,45.23640845,50.76723476
MAR06025,44.12934995,45.23640845,50.76723476
MAR06026,44.12934995,45.23640845,50.76723476
MAR06027,44.12934995,45.23640845,50.76723476
MAR06028,44.12934995,45.23640845,50.76723476
MAR06029,44.12934995,45.23640845,50.76723476
MAR06030,44.12934995,45.23640845,50.76723476
MAR06031,44.12934995,45.23640845,50.76723476
MAR06032,44.12934995,45.23640845,50.76723476
MAR06033,44.12934995,45.23640845,50.76723476
MAR06034,44.12934995,45.23640845,50.76723476
MAR06035,44.12934995,45.23640845,50.76723476
MAR06036,44.12934995,45.23640845,50.76723476
MAR06037,44.12934995,45.23640845,50.76723476
MAR06038,44.12934995,45.23640845,50.76723476
MAR06039,44.12934995,45.23640845,50.76723476
MAR06040,44.12934995,45.23640845,50.76723476
MAR06041,44.12934995,45.23640845,50.76723476
MAR06042,44.12934995,45.23640845,50.76723476
MAR06043,44.12934995,45.23640845,50.76723476
MAR06044,44.12934995,45.23640845,50.76723476
MAR06045,44.12934995,45.23640845,50.76723476
MAR06046,44.12934995,45.23640845,50.76723476
MAR06047,44.12934995,45.23640845,50.76723476
MAR06048,44.12934995,45.23640845,50.76723476
MAR06049,44.12934995,45.23640845,50.76723476
MAR06050,44.12934995,45.23640845,50.76723476
MAR06051,44.12934995,45.23640845,50.76723476
MAR06052,44.12934995,45.23640845,50.76723476
MAR06053,44.12934995,45.23640845,50.76723476
MAR06054,44.12934995,45.23640845,50.76723476
MAR06055,26.68611865,36.99798812,38.42675674
MAR06056,1000,1000,1000
MAR06057,1000,1000,802.0124199
MAR06058,1000,1000,1000
MAR06059,3.62811412,3.124191483,7.522260186
MAR06060,1000,1000,1000
MAR06061,1000,1000,1000
MAR06062,1000,1000,1000
MAR06063,1000,1000,1000
MAR06064,1000,1000,1000
MAR06065,1000,1000,1000
MAR06066,1000,1000,1000
MAR06067,1000,1000,1000
MAR06068,1000,1000,1000
MAR06069,1000,1000,1000
MAR06070,1000,1000,1000
MAR06071,1000,1000,1000
MAR06072,1000,1000,1000
MAR06073,1000,1000,1000
MAR06074,1000,1000,1000
MAR06075,1000,1000,1000
MAR06076,1000,1000,1000
MAR06077,1000,1000,1000
MAR06078,1000,1000,1000
MAR06079,1000,1000,1000
MAR06080,1000,1000,1000
MAR06081,1000,1000,1000
MAR06082,1000,1000,1000
MAR06083,1000,1000,1000
MAR06084,1000,1000,1000
MAR06085,1000,1000,1000
MAR06086,1000,1000,1000
MAR06087,1000,1000,1000
MAR06088,1000,1000,1000
MAR06089,1000,1000,1000
MAR06090,1000,1000,1000
MAR06091,1000,1000,1000
MAR06092,1000,1000,1000
MAR06093,1000,1000,1000
MAR06094,1000,1000,1000
MAR06095,1000,1000,1000
MAR06096,26.68611865,36.99798812,38.42675674
MAR06097,1000,1000,1000
MAR06098,26.68611865,36.99798812,38.42675674
MAR06099,1000,1000,1000
MAR06100,1000,1000,1000
MAR06101,26.68611865,36.99798812,38.42675674
MAR06102,1000,1000,1000
MAR06103,1000,1000,1000
MAR06104,1000,1000,1000
MAR06105,1000,1000,1000
MAR06106,1000,1000,1000
MAR06107,1000,1000,1000
MAR06108,1000,1000,1000
MAR06109,1000,1000,1000
MAR06110,1000,1000,1000
MAR06111,1000,1000,1000
MAR06112,1000,1000,1000
MAR06113,1000,1000,1000
MAR06114,1000,1000,1000
MAR06115,1000,1000,1000
MAR06116,1000,1000,1000
MAR06117,1000,1000,1000
MAR06118,1000,1000,1000
MAR06119,1000,1000,1000
MAR06120,1000,1000,1000
MAR06121,1000,1000,1000
MAR06122,1000,1000,1000
MAR06123,1000,1000,1000
MAR06124,1000,1000,1000
MAR06125,1000,1000,1000
MAR06126,1000,1000,1000
MAR06127,1000,1000,1000
MAR06128,1000,1000,1000
MAR06129,26.68611865,36.99798812,38.42675674
MAR06130,1000,1000,1000
MAR06131,1000,1000,1000
MAR06132,1000,1000,1000
MAR06133,1000,1000,1000
MAR06134,1000,1000,1000
MAR06135,1000,1000,1000
MAR06136,1000,1000,1000
MAR06137,1000,1000,1000
MAR06138,1000,1000,1000
MAR06139,1000,1000,1000
MAR06140,1000,1000,1000
MAR06141,1000,1000,1000
MAR06142,1000,1000,1000
MAR06143,1000,1000,1000
MAR06144,1000,1000,1000
MAR06145,1000,1000,1000
MAR06146,1000,1000,1000
MAR06147,1000,1000,1000
MAR06148,1000,1000,1000
MAR06149,1000,1000,1000
MAR06150,1000,1000,1000
MAR06151,1000,1000,1000
MAR06152,1000,1000,1000
MAR06153,1000,1000,1000
MAR06154,1000,1000,1000
MAR06155,1000,1000,1000
MAR06156,1000,1000,1000
MAR06157,1000,1000,1000
MAR06158,1000,1000,1000
MAR06159,1000,1000,1000
MAR06160,1000,1000,1000
MAR06161,1000,1000,1000
MAR06162,1000,1000,1000
MAR06163,1000,1000,1000
MAR06164,1000,1000,1000
MAR06165,1000,1000,1000
MAR06166,1000,1000,1000
MAR06167,1000,1000,1000
MAR06168,1000,1000,1000
MAR06169,1000,1000,1000
MAR06170,1000,1000,1000
MAR06171,1000,1000,1000
MAR06172,1000,1000,1000
MAR06173,1000,1000,1000
MAR06174,1000,1000,1000
MAR06175,1000,1000,1000
MAR06176,1000,1000,1000
MAR06177,1000,1000,1000
MAR06178,1000,1000,1000
MAR06179,1000,1000,1000
MAR06180,1000,1000,1000
MAR06181,1000,1000,1000
MAR06182,1000,1000,1000
MAR06183,1000,1000,1000
MAR06184,1000,1000,1000
MAR06185,1000,1000,1000
MAR06186,1000,1000,1000
MAR06187,1000,1000,1000
MAR06188,1000,1000,1000
MAR06189,1000,1000,1000
MAR06190,1000,1000,1000
MAR06191,1000,1000,1000
MAR06192,1000,1000,1000
MAR06193,1000,1000,1000
MAR06194,1000,1000,1000
MAR06195,1000,1000,1000
MAR06196,1000,1000,1000
MAR06197,1000,1000,1000
MAR06198,1000,1000,1000
MAR06199,1000,1000,1000
MAR06200,1000,1000,1000
MAR06201,1000,1000,1000
MAR06202,1000,1000,1000
MAR06203,1000,1000,1000
MAR06204,1000,1000,1000
MAR06205,1000,1000,1000
MAR06206,1000,1000,1000
MAR06207,1000,1000,1000
MAR06208,1000,1000,1000
MAR06209,1000,1000,1000
MAR06210,1000,1000,1000
MAR06211,1000,1000,1000
MAR06212,1000,1000,1000
MAR06213,1000,1000,1000
MAR06214,1000,1000,1000
MAR06215,1000,1000,1000
MAR06216,1000,1000,1000
MAR06217,1000,1000,1000
MAR06218,1000,1000,1000
MAR06219,1000,1000,1000
MAR06220,1000,1000,1000
MAR06221,1000,1000,1000
MAR06222,1000,1000,1000
MAR06223,1000,1000,1000
MAR06224,1000,1000,1000
MAR06225,1000,1000,1000
MAR06226,1000,1000,1000
MAR06227,1000,1000,1000
MAR06228,1000,1000,1000
MAR06229,1000,1000,1000
MAR06230,1000,1000,1000
MAR06231,1000,1000,1000
MAR06232,1000,1000,1000
MAR06233,1000,1000,1000
MAR06234,1000,1000,1000
MAR06235,1000,1000,1000
MAR06236,1000,1000,1000
MAR06237,1000,1000,1000
MAR06238,1000,1000,1000
MAR06239,1000,1000,1000
MAR06240,1000,1000,1000
MAR06241,7.536467763,5.167748067,0.928784691
MAR06242,1000,1000,1000
MAR06243,7.536467763,5.167748067,0.928784691
MAR06244,1000,1000,1000
MAR06245,7.536467763,5.167748067,0.928784691
MAR06246,7.536467763,5.167748067,3.827831784
MAR06247,7.536467763,5.167748067,0.928784691
MAR06248,1.085880951,0.818384246,7.621913161
MAR06249,1.085880951,0.818384246,7.621913161
MAR06250,1000,1000,1000
MAR06251,1000,1000,1000
MAR06252,1000,1000,1000
MAR06253,1000,1000,1000
MAR06254,1000,1000,1000
MAR06255,1000,1000,1000
MAR06256,1000,1000,1000
MAR06257,26.68611865,36.99798812,38.42675674
MAR06258,1000,1000,1000
MAR06259,1000,1000,1000
MAR06260,1000,1000,1000
MAR06261,1000,1000,1000
MAR06262,1000,1000,1000
MAR06263,1000,1000,1000
MAR06264,1000,1000,1000
MAR06265,1000,1000,1000
MAR06266,1000,1000,1000
MAR06267,1000,1000,1000
MAR06268,3.982602183,3.571241819,3.827831784
MAR06269,1000,1000,1000
MAR06270,1000,1000,1000
MAR06271,1000,1000,1000
MAR06272,1000,1000,1000
MAR06273,1000,1000,1000
MAR06274,1000,1000,1000
MAR06275,4.451113745,3.848330734,13.11237027
MAR06351,1000,1000,1000
MAR06352,21.49860025,16.23385082,41.03627193
MAR06353,1000,1000,1000
MAR06354,11.68925719,10.6659836,35.05200278
MAR06355,817.7001458,657.2250159,908.1441241
MAR06356,1000,1000,1000
MAR06357,1000,1000,1000
MAR06358,1000,1000,1000
MAR06359,17.31335055,13.80180175,46.40294433
MAR06360,1000,1000,1000
MAR06361,1000,1000,1000
MAR06362,21.49860025,16.23385082,41.03627193
MAR06363,13.6676678,11.7345525,36.13805502
MAR06364,51.32638498,36.87871772,118.4882266
MAR06365,11.68925719,10.6659836,35.05200278
MAR06366,7.764711044,5.900000547,17.29183386
MAR06367,7.764711044,5.900000547,17.29183386
MAR06368,7.764711044,5.900000547,17.29183386
MAR06369,7.764711044,5.900000547,17.29183386
MAR06370,14.02613348,12.83281166,27.02654276
MAR06371,4.256983635,2.67624671,8.365608057
MAR06372,4.256983635,2.67624671,8.365608057
MAR06373,4.256983635,2.67624671,8.365608057
MAR06374,4.256983635,2.67624671,8.365608057
MAR06375,31.09520184,21.61999762,68.39587573
MAR06377,15.81383063,6.102414718,36.09545807
MAR06379,13.70893762,6.356122846,15.41282033
MAR06380,31.09520184,21.61999762,68.39587573
MAR06381,31.09520184,21.61999762,68.39587573
MAR06382,31.09520184,21.61999762,68.39587573
MAR06383,13.70893762,6.356122846,15.41282033
MAR06384,22.24331862,13.64857817,46.07996961
MAR06392,16.68743917,21.26880942,23.0669919
MAR06406,0.00084683,0.000713602,0.001919377
MAR06424,0,0,0
MAR06439,0.00084683,0.000713602,0.001919377
MAR06462,1.83E-13,1.35E-13,1.35E-13
MAR06474,0,-1.33E-19,2.66E-19
MAR06505,20.01068156,14.92880796,42.22963417
MAR06512,3.942146094,3.943570452,11.12142193
MAR06514,11.81844685,8.563248608,16.63108513
MAR06516,0,-5.31E-16,4.02E-16
MAR06524,1000,1000,1000
MAR06525,12.97161038,23.30754939,23.74862234
MAR06526,142.8486235,139.3073113,155.0495375
MAR06527,39.85491102,59.11665468,39.41223717
MAR06529,290.3815864,295.6021617,337.4204347
MAR06530,19.04105802,24.89998701,14.98361136
MAR06531,19.04105802,24.89998701,14.98361136
MAR06532,19.04105802,24.89998701,14.98361136
MAR06533,19.04105802,24.89998701,14.98361136
MAR06534,0.54419271,0.619690434,0.52116501
MAR06628,1000,1000,1000
MAR06732,7.536467763,5.167748067,0.928784691
MAR06733,1000,1000,1000
MAR06989,1000,1000,1000
MAR06991,1000,1000,1000
MAR07109,13.5992075,0.495658603,18.67076471
MAR07111,53.92118761,46.42763795,38.28785602
MAR07113,50.52138574,46.3037233,33.62016485
MAR07115,10.19940563,0.371743952,14.00307354
MAR07117,13.5992075,0.495658603,18.67076471
MAR07119,10.19940563,0.371743952,14.00307354
MAR07121,21.23985261,1.286718635,31.0886418
MAR07123,20.39881125,0.743487904,28.00614707
MAR07125,6.79960375,0.247829301,9.335382357
MAR07127,3.399801875,0.123914651,4.667691178
MAR07173,1.026727215,0.638900774,2.185434514
MAR07184,2.053454429,1.277801549,3.651698613
MAR07223,0.368970493,0.268533633,0.222052209
MAR07253,1000,1000,1000
MAR07372,0.131775176,0.095904869,0.07930436
MAR07453,0.368970493,0.335667042,0.277565262
MAR07482,0.368970493,0.268533633,0.222052209
MAR07499,0.922426233,1.093607867,1.110261047
MAR07511,0.922426233,1.093607867,0.521472481
MAR07523,0.922426233,1.093607867,1.110261047
MAR07539,0.922426233,1.093607867,1.110261047
MAR07555,0.922426233,1.093607867,1.110261047
MAR07568,4.257475499,1.878671565,17.37806041
MAR07569,4.257475499,1.878671565,17.37806041
MAR07579,0.922426233,0.638900774,0.555130523
MAR07583,0.614950822,0.447556056,0.370087016
MAR07608,82.13224066,63.92977053,61.00977232
MAR07609,27.26354529,22.37158263,45.17671959
MAR07629,59.13794333,47.70112034,118.9856916
MAR07630,1000,1000,1000
MAR07631,5.540479376,4.853990727,4.031380189
MAR07632,5.540479376,4.853990727,4.031380189
MAR07633,1.945789229,2.895805228,3.355506201
MAR07634,1.945789229,2.895805228,3.355506201
MAR07635,1.945789229,2.895805228,3.355506201
MAR07636,1.945789229,2.895805228,3.355506201
MAR07637,1.945789229,2.895805228,3.355506201
MAR07639,2.745657797,2.686470432,0.524307863
MAR07643,19.15310231,13.19709148,45.5122466
MAR07644,19.15310231,13.19709148,45.5122466
MAR07645,0.980097575,0.67446954,8.365608057
MAR07650,8.467859231,4.79881813,4.357027274
MAR07651,8.467859231,4.79881813,4.357027274
MAR07660,0,0,0
MAR07666,11.12879985,7.08125676,50.76723476
MAR07667,3.344269059,3.157398169,14.61034725
MAR07679,1000,1000,802.0124199
MAR07680,2.24218256,2.963307631,0.980381188
MAR07681,710.8212851,631.9425472,401.0062099
MAR07682,4.834725488,4.242304322,6.603621244
MAR07683,4.834725488,4.242304322,6.603621244
MAR07684,4.834725488,4.242304322,6.603621244
MAR07685,4.834725488,4.242304322,6.603621244
MAR07686,4.834725488,4.242304322,6.603621244
MAR07687,0.46586781,0.313340324,1.124092439
MAR07690,0,0,0
MAR07691,8.467859231,5.47450699,4.776736017
MAR07692,8.467859231,5.47450699,4.776736017
MAR07699,1000,1000,1000
MAR07700,1000,1000,1000
MAR07734,1000,1000,1000
MAR07735,0.37058727,0.608659517,1.3934358
MAR07736,1000,1000,802.0124199
MAR07737,1000,1000,802.0124199
MAR07738,1000,1000,802.0124199
MAR07739,1000,1000,1000
MAR07774,23.67039844,17.83320145,57.88258943
MAR07781,1000,1000,1000
MAR07787,43.50830433,37.4698917,131.9933603
MAR07798,3.186121314,2.600228966,15.90416632
MAR07896,1000,1000,824.7661199
MAR07898,0,3.34E-15,3.76E-15
MAR07900,-8.31E-16,-4.15E-16,0
MAR07901,0,0,0
MAR07902,0.54419271,0.619690434,5.079142003
MAR07903,1000,1000,1000
MAR07904,2.36151555,0.824315327,4.323691075
MAR07905,23.67039844,17.83320145,57.88258943
MAR07906,9.12496585,8.153939779,21.7055875
MAR07946,1000,1000,1000
MAR07951,30.22041466,21.78092953,19.70140824
MAR07961,1000,1000,1000
MAR07964,65.07659999,56.61451067,9.794513285
MAR07967,16.68743917,0.123914651,11.06342445
MAR07975,1000,1000,1000
MAR07977,1000,1000,1000
MAR07979,1000,1000,1000
MAR07982,16.68743917,21.26880942,23.0669919
MAR07986,16.68743917,21.26880942,23.0669919
MAR07990,16.68743917,21.26880942,23.0669919
MAR07994,0,0,0
MAR07997,0.84104136,0.54323073,3.082494729
MAR08002,1000,1000,1000
MAR08007,1000,1000,1000
MAR08010,6.685772165,5.074045986,9.394475744
MAR08015,1000,1000,1000
MAR08023,1000,1000,1000
MAR08031,0,0,0
MAR08033,1000,1000,1000
MAR08035,1000,1000,1000
MAR08039,0,0,0
MAR08041,1000,1000,1000
MAR08042,0,0,0
MAR08044,1000,1000,1000
MAR08045,0,0,0
MAR08047,1000,1000,1000
MAR08048,0,0,0
MAR08050,1000,1000,1000
MAR08051,0,0,0
MAR08053,1000,1000,1000
MAR08054,0,0,0
MAR08056,1000,1000,1000
MAR08057,0,0,0
MAR08061,6.794175664,6.25721703,9.39439402
MAR08073,22.080023,23.47582453,86.50788063
MAR08075,44.12934995,45.23640845,50.76723476
MAR08076,2.361026607,3.231305889,4.8571371
MAR08077,2.361026607,3.231305889,4.8571371
MAR08079,1000,1000,1000
MAR08080,16.55431723,10.89480921,34.58279597
MAR08081,1.470840977,0.956652493,1.548238076
MAR08090,1000,1000,1000
MAR08095,1000,1000,1000
MAR08100,1000,1000,1000
MAR08101,1000,1000,1000
MAR08103,1000,1000,802.0124199
MAR08104,40.5723904,29.51022342,56.86996466
MAR08154,0.614950822,0.729071911,1.110261047
MAR08158,0.922426233,0.638900774,2.185434514
MAR08161,0.922426233,0.638900774,2.185434514
MAR08164,0.922426233,0.638900774,2.185434514
MAR08214,1.691981149,1.050294596,0.890202
MAR08223,0.922426233,1.093607867,3.008110384
MAR08225,1000,1000,1000
MAR08229,1000,1000,1000
MAR08231,34.04129688,24.4508806,116.7119038
MAR08240,20.96433376,16.46908234,18.11113765
MAR08247,15.19068663,12.66413909,16.3451869
MAR08253,0.461213117,0.546803933,1.504055192
MAR08266,3.740485411,3.97572636,7.825336618
MAR08270,0.922426233,1.093607867,1.110261047
MAR08273,1.844852466,1.342668167,1.110261047
MAR08283,0.922426233,1.093607867,1.110261047
MAR08290,3.740485411,3.97572636,7.825336618
MAR08297,3.740485411,3.97572636,7.270206095
MAR08300,1000,1000,1000
MAR08304,0.268211445,0.163270207,0.217133925
MAR08311,0.614950822,0.447556056,0.370087016
MAR08313,0.922426233,0.671334084,0.555130523
MAR08315,0.922426233,0.671334084,0.555130523
MAR08321,1.844852466,1.277801549,1.110261047
MAR08324,1.844852466,1.342668167,1.110261047
MAR08329,17.02064844,10.32841323,24.90185794
MAR08336,7.480970823,7.951452721,12.45092897
MAR08339,12.85109671,10.14455643,12.45092897
MAR08340,0,0,0
MAR08343,1000,1000,1000
MAR08354,0.980097575,0.67446954,8.365608057
MAR08364,44.12934995,45.23640845,50.76723476
MAR08374,0,0,0
MAR08408,1000,1000,1000
MAR08420,0.28738475,0.178321275,2.08374694
MAR08429,42.77319401,26.73543185,88.43175709
MAR08515,1000,1000,1000
MAR08520,62.97085689,49.13901051,67.5090123
MAR08536,1000,1000,1000
MAR08551,1000,1000,1000
MAR08567,-4.68E-15,0,0
MAR08586,5.57737076,7.752652483,0.617731296
MAR08593,62.59481753,53.49117285,75.62721587
MAR08595,0,0,0
MAR08597,1000,1000,1000
MAR08599,1000,1000,1000
MAR08600,0,0,0
MAR08602,1000,1000,1000
MAR08612,0.00084683,0.000713602,0.001919377
MAR08618,78.42962122,62.97262001,111.3324031
MAR08629,1000,1000,1000
MAR08631,1000,1000,1000
MAR08632,1000,1000,1000
MAR08633,16.68743917,21.26880942,23.0669919
MAR08635,1000,1000,1000
MAR08636,0,0,0
MAR08656,0,0,0
MAR08658,65.07659999,56.61451067,9.794513285
MAR08659,1000,1000,1000
MAR08660,1000,1000,1000
MAR08670,19.04105802,24.89998701,14.98361136
MAR08671,1000,1000,1000
MAR08676,4.80143408,3.989944532,6.034686323
MAR08677,4.80143408,3.989944532,6.034686323
MAR08678,1000,1000,1000
MAR08679,1000,1000,1000
MAR08686,6.476802516,4.024350278,11.4633449
MAR08687,0.673671907,1.015492716,3.666571612
MAR08696,0,0,0
MAR08714,1000,1000,1000
MAR08718,1000,1000,1000
MAR08720,653.5022195,470.4063154,1000
MAR08721,1000,1000,1000
MAR08723,1000,1000,1000
MAR08730,5.866221428,4.125934072,32.39298914
MAR08732,2.36151555,0.824315327,4.323691075
MAR08733,19.15310231,13.19709148,45.5122466
MAR08734,19.15310231,13.19709148,45.5122466
MAR08735,1000,1000,1000
MAR08736,19.04105802,24.89998701,14.98361136
MAR08760,3.099331512,1.981763628,9.429845598
MAR08797,1000,1000,1000
MAR08798,1000,1000,1000
MAR08846,65.07627998,51.42762781,71.9952923
MAR08847,1.085880951,0.818384246,7.621913161
MAR08849,1000,1000,1000
MAR08850,16.68743917,0.123914651,11.06342445
MAR08852,30.31329424,29.6795468,56.6027381
MAR08853,1000,1000,1000
MAR08854,1000,1000,1000
MAR08861,1000,1000,1000
MAR08863,76.25162662,49.64217498,188.9574869
MAR08864,77.73354331,50.14739201,211.8924522
MAR08865,167.394305,114.2252786,351.2621634
MAR08866,80.64396022,91.8639587,80.79756655
MAR08867,1000,1000,1000
MAR08869,40.32198011,45.93197935,19.61709131
MAR08870,68.48442786,66.58306714,131.3847702
MAR08872,1.079418467,0.579010877,152.3729742
MAR08873,7.480970823,7.951452721,17.41555599
MAR08876,1.079418467,0.579010877,1000
MAR08877,5.964093355,8.690406739,15.70158838
MAR08878,25.70219341,20.93449653,33.76190519
MAR08879,1000,1000,1000
MAR08881,1.026727215,0.638900774,2.185434514
MAR08883,17.02064844,12.2254403,25.59488868
MAR08884,5.964093355,8.690406739,15.70158838
MAR08889,1000,1000,1000
MAR08892,1000,1000,802.0124199
MAR08893,47.94759517,39.91284435,87.72834883
MAR08896,0.68448481,0.42593385,1.456956342
MAR08898,0.68448481,0.42593385,1.456956342
MAR08899,24.22444958,18.16064557,64.61930872
MAR08901,34.04129688,24.4508806,116.7119038
MAR08903,9.846218891,5.887740086,25.78063096
MAR08905,1000,1000,1000
MAR08907,24.34346646,10.5552549,11.84185453
MAR08911,1000,1000,1000
MAR08912,1000,1000,1000
MAR08913,1.844852466,2.187215733,6.016220767
MAR08917,4.80143408,3.989944532,6.034686323
MAR08922,338.1210953,336.9421745,343.0734773
MAR08923,1000,1000,802.0124199
MAR08924,1000,1000,1000
MAR08925,6.68320224,4.537934715,21.70309338
MAR08927,40.32198011,45.93197935,19.61709131
MAR08929,0.980097575,0.67446954,8.365608057
MAR08930,3.344269059,3.157398169,14.61034725
MAR08931,1000,1000,1000
MAR08932,1000,1000,1000
MAR08933,1000,1000,1000
MAR08934,8.467859231,4.79881813,4.357027274
MAR08935,8.467859231,4.79881813,4.357027274
MAR08936,1000,1000,1000
MAR08937,1000,1000,1000
MAR08938,1.044010859,0.761892613,2.222058564
MAR08939,3.698999885,4.781492203,5.203456523
MAR08940,3.698999885,4.781492203,5.203456523
MAR08941,3.698999885,4.781492203,5.203456523
MAR08942,3.698999885,4.781492203,5.203456523
MAR08943,3.698999885,4.781492203,5.203456523
MAR08944,3.698999885,4.781492203,5.203456523
MAR08945,3.698999885,4.781492203,5.203456523
MAR08946,3.698999885,4.781492203,5.203456523
MAR08947,3.698999885,4.781492203,5.203456523
MAR09173,-3.16E-14,-1.27E-13,2.13E-15
MAR09175,0,0,0
MAR09176,1000,1000,1000
MAR09178,0,0,0
MAR09180,1000,1000,1000
MAR09182,0,0,0
MAR09183,0,0,0
MAR09184,0,0,0
MAR09185,0,0,0
MAR09187,16.22021601,23.0770203,12.24614659
MAR09188,1000,1000,1000
MAR09189,1000,1000,1000
MAR09190,19.15310231,13.19709148,45.5122466
MAR09191,19.15310231,13.19709148,45.5122466
MAR09192,3.663655322,3.534391494,0.612618048
MAR09193,3.004019269,2.994532989,2.061125484
MAR09195,1000,1000,1000
MAR09196,0,0,0
MAR09197,25.06797037,17.09274356,42.84473347
MAR09198,0.701750493,0.355766212,2.105739179
MAR09590,0.54419271,0.619690434,0.52116501
MAR09591,1.051809233,0.314169749,2.05240388
MAR09592,1.051809233,0.314169749,2.05240388
MAR09593,1.051809233,0.314169749,2.05240388
MAR09594,1.051809233,0.314169749,2.05240388
MAR09595,1.051809233,0.314169749,2.05240388
MAR09596,1.051809233,0.314169749,2.05240388
MAR09597,1.051809233,0.314169749,2.05240388
MAR09598,1.051809233,0.314169749,2.05240388
MAR09599,1.051809233,0.314169749,2.05240388
MAR09600,1.051809233,0.314169749,2.05240388
MAR09601,11.56558421,10.82661429,94.86948224
MAR09602,1000,1000,1000
MAR09603,1000,1000,1000
MAR09604,1000,1000,1000
MAR09605,1000,1000,1000
MAR09606,1000,1000,1000
MAR09607,3.344269059,3.157398169,14.61034725
MAR09608,0.00084683,0.000713602,0.001919377
MAR09609,3.344269059,3.157398169,14.61034725
MAR09610,61.78398355,46.98484681,118.7376762
MAR09611,0.885650808,0.559828642,1.047079835
MAR09612,1000,1000,1000
MAR09613,1000,1000,1000
MAR09614,1000,1000,1000
MAR09615,1000,1000,1000
MAR09616,1.051809233,0.314169749,2.05240388
MAR09617,1.044010859,0.761892613,2.222058564
MAR09618,1000,1000,1000
MAR09619,1000,1000,1000
MAR09620,1000,1000,1000
MAR09621,1000,1000,1000
MAR09622,1000,1000,1000
MAR09623,1000,1000,1000
MAR09624,1000,1000,1000
MAR09635,1.5184064,1.146733478,2.178606121
MAR09636,3.100294584,1.746447995,5.202994175
MAR09637,0,0,0
MAR09638,103.9432481,88.83535019,107.9585254
MAR09639,1000,1000,1000
MAR09640,102.7502123,72.65197331,218.9862833
MAR09641,99.14881545,85.17449476,142.6203609
MAR09642,10.7910927,8.870390873,18.33642475
MAR09643,3.740485411,3.97572636,8.707777995
MAR09644,0.53642289,0.326540413,0.43426785
MAR09645,2.493656941,2.65048424,5.80518533
MAR09646,1000,1000,1000
MAR09647,25.70219341,13.96210325,23.40945416
MAR09648,0.368970493,0.268533633,0.222052209
MAR09649,1000,1000,1000
MAR09650,4.161769395,3.475007584,15.46934837
MAR09651,2.493656941,2.65048424,5.80518533
MAR09652,1000,1000,1000
MAR09653,1.5184064,1.146733478,2.178606121
MAR09654,1.5184064,1.146733478,2.178606121
MAR09655,0.922426233,0.671334084,0.555130523
MAR09656,6.264176157,8.654626328,18.81462611
MAR09657,5.710289016,4.051821171,11.10152338
MAR09658,1.5184064,1.146733478,1.089303061
MAR09659,1000,1000,1000
MAR09660,2.672656887,2.568578228,12.82392728
MAR09661,2.672656887,2.568578228,12.82392728
MAR09662,1.844852466,2.187215733,6.016220767
MAR09663,1.1388048,0.860050109,1.679315722
MAR09720,0.255368918,0.201923952,0.48185078
MAR09728,15.79721406,19.00044857,-1.96484052
MAR09731,0,-1.14E-15,-3.12E-15
MAR09737,1000,1000,1000
MAR08071,24.77091976,28.69525352,103.0572701
MAR04312,39.4368311,25.18971828,46.07820683
MAR08428,72.927977,43.45353196,36.90092468
MAR08430,72.927977,43.45353196,36.90092468
MAR08022,42.8619843,39.77509659,53.42738935
MAR08070,12.38545988,14.34762676,51.52863503
MAR09015,2.175254315,1.260998379,3.61319617
MAR09019,5.238547902,3.271616888,10.34145607
MAR09020,-1.08E-14,-9.62E-15,-3.51E-14
MAR00157,38.0689885,30.5179135,48.66822122
MAR00158,19.68524923,19.91028353,28.03881469
MAR00166,1.450228177,0.817695924,11.84273601
MAR00169,11.09561061,6.883306446,60.77655216
MAR00172,1.450228177,0.817695924,19.66836088
MAR00175,16.59962997,12.37737599,40.79612909
MAR00178,1.450228177,0.817695924,19.66836088
MAR00182,24.54239934,18.32021722,55.91227637
MAR00185,1.450228177,0.817695924,19.66836088
MAR00446,36.69779514,32.31986827,46.95046789
MAR00578,10.4770958,6.543233776,20.68291214
MAR00587,0,0,0
MAR00962,8.550711937,5.571212995,10.37324959
MAR01145,25.20421899,14.1006203,40.73687521
MAR01173,2.299493394,1.220614335,1.014275815
MAR01187,28.09019916,16.65190209,40.73687521
MAR01215,2.299493394,1.220614335,1.014275815
MAR01243,0.708581531,0.247829301,0.676183877
MAR01267,24.49563746,13.852791,67.50427828
MAR01284,0.354290766,0.123914651,0.338091938
MAR01572,17.91193195,12.57870902,16.68983633
MAR01602,1.68208272,1.086461461,6.164989458
MAR01915,1000,1000,1000
MAR01925,28.18047024,15.89610415,47.27603128
MAR01930,1000,1000,1000
MAR01936,0,4.85E-13,0
MAR01994,1000,1000,1000
MAR01997,0.354290766,0.123914651,0.338091938
MAR02008,1000,1000,1000
MAR02012,1000,1000,1000
MAR02065,1.68208272,1.086461461,6.164989458
MAR02080,0.84104136,0.54323073,3.082494729
MAR02094,0.84104136,0.54323073,3.082494729
MAR02105,1.68208272,1.086461461,6.164989458
MAR02116,6.890201819,4.039184117,4.683918745
MAR02127,0.000422188,0.000355767,0.000956907
MAR02141,0.000422188,0.000355767,0.000956907
MAR02590,0.395673619,0.438214133,6.626598412
MAR03746,18.30053854,10.53678982,17.32961178
MAR03762,0,0,0
MAR03789,8.634226526,5.881306311,9.826949826
MAR03818,2.800012883,1.667010417,8.22057914
MAR03825,5.097075796,4.266853969,11.45035822
MAR03863,5.097075796,4.266853969,11.45035822
MAR03864,5.097075796,4.266853969,11.45035822
MAR03921,0,0,0
MAR03946,74.87992014,41.88772285,103.9823514
MAR03949,149.7212011,92.96427483,225.9522008
MAR03950,14.06148092,5.358939648,26.93741241
MAR03952,92.1666247,55.86687042,182.4180792
MAR03954,2.68673154,1.814633494,1.247886353
MAR03971,2.629702739,2.168266848,2.121071694
MAR04184,4.218030556,3.642972182,10.36739363
MAR04205,0.46586781,0.313340324,1.124092439
MAR04237,32.68894029,29.705225,58.10902155
MAR04266,2.53535029,1.791658198,5.153924548
MAR04367,0,3.02E-15,0
MAR04684,81.98596226,56.88870284,196.423904
MAR04692,0.678793911,0.31683717,1.293131539
MAR04720,8.897943158,8.39244523,20.8794614
MAR04729,2.683490374,3.08417417,3.865478891
MAR04738,18.28900169,16.39407225,21.62325952
MAR04743,0,0,0
MAR04754,7.455639809,5.327060401,3.136262661
MAR04756,5.025218269,2.830358956,7.095483697
MAR04760,0.00084683,0.000713602,0.001919377
MAR04843,0.484548455,0.983947912,5.920927265
MAR04850,7.902764335,8.610186326,12.4952111
MAR04851,2.629702739,2.168266848,2.121071694
MAR04852,8.037150189,4.771062473,9.557271786
MAR04854,2.629702739,2.168266848,2.121071694
MAR04855,8.037150189,4.771062473,9.557271786
MAR04862,2.629702739,2.168266848,2.121071694
MAR04863,2.629702739,2.168266848,2.121071694
MAR04864,2.629702739,2.168266848,2.121071694
MAR04865,2.629702739,2.168266848,2.121071694
MAR04867,2.629702739,2.168266848,2.121071694
MAR04868,2.629702739,2.168266848,2.121071694
MAR04870,2.629702739,2.168266848,2.121071694
MAR04871,2.629702739,2.168266848,2.121071694
MAR04872,2.629702739,2.168266848,2.121071694
MAR04874,45.91471666,26.27940883,129.2681943
MAR04888,1000,1000,1000
MAR04898,1000,1000,1000
MAR04905,39.14181832,28.56181397,108.0040313
MAR04914,3.454672025,2.659479385,3.850856687
MAR04922,27.26016278,18.12651392,82.50986432
MAR04926,5.40136028,3.404091075,17.45752649
MAR04940,2.629702739,2.168266848,2.121071694
MAR04944,4.834725488,4.242304322,6.603621244
MAR04951,0,-1.46E-12,0
MAR04953,0.678793911,0.31683717,1.293131539
MAR04959,0,0,0
MAR04963,133.2144956,102.3102549,241.960411
MAR04964,22.26954015,12.8802177,27.87243691
MAR04971,22.26954015,12.8802177,27.87243691
MAR04972,22.26954015,12.8802177,27.87243691
MAR04957,175.6961691,128.2704718,335.348176
MAR04977,11.12879985,7.08125676,50.76723476
MAR04979,11.68925719,10.6659836,21.4056221
MAR04997,2.875415619,2.206670013,5.675470772
MAR04998,15.45276318,11.78979017,44.02961627
MAR05006,6.790458167,2.508516388,44.03932273
MAR05014,11.68925719,10.6659836,21.4056221
MAR05015,19.75535406,14.34303063,71.67489233
MAR05016,11.12879985,7.08125676,50.76723476
MAR05022,22.95132843,14.32849684,77.18073153
MAR05031,5.514864563,3.043773779,17.29183386
MAR05033,1.472437551,1.735586608,1.726034915
MAR05036,5.514864563,3.043773779,17.29183386
MAR05043,34.63304774,23.02080363,118.593734
MAR05046,4.982542252,6.918985251,8.33896032
MAR05096,444.3996542,317.5491719,810.5722736
MAR05099,81.98596226,56.88870284,196.423904
MAR05101,46.07121701,33.55566918,109.9394193
MAR05102,81.98596226,56.88870284,196.423904
MAR05105,2.73139196,1.488218612,5.923592937
MAR05107,81.98596226,56.88870284,196.423904
MAR05109,81.98596226,56.88870284,196.423904
MAR05112,1.266052144,0.873125347,1.209876501
MAR05113,15.70161966,12.92554272,26.86712549
MAR05114,15.70161966,7.253361446,26.86712549
MAR05115,42.55780896,29.37009595,102.464585
MAR05116,42.81101939,29.54472102,102.7065603
MAR05117,865.7168373,612.2170092,1000
MAR05118,81.98596226,56.88870284,196.423904
MAR05121,1.266052144,0.873125347,1.209876501
MAR05122,5.525025741,5.438355512,11.04172891
MAR05124,4.947023383,4.409578675,14.08539476
MAR05125,74.68498579,51.15512747,120.9802055
MAR05126,81.98596226,56.88870284,196.423904
MAR05222,0.253210429,0.174625069,0.2419753
MAR05223,0,0,0
MAR05225,28.18047024,15.89610415,47.27603128
MAR05227,0,0,0
MAR05292,3.1593281,2.204501785,8.629939341
MAR05304,10.48698886,6.511202468,35.33442492
MAR05348,44.12934995,45.23640845,50.76723476
MAR05349,44.12934995,45.23640845,50.76723476
MAR05361,1000,1000,1000
MAR05411,11.12879985,7.08125676,50.76723476
MAR05420,5.025218269,2.830358956,7.095483697
MAR05426,370.0479919,266.8619568,570.2803294
MAR06276,22.26954015,12.8802177,27.87243691
MAR06277,22.26954015,12.8802177,27.87243691
MAR06286,22.26954015,12.8802177,27.87243691
MAR06287,22.26954015,12.8802177,27.87243691
MAR06288,22.26954015,12.8802177,27.87243691
MAR06289,22.26954015,12.8802177,27.87243691
MAR06290,22.26954015,12.8802177,27.87243691
MAR06291,22.26954015,12.8802177,27.87243691
MAR06292,22.26954015,12.8802177,27.87243691
MAR06293,22.26954015,12.8802177,27.87243691
MAR06294,22.26954015,12.8802177,27.87243691
MAR06295,22.26954015,12.8802177,27.87243691
MAR06296,22.26954015,12.8802177,27.87243691
MAR06297,22.26954015,12.8802177,27.87243691
MAR06298,22.26954015,12.8802177,27.87243691
MAR06299,41.87921763,29.05553916,99.05886554
MAR06300,42.48528232,29.27577326,101.2947361
MAR06301,2.73139196,1.488218612,5.923592937
MAR06302,2.73139196,1.488218612,5.923592937
MAR06303,81.98596226,56.88870284,196.423904
MAR06304,81.98596226,56.88870284,196.423904
MAR06305,83.75843526,58.11107832,198.1177311
MAR06306,81.98596226,56.88870284,196.423904
MAR06307,2.73139196,1.488218612,5.923592937
MAR06308,2.73139196,1.488218612,5.923592937
MAR06309,81.98596226,56.88870284,196.423904
MAR06310,81.98596226,56.88870284,196.423904
MAR06311,84.71735422,58.37692145,202.3474969
MAR06312,81.98596226,56.88870284,196.423904
MAR06313,2.73139196,1.488218612,5.923592937
MAR06314,2.73139196,1.488218612,5.923592937
MAR06315,42.35867711,29.18846073,101.1737485
MAR06316,40.99298113,28.44435142,98.21195199
MAR06317,2.73139196,1.488218612,5.923592937
MAR06318,2.73139196,1.488218612,5.923592937
MAR06321,2.73139196,1.488218612,5.923592937
MAR06323,2.73139196,1.488218612,5.923592937
MAR06324,2.73139196,1.488218612,5.923592937
MAR06325,40.99298113,28.44435142,98.21195199
MAR06326,44.86382002,30.71838284,105.2244338
MAR06327,2.73139196,1.488218612,5.923592937
MAR06328,66.51920379,34.75753121,169.9503932
MAR06330,2.629702739,2.168266848,2.121071694
MAR06331,2.629702739,2.168266848,2.121071694
MAR06332,0.977727019,0.762652777,5.367105019
MAR06333,0.977727019,0.762652777,5.367105019
MAR06334,0.977727019,0.762652777,5.367105019
MAR06335,0.977727019,0.762652777,5.367105019
MAR06336,0.977727019,0.762652777,5.367105019
MAR06337,0.977727019,0.762652777,5.367105019
MAR06338,0.977727019,0.762652777,5.367105019
MAR06339,0.977727019,0.762652777,5.367105019
MAR06340,0.977727019,0.762652777,5.367105019
MAR06341,0.977727019,0.762652777,5.367105019
MAR06342,0.977727019,0.762652777,5.367105019
MAR06343,0.977727019,0.762652777,5.367105019
MAR06389,23.58869852,14.57487355,24.35300872
MAR06391,8.037150189,4.771062473,9.557271786
MAR06408,0,0,0
MAR06431,0.00084683,0.000713602,0.001919377
MAR06438,-0.000762147,-0.000642242,-0.001727439
MAR06446,0.00084683,0.000713602,0.001919377
MAR06454,0.00084683,0.000713602,0.001919377
MAR06455,0,0,0
MAR06469,0.00084683,0.000713602,0.001919377
MAR06481,0.00084683,0.000713602,0.001919377
MAR06513,51.11857088,36.23621088,97.80022646
MAR06517,5.259405479,4.281624304,4.242143389
MAR06521,2.629702739,2.168266848,2.121071694
MAR06522,2.629702739,2.168266848,2.121071694
MAR06618,0,-6.13E-16,-2.45E-15
MAR06620,0,1.23E-15,-2.45E-15
MAR06781,1000,1000,1000
MAR06890,0.510737837,0.403847905,0.96370156
MAR06902,0.510737837,0.403847905,0.96370156
MAR07638,9.457819922,5.02746992,15.26369202
MAR07708,773.9592852,706.7395138,961.0514264
MAR07719,0,0,0
MAR07723,5.238547902,3.043773779,10.34145607
MAR07757,11.09561061,6.883306446,60.77655216
MAR07758,2.714632434,3.243953635,5.232906013
MAR07760,0,0,0
MAR07769,2.175254315,1.260998379,3.61319617
MAR07804,0.977727019,0.762652777,5.367105019
MAR07806,0.977727019,0.762652777,5.367105019
MAR07808,0.977727019,0.762652777,5.367105019
MAR07810,0.977727019,0.762652777,5.367105019
MAR07812,0.977727019,0.762652777,5.367105019
MAR07814,0.977727019,0.762652777,5.367105019
MAR07815,0.977727019,0.762652777,5.367105019
MAR07816,0.977727019,0.762652777,5.367105019
MAR07818,0.977727019,0.762652777,5.367105019
MAR07820,0.977727019,0.762652777,5.367105019
MAR07822,0.977727019,0.762652777,5.367105019
MAR07824,0.977727019,0.762652777,5.367105019
MAR07825,0.977727019,0.762652777,5.367105019
MAR07826,0.977727019,0.762652777,5.367105019
MAR07827,0.977727019,0.762652777,5.367105019
MAR07828,0.977727019,0.762652777,5.367105019
MAR07829,0.977727019,0.762652777,5.367105019
MAR07830,0.977727019,0.762652777,5.367105019
MAR07831,0.977727019,0.762652777,5.367105019
MAR07832,0.977727019,0.762652777,5.367105019
MAR07833,0.977727019,0.762652777,5.367105019
MAR07834,0.977727019,0.762652777,5.367105019
MAR07835,0.977727019,0.762652777,5.367105019
MAR07836,0.977727019,0.762652777,5.367105019
MAR07837,0.977727019,0.762652777,5.367105019
MAR07838,0.977727019,0.762652777,5.367105019
MAR07839,0.977727019,0.762652777,5.367105019
MAR07840,0.977727019,0.762652777,5.367105019
MAR07841,0.977727019,0.762652777,5.367105019
MAR07842,0.977727019,0.762652777,5.367105019
MAR07843,0.977727019,0.762652777,5.367105019
MAR07844,0.977727019,0.762652777,5.367105019
MAR07845,0.977727019,0.762652777,5.367105019
MAR07846,0.977727019,0.762652777,5.367105019
MAR07847,0.977727019,0.762652777,5.367105019
MAR07848,0.977727019,0.762652777,5.367105019
MAR07849,0.977727019,0.762652777,5.367105019
MAR07850,0.977727019,0.762652777,5.367105019
MAR07851,0.977727019,0.762652777,5.367105019
MAR07852,0.977727019,0.762652777,5.367105019
MAR07853,0.977727019,0.762652777,5.367105019
MAR07854,0.977727019,0.762652777,5.367105019
MAR07897,0,0,0
MAR07899,0,0,0
MAR07914,0.245024394,0.168617385,2.091402014
MAR07917,0.196019515,0.134893908,1.673121611
MAR07923,0.163349596,0.11241159,1.39426801
MAR07995,0.84104136,0.54323073,3.082494729
MAR07998,1000,1000,1000
MAR08000,1000,1000,1000
MAR08001,1000,1000,1000
MAR08009,1000,1000,1000
MAR08089,0.678793911,0.31683717,1.293131539
MAR08093,18.30053854,10.53678982,17.32961178
MAR08099,18.30053854,10.53678982,17.32961178
MAR08120,0.245024394,0.168617385,2.091402014
MAR08122,0.196019515,0.134893908,1.673121611
MAR08124,0.196019515,0.134893908,1.673121611
MAR08126,0.163349596,0.11241159,1.39426801
MAR08128,0.163349596,0.11241159,1.39426801
MAR08356,27.09277626,24.75337947,63.42502465
MAR08365,11.12879985,7.08125676,50.76723476
MAR08411,37.17785619,25.61898586,68.59707276
MAR08438,281.7894146,274.6355438,373.6061746
MAR08475,7.149181322,4.422432902,17.29183386
MAR08505,27.09277626,24.75337947,63.42502465
MAR08510,2.777321769,3.382288632,5.608199303
MAR08513,0,0,0
MAR08528,1.328192228,0.840665586,0.462671717
MAR08532,0,0,0
MAR08562,22.21953561,24.75337947,35.67658023
MAR08614,0.00084683,0.000713602,0.001919377
MAR08627,440.9540598,312.9963839,841.3156664
MAR08655,0,0,0
MAR08657,16.78198467,9.187394855,21.38855547
MAR08680,1000,1000,1000
MAR08731,81.05829188,53.9644651,129.6837332
MAR08741,2.629702739,2.168266848,2.121071694
MAR08742,2.629702739,2.168266848,2.121071694
MAR08745,1000,1000,1000
MAR08747,0.46586781,0.313340324,1.124092439
MAR08776,27.09277626,24.75337947,63.42502465
MAR08785,0,0,0
MAR08848,5.259405479,4.281624304,4.242143389
MAR08890,0,0,0
MAR08891,23.58869852,14.57487355,39.76222301
MAR08910,0,0,0
MAR09174,123.1566675,86.51778188,240.8802462
MAR09194,1000,1000,1000
MAR09675,37.52018571,32.33311191,75.57668674
MAR09676,22.21953561,24.75337947,35.67658023
MAR09677,0,-8.98E-15,0
MAR09014,5.75482969,3.507213683,19.17115225
MAR00707,0,0,0
MAR00713,1000,1000,1000
MAR01104,7.842130406,5.323383693,9.697065716
MAR01135,0.354290766,0.123914651,0.338091938
MAR01144,25.20421899,14.1006203,40.73687521
MAR01172,0,-1.44E-16,5.23E-15
MAR01188,27.50371238,15.32123463,40.73687521
MAR01214,0,0,0
MAR01242,9.8040653,7.876390008,22.35357577
MAR01268,24.49563746,13.852791,67.50427828
MAR01283,0.354290766,0.123914651,0.338091938
MAR01286,1.062872297,0.371743952,1.014275815
MAR01443,2.553689183,2.019239524,4.818507799
MAR02067,1.68208272,1.086461461,6.164989458
MAR02082,0.84104136,0.54323073,3.082494729
MAR02093,0.84104136,0.54323073,3.082494729
MAR02104,1.68208272,1.086461461,6.164989458
MAR02407,1.496742653,1.514063497,5.898488315
MAR02509,1.496742653,1.514063497,5.898488315
MAR02547,0.354290766,0.123914651,0.338091938
MAR02575,0.708581531,0.247829301,0.676183877
MAR03007,11.12879985,7.08125676,50.76723476
MAR03008,42.77319401,26.73543185,94.36391185
MAR03011,42.77319401,26.73543185,94.36391185
MAR03013,4.206621114,2.284977571,3.686378404
MAR03014,42.77319401,26.73543185,94.36391185
MAR03017,2.299493394,1.220614335,1.014275815
MAR03018,1.496742653,1.514063497,5.898488315
MAR03019,1.496742653,1.514063497,5.898488315
MAR03020,1.496742653,1.514063497,5.898488315
MAR03021,1.496742653,1.514063497,5.898488315
MAR03022,1.496742653,1.514063497,5.898488315
MAR03023,1.496742653,1.220614335,1.014275815
MAR03024,1.496742653,1.514063497,5.898488315
MAR03025,1.496742653,1.514063497,5.898488315
MAR03026,4.80143408,3.989944532,6.034686323
MAR03473,3.23467556,2.465299824,8.687291022
MAR03848,1000,1000,1000
MAR03850,1000,1000,1000
MAR03867,0,0,0
MAR03947,75.84658704,38.41188619,50.5641865
MAR03948,2.553689183,2.019239524,2.981036452
MAR04393,4.263533872,2.467272134,12.69122112
MAR04468,470.0658456,357.26511,1000
MAR04469,1.63E-12,0,0
MAR04647,4.736582306,3.41441574,2.018367074
MAR04790,241.642087,192.1248332,496.3381665
MAR04890,1000,1000,1000
MAR04900,1000,1000,1000
MAR04908,5.238547902,3.271616888,10.34145607
MAR04915,1000,1000,1000
MAR04924,0.369494679,0.22927021,2.679103209
MAR04930,44.12934995,45.23640845,50.76723476
MAR04945,-4.66E-15,-1.81E-29,4.66E-15
MAR04986,11.56558421,10.82661429,94.86948224
MAR05344,1000,1000,1000
MAR05346,102.918944,71.37410258,376.6341001
MAR05362,7.649500615,6.223074086,4.035939344
MAR05414,0,0,1.60E-13
MAR05452,11.56558421,10.82661429,94.86948224
MAR05453,1000,1000,1000
MAR06928,0,0,0
MAR06937,0,0,0
MAR06986,1000,1000,1000
MAR06987,0,0,0
MAR07590,12.6566203,8.761816234,16.3451869
MAR07596,-1.06E-16,1.89E-14,-1.04E-13
MAR07640,1000,1000,1000
MAR07646,0.980097575,0.67446954,8.365608057
MAR07705,1000,1000,1000
MAR07707,749.7900487,599.1899172,1000
MAR07771,1000,1000,1000
MAR07775,1000,1000,1000
MAR07777,117.3576351,80.46786481,231.0173188
MAR07779,117.3576351,80.46786481,231.0173188
MAR07782,5.238547902,3.271616888,10.34145607
MAR07783,80.83425951,57.50706912,345.591784
MAR07785,1000,1000,1000
MAR07788,55.43441748,45.07705784,63.84445629
MAR07790,13.79696036,7.323686009,6.08565489
MAR07797,7.781067595,4.853749783,11.64524467
MAR08016,1000,1000,1000
MAR08020,-1.18E-13,0,-1.18E-13
MAR08359,0,0,0
MAR08414,28.53601014,18.00458541,95.40383906
MAR08754,2.368291153,1.70720787,1.009183537
MAR08756,25.28219568,12.80396206,16.85472883
MAR08860,4.736582306,3.41441574,2.018367074
MAR08926,0,0,0
MAR09179,1000,1000,1000
MAR09181,1000,1000,1000
MAR09678,13.42904887,9.562307214,37.12912719
MAR09679,2.714632434,3.243953635,5.232906013
MAR09680,1000,1000,1000
MAR09017,0,0,0
MAR00984,0.354290766,0.123914651,0.338091938
MAR01089,0.354290766,0.123914651,0.338091938
MAR01090,1000,1000,1000
MAR01094,0.354290766,0.123914651,0.338091938
MAR01095,65.19899663,44.14132796,184.0716514
MAR02564,7.251639112,5.782831501,8.855734668
MAR02585,17.3960207,21.51663872,23.74317578
MAR04274,2.53535029,1.791658198,5.153924548
MAR04275,2.53535029,1.791658198,5.153924548
MAR04277,5.07070058,3.583316395,10.21426331
MAR04535,2.053454429,1.277801549,4.370869027
MAR04538,0,0,0
MAR04893,1000,1000,1000
MAR04904,14.85756899,11.68957765,18.04956128
MAR04916,1000,1000,1000
MAR05422,27.3474244,17.24392131,43.45037189
MAR05423,2.743191337,1.859025562,6.752583792
MAR05424,2.053454429,1.277801549,4.370869027
MAR06617,13.44386451,7.137187973,20.19186726
MAR06619,0,0,0
MAR07653,23.27823303,21.53969491,17.90278686
MAR07664,3.143317554,2.698075106,4.129121433
MAR07665,0,-2.46E-16,0
MAR07712,0,0,0
MAR07763,0,0,0
MAR07764,9.587238698,13.9956691,12.49099632
MAR07765,13.61242819,14.18593763,26.27609911
MAR07767,0,0,0
MAR07773,0,0,0
MAR07786,10.5552433,7.515367199,21.95114126
MAR07792,3.429577409,2.211646955,11.26702502
MAR07795,73.62547095,82.49045386,44.71519897
MAR07796,13.85770666,7.485922381,21.62089612
MAR07855,5.238547902,3.271616888,10.34145607
MAR07856,142.2430891,125.6827439,225.1360552
MAR07857,273.2786446,234.7617084,531.8859001
MAR07858,7.902764335,4.266571504,12.4952111
MAR07859,0,0,0
MAR07860,14.40759144,8.936910177,51.40047787
MAR07861,0.82599802,0.701814848,1.757305569
MAR07862,0.550665347,0.467876565,1.171537046
MAR07877,5.238547902,3.271616888,10.34145607
MAR08024,1000,1000,1000
MAR08028,4.537476063,4.728645876,8.758699703
MAR08082,14.19984314,12.65910574,9.499364404
MAR08361,1000,1000,1000
MAR08363,1000,1000,1000
MAR08412,28.53601014,18.00458541,95.40383906
MAR08447,1000,1000,1000
MAR08476,7.764711044,5.900000547,17.29183386
MAR08789,2.53535029,1.791658198,5.153924548
MAR08828,54.39838148,49.57521604,66.36161574
MAR08837,38.34895479,53.49591582,49.96398526
MAR08838,55.098596,51.11119744,67.16656793
MAR08839,0,0,0
MAR08840,3.805910094,3.586550305,6.489857037
MAR08841,3.79E-15,0,3.79E-15
MAR08842,0,0,0
MAR08843,0,0,0
MAR08844,2.210562801,2.138047363,5.005846029
MAR08845,0,0,0
MAR08862,0,0,0
MAR08868,-1.67E-15,0,0
MAR08871,0,0,0
MAR08894,1.15E-15,-2.88E-16,1.09E-14
MAR08909,341.7488039,277.8297386,617.0046966
MAR08918,0,0,0
MAR09673,2.64787558,1.552926406,8.567748287
MAR09674,7.040117802,6.248887793,9.44548225
MAR08638,0,0,0
MAR08642,0,0,0
MAR04314,0,0,0
MAR09016,0,0,0
MAR09018,0,0,0
MAR00769,6.510503614,5.681291014,18.80284849
MAR00791,25.70219341,20.93449653,21.77776256
MAR00796,1000,1000,1000
MAR00798,4.82E-13,9.08E-14,0
MAR00802,56.52710987,40.78351423,116.7568177
MAR00831,1.441957653,1.133911796,0.808431811
MAR00913,25.70219341,13.70308879,10.88888128
MAR00929,1.691981149,1.050294596,0.890202
MAR01917,66.77524044,49.90796639,95.36886883
MAR02040,0,0,0
MAR02087,181.4330135,140.8659549,297.9316748
MAR02090,1000,1000,1000
MAR02101,0.84104136,0.54323073,3.082494729
MAR03987,32.21969453,20.69377174,87.1971936
MAR04887,1000,1000,1000
MAR04903,0,0,0
MAR04907,0.977727019,0.762652777,5.367105019
MAR04962,1000,1000,1000
MAR05047,0.977727019,0.762652777,5.367105019
MAR05048,0.069406548,0.054138932,0.380998196
MAR05049,0.052960214,0.041310359,0.290718189
MAR05050,0.064377088,0.050215821,0.353389631
MAR05051,0.058010997,0.045250103,0.318443808
MAR05052,0.069837644,0.054475198,0.383364644
MAR05053,0.980097575,0.67446954,8.365608057
MAR05054,0.033003444,0.025743554,0.181168102
MAR05055,0.150702285,0.117551744,0.827260548
MAR05056,0.096486219,0.075261787,0.529648522
MAR05057,0.042247464,0.032954132,0.231911945
MAR05058,0.063306066,0.049380396,0.347510397
MAR05059,0.980097575,0.67446954,8.365608057
MAR05060,0.101846564,0.079442998,0.55907344
MAR05061,0.022962686,0.017911499,0.126050674
MAR05062,0.050696957,0.039544959,0.278294334
MAR05063,0.086909068,0.067791358,0.477076002
MAR05064,0.980097575,0.67446954,8.365608057
MAR05065,0.061107939,0.047665799,0.335444064
MAR05066,0.073722309,0.057505339,0.404689006
MAR05067,0.980097575,0.67446954,8.365608057
MAR05197,0.001608104,0.001254363,0.008827475
MAR05199,0.002316889,0.001807234,0.012718258
MAR05201,0.002344669,0.001828904,0.012870755
MAR05204,0.003675665,0.002867116,0.020177087
MAR05212,0.000365779,0.000285317,0.002007896
MAR05214,0.002414141,0.001883093,0.013252111
MAR05217,0.001208562,0.00094271,0.006634246
MAR05218,0.00157444,0.001228104,0.008642681
MAR05220,0.001402765,0.001094193,0.007700294
MAR05224,0.003442701,0.002685397,0.018898257
MAR05226,0.005092328,0.00397215,0.027953672
MAR05228,0.003017676,0.002353867,0.016565139
MAR05230,0.002062715,0.001608972,0.011323006
MAR07196,-4.62E-14,0,0
MAR07199,1000,1000,1000
MAR07224,0.819400607,0.427088055,0.981257663
MAR07252,5.083023451,4.263646774,5.736174234
MAR07283,0.8934525,0.660522981,0.555130523
MAR07374,0.922426233,0.660522981,0.555130523
MAR07430,17.26742932,14.07473352,15.48508249
MAR07454,5.050188259,5.795232172,6.931088418
MAR07470,19.44942909,16.12421943,18.42625457
MAR07483,5.050188259,5.795232172,6.931088418
MAR07500,0.642092764,0.465183831,2.77346426
MAR07512,0.642092764,0.465183831,2.259221186
MAR07524,4.862357273,4.031054858,4.606563641
MAR07540,4.08874209,3.460162224,4.606563641
MAR07556,3.504636077,2.965853335,4.606563641
MAR07570,4.862357273,4.031054858,4.606563641
MAR07581,0.922426233,0.660522981,0.555130523
MAR07584,0.8934525,0.660522981,0.555130523
MAR07710,0,0,0
MAR07711,0.977727019,0.762652777,1.983407899
MAR07714,-3.88E-17,-2.43E-17,-2.22E-16
MAR07715,0.977727019,0.762652777,1.983407899
MAR07718,-7.75E-17,0,1.13E-14
MAR07720,0.977727019,0.762652777,1.983407899
MAR07722,0,-6.99E-17,0
MAR07724,0.977727019,0.762652777,1.983407899
MAR07726,0,0,9.81E-14
MAR07727,0.977727019,0.762652777,1.983407899
MAR07729,0,0,-2.22E-16
MAR07730,0.977727019,0.762652777,5.367105019
MAR07732,0,1.12E-17,-3.44E-14
MAR07762,181.4330135,140.8659549,297.9316748
MAR07770,-2.01E-15,-1.06E-12,1.73E-13
MAR07799,6.133113136,5.190243336,7.843390938
MAR07907,0.8934525,0.660522981,0.555130523
MAR07915,0.245024394,0.168617385,2.091402014
MAR07918,0.196019515,0.134893908,1.673121611
MAR07924,0.163349596,0.11241159,1.39426801
MAR07927,0,0,0
MAR08118,0.245024394,0.168617385,2.091402014
MAR08119,0.245024394,0.168617385,2.091402014
MAR08121,0.196019515,0.134893908,1.673121611
MAR08123,0.196019515,0.134893908,1.673121611
MAR08125,0.163349596,0.11241159,1.39426801
MAR08127,0.163349596,0.11241159,1.39426801
MAR08131,0,0,0
MAR08134,0,0,0
MAR08196,1.844852466,2.187215733,6.016220767
MAR08200,1.844852466,2.187215733,6.016220767
MAR08202,1.441957653,1.133911796,0.808431811
MAR08203,32.21969453,20.69377174,87.1971936
MAR08208,1.691981149,1.050294596,0.890202
MAR08216,25.70219341,20.93449653,33.76190519
MAR08244,0,0,0
MAR08355,0,0,0
MAR08370,72.46613515,52.10562728,139.8156438
MAR08490,0,0,0
MAR08491,0,0,0
MAR08492,0,0,0
MAR08531,0,0,0
MAR08588,26.71544326,18.21472474,11.22995837
MAR08590,5.57737076,7.752652483,0.617731296
MAR08688,0,0,0
MAR08753,1000,1000,1000
MAR08763,1.844852466,2.187215733,6.016220767
MAR08765,110.2392761,85.72625742,193.1606615
MAR08858,5.083023451,4.63675391,12.94730919
MAR08875,0.922426233,0.660522981,0.555130523
MAR08885,90.47628913,65.7536975,58.78559857
MAR08887,0,-1.78E-15,1.78E-15
MAR08908,0,0,-2.01E-15
MAR08928,0,0,0
MAR09672,29.93575749,23.91777556,56.92579795
MAR00612,0.02358552,0.018397326,0.129469639
MAR03597,17.50341069,10.9268123,30.33928647
MAR04961,117.6300376,86.1771667,231.2469704
MAR05045,96.29023524,77.58792499,135.0813929
MAR05248,0,0,0
MAR05249,1000,1000,1000
MAR05250,0.000200436,0.000156345,0.001100268
MAR05251,0.312578115,0.243819147,1.715856817
MAR05252,0.045945819,0.035838946,0.252213582
MAR05253,0.055134982,0.043006736,0.302656298
MAR05255,0.336400466,0.262401206,1.846626506
MAR07198,0.922426233,1.093607867,1.110261047
MAR07284,0.922426233,0.660522981,0.555130523
MAR09738,0.007001364,0.004370725,0.011826914
MAR09739,0.007001364,0.004370725,0.011826914
MAR09740,0.007001364,0.004370725,0.011826914
MAR09741,0.007001364,0.004370725,0.011826914
MAR09742,0.007001364,0.004370725,0.011826914
MAR09743,0.007001364,0.004370725,0.011826914
MAR09744,0.066512961,0.041521887,0.112355686
MAR09745,0.007001364,0.004370725,0.011826914
MAR09746,0.007001364,0.004370725,0.011826914
MAR09747,0.007001364,0.004370725,0.011826914
MAR09748,0.007001364,0.004370725,0.011826914
MAR09749,0.007001364,0.004370725,0.011826914
MAR09750,0.007001364,0.004370725,0.011826914
MAR09751,0.007001364,0.004370725,0.011826914
MAR09752,0.007001364,0.004370725,0.011826914
MAR09753,0.007001364,0.004370725,0.011826914
MAR09754,0.007001364,0.004370725,0.011826914
MAR09755,0.007001364,0.004370725,0.011826914
MAR09756,0.007001364,0.004370725,0.011826914
MAR09757,0.007001364,0.004370725,0.011826914
MAR09758,0.007001364,0.004370725,0.011826914
MAR09759,0.007001364,0.004370725,0.011826914
MAR09760,0.007001364,0.004370725,0.011826914
MAR09761,0.024504775,0.015297537,0.0413942
MAR09762,9.158869835,5.536109279,22.70282189
MAR09763,0.007001364,0.004370725,0.011826914
MAR09764,0.007001364,0.004370725,0.011826914
MAR09765,0.007001364,0.004370725,0.011826914
MAR09766,0.007001364,0.004370725,0.011826914
MAR09767,0.007001364,0.004370725,0.011826914
MAR09768,7.722714806,4.625905814,21.8928266
MAR09769,7.770988925,4.656500889,21.92005334
MAR09770,0.37632333,0.234926465,0.635696646
MAR09771,0.103270123,0.064468193,0.174446987
MAR09772,0.007001364,0.004370725,0.011826914
MAR09773,0.007001364,0.004370725,0.011826914
MAR09774,7.491688667,4.47948653,21.76252724
MAR09775,7.341694084,4.384423263,21.6779299
MAR09776,0.007001364,0.004370725,0.011826914
MAR09777,0.007001364,0.004370725,0.011826914
MAR09778,0.007001364,0.004370725,0.011826914
MAR09779,10.59330079,6.445220063,23.51184479
MAR09780,0.14702865,0.091785223,0.248365201
MAR09781,0.007001364,0.004370725,0.011826914
MAR09782,0.007001364,0.004370725,0.011826914
MAR09783,0.232795362,0.145326604,0.393244902
MAR09784,0.007001364,0.004370725,0.011826914
MAR09785,0.007001364,0.004370725,0.011826914
MAR09786,2.704276952,1.688192501,4.568145667
MAR09787,0.201289223,0.125658341,0.340023787
MAR09788,3.885757174,2.425752331,6.563937463
MAR09789,0.383324694,0.239297189,0.647523561
MAR09790,0.007001364,0.004370725,0.011826914
MAR09791,0.007001364,0.004370725,0.011826914
MAR09792,2.622010922,1.636836483,4.429179423
MAR09793,0.043758527,0.027317031,0.073918215
MAR09794,0.007001364,0.004370725,0.011826914
MAR09795,0.007001364,0.004370725,0.011826914
MAR09796,0.007001364,0.004370725,0.011826914
MAR00652,0,0,0
MAR00717,0,0,0
MAR00731,7.563273698,6.781513534,10.64285959
MAR00732,0,0,0
MAR00734,31.58143067,23.14722143,19.61872146
MAR00917,-4.06E-15,0,-2.59E-14
MAR00918,1.844852466,2.187215733,6.016220767
MAR01916,1.436382984,3.990949372,2.235764747
MAR04125,0,0,0
MAR04892,1000,1000,828.3155887
MAR04902,0,0,0
MAR04955,1.026727215,0.638900774,2.185434514
MAR06577,0,0,0
MAR06578,0,0,0
MAR07201,0.922426233,1.093607867,1.110261047
MAR07204,2.536672141,2.374010959,2.220522093
MAR07331,3.689704932,3.107610117,4.673501954
MAR07431,1000,1000,1000
MAR07433,5.345313775,5.137156455,25.64785456
MAR07434,1.844852466,1.342668167,1.110261047
MAR07435,2.36E-16,-1.46E-15,-3.91E-15
MAR07437,2.053454429,1.277801549,3.651698613
MAR07675,1.844852466,2.187215733,6.016220767
MAR07693,2.053454429,1.277801549,4.370869027
MAR07694,0,0,0
MAR07695,0,0,0
MAR07733,3.689704932,3.107610117,4.673501954
MAR07740,10.30215905,8.862638397,8.441970281
MAR07743,17.28894767,24.40827746,36.09620546
MAR07759,0,0,0
MAR07761,0,0,0
MAR07793,17.28894767,24.40827746,36.09620546
MAR08084,14.19984314,12.65910574,9.499364404
MAR08086,14.19984314,12.65910574,9.499364404
MAR08145,2.871579681,2.826116508,8.201655281
MAR08146,10.48440232,8.61667806,11.65589968
MAR08153,0,0,0
MAR08157,0,0,0
MAR08160,0,0,0
MAR08163,0,0,0
MAR08193,1.844852466,2.187215733,6.016220767
MAR08195,0,0,0
MAR08199,0,0,0
MAR08205,3.536833615,3.237510329,6.906422768
MAR08207,0,0,0
MAR08213,0,0,0
MAR08215,1.691981149,1.050294596,0.890202
MAR08222,0,0,0
MAR08230,0,0,0
MAR08232,0,0,0
MAR08241,9.472265401,8.069841286,11.71854808
MAR08243,0,0,0
MAR08252,0,-1.73E-15,1.23E-16
MAR08259,1000,1000,1000
MAR08265,0,0,0
MAR08269,0,0,0
MAR08272,0,0,0
MAR08282,0,0,0
MAR08289,0,0,0
MAR08296,0,0,0
MAR08299,1000,1000,1000
MAR08303,0,0,0
MAR08310,0,0,0
MAR08312,0,0,0
MAR08314,0,0,0
MAR08320,0,0,0
MAR08323,0,0,0
MAR08328,0,0,0
MAR08335,0,0,0
MAR08338,0,0,0
MAR08496,0,0,0
MAR08524,0,0,0
MAR08527,0,0,0
MAR08661,1.436382984,3.990949372,2.235764747
MAR08673,0,0,0
MAR08793,10.30215905,8.862638397,8.441970281
MAR08834,1000,1000,802.0124199
MAR08856,-2.58E-15,-6.12E-16,-6.24E-15
MAR08857,0,0,0
MAR08874,0,0,0
MAR08880,0,0,0
MAR08882,0,0,0
MAR08895,0,0,0
MAR08897,0,0,0
MAR08900,0,0,0
MAR08902,0,0,0
MAR08904,0,0,0
MAR08920,5.534557398,3.963137883,3.33078314
MAR09199,0,0,0
MAR09664,0,0,0
MAR09665,14.19984314,12.65910574,9.499364404
MAR09666,25.86300944,18.55292363,14.99208264
MAR09667,0.368970493,0.268533633,0.222052209
MAR09668,0.922426233,0.671334084,0.555130523
MAR09669,2.672656887,2.568578228,12.82392728
MAR09670,2.672656887,2.568578228,12.82392728
MAR09671,1.844852466,2.187215733,6.016220767
MAR07182,1.844852466,1.342668167,1.110261047
MAR07330,0.368970493,0.268533633,0.222052209
MAR07432,1000,1000,1000
MAR04313,0,0,0
MAR07307,0.922426233,0.660522981,0.555130523
MAR01809,0.84104136,0.54323073,3.082494729
MAR00020,15.41318499,11.02176653,25.37755285
MAR00461,7.029146212,5.018884691,22.5180681
MAR00462,0.649539334,0.463748675,1.478818228
MAR00464,82.87927011,59.43179479,244.4762688
MAR00466,2.889972185,2.066581225,4.758291159
MAR00467,1.522343002,1.149544076,1.119223581
MAR00664,0,0,0
MAR00730,19.94525519,20.05161416,33.05936728
MAR00768,10.48440232,8.61667806,11.65589968
MAR00771,12.16494682,9.740897616,14.0546021
MAR00966,1000,1000,1000
MAR01035,46.65126918,53.91070732,37.92118871
MAR01143,24.84992822,13.97670565,40.39878328
MAR01189,24.84992822,13.97670565,40.39878328
MAR01240,4.90203265,3.938195004,11.17678788
MAR01252,5.238547902,3.271616888,10.34145607
MAR01269,4.90203265,3.938195004,11.17678788
MAR01306,1000,1000,1000
MAR01309,1000,1000,1000
MAR01311,1000,1000,1000
MAR01316,1000,1000,1000
MAR01331,1000,1000,1000
MAR01392,37.4628102,21.16819863,145.2486591
MAR01530,1000,1000,1000
MAR01672,74.47374827,62.71824569,35.28869281
MAR01937,1000,1000,1000
MAR01998,1000,1000,1000
MAR02039,70.54239477,67.71290888,78.40891061
MAR02066,1.68208272,1.086461461,6.164989458
MAR02081,0.84104136,0.54323073,3.082494729
MAR02092,0.84104136,0.54323073,3.082494729
MAR02103,1.68208272,1.086461461,6.164989458
MAR02554,0.354290766,0.123914651,0.338091938
MAR02569,15.61697613,11.54998139,19.47731741
MAR02777,4.80143408,3.989944532,6.034686323
MAR03953,27.40424212,16.01083692,46.7166863
MAR04123,70.73489808,58.96393101,72.29414453
MAR04126,0,0,0
MAR04765,1000,1000,1000
MAR04846,149.4425423,91.09740718,352.1251383
MAR04856,18.71262698,9.706279426,18.9056494
MAR04860,0.02358552,0.018397326,0.129469639
MAR04876,4.961474619,5.075911196,6.319402167
MAR04877,4.961474619,5.075911196,6.319402167
MAR04878,1000,1000,1000
MAR04879,1000,1000,1000
MAR04880,5.678343417,4.91995153,25.88695343
MAR04881,1.844852466,1.342668167,1.110261047
MAR04883,1000,1000,1000
MAR04894,1000,1000,1000
MAR04906,5.238547902,3.271616888,10.34145607
MAR04913,124.8529915,83.75491809,270.8471233
MAR04917,0,-1.66E-15,2.09E-18
MAR04941,12.16494682,9.740897616,14.0546021
MAR04942,0,0,0
MAR04960,1000,1000,1000
MAR05004,1000,1000,1000
MAR05012,1.844852466,1.342668167,1.110261047
MAR05027,65.07627998,51.42762781,71.9952923
MAR05203,0.004074616,0.002918253,0.008962535
MAR05205,0.192664812,0.137772082,0.317219411
MAR05207,0,0,0
MAR05209,0,0,0
MAR05210,0,0,0
MAR05211,0.028032063,0.020045361,0.062737743
MAR05245,0.00400458,0.002863623,0.008962535
MAR05342,1000,1000,1000
MAR05347,1000,1000,1000
MAR05354,3.02573981,2.92324147,2.290584796
MAR06385,5.345313775,5.137156455,25.64785456
MAR06386,11.38523791,9.543534847,7.590657043
MAR06387,1000,1000,1000
MAR06388,1000,1000,1000
MAR06425,0.00084683,0.000713602,0.001919377
MAR06430,0.00084683,0.000713602,0.001919377
MAR06440,0.00084683,0.000713602,0.001919377
MAR06445,0.00084683,0.000713602,0.001919377
MAR06463,0.00084683,0.000713602,0.001919377
MAR06468,0,0,0
MAR06475,0.00084683,0.000713602,0.001919377
MAR06480,0.00084683,0.000713602,0.001919377
MAR06629,40.12803582,37.08087382,57.68886255
MAR06797,0.84104136,0.54323073,3.082494729
MAR06990,-4.17E-14,1.64E-14,-1.28E-14
MAR07257,10.37937748,7.904907843,19.67363099
MAR07272,4.5552192,3.440200435,6.717262889
MAR07273,0.922426233,0.660522981,0.555130523
MAR07649,0,0,0
MAR07766,358.8402236,330.7686358,374.8921489
MAR07768,1000,1000,1000
MAR07772,182.4889588,165.1105118,192.9731369
MAR07776,182.4889588,165.1105118,192.9731369
MAR07778,1000,1000,1000
MAR07780,1000,1000,1000
MAR07784,0,-2.73E-14,0
MAR07789,14.30279652,9.718272289,50.70445066
MAR07791,14.30279652,9.718272289,50.70445066
MAR07929,0,0,0
MAR07933,0,0,0
MAR07944,30.22041466,21.78092953,19.70140824
MAR07947,30.22041466,21.78092953,19.70140824
MAR07949,30.22041466,21.78092953,19.70140824
MAR07953,28.59749726,25.13434801,55.11153532
MAR07956,1000,1000,1000
MAR07960,0,0,0
MAR07963,0,0,0
MAR07966,0,0,0
MAR07969,1000,1000,1000
MAR07981,0,0,0
MAR07983,16.68743917,21.26880942,23.0669919
MAR07985,-1.20E-14,3.21E-14,3.48E-15
MAR07988,16.68743917,21.26880942,23.0669919
MAR07989,9.27E-14,-3.57E-14,6.38E-15
MAR08030,4.537476063,4.728645876,8.758699703
MAR08058,6.794175664,6.25721703,9.39439402
MAR08060,0,0,0
MAR08234,19.43853353,15.22794299,16.44843785
MAR08236,0,-1.71E-15,0
MAR08239,4.200774487,3.00237573,6.398761051
MAR08347,31.91861177,25.74156753,28.70738722
MAR08350,1.72E-16,2.60E-15,2.60E-15
MAR08351,18.65127901,13.71074048,15.96403268
MAR08358,0,0,0
MAR08369,0,0,0
MAR08382,1.5184064,1.146733478,1.358748563
MAR08526,0,5.06E-16,0
MAR08553,0,0,0
MAR08594,23.33130107,5.593509142,17.4810419
MAR08651,0,0,0
MAR08681,0,0,0
MAR08715,1000,1000,1000
MAR08716,1000,1000,1000
MAR08719,1000,1000,1000
MAR08722,1000,1000,1000
MAR08737,0,0,0
MAR08851,0,0,0
MAR08855,1000,1000,1000
MAR08859,1000,1000,1000
MAR08886,45.74405526,38.46411995,79.38905733
MAR08888,0,0,0
MAR08906,0,0,0
MAR08914,16.69337026,18.22360888,10.94923357
MAR08915,5.610614181,4.186024305,11.85297176
MAR08919,1.844852466,1.321045961,1.110261047
MAR08921,0,0,0
MAR09177,1000,1000,802.0124199
MAR09200,0,0,0
MAR09625,4.5552192,3.440200435,6.535818364
MAR09626,120.8816586,87.12371811,78.80563295
MAR09627,20.18154244,15.31881564,20.88923244
MAR09628,12.27868,16.1518997,4.069447415
MAR09629,1.5184064,1.146733478,2.178606121
MAR09630,1.5184064,1.146733478,1.089303061
MAR09631,1.1388048,0.860050109,1.679315722
MAR09632,1.5184064,1.146733478,2.178606121
MAR09633,1.5184064,1.146733478,2.178606121
MAR09634,15.23775904,12.22556726,10.0496768
MAR09716,5.968018981,3.932292255,16.10332567
MAR09724,8.669916555,6.199743674,14.99208264
MAR09732,3.30E-16,-3.34E-16,-3.04E-16
MAR07108,-1.06E-16,0,0
MAR07110,0,0,0
MAR07112,0,0,0
MAR07114,0,0,0
MAR07116,0,0,0
MAR07118,0,0,0
MAR07120,-5.03E-16,9.08E-16,1.05E-15
MAR07122,0,0,0
MAR07124,0,0,0
MAR07126,0,0,0
MAR09023,0,0,0
MAR09024,0,0,0
MAR09032,0,0,0
MAR09808,5.036217368,6.199386233,12.58802185
MAR09809,126.4502282,125.8176959,144.6683609
MAR09810,126.4502282,125.8176959,144.6683609
MAR09811,162.3071292,151.676619,241.756268
MAR09812,126.4502282,125.8176959,144.6683609
MAR09813,126.4502282,125.8176959,144.6683609
MAR09814,143.9787087,147.6297361,170.8178475
MAR09815,126.4502282,125.8176959,144.6683609
MAR09816,126.4502282,125.8176959,144.1155901
MAR09033,0,0,0
MAR09034,1000,1000,1000
MAR09035,225.936383,228.4909494,226.7357647
MAR09036,11.13638298,10.91030388,11.93576475
MAR09037,0,0,0
MAR09038,91.79057163,46.49493885,165.4189566
MAR09039,1000,1000,1000
MAR09040,1000,1000,1000
MAR09041,81.88702668,47.69705088,172.3588003
MAR09042,350.3547273,128.4341173,503.3645794
MAR09043,1000,1000,1000
MAR09044,384.6972482,152.0468403,657.1128373
MAR09045,168.110046,133.6187842,77.25001181
MAR09046,186.7078601,132.6032915,86.07256367
MAR09047,1000,1000,1000
MAR09048,1000,1000,1000
MAR09049,0.00400458,0.002863623,0.008962535
MAR09050,0.096332406,0.068886041,0.158609705
MAR09051,0.000214414,0.000167248,0.001176997
MAR09052,0.025892314,0.025892314,0.025892314
MAR09053,0.196522062,0.195396058,0.201547995
MAR09054,6.454569544,6.386294801,6.572387149
MAR09055,0.681670711,0.674460177,0.694113494
MAR09056,1000,1000,1000
MAR09058,1000,1000,1000
MAR09061,1000,1000,1000
MAR09062,378.7957721,136.0219912,608.7898684
MAR09063,243.176387,256.5973454,177.660778
MAR09064,365.8834196,132.6032915,521.04877
MAR09065,1000,1000,1000
MAR09066,1000,1000,1000
MAR09067,1000,1000,1000
MAR09068,219.5095259,230.9993948,128.8028399
MAR09069,257.9156598,153.062333,159.3786769
MAR09070,1000,1000,1000
MAR09071,1000,1000,1000
MAR09072,1000,1000,1000
MAR09073,1000,1000,1000
MAR09074,475.8381697,350.6631283,399.285349
MAR09075,1000,1000,1000
MAR09076,1000,1000,1000
MAR09077,1.14E-13,-5.34E-13,-6.76E-13
MAR09078,1000,1000,1000
MAR09079,1000,1000,1000
MAR09080,0,0,0
MAR09081,0,0,0
MAR09082,0,0,0
MAR09083,1000,1000,1000
MAR09084,1000,1000,824.7661199
MAR09085,21.4829378,15.59667283,30.1808317
MAR09086,1000,1000,1000
MAR09087,1000,1000,1000
MAR09088,1000,1000,1000
MAR09089,500.3071926,500.3910287,500.8242047
MAR09090,11.22558405,5.277627449,5.920927265
MAR09091,29.31913435,25.8291008,70.39877675
MAR09092,1000,1000,1000
MAR09093,1000,1000,1000
MAR09094,7.783156916,11.58322091,13.4220248
MAR09095,11.44681224,15.1176124,14.03464285
MAR09096,320.366182,225.7953438,392.9494878
MAR09097,0,0,0
MAR09098,8.326341226,6.037031996,17.49066623
MAR09099,0,0,0
MAR09100,0,0,0
MAR09101,14.14522228,10.80351614,36.98711633
MAR09102,1000,1000,1000
MAR09103,9.599989752,4.843793498,14.87133443
MAR09104,1000,1000,1000
MAR09105,0.46586781,0.313340324,1.124092439
MAR09106,0.46586781,0.313340324,1.124092439
MAR09107,7.454877662,5.326418159,14.51073052
MAR09108,499.6471437,509.910225,259.3929623
MAR09109,3.142555407,2.697432863,4.127393994
MAR09110,0,0,0
MAR09111,0.368970493,0.268533633,0.222052209
MAR09113,0.131775176,0.095904869,0.07930436
MAR09114,15.99953906,11.00366737,28.71849583
MAR09115,0.368970493,0.335667042,0.277565262
MAR09116,0.368970493,0.268533633,0.222052209
MAR09117,0.922426233,1.093607867,1.110261047
MAR09118,0.922426233,1.093607867,0.521472481
MAR09119,0.922426233,1.093607867,1.110261047
MAR09120,0.922426233,1.093607867,1.110261047
MAR09121,0.922426233,1.093607867,1.110261047
MAR09122,4.257475499,1.878671565,17.37806041
MAR09123,4.257475499,1.878671565,17.37806041
MAR09124,15.99953906,11.00366737,28.71849583
MAR09125,0.922426233,0.638900774,0.555130523
MAR09126,0.614950822,0.447556056,0.370087016
MAR09127,2.053454429,1.277801549,3.651698613
MAR09128,1.026727215,0.638900774,2.185434514
MAR09129,8.467859231,0.123914651,4.357027274
MAR09130,0.078064974,0.042714636,0.047158023
MAR09131,1000,1000,1000
MAR09132,34.27785818,22.82849815,43.7076994
MAR09133,1000,1000,1000
MAR09134,8.626554211,7.261773872,20.90765757
MAR09135,433.2470503,324.4335224,970.5227654
MAR09136,0,0,0
MAR09137,22.62814432,18.0378714,18.81586563
MAR09138,1000,1000,1000
MAR09139,32.07184445,22.79019783,18.40935615
MAR09140,133.5493685,105.1596425,177.7479323
MAR09141,1000,1000,1000
MAR09142,7.108160757,9.287003918,20.17548855
MAR09143,28.28968242,21.60639003,46.82376136
MAR09144,5.028699003,3.026435864,7.545806568
MAR09145,1000,1000,1000
MAR09146,13.58091633,5.017032777,88.07864547
MAR09147,1000,1000,1000
MAR09148,1000,1000,1000
MAR09149,1000,1000,1000
MAR09150,1000,1000,1000
MAR09151,0,0,0
MAR09152,-1.33E-19,0,-2.66E-19
MAR09153,1.83E-13,9.14E-14,2.74E-13
MAR09154,-1.33E-19,-8.53E-20,-2.66E-19
MAR09155,0,2.00E-14,0
MAR09156,0,-4.15E-16,0
MAR09157,0,0,0
MAR09158,65.07627998,51.42762781,71.9952923
MAR09159,999.9992379,999.9993578,802.0106924
MAR09160,-2.03E-13,4.38E-32,0
MAR09161,-3.21E-15,4.02E-15,-3.18E-14
MAR09162,0,0,0
MAR09163,1000,1000,1000
MAR09164,0,0,0
MAR09165,38.08211604,49.79997403,29.96722272
MAR09166,0,0,0
MAR09167,-0.000762147,-0.000642242,-0.001727439
MAR09168,0,0,0
MAR09169,0,0,0
MAR09171,82.13224066,63.92977053,61.00977232
MAR09172,1000,1000,1000
MAR09201,1000,1000,1000
MAR09202,0,0,0
MAR09203,1000,1000,1000
MAR09204,0,0,0
MAR09205,9.413451243,4.126721494,156.2569508
MAR09206,9.413451243,4.126721494,156.2569508
MAR09207,9.413451243,4.126721494,156.2569508
MAR09208,0,0,0
MAR09209,653.5022195,470.4063154,1000
MAR09210,1000,1000,1000
MAR09211,1000,1000,1000
MAR09212,1000,1000,1000
MAR09213,1000,1000,1000
MAR09214,0.84104136,0.54323073,3.082494729
MAR09215,6.685772165,5.074045986,9.394475744
MAR09216,6.476802516,4.024350278,11.4633449
MAR09217,1000,1000,1000
MAR09218,16.55431723,10.89480921,34.58279597
MAR09219,1.470840977,0.956652493,1.548238076
MAR09220,8.467859231,5.47450699,4.776736017
MAR09221,0.678793911,0.31683717,1.293131539
MAR09222,1000,1000,1000
MAR09223,1000,1000,1000
MAR09224,24.34346646,10.5552549,11.84185453
MAR09225,1000,1000,1000
MAR09226,1000,1000,1000
MAR09227,1000,1000,1000
MAR09228,1000,1000,802.0124199
MAR09229,40.5723904,29.51022342,56.86996466
MAR09230,16.68743917,21.26880942,23.0669919
MAR09231,1000,1000,1000
MAR09232,9.413451243,4.126721494,156.2569508
MAR09233,1000,1000,1000
MAR09234,13.8063136,11.43094875,18.45842596
MAR09235,9.413451243,4.126721494,156.2569508
MAR09236,9.413451243,4.126721494,156.2569508
MAR09237,1000,1000,1000
MAR09238,9.413451243,4.126721494,156.2569508
MAR09239,0,0,0
MAR09240,0,0,0
MAR09241,1000,1000,1000
MAR09242,1000,1000,1000
MAR09243,400.8335439,287.7653446,602.1472818
MAR09244,3.740485411,3.97572636,7.825336618
MAR09245,3.740485411,3.97572636,7.270206095
MAR09246,1000,1000,1000
MAR09247,1000,1000,1000
MAR09248,0.922426233,0.638900774,2.185434514
MAR09249,0.922426233,0.638900774,2.185434514
MAR09250,17.02064844,10.32841323,24.90185794
MAR09251,0.922426233,0.638900774,2.185434514
MAR09252,12.85109671,10.14455643,12.45092897
MAR09253,16.05945363,11.16553641,13.75937349
MAR09254,69.85419525,52.23246439,110.7839894
MAR09255,1000,1000,1000
MAR09256,1000,1000,1000
MAR09257,16.68743917,21.26880942,23.0669919
MAR09258,1000,1000,1000
MAR09259,1000,1000,1000
MAR09260,1000,1000,1000
MAR09261,1000,1000,1000
MAR09262,1000,1000,1000
MAR09263,62.59481753,53.49117285,75.62721587
MAR09264,16.68743917,0.123914651,11.06342445
MAR09265,0,0,0
MAR09266,1000,1000,1000
MAR09267,0,0,0
MAR09268,1000,1000,1000
MAR09269,-0.000762147,-0.000642242,-0.001727439
MAR09270,0,0,0
MAR09271,532.5280873,527.0218296,523.2031649
MAR09272,1000,1000,1000
MAR09273,1000,1000,1000
MAR09275,8.467859231,5.47450699,4.776736017
MAR09276,0,0,0
MAR09277,1000,1000,1000
MAR09278,0,0,0
MAR09279,33.38674051,36.44721775,21.89846714
MAR09280,0.862154251,0.534963824,6.251240821
MAR09281,6.542788482,4.288934804,20.27081955
MAR09282,6.542788482,4.288934804,20.27081955
MAR09283,29.39800858,19.17910718,76.83850569
MAR09284,29.39800858,19.17910718,76.83850569
MAR09285,1000,1000,1000
MAR09286,0,0,0
MAR09287,1000,1000,1000
MAR09288,3.186121314,2.600228966,15.90416632
MAR09289,0,0,0
MAR09290,42.77319401,26.73543185,88.43175709
MAR09291,0,0,0
MAR09292,92.20141856,60.76886471,148.6511133
MAR09293,1000,1000,1000
MAR09294,1000,1000,1000
MAR09295,27.62243357,20.72395247,64.92471527
MAR09296,7.764711044,5.900000547,17.29183386
MAR09297,7.764711044,5.900000547,17.29183386
MAR09298,0,0,0
MAR09299,0,0,0
MAR09300,7.764711044,5.900000547,17.29183386
MAR09301,725.259371,664.3252997,768.4700362
MAR09302,1000,1000,1000
MAR09303,9.413451243,4.126721494,156.2569508
MAR09304,1.691981149,1.050294596,0.890202
MAR09305,7.926899123,6.434284997,17.83485998
MAR09306,1000,1000,1000
MAR09307,0.28738475,0.178321275,2.08374694
MAR09308,1000,1000,1000
MAR09309,22.080023,23.47582453,86.50788063
MAR09310,7.764711044,5.900000547,17.29183386
MAR09311,40.32198011,45.93197935,19.61709131
MAR09312,0,0,0
MAR09313,6.794175664,6.25721703,9.39439402
MAR09314,68.48442786,66.58306714,131.3847702
MAR09315,16.68743917,21.26880942,23.0669919
MAR09316,65.07659999,56.61451067,9.794513285
MAR09317,45.1567056,50.17428367,47.00240452
MAR09318,139.4696733,138.8402389,167.1685218
MAR09319,7.480970823,7.951452721,12.45092897
MAR09320,1.844852466,1.342668167,1.110261047
MAR09321,3.740485411,3.97572636,7.825336618
MAR09322,7.480970823,7.951452721,17.41555599
MAR09323,1.844852466,1.277801549,1.110261047
MAR09324,0.922426233,0.671334084,0.555130523
MAR09325,0.614950822,0.447556056,0.370087016
MAR09326,0.922426233,0.671334084,0.555130523
MAR09327,1.844852466,1.342668167,1.110261047
MAR09328,0.922426233,1.093607867,1.110261047
MAR09329,0.922426233,1.093607867,3.008110384
MAR09330,31.99907812,22.00733473,57.43699166
MAR09331,0.614950822,0.729071911,1.110261047
MAR09332,0.922426233,1.093607867,1.110261047
MAR09333,1000,1000,1000
MAR09334,0.268211445,0.163270207,0.217133925
MAR09335,0.461213117,0.546803933,1.504055192
MAR09336,25.70219341,20.93449653,33.76190519
MAR09337,1.026727215,0.638900774,2.185434514
MAR09338,16.69337026,18.22360888,10.94923357
MAR09339,17.02064844,12.2254403,25.59488868
MAR09340,989.491539,604.7218248,704.7395514
MAR09341,33.56396935,18.37478971,42.77711094
MAR09342,47.94759517,39.91284435,87.72834883
MAR09343,65.05655467,54.04397948,46.40719109
MAR09344,0.68448481,0.42593385,1.456956342
MAR09345,0.68448481,0.42593385,1.456956342
MAR09346,34.04129688,24.4508806,116.7119038
MAR09347,24.22444958,18.16064557,64.61930872
MAR09348,38.32394123,28.5337093,99.97671805
MAR09349,9.846218891,5.887740086,25.78063096
MAR09350,502.0502775,501.5779002,510.2856939
MAR09351,4.100555006,3.155800471,20.5713879
MAR09352,0,0,0
MAR09353,7.764711044,5.900000547,3.645453176
MAR09354,1000,1000,1000
MAR09355,1000,1000,1000
MAR09356,1000,1000,1000
MAR09357,1000,1000,1000
MAR09358,7.764711044,5.900000547,3.645453176
MAR09359,1.361187941,1.573992119,0.764108014
MAR09360,1000,1000,1000
MAR09361,0.885650808,0.559828642,1.047079835
MAR09362,19.85635851,15.8152018,50.31687484
MAR09363,0,1.14E-13,0
MAR09364,23.84877847,32.05597011,7.462710953
MAR09365,1000,1000,1000
MAR09366,1000,1000,1000
MAR09367,1000,1000,1000
MAR09368,1000,1000,1000
MAR09369,0,0,0
MAR09370,1000,1000,1000
MAR09371,5.57737076,7.752652483,0.617731296
MAR09372,1000,1000,1000
MAR09373,14.363286,10.82652335,29.22043185
MAR09374,6.476802516,4.024350278,11.4633449
MAR09375,1000,1000,1000
MAR09376,1000,1000,1000
MAR09377,-1.83E-12,0,0
MAR09378,1000,1000,1000
MAR09379,0,0,0
MAR09380,1000,1000,1000
MAR09381,1000,1000,1000
MAR09382,1000,1000,1000
MAR09383,20.33611521,13.14379959,74.36469562
MAR09384,1000,1000,1000
MAR09385,34.04129688,24.4508806,116.7119038
MAR09386,1000,1000,1000
MAR09387,0,0,0
MAR09388,40.32198011,45.93197935,19.61709131
MAR09389,873.5035162,859.4090813,844.4493846
MAR09390,1000,1000,1000
MAR09391,1000,1000,1000
MAR09392,0,0,0
MAR09393,1000,1000,1000
MAR09394,0,0,0
MAR09395,1000,1000,1000
MAR09396,39.47206657,23.27008914,152.472773
MAR09397,1000,1000,1000
MAR09398,13.95349827,14.20676354,28.12194864
MAR09399,0,0,0
MAR09400,12.58346832,11.24708488,20.80235306
MAR09401,12.17173323,5.277627449,5.920927265
MAR09404,1000,1000,1000
MAR09405,1000,1000,1000
MAR09406,16.41162261,8.422867633,10.08240681
MAR09407,0,0,0
MAR09408,24.77091976,28.69525352,103.0572701
MAR09409,15.19068663,12.66413909,16.3451869
MAR09410,20.96433376,16.46908234,18.11113765
MAR09411,5.726574715,4.243515077,8.061460849
MAR09412,1000,1000,1000
MAR09413,0,0,0
MAR09414,0.225336088,1.873852764,0.762745706
MAR09415,0,0,0
MAR09416,0,0,0
MAR09417,0,0,0
MAR09418,1000,1000,1000
MAR09419,0,0,0
MAR09420,1000,1000,1000
MAR09421,19.08290222,12.61133014,169.4641933
MAR09422,3.924546144,4.765983049,3.645453176
MAR09423,9.958461509,9.533024782,12.3618252
MAR09424,1000,1000,1000
MAR09425,0,0,0
MAR09426,0,0,6.98E-15
MAR09427,1000,1000,1000
MAR09428,1000,1000,1000
MAR09429,30.31329424,29.6795468,56.6027381
MAR09430,16.68743917,0.123914651,11.06342445
MAR09431,1000,1000,1000
MAR09432,6.559041372,4.281624304,12.38894174
MAR09433,1000,1000,1000
MAR09434,1000,1000,1000
MAR09435,1000,1000,1000
MAR09436,92.02086456,87.11624865,67.46485488
MAR09437,7.764711044,5.900000547,3.645453176
MAR09438,1000,1000,1000
MAR09439,1000,1000,1000
MAR09440,445.0729825,392.5478942,771.2501235
MAR09441,0,0,0
MAR09442,1000,1000,1000
MAR09443,76.25162662,49.64217498,188.9574869
MAR09444,77.73354331,50.14739201,211.8924522
MAR09445,167.394305,114.2252786,351.2621634
MAR09446,80.64396022,91.8639587,80.79756655
MAR09447,0,0,0
MAR09448,0,1.11E-16,0
MAR09449,1000,1000,1000
MAR09450,0,-8.48E-16,-7.48E-15
MAR09451,0,0,0
MAR09452,1000,1000,1000
MAR09453,0,0,0
MAR09454,0,0,0
MAR09455,0,0,0
MAR09456,0,0,0
MAR09457,0,0,0
MAR09458,0,0,0
MAR09460,1000,1000,802.0124199
MAR09461,16.22021601,23.0770203,12.24614659
MAR09462,1000,1000,1000
MAR09463,1000,1000,1000
MAR09681,3.100294584,1.746447995,5.202994175
MAR09682,0,0,0
MAR09683,16.69337026,18.22360888,10.94923357
MAR09684,3.004019269,2.994532989,2.061125484
MAR09685,39.4368311,25.18971828,46.07820683
MAR09686,0.368970493,0.268533633,0.222052209
MAR09687,1.844852466,1.342668167,1.110261047
MAR09688,2.493656941,2.65048424,5.80518533
MAR09689,1.844852466,1.342668167,1.110261047
MAR09690,10.19576038,10.71283618,26.61588902
MAR09691,51.88148462,43.89911448,48.54497426
MAR09692,42.22122778,34.16084318,35.67658023
MAR09693,15.39537073,13.9739042,25.49833541
MAR09694,22.64044462,16.27392796,41.06228638
MAR09695,3.740485411,3.97572636,8.707777995
MAR09696,0.53642289,0.326540413,0.43426785
MAR09697,2.493656941,2.65048424,5.80518533
MAR09698,1000,1000,1000
MAR09699,25.70219341,13.96210325,23.40945416
MAR09700,0.368970493,0.268533633,0.222052209
MAR09701,3.075888444,2.656623337,6.420272818
MAR09702,3.075888444,2.656623337,7.847435211
MAR09703,1.5184064,1.146733478,2.178606121
MAR09704,1.5184064,1.146733478,2.178606121
MAR09705,1.5184064,1.146733478,2.178606121
MAR09706,0.922426233,0.671334084,0.555130523
MAR09707,5.710289016,4.051821171,11.10152338
MAR09708,1000,1000,1000
MAR09709,2.672656887,2.568578228,12.82392728
MAR09710,2.672656887,2.568578228,12.82392728
MAR09711,1.844852466,2.187215733,6.016220767
MAR09712,1.1388048,0.860050109,1.679315722
MAR09713,6.264176157,8.654626328,18.81462611
MAR09714,1.5184064,1.146733478,1.089303061
MAR09715,16.44731335,12.19114021,62.77851689
MAR09721,0.255368918,0.201923952,0.48185078
MAR09729,15.79721406,19.00044857,-1.96484052
MAR09730,0.063541258,0.079305171,0.038384438
MAR09725,0,0,0
MAR00031,7.763390531,5.471937332,16.42449459
MAR00032,7.763390531,5.471937332,16.42449459
MAR00021,0,0,0
MAR00022,0,0,0
MAR00023,0,0,0
MAR00033,0,0,0
MAR00034,0,0,0
MAR00035,3.399801875,0.123914651,4.667691178
MAR00036,0.354290766,0.123914651,0.338091938
MAR00037,0.84104136,0.54323073,3.082494729
MAR00038,14.30650532,5.527557033,29.02881443
MAR00039,42.22122778,34.16084318,35.67658023
MAR00040,1000,1000,1000
MAR00041,0.510737837,0.403847905,0.96370156
MAR00042,0,0,0
MAR00043,0,0,0
MAR00044,0,0,0
MAR00045,866.2196969,612.2170092,1000
MAR00046,0,0,0
MAR00047,77.2370283,52.71936918,165.5788314
MAR00048,77.2370283,52.71936918,165.5788314
MAR00049,0,0,0
MAR00050,4.834725488,4.242304322,6.603621244
MAR00051,0,0,0
MAR00052,1.945789229,2.895805228,3.355506201
MAR00053,4.834725488,4.242304322,6.603621244
MAR00054,13.23992423,9.346528337,49.69017484
MAR00055,0,0,0
MAR00056,0,0,0
MAR00057,4.80143408,3.989944532,4.035939344
MAR00058,1000,1000,802.0124199
MAR00059,6.351228065,5.226416421,6.472277287
MAR00060,0.395673619,0.438214133,4.035939344
MAR00061,11.36217431,11.56796388,26.41040964
MAR00062,0,0,0
MAR00063,44.51723051,36.6644467,128.152154
MAR00064,0.395673619,0.438214133,6.626598412
MAR00065,1.945789229,2.895805228,3.355506201
MAR00066,0.114671687,0.089446931,0.62947528
MAR00067,27.09277626,23.57541622,28.61366711
MAR00068,0,0,0
MAR00069,0.28738475,0.178321275,2.08374694
MAR00070,0,0,0
MAR00071,0,0,0
MAR00072,19.15310231,13.19709148,45.5122466
MAR00073,3.143317554,2.698075106,4.129121433
MAR00074,3.143317554,2.698075106,4.129121433
MAR00075,18.19476623,13.37143038,59.83412452
MAR00076,0.395673619,0.438214133,6.626598412
MAR00077,4.032872314,1.807851141,4.700654219
MAR00078,1000,1000,1000
MAR00079,2.73139196,1.488218612,5.923592937
MAR00080,7.088041437,6.071828738,27.17181774
MAR00081,0.922426233,0.671334084,0.555130523
MAR00082,0.268211445,0.163270207,0.217133925
MAR00083,6.542788482,4.288934804,20.27081955
MAR00084,0.862154251,0.534963824,6.251240821
MAR00085,29.39800858,19.17910718,76.83850569
MAR00086,3.143317554,2.698075106,4.129121433
MAR00087,1000,1000,802.0124199
MAR00088,0,0,0
MAR00089,1000,1000,1000
MAR00090,1000,1000,1000
MAR00091,3.143317554,2.698075106,4.129121433
MAR00092,3.143317554,2.698075106,4.129121433
MAR00093,4.34E-16,4.34E-16,0
MAR00094,3.344269059,3.157398169,14.61034725
MAR00095,1000,1000,1000
MAR00096,1000,1000,1000
MAR00097,11.12879985,7.08125676,48.66822122
MAR00098,0,0,0
MAR00099,77.2370283,52.71936918,165.5788314
MAR00100,0,0,0
MAR00101,10.49353083,9.176356081,3.878183701
MAR00102,0.395673619,0.438214133,6.626598412
MAR00103,16.93351109,9.789934042,14.9520509
MAR00104,1.90712772,1.064363236,2.672102589
MAR00105,0.395673619,0.438214133,6.626598412
MAR00106,0.395673619,0.438214133,6.626598412
MAR00107,0.395673619,0.438214133,6.626598412
MAR00108,16.93351109,9.789934042,14.9520509
MAR00109,1.90712772,1.064363236,2.672102589
MAR00110,0.395673619,0.438214133,6.626598412
MAR00111,0.395673619,0.438214133,6.626598412
MAR00112,22.03296307,28.23789853,10.66253776
MAR00113,0.851229728,0.673079841,1.606169266
MAR00114,0.851229728,0.673079841,1.606169266
MAR00115,0.851229728,0.673079841,1.606169266
MAR00116,0.851229728,0.673079841,1.606169266
MAR00117,0.851229728,0.673079841,1.606169266
MAR00118,0.851229728,0.673079841,1.606169266
MAR00119,19.53676229,13.35685302,24.81503569
MAR00120,-8.13E-15,0,0
MAR00121,14.03729537,9.860328013,22.8300304
MAR00122,5.155068873,3.201271201,10.15224724
MAR00123,1000,1000,1000
MAR00124,2.73139196,1.488218612,5.923592937
MAR00125,22.26954015,12.8802177,27.87243691
MAR00126,19.04105802,24.89998701,14.98361136
MAR00127,63.7548391,36.0061512,120.7932823
MAR00128,0.395673619,0.438214133,6.626598412
MAR00129,0.092754477,0.078161875,0.210232038
MAR00130,0,0,0
MAR00131,0.510737837,0.403847905,0.96370156
MAR00132,0.510737837,0.403847905,0.96370156
MAR00133,0.510737837,0.403847905,0.96370156
MAR00134,0.510737837,0.403847905,0.96370156
MAR00135,77.2370283,52.71936918,165.5788314
MAR00136,10.09553449,6.934548813,2.762535971
MAR00137,1.3553715,1.161671008,0.600790435
MAR00138,0.683058369,0.616535407,8.710345353
MAR00139,0.28738475,0.178321275,2.08374694
MAR00140,0,0,0
MAR00141,-8.88E-16,0,0
MAR00142,21.87588668,14.37423083,29.94753562
MAR00143,0.395673619,0.438214133,6.626598412
MAR00144,110.7869349,68.17545526,184.0255029
MAR00145,22.94304862,14.15429653,52.05435933
MAR00146,337.1404252,199.2938723,425.1880395
MAR00147,23.33872224,14.71158018,33.4222138
MAR00148,73.91164067,46.34760013,95.90550994
MAR00149,22.94304862,14.27336605,30.75011121
MAR00150,22.94304862,14.27336605,30.75011121
MAR00151,22.94304862,14.27336605,30.75011121
MAR00152,22.94304862,14.27336605,52.05435933
MAR00181,64.34768607,36.57078307,115.8474279
MAR00186,63.90050834,36.14596474,120.9612231
MAR00205,28.62195767,24.51363066,69.33230534
MAR00218,65.25158175,37.5202147,126.6917706
MAR00219,1000,1000,1000
MAR00220,29.39800858,19.17910718,76.83850569
MAR00221,5.968018981,3.932292255,16.10332567
MAR00222,13.23992423,9.346528337,49.69017484
MAR00227,13.23992423,9.346528337,49.69017484
MAR00228,36.47498829,18.26378124,55.26071439
MAR00229,6.986477682,2.643410296,45.71244435
MAR00251,5.958055779,5.615580193,3.701687686
MAR00252,0.395673619,0.438214133,6.626598412
MAR00285,1.702459455,1.346159683,0.993678817
MAR00286,1000,1000,1000
MAR00315,1000,1000,1000
MAR00316,4.95988661,3.804184427,12.40123757
MAR00333,10.37937748,7.904907843,19.67363099
MAR00334,1.945789229,2.895805228,3.355506201
MAR00441,2.553689183,2.019239524,4.818507799
MAR00442,0,0,0
MAR00443,39.48611688,20.01452646,114.1547873
MAR00445,1000,1000,1000
MAR00447,0,0,0
MAR00451,0.395673619,0.438214133,6.626598412
MAR00452,16.93351109,9.789934042,14.9520509
MAR00455,1.90712772,1.064363236,2.672102589
MAR00465,0.395673619,0.438214133,6.626598412
MAR00471,0,0,0
MAR00472,0,0,0
MAR00473,0,0,0
MAR00474,0,0,0
MAR00475,0,0,0
MAR00480,0,0,0
MAR00485,0,0,0
MAR00554,0,0,0
MAR00562,5.310887333,3.764600825,10.00253779
MAR00563,5.310887333,3.764600825,10.00253779
MAR00564,0,0,0
MAR00565,41.39784933,31.23201682,26.17060138
MAR00566,3.236382984,5.790949372,4.035764747
MAR00567,2.636382984,5.190949372,3.435764747
MAR00568,99.40290361,76.56932621,184.6496833
MAR00569,1000,1000,1000
MAR00570,0,0,0
MAR00571,3.436382984,5.990949372,4.235764747
MAR00572,10.09553449,6.934548813,2.762535971
MAR00573,10.13638298,12.69094937,10.93576475
MAR00574,18.84493137,19.91028353,21.65294852
MAR00575,1.636382984,4.190949372,2.435764747
MAR00576,5.936382984,8.490949372,6.735764747
MAR00577,1.636382984,4.190949372,2.435764747
MAR00583,1.636382984,4.190949372,2.435764747
MAR00585,1.844852466,1.342668167,1.110261047
MAR00595,1.844852466,1.342668167,1.110261047
MAR00603,395.0254742,293.7768495,891.1418635
MAR00606,0,0,0
MAR00608,19.15310231,13.19709148,45.5122466
MAR00609,1000,1000,1000
MAR00611,1000,1000,1000
MAR00617,158.9244187,143.8026816,215.1238799
MAR00618,2.036382984,4.590949372,2.835764747
MAR00619,1000,1000,1000
MAR00620,7.136382984,9.690949372,7.935764747
MAR00621,2.736382984,5.290949372,3.535764747
MAR00624,1.636382984,4.190949372,2.435764747
MAR00626,6.336382984,8.890949372,7.135764747
MAR00628,1000,1000,1000
MAR00631,67.08256732,56.4502451,109.5906151
MAR00637,1.836382984,4.390949372,2.635764747
MAR00639,150.536383,153.0909494,151.3357647
MAR00650,759.736383,762.2909494,760.5357647
MAR00655,41.39784933,31.23201682,26.17060138
MAR00656,18.9198669,22.48912326,16.88246983
MAR00658,5.032497224,3.097983143,9.874433289
MAR00659,5.968018981,3.932292255,16.10332567
MAR00661,17.61113391,15.28185959,38.94096655
MAR00662,4.536382984,7.090949372,5.335764747
MAR00666,41.39784933,31.23201682,26.17060138
MAR00693,0,0,0
MAR00694,0,0,0
MAR00695,1.636382984,4.190949372,2.435764747
MAR00696,1000,1000,1000
MAR00697,1.636382984,4.190949372,2.435764747
MAR00698,1.636382984,4.190949372,2.435764747
MAR00699,1.636382984,4.190949372,2.435764747
MAR00700,1.636382984,4.190949372,2.435764747
MAR00701,4.436382984,6.990949372,5.235764747
MAR00702,63.53638298,66.09094937,64.33576475
MAR00704,1.636382984,4.190949372,2.435764747
MAR00711,0,0,0
MAR00714,1000,1000,1000
MAR00720,8.281461503,10.06271541,16.23403181
MAR00721,818.8353376,752.7045798,769.5303745
MAR00722,1000,1000,1000
MAR00723,0,0,0
MAR00724,0,0,0
MAR00725,0,0,0
MAR00726,0,0,0
MAR00727,0,0,0
MAR00728,0,0,0
MAR00729,0,0,0
MAR00737,14.45372032,8.113043828,67.50427828
MAR00739,5.968018981,3.932292255,16.10332567
MAR00740,5.968018981,3.932292255,11.64524467
MAR00742,11.12879985,7.08125676,48.66822122
MAR00743,19.68524923,9.784991848,22.00086064
MAR00745,19.68524923,9.784991848,22.00086064
MAR00747,19.68524923,9.784991848,22.00086064
MAR00749,19.68524923,9.784991848,22.00086064
MAR00751,0,0,0
MAR00752,6.658988088,4.688153515,13.58087929
MAR00755,6.658988088,4.688153515,13.58087929
MAR00756,6.658988088,4.688153515,13.58087929
MAR00757,6.658988088,4.688153515,13.58087929
MAR00759,15.89527284,12.15081604,58.8198487
MAR00764,6.658988088,4.688153515,13.58087929
MAR00772,6.658988088,4.688153515,13.58087929
MAR00774,6.658988088,4.688153515,11.04371145
MAR00776,6.658988088,4.688153515,12.10781803
MAR00777,15.89527284,12.15081604,58.8198487
MAR00778,6.658988088,4.688153515,13.58087929
MAR00780,0.395673619,0.438214133,2.672102589
MAR00784,6.658988088,4.688153515,13.58087929
MAR00785,6.658988088,4.688153515,4.035939344
MAR00788,6.658988088,4.688153515,4.035939344
MAR00789,6.658988088,4.688153515,6.708041933
MAR00799,6.658988088,4.688153515,8.071878687
MAR00800,0,8.18E-32,0
MAR00818,6.658988088,4.688153515,13.58087929
MAR00833,15.89527284,12.15081604,58.8198487
MAR00869,6.658988088,4.688153515,8.071878687
MAR00872,15.89527284,12.15081604,58.8198487
MAR00874,6.658988088,4.688153515,4.035939344
MAR00916,6.658988088,4.688153515,8.071878687
MAR00922,6.658988088,4.688153515,4.035939344
MAR00923,6.658988088,4.688153515,12.10781803
MAR00927,15.89527284,12.15081604,58.8198487
MAR00930,6.658988088,4.688153515,4.035939344
MAR00952,15.89527284,12.15081604,58.8198487
MAR00965,6.658988088,4.688153515,4.035939344
MAR00968,15.89527284,12.15081604,58.8198487
MAR00970,6.658988088,4.688153515,4.035939344
MAR00972,15.89527284,12.15081604,58.8198487
MAR00974,4.49022796,4.542190492,17.69546495
MAR00975,4.49022796,4.24874133,12.81125245
MAR00977,1.496742653,1.514063497,5.898488315
MAR00978,1.496742653,1.514063497,5.898488315
MAR00982,1.496742653,1.514063497,5.898488315
MAR01001,1.496742653,1.514063497,5.898488315
MAR01005,1.496742653,1.514063497,5.898488315
MAR01009,6.658988088,4.688153515,13.58087929
MAR01012,47.29702881,30.94036192,53.11206635
MAR01019,42.85537079,27.89673523,53.11206635
MAR01024,50.37848656,31.41433123,53.11206635
MAR01031,51.66791901,32.95287666,53.11206635
MAR01032,51.66791901,32.95287666,53.11206635
MAR01036,17.22263967,10.98429222,17.70402212
MAR01038,2.208932734,1.327524551,7.756006973
MAR01044,5.025218269,2.830358956,7.095483697
MAR01046,5.025218269,2.830358956,7.095483697
MAR01047,4.834725488,4.242304322,6.603621244
MAR01051,1000,1000,1000
MAR01052,1000,1000,1000
MAR01056,0,0,0
MAR01060,1.844852466,1.342668167,1.110261047
MAR01076,0,0,0
MAR01078,1.844852466,1.342668167,1.110261047
MAR01083,0.268211445,0.163270207,0.217133925
MAR01118,1.844852466,1.342668167,1.110261047
MAR01141,1.844852466,1.342668167,1.110261047
MAR01169,13.19508174,8.101985458,23.49297278
MAR01314,1000,1000,802.0124199
MAR01340,1000,1000,1000
MAR01348,1.026727215,0.638900774,2.185434514
MAR01349,0,-3.39E-33,0
MAR01351,1.026727215,0.638900774,2.185434514
MAR01353,5.050188259,4.63675391,6.931088418
MAR01354,1000,1000,1000
MAR01368,6.542788482,4.288934804,20.27081955
MAR01369,17.28894767,24.40827746,36.09620546
MAR01371,0,0,0
MAR01372,0,0,0
MAR01377,79.32914809,62.47828168,107.7481027
MAR01378,5.964093355,8.690406739,15.70158838
MAR01380,5.606392188,4.728234708,9.644335882
MAR01381,92.14243402,67.11133836,219.8788385
MAR01385,395.0254742,293.7768495,891.1418635
MAR01386,0.095834074,0.074753097,0.526068655
MAR01396,1000,1000,802.0124199
MAR01397,1.702459455,1.346159683,0.993678817
MAR01399,0,0,0
MAR01400,0,0,0
MAR01435,1000,1000,1000
MAR01438,2.299493394,1.220614335,1.014275815
MAR01439,0,0,0
MAR01441,0,0,0
MAR01442,1.945789229,2.895805228,3.355506201
MAR01444,1000,1000,802.0124199
MAR01446,0,0,0
MAR01447,24.712687,15.84137057,51.84083965
MAR01449,11.03019797,6.740874284,10.95929487
MAR01450,3.186121314,2.600228966,15.90416632
MAR01452,0.395673619,0.438214133,6.626598412
MAR01453,197.5127371,146.8884247,445.5709318
MAR01455,0,0,0
MAR01456,9.524592992,7.96759252,15.56379633
MAR01458,0.28738475,0.178321275,2.08374694
MAR01461,1000,1000,1000
MAR01462,1000,1000,1000
MAR01463,0,0,0
MAR01464,870.9519104,617.0210508,1000
MAR01466,0,0,0
MAR01468,1.702459455,1.346159683,0.993678817
MAR01469,0,0,0
MAR01471,7.381131287,4.707553809,7.58743805
MAR01472,2.208932734,1.327524551,7.756006973
MAR01474,0,0,0
MAR01475,1000,1000,1000
MAR01476,1.844852466,2.187215733,6.016220767
MAR01480,870.9519104,617.0210508,1000
MAR01481,0,0,0
MAR01482,0,0,0
MAR01483,0.00084683,0.000713602,0.001919377
MAR01485,208.6415369,153.9696815,496.3381665
MAR01486,0.395673619,0.438214133,6.626598412
MAR01487,0.395673619,0.438214133,6.626598412
MAR01488,0.395673619,0.438214133,2.672102589
MAR01489,0.395673619,0.438214133,2.672102589
MAR01491,0.395673619,0.438214133,2.672102589
MAR01492,0.395673619,0.438214133,6.626598412
MAR01497,0.851229728,0.673079841,1.606169266
MAR01498,0.851229728,0.673079841,1.606169266
MAR01499,47.95963464,37.60905058,46.66842127
MAR01501,41.39784933,31.23201682,26.17060138
MAR01506,41.39784933,31.23201682,26.17060138
MAR01507,41.39784933,31.23201682,26.17060138
MAR01508,13.23992423,9.346528337,49.69017484
MAR01510,13.23992423,9.346528337,49.69017484
MAR01511,0,0,0
MAR01513,0,0,0
MAR01514,124.2626876,103.3652115,142.6685727
MAR01515,42.22122778,34.16084318,35.67658023
MAR01517,0,0,0
MAR01518,1000,1000,802.0124199
MAR01520,2.553689183,2.019239524,4.818507799
MAR01521,0,0,0
MAR01522,0,0,0
MAR01523,0,0,0
MAR01524,5.050188259,4.63675391,6.931088418
MAR01525,1.882491462,1.78708514,1.294050392
MAR01527,5.964093355,8.690406739,15.70158838
MAR01528,6.68320224,4.537934715,21.70309338
MAR01529,5.540479376,4.853990727,4.031380189
MAR01534,1000,1000,1000
MAR01537,0,0,0
MAR01541,0,0,0
MAR01542,27.09717208,20.05089701,52.73390262
MAR01554,0,0,0
MAR01555,1.945789229,2.895805228,3.355506201
MAR01556,0,0,0
MAR01559,0,0,0
MAR01560,1000,1000,1000
MAR01561,6.630203836,6.36175761,14.64864633
MAR01562,2.299493394,1.220614335,1.014275815
MAR01563,0,0,0
MAR01564,0,0,0
MAR01566,38.08211604,49.79997403,29.96722272
MAR01567,0.84104136,0.54323073,3.082494729
MAR01569,4.140730752,5.031357706,8.117015906
MAR01571,1000,1000,1000
MAR01574,1000,1000,1000
MAR01575,25.85703406,21.68318972,45.75958385
MAR01578,787.2050309,747.1127534,907.8339276
MAR01579,0,0,0
MAR01580,0,0,0
MAR01582,7.040117802,6.248887793,9.44548225
MAR01583,1.328192228,0.840665586,0.462671717
MAR01586,1.328192228,0.840665586,0.462671717
MAR01587,7.966823031,7.495657594,10.66253776
MAR01588,0.395673619,0.438214133,6.626598412
MAR01591,0,0,0
MAR01594,9.194490173,4.465537178,1.695367869
MAR01596,9.194490173,4.465537178,1.695367869
MAR01597,1000,1000,1000
MAR01600,0.28738475,0.178321275,2.08374694
MAR01601,1000,1000,837.1393117
MAR01603,1.328192228,0.840665586,0.462671717
MAR01606,1.328192228,0.937039836,0.462671717
MAR01607,3.219097078,1.050657014,0.535112041
MAR01612,5.155068873,3.201271201,10.15224724
MAR01615,5.155068873,3.201271201,5.927794161
MAR01616,3.129655656,1.851489064,8.505265944
MAR01617,5.968018981,3.932292255,11.64524467
MAR01618,0,0,0
MAR01621,11.38523791,9.543534847,7.590657043
MAR01626,1000,1000,1000
MAR01628,2.553689183,2.019239524,4.818507799
MAR01633,42.37984788,31.76074185,110.7880487
MAR01634,0,0,0
MAR01636,3.344269059,3.157398169,14.61034725
MAR01640,1000,1000,1000
MAR01641,58.23417325,37.32046855,86.06452785
MAR01643,3.098565025,2.6635302,1.045420887
MAR01645,27.09277626,23.57541622,28.61366711
MAR01647,23.08285456,18.46734157,28.86062377
MAR01648,13.74908658,8.786042038,27.74857034
MAR01649,0,0,0
MAR01650,0.096754236,0.075470848,0.531119768
MAR01654,149.3699716,102.3102549,241.960411
MAR01655,0,0,0
MAR01657,0,0,0
MAR01658,6.381139094,4.465537178,1.695367869
MAR01661,9.194490173,4.465537178,1.695367869
MAR01664,6.381139094,4.465537178,1.695367869
MAR01669,39.0504876,36.55529558,31.74854817
MAR01671,0.395673619,0.438214133,6.626598412
MAR01674,11.93603796,7.86458451,32.20665134
MAR01675,5.968018981,3.932292255,16.10332567
MAR01677,0,0,0
MAR01680,0,0,0
MAR01683,0,0,0
MAR01686,0,0,0
MAR01688,0,0,0
MAR01690,9.760231818,7.491690162,23.10510967
MAR01698,41.39784933,31.23201682,26.17060138
MAR01705,41.39784933,31.23201682,26.17060138
MAR01707,1000,1000,1000
MAR01709,0,0,0
MAR01711,0.123164893,0.076423403,0.893034403
MAR01712,0,0,0
MAR01713,0,0,0
MAR01714,0.851229728,0.673079841,1.606169266
MAR01715,81.64140434,101.7753376,107.35437
MAR01719,18.19476623,13.37143038,59.83412452
MAR01721,0.395673619,0.438214133,6.626598412
MAR01724,866.2196969,612.2170092,1000
MAR01728,1000,1000,1000
MAR01731,1000,1000,1000
MAR01732,6.542788482,4.288934804,20.27081955
MAR01733,1000,1000,1000
MAR01734,29.39800858,19.17910718,76.83850569
MAR01736,0.395673619,0.438214133,2.672102589
MAR01755,0.395673619,0.438214133,2.672102589
MAR01757,0.395673619,0.438214133,2.672102589
MAR01763,0.395673619,0.438214133,2.672102589
MAR01773,0.395673619,0.438214133,2.672102589
MAR01775,0.395673619,0.438214133,2.672102589
MAR01779,8.491143061,5.561984446,25.35080986
MAR01780,4.834725488,4.242304322,6.603621244
MAR01782,4.834725488,4.242304322,6.603621244
MAR01788,1000,1000,1000
MAR01789,0.46586781,0.313340324,1.124092439
MAR01791,0,0,0
MAR01793,0.46586781,0.313340324,1.124092439
MAR01795,15.89527284,12.15081604,58.8198487
MAR01799,0.395673619,0.438214133,6.626598412
MAR01801,16.56327404,12.762481,101.1690904
MAR01808,16.56327404,12.762481,101.1690904
MAR01812,23.87584094,23.50938896,30.21437978
MAR01814,0.395673619,0.438214133,6.626598412
MAR01816,0,0,0
MAR01818,4.95988661,3.804184427,12.40123757
MAR01820,65.0561747,54.04365929,46.40632988
MAR01821,5.235073125,4.804041644,6.302898804
MAR01822,1000,1000,1000
MAR01823,1000,1000,1000
MAR01824,1000,1000,1000
MAR01825,0,0,0
MAR01826,0,0,0
MAR01827,1000,1000,1000
MAR01828,0,0,0
MAR01829,4.140730752,5.031357706,8.117015906
MAR01849,8.281461503,10.06271541,16.23403181
MAR01851,818.8353376,752.7045798,769.5303745
MAR01856,818.8353376,752.7045798,769.5303745
MAR01858,1000,1000,1000
MAR01860,1000,1000,1000
MAR01869,146.1644758,122.9961934,143.6351056
MAR01871,1000,1000,1000
MAR01873,43.50830433,37.4698917,131.9933603
MAR01912,6.344326769,8.72160261,11.21929132
MAR01918,6.344326769,8.72160261,11.21929132
MAR01921,1000,1000,1000
MAR01922,1000,1000,1000
MAR01923,1.361187941,1.573992119,0.764108014
MAR01938,1.361187941,1.573992119,0.764108014
MAR01939,3.942146094,3.943570452,11.12142193
MAR01946,1000,1000,1000
MAR01947,20.61998312,24.35066657,9.838372471
MAR01954,0,0,0
MAR01955,1.441957653,1.133911796,0.808431811
MAR01956,0,0,0
MAR01957,1000,1000,1000
MAR01961,0,0,0
MAR01964,3.075888444,2.656623337,7.847435211
MAR01965,3.075888444,2.656623337,7.847435211
MAR01966,16.69337026,18.22360888,10.94923357
MAR01972,24.8354412,18.08079071,38.69575115
MAR01975,0,0,0
MAR01984,8.29474259,5.265535859,10.11392032
MAR01986,0,0,0
MAR02006,22.95132843,14.32849684,77.18073153
MAR02021,20.61998312,24.35066657,9.838372471
MAR02023,1000,1000,1000
MAR02026,0.851229728,0.673079841,1.606169266
MAR02027,1.52047419,0.281084597,1.241196346
MAR02028,5.242764366,4.703511542,4.111952094
MAR02035,16.69486035,13.01888312,22.92781206
MAR02119,1000,1000,1000
MAR02120,6.344326769,8.72160261,11.21929132
MAR02121,1.90712772,1.064363236,2.672102589
MAR02122,1.90712772,1.064363236,2.672102589
MAR02123,1.90712772,1.064363236,2.672102589
MAR02124,1.361187941,1.573992119,0.764108014
MAR02125,1.361187941,1.573992119,0.764108014
MAR02126,7.762267519,6.182234244,13.58909617
MAR02128,7.762267519,6.182234244,13.58909617
MAR02146,5.756924912,2.803251727,6.970671183
MAR02147,0.851229728,0.673079841,1.606169266
MAR02148,2.885980176,2.562854824,4.111952094
MAR02149,2.885980176,2.562854824,4.111952094
MAR02183,2.885980176,2.562854824,4.111952094
MAR02184,0.794434945,0.659195207,2.822744544
MAR02185,79.74163546,64.18746663,61.40888383
MAR02186,499.6471437,509.910225,259.3929623
MAR02187,5.242764366,4.703511542,4.111952094
MAR02188,0,-8.88E-16,0
MAR02189,12.17173323,5.277627449,5.920927265
MAR02192,0,-8.88E-16,0
MAR02195,12.17173323,5.277627449,5.920927265
MAR02196,0,-8.88E-16,0
MAR02197,12.17173323,5.277627449,5.920927265
MAR02198,3.075888444,2.656623337,7.847435211
MAR02199,10.49353083,9.176356081,3.878183701
MAR02200,0.851229728,0.673079841,1.606169266
MAR02206,13.23992423,9.346528337,49.69017484
MAR02207,5.242764366,4.703511542,4.111952094
MAR02216,22.26954015,12.8802177,27.87243691
MAR02220,22.26954015,12.8802177,27.87243691
MAR02221,5.238547902,3.271616888,10.34145607
MAR02222,411.9623438,294.8466014,652.9145166
MAR02223,9.158869835,5.536109279,22.70282189
MAR02224,3.885757174,2.425752331,6.563937463
MAR02225,54.3398869,35.10697623,103.6681908
MAR02226,1000,1000,1000
MAR02271,22.95132843,14.32849684,77.18073153
MAR02272,0.043758527,0.027317031,0.073918215
MAR02273,10.59330079,6.445220063,23.51184479
MAR02274,0,0,0
MAR02275,5.968018981,3.932292255,16.10332567
MAR02276,0.074648047,0.552965387,4.9872696
MAR02277,130.1532,56.73842533,19.58902657
MAR02278,1.90712772,1.064363236,2.672102589
MAR02279,1.90712772,1.064363236,2.672102589
MAR02280,1.90712772,1.064363236,2.672102589
MAR02283,5.238547902,3.271616888,10.34145607
MAR02285,5.238547902,3.271616888,10.34145607
MAR02290,1000,1000,802.0124199
MAR02291,0,0,0
MAR02297,5.238547902,3.271616888,10.34145607
MAR02298,1000,1000,802.0124199
MAR02299,878.1022971,626.5646359,1000
MAR02300,0.851229728,0.673079841,1.606169266
MAR02301,0.851229728,0.673079841,1.606169266
MAR02302,0.851229728,0.673079841,1.606169266
MAR02303,22.26954015,12.8802177,27.87243691
MAR02304,1000,1000,802.0124199
MAR02306,0.849670611,0.64248237,7.421666283
MAR02308,0.686101297,0.575627445,1.21487605
MAR02310,0.849670611,0.64248237,7.421666283
MAR02312,19.91910578,11.58617582,17.18120276
MAR02313,5.374770376,4.423475429,9.043892538
MAR02314,4.94846273,4.081729756,4.284304545
MAR02316,7.341694084,4.384423263,21.6779299
MAR02318,2.704276952,1.688192501,4.568145667
MAR02320,0.383324694,0.239297189,0.647523561
MAR02322,5.260210517,4.119109583,6.639008294
MAR02323,5.260210517,4.119109583,6.639008294
MAR02325,5.260210517,4.119109583,6.639008294
MAR02327,5.260210517,4.119109583,6.639008294
MAR02329,5.260210517,4.119109583,6.639008294
MAR02331,34.94970717,22.47632006,82.99782325
MAR02333,0.14702865,0.091785223,0.248365201
MAR02335,0.37632333,0.234926465,0.635696646
MAR02337,0.851229728,0.673079841,1.606169266
MAR02339,1000,1000,1000
MAR02340,1000,1000,1000
MAR02341,20.35567918,14.63589871,29.74753993
MAR02346,1000,1000,1000
MAR02351,1000,1000,1000
MAR02352,16.56327404,7.137187973,63.651646
MAR02357,5.514864563,3.043773779,17.29183386
MAR02358,16.56327404,12.762481,101.1690904
MAR02360,0,4.88E-16,-1.17E-14
MAR02366,9.759160932,7.93446403,11.05768641
MAR02367,8.128744543,7.266366366,11.05768641
MAR02369,8.128744543,7.266366366,11.05768641
MAR02370,8.128744543,7.266366366,11.05768641
MAR02372,9.759160932,7.93446403,11.05768641
MAR02373,9.759160932,7.93446403,11.05768641
MAR02375,3.824750308,3.111537043,2.017969672
MAR02377,19.1015966,14.53844566,27.29669332
MAR02379,43.32577896,30.92589384,60.19405999
MAR02381,2.885980176,2.562854824,7.007772105
MAR02382,1000,1000,1000
MAR02384,1000,1000,1000
MAR02385,0,0,0
MAR02386,1.436382984,3.990949372,2.235764747
MAR02388,11.56558421,10.82661429,94.86948224
MAR02390,1000,1000,1000
MAR02392,1000,1000,1000
MAR02394,1000,1000,1000
MAR02396,1000,1000,1000
MAR02398,1000,1000,1000
MAR02400,1000,1000,1000
MAR02402,1000,1000,1000
MAR02404,1000,1000,1000
MAR02405,22.26954015,12.8802177,27.87243691
MAR02406,22.26954015,12.8802177,27.87243691
MAR02413,22.26954015,12.8802177,27.87243691
MAR02414,22.26954015,12.8802177,27.87243691
MAR02416,22.26954015,12.8802177,27.87243691
MAR02418,22.26954015,12.8802177,27.87243691
MAR02420,22.26954015,12.8802177,27.87243691
MAR02422,22.26954015,12.8802177,27.87243691
MAR02424,1.496742653,0.743487904,2.02855163
MAR02425,1.496742653,1.514063497,5.898488315
MAR02427,231.427469,156.4919617,592.5387847
MAR02429,1000,1000,1000
MAR02431,81.43181607,58.90745905,242.713554
MAR02432,16.4332474,13.5438053,17.19934855
MAR02471,25.55850975,14.22453495,68.51855409
MAR02473,26.86295411,18.52585167,72.31254668
MAR02474,4.94846273,4.081729756,4.284304545
MAR02476,9.134838551,7.486102778,8.804016037
MAR02477,25.7216314,14.73019983,75.5616412
MAR02479,33.97149246,21.59675494,78.30325156
MAR02481,34.94970717,22.47632006,82.99782325
MAR02483,0,0,0
MAR02485,0,0,0
MAR02487,0,0,0
MAR02488,0,0,0
MAR02490,16.69595128,7.137187973,63.651646
MAR02492,0,0,0
MAR02494,1000,1000,1000
MAR02496,0,0,0
MAR02498,0,0,0
MAR02500,0,0,0
MAR02502,0,0,0
MAR02504,0,0,0
MAR02506,0,0,0
MAR02507,0,0,0
MAR02508,0,0,0
MAR02517,0,0,0
MAR02519,0,0,0
MAR02521,0,0,0
MAR02523,0,0,0
MAR02525,0,0,0
MAR02527,1000,1000,1000
MAR02529,1000,1000,1000
MAR02531,0,0,0
MAR02532,0,0,0
MAR02534,0,0,0
MAR02536,0,0,0
MAR02538,0,0,0
MAR02539,0,0,0
MAR02589,0,0,0
MAR02595,0,0,0
MAR02597,0,0,0
MAR02615,0,0,0
MAR02617,0,0,0
MAR02619,0,0,0
MAR02627,0,0,0
MAR02628,0,0,0
MAR02631,0,0,0
MAR02632,0,0,0
MAR02637,0,0,0
MAR02639,1000,1000,1000
MAR02641,1000,1000,1000
MAR02643,1000,1000,1000
MAR02645,0,0,0
MAR02647,500,500,500
MAR02694,0,0,0
MAR02696,0,0,0
MAR02698,0,0,0
MAR02721,0,0,0
MAR02723,0,0,0
MAR02725,0,0,0
MAR02728,0,0,0
MAR02743,0,0,0
MAR02747,0,0,0
MAR02749,0,0,0
MAR02751,0,0,0
MAR02756,0,0,0
MAR02763,0,0,0
MAR02765,0,0,0
MAR02767,0.000422188,0.000355767,0.000956907
MAR02779,1000,1000,1000
MAR02781,5.260210517,5.755251265,7.194761245
MAR02782,68.54000319,70.07923551,96.78061928
MAR02784,65.0449896,70.40197041,72.82816023
MAR02786,0,0,0
MAR02802,0,0,0
MAR02804,2.299493394,1.220614335,1.014275815
MAR02808,2.299493394,1.220614335,1.014275815
MAR02810,2.299493394,1.220614335,1.014275815
MAR02818,2.299493394,1.220614335,1.014275815
MAR02820,0,0,0
MAR02826,0,0,0
MAR02828,0,0,0
MAR02858,0,0,0
MAR02860,0,0,0
MAR02881,787.2050309,747.1127534,907.8339276
MAR02883,1000,1000,1000
MAR02885,0.84104136,0.54323073,3.082494729
MAR02887,0,0,0
MAR02889,1000,1000,1000
MAR02891,0.84104136,0.54323073,3.082494729
MAR02893,0,0,0
MAR02895,703.9188097,636.0313706,829.0023821
MAR02933,0,0,0
MAR02934,0,0,0
MAR02935,1000,1000,1000
MAR02936,0,0,0
MAR02937,0,0,0
MAR02938,0,0,0
MAR02939,0,0,0
MAR02940,0,0,0
MAR02941,17.17458586,11.1362014,42.54810741
MAR02950,0,0,0
MAR02953,17.17458586,11.1362014,42.54810741
MAR02958,8.582420435,7.189247413,23.61108091
MAR02960,0.000422188,0.000355767,0.000956907
MAR02993,0.000422188,0.000355767,0.000956907
MAR02995,0,0,0
MAR02997,0,0,0
MAR03004,5.238547902,3.271616888,10.34145607
MAR03005,0,0,0
MAR03006,0,0,0
MAR03010,0,0,0
MAR03012,0,0,0
MAR03016,1000,1000,1000
MAR03031,0,0,0
MAR03036,0,0,0
MAR03038,0,0,0
MAR03039,0,0,0
MAR03040,0,0,0
MAR03041,0,0,0
MAR03042,1000,1000,1000
MAR03043,1000,1000,1000
MAR03044,0,0,0
MAR03045,1000,1000,1000
MAR03046,0,0,0
MAR03047,1000,1000,1000
MAR03048,0,0,0
MAR03049,0,0,0
MAR03050,0,0,0
MAR03051,0,0,0
MAR03052,0,0,0
MAR03061,0,0,0
MAR03119,1000,1000,1000
MAR03120,255.0840288,253.2859499,268.5911739
MAR03124,0,0,0
MAR03126,0,0,0
MAR03127,1000,1000,1000
MAR03131,0,0,0
MAR03133,0,0,0
MAR03134,0,0,0
MAR03138,0,0,0
MAR03140,1000,1000,1000
MAR03141,0,0,0
MAR03145,0,0,0
MAR03147,1000,1000,1000
MAR03148,0,0,0
MAR03152,0,0,0
MAR03154,0,0,0
MAR03155,0,0,0
MAR03159,0,0,0
MAR03161,0,0,0
MAR03162,1000,1000,1000
MAR03165,0,0,0
MAR03167,1000,1000,1000
MAR03168,1000,1000,1000
MAR03169,0,0,0
MAR03207,0,0,0
MAR03209,0.84104136,0.54323073,3.082494729
MAR03210,13.20607474,8.242411357,37.80631996
MAR03214,0.84104136,0.54323073,3.082494729
MAR03216,0,0,0
MAR03217,0,0,0
MAR03238,55.80250316,48.78135134,105.047232
MAR03248,1000,1000,1000
MAR03249,25.70219341,20.93449653,22.66796456
MAR03251,0,0,0
MAR03253,0,0,0
MAR03255,1000,1000,1000
MAR03257,0.354290766,0.123914651,0.338091938
MAR03259,1000,1000,1000
MAR03261,0,0,0
MAR03263,0,0,0
MAR03265,1000,1000,1000
MAR03266,0,0,0
MAR03267,0,0,0
MAR03268,0,0,0
MAR03269,0,0,0
MAR03270,0,0,0
MAR03271,0,0,0
MAR03273,24.49563746,13.852791,67.50427828
MAR03274,0,0,0
MAR03276,2.299493394,1.220614335,1.014275815
MAR03289,2.299493394,1.220614335,1.014275815
MAR03291,0,0,0
MAR03295,0,0,0
MAR03297,0,0,0
MAR03299,0,0,0
MAR03300,-1.46E-46,0,0
MAR03303,5.260210517,5.755251265,7.194761245
MAR03308,0,0,0
MAR03313,0,0,0
MAR03318,0,0,0
MAR03324,0,0,0
MAR03325,0,0,0
MAR03354,10.71761746,8.761816234,12.74335455
MAR03366,0,0,0
MAR03371,2.885980176,2.562854824,5.665367463
MAR03374,2.885980176,2.562854824,5.665367463
MAR03376,2.885980176,2.562854824,5.665367463
MAR03377,2.885980176,2.562854824,5.665367463
MAR03378,-5.99E-15,1.65E-12,5.21E-16
MAR03379,2.885980176,2.562854824,5.665367463
MAR03380,2.885980176,2.562854824,5.665367463
MAR03381,2.885980176,2.562854824,5.665367463
MAR03382,10.71761746,10.39491476,16.3451869
MAR03383,10.71761746,10.39491476,16.3451869
MAR03384,2.218523948,1.852502536,4.64250432
MAR03385,2.218523948,1.852502536,4.64250432
MAR03386,4.437047896,3.705005073,9.285008641
MAR03387,0.574769501,0.356642549,3.098022755
MAR03388,0,0,0
MAR03389,2.218523948,1.852502536,4.64250432
MAR03390,0,0,0
MAR03391,0,0,0
MAR03392,0,0,0
MAR03393,0,0,0
MAR03394,0,0,0
MAR03395,6.247474582,5.123150181,4.035939344
MAR03399,6.247474582,5.123150181,4.035939344
MAR03400,0,0,0
MAR03401,6.247474582,5.123150181,4.035939344
MAR03402,6.247474582,5.123150181,4.035939344
MAR03403,4.824015416,4.007019514,4.035939344
MAR03404,4.824015416,4.007019514,4.035939344
MAR03405,4.824015416,4.007019514,4.035939344
MAR03410,4.824015416,4.007019514,4.035939344
MAR03412,0,0,0
MAR03415,0,0,0
MAR03417,0,0,0
MAR03418,0,0,0
MAR03419,0,0,0
MAR03420,0,0,0
MAR03434,0,0,0
MAR03435,0,0,0
MAR03436,0,0,0
MAR03437,72.77355127,57.57108808,172.306341
MAR03438,4.80143408,3.989944532,4.035939344
MAR03439,6.148631873,8.231120273,16.94776438
MAR03440,0,0,0
MAR03441,0,0,0
MAR03442,0,0,0
MAR03443,0,0,0
MAR03451,0,0,0
MAR03465,0,0,0
MAR03474,0,0,0
MAR03479,0,0,0
MAR03483,1.496742653,1.220614335,1.014275815
MAR03485,4.802965018,3.991102158,4.035939344
MAR03487,4.802965018,3.991102158,4.035939344
MAR03490,4.802965018,3.991102158,4.035939344
MAR03492,4.802965018,3.991102158,4.035939344
MAR03494,4.802965018,3.991102158,4.035939344
MAR03495,4.802965018,3.991102158,4.035939344
MAR03496,4.802965018,3.991102158,4.035939344
MAR03497,4.802965018,3.991102158,4.035939344
MAR03499,5.750789592,4.73432105,4.035939344
MAR03500,5.750789592,4.73432105,4.035939344
MAR03502,5.750789592,4.73432105,4.035939344
MAR03504,5.750789592,4.73432105,4.035939344
MAR03507,3.074315937,3.991102158,4.035939344
MAR03516,3.074315937,3.991102158,4.035939344
MAR03518,3.074315937,3.991102158,4.035939344
MAR03535,3.074315937,3.991102158,4.035939344
MAR03536,0,0,0
MAR03598,0.283743243,0.224359947,0.535389755
MAR03599,1000,1000,1000
MAR03600,0,0,0
MAR03601,0,0,0
MAR03602,0,0,0
MAR03603,0,0,0
MAR03604,6.226232817,5.107088122,4.035939344
MAR03605,5.750789592,4.73432105,4.035939344
MAR03606,4.802965018,3.991102158,4.035939344
MAR03607,6.226232817,5.107088122,4.035939344
MAR03608,6.226232817,5.107088122,4.035939344
MAR03609,6.226232817,5.107088122,4.035939344
MAR03610,5.750789592,4.73432105,4.035939344
MAR03611,5.750789592,4.73432105,4.035939344
MAR03612,5.750789592,4.73432105,4.035939344
MAR03613,0,0,0
MAR03614,0,0,0
MAR03615,4.802965018,3.991102158,4.035939344
MAR03616,4.802965018,3.991102158,4.035939344
MAR03617,4.802965018,3.991102158,4.035939344
MAR03618,19.68524923,9.784991848,22.00086064
MAR03619,4.249585613,3.432778228,4.035939344
MAR03620,19.68524923,9.784991848,22.00086064
MAR03621,4.249585613,3.432778228,4.035939344
MAR03623,19.68524923,9.784991848,22.00086064
MAR03624,4.249585613,3.432778228,4.035939344
MAR03745,19.68524923,9.784991848,22.00086064
MAR03749,4.249585613,3.432778228,4.035939344
MAR03754,0,0,0
MAR03756,0,0,0
MAR03758,0,0,0
MAR03760,0,0,0
MAR03764,0,0,0
MAR03766,3.317559025,2.288887398,12.07022873
MAR03768,0.84104136,0.54323073,3.082494729
MAR03774,3.317559025,2.288887398,12.07022873
MAR03776,5.238547902,3.271616888,10.34145607
MAR03779,6.735823642,10.78823417,1.94603987
MAR03781,0,0,0
MAR03786,0.02358552,0.018397326,0.129469639
MAR03788,0,0,0
MAR03791,0,0,0
MAR03798,0,0,0
MAR03801,24.49563746,13.852791,40.39878328
MAR03803,24.49563746,13.852791,40.39878328
MAR03805,24.49563746,13.852791,40.39878328
MAR03808,0,0,0
MAR03810,0,0,0
MAR03812,0,0,0
MAR03814,0,0,0
MAR03815,9.888515718,5.953523958,25.73609122
MAR03817,2.52312408,1.629692191,9.247484188
MAR03821,0,0,0
MAR03824,10.71761746,10.39491476,16.3451869
MAR03826,1000,1000,1000
MAR03828,0,0,0
MAR03830,1000,1000,1000
MAR03834,0,0,0
MAR03836,1000,1000,1000
MAR03840,4.90203265,3.938195004,11.17678788
MAR03842,2.438460052,2.807761107,11.17678788
MAR03844,0,0,0
MAR03846,0.354290766,0.123914651,0.338091938
MAR03872,0,0,0
MAR03874,0.354290766,0.123914651,0.338091938
MAR03876,0,0,0
MAR03878,0,0,0
MAR03880,0.118096922,0.041304884,0.112697313
MAR03882,0,0,0
MAR03884,0,0,0
MAR03886,1000,1000,819.2177989
MAR03887,0,0,2.93E-13
MAR03888,0,0,0
MAR03891,0,0,0
MAR03893,0,0,0
MAR03894,8.550711937,5.571212995,10.37324959
MAR03896,0,0,0
MAR03898,1000,1000,802.3505118
MAR03900,0,0,0
MAR03902,0,0,0
MAR03904,0,0,0
MAR03906,0,0,0
MAR03909,1000,1000,802.3505118
MAR03913,0,0,0
MAR03914,0,0,0
MAR03918,0,0,0
MAR03924,0,0,0
MAR03926,0,0,0
MAR03927,0,0,0
MAR03930,0,0,0
MAR03932,500,500,500
MAR03934,4.275355969,2.785606497,5.186624796
MAR03936,0,0,0
MAR03938,0,0,0
MAR03941,0,0,0
MAR03942,0,0,0
MAR03943,0,0,0
MAR03945,0,0,0
MAR03961,0,0,0
MAR03962,0,0,0
MAR03963,0,0,0
MAR03973,0,0,0
MAR03976,0,0,0
MAR03978,0,0,0
MAR03981,0,0,0
MAR03983,0,0,0
MAR03985,0,0,0
MAR03990,0,0,0
MAR03994,0,0,0
MAR03997,2.885980176,2.562854824,5.665367463
MAR04001,0,0,0
MAR04003,6.727061631,4.541681851,5.665367463
MAR04005,0,0,0
MAR04007,1000,1000,1000
MAR04009,0,0,0
MAR04011,0,0,0
MAR04013,0,0,0
MAR04015,0,0,0
MAR04017,0,0,0
MAR04019,0,0,0
MAR04021,0,0,0
MAR04023,0,0,0
MAR04025,0,0,0
MAR04027,0,0,0
MAR04029,0,0,0
MAR04031,0,0,0
MAR04033,0,0,0
MAR04035,0,0,0
MAR04037,0,0,0
MAR04039,0,0,0
MAR04041,0,0,0
MAR04043,0,0,0
MAR04045,0,0,0
MAR04047,0,0,0
MAR04049,0,0,0
MAR04051,0,0,0
MAR04053,0,0,0
MAR04055,0,0,0
MAR04057,0,0,0
MAR04074,0,0,0
MAR04076,0,0,0
MAR04088,0,0,0
MAR04090,0,0,0
MAR04092,1000,1000,1000
MAR04094,1000,1000,1000
MAR04096,1.361187941,1.573992119,0.764108014
MAR04098,2.722375882,3.147984238,1.528216027
MAR04100,16.69337026,18.22360888,10.94923357
MAR04102,0.113844754,0.085429272,0.068772118
MAR04104,0.101195337,0.056952848,0.061130771
MAR04110,0.182151606,0.124260759,0.110035388
MAR04117,0.022395689,0.005217055,0.013528941
MAR04119,0.075896503,0.044092527,0.045848078
MAR04129,0.056922377,0.022046264,0.034386059
MAR04138,0.073845246,0.027895272,0.044608941
MAR04140,0.056922377,0.02628593,0.034386059
MAR04142,500,500,500
MAR04144,0,0,0
MAR04146,1000,1000,1000
MAR04148,1000,1000,1000
MAR04150,1000,1000,1000
MAR04151,1000,1000,1000
MAR04153,1000,1000,1000
MAR04154,0,0,0
MAR04155,-4.12E-13,-5.51E-13,-4.87E-13
MAR04157,-2.06E-13,-1.14E-13,1.48E-13
MAR04161,0,2.93E-14,-2.74E-14
MAR04164,1000,1000,1000
MAR04173,1000,1000,1000
MAR04178,1000,1000,1000
MAR04181,18.38751038,13.07277987,14.92929731
MAR04195,1000,1000,1000
MAR04203,1000,1000,1000
MAR04213,1000,1000,1000
MAR04215,1000,1000,1000
MAR04217,1000,1000,1000
MAR04221,1000,1000,1000
MAR04223,1000,1000,1000
MAR04226,0,0,0
MAR04229,0,0,0
MAR04230,13.08611516,11.0700044,16.35910158
MAR04234,1000,1000,1000
MAR04236,0,0,0
MAR04238,818.4381201,752.3749822,768.1190022
MAR04240,0,0,0
MAR04247,0,0,0
MAR04256,1000,1000,1000
MAR04258,1000,1000,1000
MAR04272,42.22122778,34.16084318,35.67658023
MAR04273,42.22122778,34.16084318,35.67658023
MAR04286,84.44245557,68.32168636,71.35316045
MAR04289,1000,1000,1000
MAR04292,42.22122778,34.16084318,35.67658023
MAR04293,5.57737076,7.752652483,0.617731296
MAR04294,1000,1000,1000
MAR04298,1000,1000,1000
MAR04305,1000,1000,1000
MAR04307,1000,1000,1000
MAR04309,1000,1000,1000
MAR04311,1000,1000,1000
MAR04322,5.57737076,7.752652483,0.617731296
MAR04325,5.57737076,7.752652483,0.617731296
MAR04327,0,0,0
MAR04334,1000,1000,1000
MAR04337,8.582420435,7.189247413,23.61108091
MAR04339,8.582420435,7.189247413,23.61108091
MAR04341,1000,1000,1000
MAR04349,1000,1000,1000
MAR04353,1000,1000,1000
MAR04357,1000,1000,1000
MAR04359,1000,1000,1000
MAR04361,1000,1000,1000
MAR04362,1000,1000,1000
MAR04364,1000,1000,1000
MAR04366,1000,1000,1000
MAR04369,1000,1000,1000
MAR04374,1000,1000,1000
MAR04376,1000,1000,1000
MAR04378,1000,1000,1000
MAR04380,1000,1000,1000
MAR04382,0,-1.14E-13,0
MAR04384,121.6529294,108.2932837,177.1569113
MAR04389,1000,1000,1000
MAR04392,1000,1000,1000
MAR04395,0,0,0
MAR04397,0,0,0
MAR04405,1000,1000,1000
MAR04407,1000,1000,1000
MAR04409,15.8861987,12.30403692,22.42566558
MAR04411,9.272637422,7.584067297,25.36174894
MAR04413,0,0,0
MAR04438,11.09561061,6.883306446,14.9520509
MAR04439,11.09561061,6.883306446,4.750731174
MAR04441,16.93351109,9.789934042,14.9520509
MAR04443,2.714632434,3.001068956,5.232906013
MAR04445,0.395673619,0.438214133,6.626598412
MAR04447,2.714632434,3.001068956,5.232906013
MAR04455,1000,1000,1000
MAR04457,16.93351109,9.789934042,14.9520509
MAR04462,0,0,0
MAR04463,1000,1000,1000
MAR04475,0,0,0
MAR04478,1000,1000,1000
MAR04479,0.395673619,0.438214133,6.626598412
MAR04491,16.93351109,9.789934042,14.9520509
MAR04502,1000,1000,1000
MAR04504,9.544968264,6.883306446,14.9520509
MAR04506,16.93351109,9.789934042,14.9520509
MAR04508,0,0,0
MAR04509,2.714632434,3.001068956,5.232906013
MAR04511,16.93351109,9.789934042,14.9520509
MAR04515,2.714632434,3.001068956,5.232906013
MAR04517,1000,1000,1000
MAR04522,9.544968264,6.883306446,14.9520509
MAR04562,16.93351109,9.789934042,14.9520509
MAR04566,11.09561061,6.883306446,14.9520509
MAR04569,0,0,0
MAR04571,11.09561061,6.883306446,14.9520509
MAR04576,1000,1000,1000
MAR04578,7.649500615,6.223074086,4.035939344
MAR04581,0,0,0
MAR04598,7.649500615,6.223074086,4.035939344
MAR04609,1000,1000,1000
MAR04610,11.09561061,6.883306446,14.9520509
MAR04613,11.09561061,6.883306446,14.9520509
MAR04616,7.649500615,6.223074086,4.035939344
MAR04620,7.649500615,6.223074086,4.035939344
MAR04622,1000,1000,1000
MAR04624,10.2222216,6.883306446,14.9520509
MAR04626,1000,1000,1000
MAR04634,11.09561061,6.883306446,14.9520509
MAR04636,0,0,0
MAR04638,7.649500615,6.223074086,4.035939344
MAR04639,11.09561061,6.883306446,12.10781803
MAR04645,0.395673619,0.438214133,6.626598412
MAR04653,1000,1000,1000
MAR04659,1000,1000,1000
MAR04661,0.395673619,0.438214133,6.626598412
MAR04669,1000,1000,1000
MAR04671,11.09561061,6.883306446,4.750731174
MAR04674,0.395673619,0.438214133,6.626598412
MAR04677,0.395673619,0.438214133,6.626598412
MAR04678,0.395673619,0.438214133,6.626598412
MAR04707,11.09561061,6.883306446,14.9520509
MAR04711,11.09561061,6.883306446,14.9520509
MAR04713,1000,1000,1000
MAR04719,16.93351109,9.789934042,14.9520509
MAR04722,0.395673619,0.438214133,6.626598412
MAR04724,1000,1000,1000
MAR04726,0.395673619,0.438214133,6.626598412
MAR04728,0.395673619,0.438214133,6.626598412
MAR04745,16.93351109,9.789934042,14.9520509
MAR04747,1000,1000,1000
MAR04749,0,0,0
MAR04751,1000,1000,1000
MAR04753,1000,1000,1000
MAR04759,16.93351109,9.789934042,14.9520509
MAR04761,1000,1000,1000
MAR04782,0.395673619,0.438214133,6.626598412
MAR04783,2.438460052,2.807761107,11.17678788
MAR04793,1.496742653,1.514063497,5.898488315
MAR04794,1000,1000,1000
MAR04795,1000,1000,1000
MAR04798,1000,1000,1000
MAR04800,1000,1000,1000
MAR04801,1000,1000,1000
MAR04803,1.496742653,1.220614335,1.014275815
MAR04805,1.496742653,1.220614335,1.014275815
MAR04807,9.679885122,9.606624373,26.40288748
MAR04809,2.438460052,2.807761107,11.17678788
MAR04811,1.496742653,1.514063497,5.898488315
MAR04813,4.876920103,5.615522215,22.35357577
MAR04815,11.09561061,6.883306446,4.750731174
MAR04820,9.544968264,6.883306446,14.9520509
MAR04821,9.544968264,6.883306446,14.9520509
MAR04822,11.09561061,6.883306446,14.9520509
MAR04823,11.09561061,6.883306446,14.9520509
MAR04824,11.09561061,6.883306446,14.9520509
MAR04825,7.649500615,6.223074086,4.035939344
MAR04826,11.09561061,6.883306446,12.10781803
MAR04827,0,0,0
MAR04828,11.09561061,6.883306446,14.9520509
MAR04829,11.09561061,6.883306446,14.9520509
MAR04830,7.649500615,6.223074086,4.035939344
MAR04853,7.649500615,6.223074086,4.035939344
MAR04857,0,0,0
MAR04859,16.93351109,9.789934042,14.9520509
MAR04866,17.32918471,10.22814817,21.57864931
MAR04869,17.32918471,10.22814817,21.57864931
MAR04884,10.2222216,6.883306446,14.9520509
MAR04886,16.93351109,9.789934042,14.9520509
MAR04889,18.12053195,11.10457644,25.61458865
MAR04891,17.32918471,10.22814817,21.57864931
MAR04895,11.09561061,6.883306446,14.9520509
MAR04897,11.09561061,6.883306446,14.9520509
MAR04899,17.32918471,10.22814817,21.57864931
MAR04901,17.32918471,10.22814817,21.57864931
MAR04909,0,0,0
MAR04918,18.77391497,12.80643663,28.20524772
MAR04920,17.32918471,10.22814817,21.57864931
MAR04921,0,0,0
MAR04923,16.93351109,9.789934042,14.9520509
MAR04925,0,0,0
MAR04927,1.736382984,4.290949372,2.535764747
MAR04929,2.236382984,4.790949372,3.035764747
MAR04936,4.876920103,5.615522215,22.35357577
MAR04943,11.09561061,6.883306446,14.9520509
MAR04950,0,0,0
MAR04965,0,0,0
MAR04966,2.299493394,1.220614335,1.014275815
MAR04967,8.33844299,6.381055362,29.90889388
MAR04968,2.885980176,2.562854824,7.007772105
MAR04970,6.727061631,4.541681851,5.665367463
MAR04974,2.299493394,1.220614335,1.014275815
MAR04978,6.658988088,4.541681851,5.665367463
MAR04981,2.57395241,1.658828468,2.515467602
MAR04984,6.658988088,4.541681851,5.665367463
MAR04987,2.57395241,1.658828468,2.515467602
MAR04988,6.658988088,4.541681851,5.665367463
MAR04991,2.57395241,1.658828468,2.515467602
MAR05001,6.658988088,4.541681851,5.665367463
MAR05017,2.57395241,1.658828468,2.515467602
MAR05019,6.658988088,4.688153515,13.58087929
MAR05024,6.658988088,4.688153515,13.58087929
MAR05025,2.885980176,2.562854824,7.007772105
MAR05026,2.885980176,2.562854824,7.007772105
MAR05028,0.28738475,0.178321275,2.08374694
MAR05030,6.658988088,4.688153515,13.58087929
MAR05044,6.658988088,4.541681851,5.665367463
MAR05069,2.885980176,2.562854824,7.007772105
MAR05072,6.727061631,4.541681851,5.665367463
MAR05075,6.727061631,4.541681851,5.665367463
MAR05081,2.299493394,1.220614335,1.014275815
MAR05083,6.658988088,4.541681851,5.665367463
MAR05086,2.57395241,1.658828468,2.515467602
MAR05090,6.658988088,4.541681851,5.665367463
MAR05093,2.57395241,1.658828468,2.515467602
MAR05095,6.658988088,4.688153515,13.58087929
MAR05097,2.885980176,2.562854824,7.007772105
MAR05098,6.658988088,4.688153515,13.58087929
MAR05100,2.885980176,2.562854824,7.007772105
MAR05103,0.395673619,0.438214133,6.626598412
MAR05104,16.93351109,9.789934042,14.9520509
MAR05106,0.395673619,0.438214133,6.626598412
MAR05108,0.28738475,0.178321275,2.08374694
MAR05110,10.99519644,8.068704263,19.11559014
MAR05111,6.658988088,4.541681851,5.665367463
MAR05119,2.299493394,1.220614335,1.014275815
MAR05120,11.09561061,6.883306446,14.9520509
MAR05123,6.727061631,4.541681851,5.665367463
MAR05175,2.299493394,1.220614335,1.014275815
MAR05176,7.649500615,6.223074086,4.035939344
MAR05177,6.658988088,4.541681851,5.665367463
MAR05178,2.57395241,1.658828468,2.515467602
MAR05179,15.03569947,10.56850497,24.70505836
MAR05180,2.885980176,2.562854824,7.007772105
MAR05181,14.85294145,9.886434906,25.5239019
MAR05182,2.885980176,2.562854824,7.007772105
MAR05183,5.968018981,3.932292255,16.10332567
MAR05184,0.28738475,0.178321275,2.08374694
MAR05185,12.57276972,10.56850497,15.07965079
MAR05186,2.218523948,1.852502536,4.64250432
MAR05187,2.218523948,1.852502536,4.64250432
MAR05188,15.03569947,10.56850497,20.61741836
MAR05189,2.299493394,1.220614335,1.014275815
MAR05190,11.09561061,6.883306446,14.9520509
MAR05191,6.727061631,4.541681851,4.035939344
MAR05192,7.649500615,6.223074086,4.035939344
MAR05193,2.299493394,1.220614335,1.014275815
MAR05194,6.658988088,4.541681851,5.665367463
MAR05195,6.727061631,4.541681851,5.665367463
MAR05196,2.299493394,1.220614335,1.014275815
MAR05208,6.727061631,4.541681851,5.665367463
MAR05229,6.727061631,4.541681851,5.665367463
MAR05235,2.299493394,1.220614335,1.014275815
MAR05242,6.658988088,4.541681851,5.665367463
MAR05256,2.57395241,1.658828468,2.515467602
MAR05293,2.299493394,1.220614335,1.014275815
MAR05298,6.658988088,4.541681851,5.665367463
MAR05300,2.57395241,1.658828468,2.515467602
MAR05302,6.727061631,4.541681851,5.665367463
MAR05306,6.658988088,4.541681851,5.665367463
MAR05309,2.57395241,1.658828468,2.515467602
MAR05312,6.658988088,4.541681851,5.665367463
MAR05321,2.57395241,1.658828468,2.515467602
MAR05323,5.968018981,3.932292255,16.10332567
MAR05325,15.03569947,10.56850497,21.48796255
MAR05327,2.885980176,2.562854824,7.007772105
MAR05329,11.09561061,6.883306446,14.9520509
MAR05331,2.885980176,2.562854824,7.007772105
MAR05334,10.2222216,7.911288095,15.32045144
MAR05341,2.438460052,2.807761107,11.17678788
MAR05343,10.53548079,8.78592891,11.04371145
MAR05345,0.395673619,0.438214133,2.672102589
MAR05350,2.299493394,1.220614335,1.014275815
MAR05355,0,0,0
MAR05356,6.727061631,4.541681851,4.035939344
MAR05357,7.649500615,6.223074086,4.035939344
MAR05358,6.727061631,4.541681851,5.665367463
MAR05359,8.045174234,6.661288219,6.708041933
MAR05360,6.727061631,4.541681851,4.035939344
MAR05364,2.299493394,1.220614335,1.014275815
MAR05365,6.658988088,4.541681851,5.665367463
MAR05366,2.57395241,1.658828468,2.515467602
MAR05367,6.727061631,4.541681851,4.035939344
MAR05368,2.299493394,1.220614335,1.014275815
MAR05369,6.658988088,4.541681851,4.035939344
MAR05370,6.658988088,4.541681851,4.035939344
MAR05371,11.09561061,6.883306446,12.10781803
MAR05372,2.299493394,1.220614335,1.014275815
MAR05373,6.727061631,4.541681851,4.035939344
MAR05374,2.299493394,1.220614335,1.014275815
MAR05375,2.299493394,1.220614335,1.014275815
MAR05376,6.658988088,4.541681851,4.035939344
MAR05377,2.299493394,1.220614335,1.014275815
MAR05378,6.727061631,4.541681851,4.035939344
MAR05379,2.299493394,1.220614335,1.014275815
MAR05380,6.727061631,4.541681851,4.035939344
MAR05382,2.299493394,1.220614335,1.014275815
MAR05383,6.727061631,4.541681851,4.035939344
MAR05402,2.299493394,1.220614335,1.014275815
MAR05403,6.727061631,4.541681851,4.035939344
MAR05404,6.727061631,4.541681851,4.035939344
MAR05405,2.299493394,1.220614335,1.014275815
MAR05408,6.727061631,4.541681851,4.035939344
MAR05410,6.727061631,4.541681851,4.035939344
MAR05412,6.727061631,4.541681851,4.035939344
MAR05421,2.885980176,2.562854824,7.007772105
MAR05425,2.438460052,2.807761107,11.17678788
MAR05427,2.438460052,2.807761107,11.17678788
MAR05428,2.299493394,1.220614335,1.014275815
MAR05431,2.885980176,2.562854824,7.007772105
MAR05434,16.93351109,9.789934042,14.9520509
MAR05449,5.101331727,3.667530225,4.834963908
MAR05456,16.93351109,9.789934042,14.9520509
MAR05988,5.101331727,3.667530225,4.834963908
MAR05991,11.09561061,6.883306446,14.9520509
MAR05999,18.30053854,10.53678982,17.32961178
MAR06278,11.09561061,6.883306446,14.9520509
MAR06279,8.33844299,6.381055362,29.90889388
MAR06280,2.695167013,1.658828468,7.007772105
MAR06281,6.658988088,4.541681851,5.665367463
MAR06282,2.57395241,1.658828468,2.515467602
MAR06283,6.658988088,4.688153515,13.58087929
MAR06284,2.695167013,1.658828468,7.007772105
MAR06285,2.885980176,2.562854824,7.007772105
MAR06319,6.658988088,4.688153515,13.58087929
MAR06320,6.658988088,4.541681851,5.665367463
MAR06322,2.57395241,1.658828468,2.515467602
MAR06329,6.658988088,4.688153515,13.58087929
MAR06344,2.885980176,2.562854824,7.007772105
MAR06345,2.885980176,2.562854824,7.007772105
MAR06346,0,0,0
MAR06347,6.658988088,4.688153515,13.58087929
MAR06348,2.438460052,2.807761107,11.17678788
MAR06349,20.95500141,17.74499472,28.61366711
MAR06350,2.438460052,2.807761107,11.17678788
MAR06376,2.438460052,2.807761107,11.17678788
MAR06378,6.658988088,4.541681851,4.035939344
MAR06390,6.658988088,4.541681851,4.035939344
MAR06407,6.658988088,4.541681851,4.035939344
MAR06418,6.658988088,4.541681851,4.035939344
MAR06437,6.658988088,4.541681851,4.035939344
MAR06449,7.649500615,6.223074086,4.035939344
MAR06452,7.649500615,6.223074086,4.035939344
MAR06483,2.299493394,1.220614335,1.014275815
MAR06485,11.09561061,6.883306446,14.9520509
MAR06487,9.544968264,6.883306446,14.9520509
MAR06489,9.544968264,6.883306446,14.9520509
MAR06491,11.09561061,6.883306446,14.9520509
MAR06493,11.09561061,6.883306446,14.9520509
MAR06494,1000,1000,1000
MAR06497,1000,1000,1000
MAR06498,10.2222216,7.911288095,15.32045144
MAR06499,10.2222216,6.883306446,14.9520509
MAR06502,2.885980176,2.562854824,7.007772105
MAR06503,11.09561061,6.883306446,14.9520509
MAR06504,1000,1000,1000
MAR06528,11.09561061,6.883306446,12.10781803
MAR06538,0,0,0
MAR06541,1000,1000,1000
MAR06582,1000,1000,1000
MAR06586,11.09561061,6.883306446,14.9520509
MAR06590,1000,1000,1000
MAR06593,11.09561061,6.883306446,14.9520509
MAR06594,1000,1000,1000
MAR06596,1.496742653,1.514063497,5.898488315
MAR06597,1.496742653,1.514063497,5.898488315
MAR06598,0.395673619,0.438214133,2.672102589
MAR06599,0.395673619,0.438214133,2.672102589
MAR06600,0.395673619,0.438214133,2.672102589
MAR06604,5.968018981,4.781492203,16.10332567
MAR06688,7.649500615,6.223074086,4.035939344
MAR06689,0,0,0
MAR06696,0,0,0
MAR06698,0,0,0
MAR06706,1000,1000,1000
MAR06724,2.438460052,2.807761107,11.17678788
MAR06769,2.438460052,2.807761107,11.17678788
MAR06773,2.438460052,2.807761107,11.17678788
MAR06775,23.08285456,18.46734157,28.86062377
MAR06777,2.714632434,3.001068956,5.232906013
MAR06779,23.08285456,18.46734157,28.86062377
MAR06804,16.93351109,9.789934042,14.9520509
MAR06805,2.714632434,3.001068956,5.232906013
MAR06809,0.395673619,0.438214133,6.626598412
MAR06810,2.714632434,3.001068956,5.232906013
MAR06812,1.496742653,1.514063497,5.898488315
MAR06816,1.496742653,1.514063497,5.898488315
MAR06821,2.714632434,3.001068956,5.232906013
MAR06825,0.395673619,0.438214133,6.626598412
MAR06832,0.395673619,0.438214133,6.626598412
MAR06833,1000,1000,1000
MAR06846,28.0291217,16.67324049,75.72860306
MAR06847,0.395673619,0.438214133,6.626598412
MAR06852,2.714632434,3.001068956,5.232906013
MAR06853,1000,1000,1000
MAR06856,1000,1000,1000
MAR06857,1000,1000,1000
MAR06858,1000,1000,1000
MAR06859,16.20236422,5.184666947,21.35076215
MAR06860,2.412995694,1.453112669,4.165511052
MAR06861,12.06134579,10.53029623,37.24552755
MAR06862,1.585254776,0.957099789,0.547486973
MAR06863,1000,1000,1000
MAR06864,4.451113745,3.848330734,13.11237027
MAR06865,1000,1000,1000
MAR06866,0.980097575,0.67446954,8.365608057
MAR06867,1000,1000,1000
MAR06868,1000,1000,1000
MAR06869,1000,1000,1000
MAR06870,1000,1000,1000
MAR06871,1.585254776,0.957099789,0.547486973
MAR06872,0,0,0
MAR06873,5.44796078,5.256708324,1.261589421
MAR06884,5.44796078,5.256708324,1.261589421
MAR06887,1000,1000,1000
MAR06891,1000,1000,1000
MAR06892,1000,1000,1000
MAR06893,0.37058727,0.608659517,1.3934358
MAR06894,5.964093355,8.690406739,15.70158838
MAR06895,5.964093355,8.690406739,15.70158838
MAR06896,1000,1000,1000
MAR06897,1000,1000,1000
MAR06898,3.827437337,3.92040742,1.527868161
MAR06899,1.585254776,0.957099789,0.547486973
MAR06900,1.585254776,0.957099789,0.547486973
MAR06913,1.585254776,0.957099789,0.547486973
MAR06915,1.585254776,0.957099789,0.547486973
MAR06917,1.585254776,0.957099789,0.547486973
MAR06919,1000,1000,1000
MAR06920,1000,1000,1000
MAR06922,1000,1000,1000
MAR07101,0.033003444,0.025743554,0.181168102
MAR07102,1000,1000,1000
MAR07105,1000,1000,1000
MAR07107,0,0,0
MAR07148,1.585254776,0.957099789,0.547486973
MAR07149,6.189886589,1.450489501,23.53512369
MAR07150,1.585254776,0.957099789,0.547486973
MAR07151,1000,1000,1000
MAR07152,1.261085447,1.965993462,5.203456523
MAR07153,1000,1000,1000
MAR07154,1000,1000,1000
MAR07155,37.30712922,26.67661897,116.756268
MAR07156,1.261085447,1.965993462,5.203456523
MAR07157,1.261085447,1.965993462,5.203456523
MAR07158,41.39784933,31.23201682,26.17060138
MAR07159,1000,1000,1000
MAR07176,1000,1000,1000
MAR07177,1000,1000,1000
MAR07178,37.30712922,26.67661897,116.756268
MAR07179,1000,1000,1000
MAR07189,1000,1000,1000
MAR07190,15.83257427,9.815975689,40.03607247
MAR07191,1000,1000,1000
MAR07192,1.585254776,0.957099789,0.547486973
MAR07193,4.022034368,2.805906294,8.121935715
MAR07194,2.412995694,1.453112669,4.165511052
MAR07195,1000,1000,1000
MAR07255,1000,1000,1000
MAR07439,1000,1000,1000
MAR07441,1000,1000,1000
MAR07589,0.980097575,0.67446954,8.365608057
MAR07592,1000,1000,802.0124199
MAR07593,1000,1000,1000
MAR07595,1000,1000,1000
MAR07657,1000,1000,1000
MAR07658,1.436382984,3.990949372,2.235764747
MAR07659,1000,1000,802.0124199
MAR07742,1000,1000,1000
MAR07750,0,0,0
MAR07751,755.6810659,691.1132971,914.7645795
MAR07752,0,0,0
MAR07753,64.19697924,43.54064393,33.26085984
MAR07754,578.0534882,455.6209239,844.1638174
MAR07803,393.1361003,321.2298076,765.8285341
MAR07805,2.175254315,1.260998379,3.61319617
MAR07807,38.92694773,31.91427693,99.1213608
MAR07809,2.745657797,2.686470432,0.524307863
MAR07811,515.8716303,356.3523955,607.7668164
MAR07813,1000,1000,1000
MAR07817,1000,1000,1000
MAR07819,205.3713162,154.617894,474.1154719
MAR07821,17.431093,11.41270887,44.02961627
MAR07823,5.238547902,3.271616888,10.34145607
MAR07926,6.710985453,5.007203496,11.14127331
MAR08111,13.19508174,8.101985458,23.49297278
MAR08204,1000,1000,1000
MAR08218,13.23992423,9.346528337,49.69017484
MAR08274,4.808281099,3.329362131,17.67123336
MAR08301,9.609436768,6.543233776,20.68291214
MAR08386,61.78398355,46.98484681,58.19069757
MAR08400,0,0,0
MAR08422,0,0,0
MAR08423,-1.14E-13,-1.14E-13,-1.14E-13
MAR08644,1000,1000,1000
MAR08646,1000,1000,1000
MAR08647,1000,1000,1000
MAR08649,1000,1000,1000
MAR08650,1000,1000,1000
MAR08701,0,0,0
MAR08705,0,0,0
MAR08707,0,0,0
MAR08708,1000,1000,1000
MAR08832,1000,1000,1000
MAR08916,1000,1000,1000
MAR08948,0,0,0
MAR08949,6.189886589,1.450489501,23.53512369
MAR08950,9.44E-12,0,0
MAR08951,1000,1000,1000
MAR08952,1000,1000,1000
MAR08953,1000,1000,1000
MAR08954,-1.14E-13,-1.14E-13,-1.14E-13
MAR08955,1000,1000,1000
MAR08956,1000,1000,1000
MAR08957,1000,1000,1000
MAR08958,1000,1000,1000
MAR08959,11.93603796,7.86458451,32.20665134
MAR08960,1000,1000,1000
MAR08961,1000,1000,1000
MAR08962,1.666713951,0.723239567,2.980522147
MAR08963,1000,1000,1000
MAR08964,1000,1000,1000
MAR08965,1000,1000,1000
MAR08966,272.8575089,267.1704082,355.0737711
MAR08967,205.8812919,155.0210996,475.077446
MAR08968,1.666713951,0.723239567,2.980522147
MAR08969,14.14522228,10.80351614,36.98711633
MAR08970,1000,1000,1000
MAR08971,4.060594231,2.974042699,13.23281199
MAR08972,515.8716303,356.3523955,607.7668164
MAR08974,517.8384251,516.5771562,646.4870274
MAR08975,1000,1000,1000
MAR08976,1000,1000,1000
MAR08977,208.6415369,153.9696815,496.3381665
MAR08978,1000,1000,1000
MAR08979,1.585254776,0.957099789,0.547486973
MAR08980,1000,1000,1000
MAR08981,1000,1000,1000
MAR08982,-2.91E-13,-5.81E-14,1.94E-13
MAR08983,911.0289034,573.3504909,1000
MAR08984,1000,1000,1000
MAR08985,3.741063029,2.215420059,3.59366211
MAR08986,1000,1000,1000
MAR08987,49.72313481,30.10771393,107.0256747
MAR08988,0.980097575,0.67446954,8.365608057
MAR08989,73.8829563,62.08558186,89.17262453
MAR08990,1000,1000,1000
MAR08991,205.8812919,155.0210996,475.077446
MAR08992,8.358014322,7.324433213,22.2497305
MAR08993,1000,1000,1000
MAR08994,1000,1000,1000
MAR08995,1000,1000,1000
MAR08996,120.5991816,85.77940103,173.30682
MAR08997,1000,1000,1000
MAR08998,1000,1000,1000
MAR08999,1000,1000,1000
MAR09000,215.8132756,157.4252146,462.9005435
MAR09001,215.8132756,157.4252146,462.9005435
MAR09002,8.400038649,5.001031252,24.66173742
MAR09003,1000,1000,1000
MAR09004,5.958055779,5.615580193,3.701687686
MAR09005,3.248238441,2.585121268,1.530163143
MAR09006,1000,1000,1000
MAR09007,8.206253234,6.106029168,27.80348321
MAR09008,0,0,0
MAR09009,11.16173183,10.64009301,15.54568084
MAR09010,1000,1000,1000
MAR09011,1000,1000,1000
MAR09012,1000,1000,1000
MAR09013,1000,1000,1000
MAR09021,20.13783007,14.85862011,77.35057049
MAR09025,3.788192538,1.732215926,37.57769916
MAR09026,1000,1000,1000
MAR09027,14.49817581,10.87387691,32.7822495
MAR09028,1000,1000,1000
MAR09029,11.08093126,10.57200439,15.36254285
MAR09030,1000,1000,1000
MAR09031,1000,1000,1000
MAR09057,1000,1000,1000
MAR09059,0,-2.14E-12,0
MAR09060,1000,1000,1000
MAR09112,475.5145896,364.0843677,675.4847744
MAR09170,1000,1000,1000
MAR09186,192.9248688,115.8166206,175.1320472
MAR09274,7.364842258,9.508387604,7.309818463
MAR09402,2.395639619,2.405504667,21.71334622
MAR09403,1000,1000,1000
MAR09459,1000,1000,1000
MAR09526,1000,1000,1000
MAR09533,1000,1000,1000
MAR09576,1000,1000,1000
MAR09589,1000,1000,1000
MAR09723,0.418940982,0.605860997,2.997724807
MAR09736,16.20236422,5.184666947,21.35076215
MAR09819,19.09780779,13.95936729,59.69830685
MAR09820,289.4721756,222.6825655,443.0192142
MAR09821,12.06134579,10.53029623,37.24552755
MAR09822,1000,1000,804.3030047
MAR09823,1.52047419,0.281084597,1.241196346
MAR09824,29.80478488,22.22756254,58.58016078
MAR09825,136.5390592,101.7688098,296.6412797
MAR09826,1000,1000,1000
MAR09827,1000,1000,811.6324604
MAR09828,36.13131031,26.00653662,53.89177187
MAR09829,134.9875724,136.6014576,177.2093299
MAR09830,32.47756933,26.4340065,66.64762216
MAR09831,323.412949,213.3808733,740.2666066
MAR09832,12.56796184,13.9739042,20.3617406
MAR09833,18.22495388,14.05726428,46.6212108
MAR09834,33.73036041,20.97995689,105.9382274
MAR09835,3.924546144,4.765983049,17.76016892
MAR09836,287.7403985,191.6379681,443.1256558
MAR09837,474.4662448,411.2864547,827.2040033
MAR09838,64.83117753,43.60036167,128.0943535
MAR09839,1000,1000,1000
MAR09840,12.17886134,12.87032031,30.48333764
MAR09841,13.67842909,13.77137187,44.57668462
MAR09842,337.4197708,262.5954099,530.747563
MAR09843,29.23216003,23.19239932,66.07310961
MAR09844,19.46043856,13.27401653,11.84837183
MAR09845,131.4295982,122.7304693,157.534975
MAR09846,1000,1000,1000
MAR09847,38.52626163,27.4230073,161.1023616
MAR09848,1000,1000,1000
MAR09849,30.93540929,25.58520073,38.6769324
MAR09850,11.6027837,10.37787402,22.85731033
MAR09851,24.05433292,19.72675835,44.01264157
MAR09852,162.7700858,99.09852051,226.6628796
MAR09853,1000,1000,1000
MAR09854,57.98825856,45.00528323,94.01129811
MAR09855,15.39537073,13.9739042,25.49833541
MAR09856,49.14596522,46.76204869,63.60825965
MAR09857,39.26345567,26.06303114,54.35127163
MAR09858,475.5145896,364.0843677,675.4847744
MAR09859,0.418940982,0.605860997,2.997724807
MAR09860,42.72392673,32.27244709,71.6865738
MAR09861,1000,1000,1000
MAR09862,377.753525,275.7400992,658.4420153
MAR09863,1000,1000,1000
MAR09864,579.3063505,497.324097,965.5103104
MAR09865,16.20236422,5.184666947,21.35076215
MAR09866,40.88112026,27.54220539,109.6883668
MAR09867,6.839214546,6.885685934,22.28834231
MAR09868,1000,1000,1000
MAR09869,1000,1000,1000
MAR09870,3.042135079,4.781492203,5.203456523
MAR09871,1000,1000,1000
MAR09872,1000,1000,1000
MAR09873,1000,1000,1000
MAR09874,502.3084566,494.0209129,743.5324325
MAR09875,1000,859.6289908,1000
MAR09876,1000,1000,1000
MAR09877,1000,1000,802.0124199
MAR09878,3.663655322,3.534391494,0.612618048
MAR09879,8.467859231,4.79881813,4.357027274
MAR09880,1000,1000,802.0124199
MAR09881,1000,1000,802.0124199
MAR09882,16.68743917,21.26880942,23.0669919
MAR09883,1000,1000,1000
MAR09884,1000,1000,1000
MAR09885,1000,1000,1000
MAR09886,1000,1000,1000
MAR09887,1000,1000,1000
MAR09888,1000,1000,1000
MAR09889,1000,1000,1000
MAR09890,0.563629308,0.48038706,0.216645881
MAR09891,1000,1000,1000
MAR09892,1000,1000,1000
MAR09893,1000,1000,802.0124199
MAR09894,5.968018981,4.781492203,16.10332567
MAR09895,1000,1000,1000
MAR09896,1000,1000,1000
MAR09897,3.082906358,0.935892505,0.226429878
MAR09898,1000,1000,1000
MAR09899,7.825464931,5.935077676,15.90416632
MAR09900,586.8789326,545.6652558,722.8336673
MAR09901,1.436382984,3.990949372,2.235764747
MAR09902,1000,1000,1000
MAR09903,1000,1000,802.0124199
MAR09904,1000,1000,1000
MAR09905,3.663655322,3.534391494,0.612618048
MAR09906,1000,1000,802.0124199
MAR09907,1000,1000,1000
MAR09908,1000,1000,1000
MAR09909,1000,1000,1000
MAR09910,3.009469651,3.078219435,12.28403895
MAR09911,50.83559455,48.49028177,50.07728837
MAR09912,4.80143408,3.989944532,6.034686323
MAR09913,4.80143408,3.989944532,6.034686323
MAR09914,4.80143408,3.989944532,6.034686323
MAR09915,4.80143408,3.989944532,6.034686323
MAR09916,4.80143408,3.989944532,6.034686323
MAR09917,4.80143408,3.989944532,6.034686323
MAR09918,4.80143408,3.989944532,6.034686323
MAR09919,50.83559455,48.49028177,50.07728837
MAR09920,29.78011941,20.44116679,27.05986893
MAR09921,32.23251232,22.23608221,23.02392958
MAR09922,16.93351109,9.789934042,14.9520509
MAR09923,755.8137199,450.832641,998.0782128
MAR09924,29.38444579,20.00295266,23.02392958
MAR09925,31.29157351,21.0673159,25.69603217
MAR09926,29.38444579,20.00295266,23.02392958
MAR09927,145.855954,86.90706392,73.80184936
MAR09928,42.71114201,29.78251535,62.67688865
MAR09929,56.28583792,49.30635504,162.5741156
MAR09930,77.2370283,52.71936918,165.5788314
MAR09931,0,0,0
MAR09932,0,0,0
MAR09933,0,0,0
MAR09934,0.354290766,0.283965354,9.451183928
MAR09935,1000,1000,1000
MAR09936,70.87414242,68.60178763,161.7970128
MAR09937,1000,1000,1000
MAR09938,18.51108437,13.87858624,17.52744477
MAR09939,1000,1000,1000
MAR09940,15.52531876,13.55421329,22.24349143
MAR09941,1000,1000,1000
MAR09942,7.29169589,4.352735507,21.64973078
MAR09943,7.29169589,4.352735507,21.64973078
MAR09944,7.29169589,4.352735507,21.64973078
MAR09945,7.29169589,4.352735507,21.64973078
MAR09946,7.29169589,4.352735507,21.64973078
MAR09947,7.29169589,4.352735507,21.64973078
MAR09948,43.92652185,26.08384248,104.2281164
MAR09949,1000,1000,1000
MAR09950,16.93351109,9.789934042,14.9520509
MAR09951,20.95877881,25.13332728,35.8302695
MAR09952,1000,1000,1000
MAR09953,1000,1000,1000
MAR09954,1000,1000,1000
MAR09955,1000,1000,1000
MAR09956,1000,1000,1000
MAR09957,1000,1000,1000
MAR09958,1000,1000,1000
MAR09959,1000,1000,1000
MAR09960,59.5536761,61.35901833,110.5953577
MAR09961,1000,1000,1000
MAR09962,1000,1000,802.0124199
MAR09963,1000,1000,802.0124199
MAR09964,1000,1000,1000
MAR09965,1000,1000,802.0124199
MAR09966,1000,1000,1000
MAR09967,1000,1000,1000
MAR09968,1000,1000,1000
MAR09969,2.885980176,2.562854824,7.007772105
MAR09970,1000,1000,1000
MAR09971,1000,1000,1000
MAR09972,10.01568677,6.353239113,7.931936911
MAR09973,1000,1000,1000
MAR09974,1000,1000,1000
MAR09975,1000,1000,1000
MAR09976,1000,1000,1000
MAR09977,1000,1000,1000
MAR09978,0,0,0
MAR09979,1000,1000,1000
MAR09980,1000,1000,1000
MAR09981,1000,1000,1000
MAR09982,1000,1000,1000
MAR09983,1000,1000,1000
MAR09984,1000,1000,1000
MAR09985,1000,1000,1000
MAR09986,1000,1000,802.0124199
MAR09987,11.92438923,16.02798505,3.731355477
MAR09988,1000,1000,802.0124199
MAR09989,39.71977268,28.03958501,149.0705245
MAR09990,1000,1000,1000
MAR09991,1000,1000,1000
MAR09992,1000,1000,1000
MAR09993,1.266052144,0.873125347,1.209876501
MAR09994,786.0354625,657.3253849,982.601779
MAR09995,786.0354625,657.3253849,982.601779
MAR09996,371.4005204,349.2722576,325.7855338
MAR09997,51.46241231,35.49711028,130.2616734
MAR09998,1000,1000,1000
MAR09999,865.7168373,612.2170092,1000
MAR10000,865.7168373,612.2170092,1000
MAR10001,2.714632434,3.001068956,5.232906013
MAR10002,1000,1000,1000
MAR10003,1000,1000,1000
MAR10004,1000,1000,1000
MAR10005,1000,1000,1000
MAR10006,3.186121314,2.600228966,15.90416632
MAR10007,1000,1000,1000
MAR10008,1000,1000,1000
MAR10009,0,2.14E-13,-2.09E-16
MAR10010,65.07659999,56.61451067,9.794513285
MAR10011,1000,1000,1000
MAR10012,0,0,0
MAR10013,59.07196548,45.12127056,285.5035404
MAR10014,65.07659999,56.61451067,9.794513285
MAR10015,1000,1000,1000
MAR10016,1000,1000,802.0124199
MAR10017,105.7269709,74.36727334,229.3210074
MAR10018,1000,1000,802.0124199
MAR10019,15.8861987,12.30403692,22.42566558
MAR10020,65.07659999,56.61451067,9.794513285
MAR10021,11.93603796,7.86458451,32.20665134
MAR10022,1000,1000,1000
MAR10032,1000,1000,1000
MAR10133,0,0,0
MAR10134,1000,1000,1000
MAR10135,1000,1000,1000
MAR10136,7.870839739,7.436610903,24.62751425
MAR10137,19.79522897,23.46459596,28.35886973
MAR10138,1000,1000,1000
MAR10139,6.543057581,5.5350022,8.179550792
MAR10140,17.13000284,17.02219233,9.862195654
MAR10141,1000,1000,802.0124199
MAR10142,80.64396022,91.8639587,80.79756655
MAR10143,80.64396022,91.8639587,80.79756655
MAR10144,1000,1000,802.0124199
MAR10145,80.64396022,91.8639587,80.79756655
MAR10146,1000,1000,802.0124199
MAR10147,1000,1000,802.0124199
MAR10148,1000,1000,802.0124199
MAR10149,40.32198011,45.93197935,40.39878328
MAR10150,1000,1000,802.0124199
MAR10151,40.32198011,45.93197935,40.39878328
MAR10152,1000,1000,1000
MAR10153,1000,1000,1000
MAR10154,1000,1000,802.0124199
MAR10155,65.07659999,56.61451067,9.794513285
MAR10156,-9.94E-15,-1.27E-13,0
MAR10157,1000,1000,802.0124199
MAR10158,0,0,6.52E-13
MAR10159,1000,1000,1000
MAR10160,1.918518906,1.35856211,0.946712393
MAR10161,1000,1000,1000
MAR10162,876.3754166,621.9528265,1000
MAR10163,1000,1000,802.0124199
MAR10164,0,0,0
MAR10165,90.53443729,57.93889068,191.4192681
MAR10166,1000,1000,802.0124199
MAR10167,43.92652185,26.08384248,104.2281164
MAR10168,1000,1000,1000
MAR10169,30.22041466,21.78092953,19.70140824
MAR10170,1000,1000,802.0124199
MAR10171,1000,1000,802.0124199
MAR10172,11.92438923,11.23355811,3.731355477
MAR10173,1000,1000,802.0124199
MAR10174,1000,1000,1000
MAR10175,1000,1000,1000
MAR10176,1000,1000,802.0124199
MAR10177,2.714632434,3.001068956,5.232906013
MAR10178,1000,1000,1000
MAR10179,1000,1000,1000
MAR10180,1000,1000,802.0124199
MAR10181,1000,1000,1000
MAR10182,1000,1000,1000
MAR10183,1000,1000,1000
MAR10184,1000,1000,1000
MAR10185,2.885980176,2.562854824,7.007772105
MAR10186,10.01568677,6.353239113,7.931936911
MAR10187,1000,1000,1000
MAR10188,1000,1000,1000
MAR10189,1000,1000,1000
MAR10190,27.09277626,24.75337947,35.67658023
MAR10191,9.888515718,5.953523958,25.73609122
MAR10192,11.68925719,10.6659836,21.4056221
MAR10193,21.01788981,16.59755081,15.99568244
MAR10194,11.92438923,16.02798505,3.731355477
MAR10195,39.71977268,28.03958501,149.0705245
MAR10196,786.0354625,657.3253849,982.601779
MAR10197,371.4005204,349.2722576,325.7855338
MAR10198,1000,1000,1000
MAR10199,865.7168373,612.2170092,1000
MAR10200,2.714632434,3.001068956,5.232906013
MAR10201,1000,1000,1000
MAR10202,1000,1000,1000
MAR10203,1000,1000,1000
MAR10204,0,0,0
MAR10205,3.186121314,2.600228966,15.90416632
MAR10206,1000,1000,1000
MAR10207,1000,1000,1000
MAR10208,105.7269709,74.36727334,229.3210074
MAR10209,15.8861987,12.30403692,22.42566558
MAR10210,1000,1000,1000
MAR10211,7.870839739,7.436610903,24.62751425
MAR10212,19.79522897,23.46459596,28.35886973
MAR10213,17.13000284,17.02219233,9.862195654
MAR10214,80.64396022,91.8639587,80.79756655
MAR10215,80.64396022,91.8639587,80.79756655
MAR10216,80.64396022,91.8639587,80.79756655
MAR10217,40.32198011,45.93197935,40.39878328
MAR10218,40.32198011,45.93197935,40.39878328
MAR10219,1000,1000,1000
MAR10220,0,0,0
MAR10221,0,0,0
MAR10222,1000,1000,1000
MAR10223,1.918518906,1.35856211,0.946712393
MAR10224,1000,1000,1000
MAR10225,14.363286,10.82652335,29.22043185
MAR10226,1000,1000,802.0124199
MAR10227,84.5664183,53.15739848,175.3159425
MAR10228,43.92652185,26.08384248,104.2281164
MAR10229,1000,1000,1000
MAR10230,30.22041466,21.78092953,19.70140824
MAR10231,1000,1000,802.0124199
MAR10232,1000,1000,802.0124199
MAR10233,11.92438923,11.23355811,3.731355477
MAR10234,1000,1000,802.0124199
MAR10235,1000,1000,1000
MAR10236,0,0,0
MAR10237,0,0,0
MAR10238,0,0,0
MAR10239,0,0,0
MAR10240,2.714632434,3.001068956,5.232906013
MAR10241,35.7741499,20.64423132,32.57620438
MAR10242,1000,1000,1000
MAR10243,749.6795245,606.3357028,909.1637274
MAR10244,0,0,0
MAR10245,0,0,0
MAR10246,20.95500141,17.74499472,28.61366711
MAR10247,1000,1000,1000
MAR10248,1000,1000,1000
MAR10249,15.52531876,13.55421329,22.24349143
MAR10250,8.449606407,7.982167375,13.56291635
MAR10251,19.6081306,15.75278002,44.70715153
MAR10252,19.6081306,15.75278002,44.70715153
MAR10253,0,0,0
MAR10254,23.64207289,14.84424181,21.66009283
MAR10255,1000,1000,1000
MAR10256,0.851229728,0.673079841,1.606169266
MAR10257,0,0,0
MAR10258,0,0,0
MAR10259,0,0,0
MAR10260,0,0,0
MAR10261,0,0,0
MAR10262,41.72769248,22.72628399,81.76308955
MAR10263,21.87588668,14.37423083,29.94753562
MAR10264,440.9540598,312.9963839,841.3156664
MAR10265,1000,1000,1000
MAR10266,0,0,0
MAR10267,0,0,0
MAR10268,0,0,0
MAR10269,0,0,0
MAR10270,0,0,0
MAR10271,0,0,0
MAR10272,0,0,0
MAR10273,0,0,0
MAR10274,0,0,0
MAR10275,0,0,0
MAR10276,0,0,0
MAR10277,0,0,0
MAR10278,0,0,0
MAR10279,0,0,0
MAR10280,0,0,0
MAR10281,0,0,0
MAR10282,0,0,0
MAR10283,0,0,0
MAR10284,0,0,0
MAR10285,0,0,0
MAR10286,0,0,0
MAR10287,0,0,0
MAR10288,0,0,0
MAR10289,0,0,0
MAR10290,0,0,0
MAR10291,0,0,0
MAR10292,0,0,0
MAR10293,0,0,0
MAR10294,0,0,0
MAR10295,0,0,0
MAR10296,0,0,0
MAR10297,0,0,0
MAR10298,0,0,0
MAR10299,0,0,0
MAR10300,0,0,0
MAR10301,0,0,0
MAR10302,0,0,0
MAR10303,0,0,0
MAR10304,0,0,0
MAR10305,0,0,0
MAR10306,0,0,0
MAR10307,0,0,0
MAR10308,0,0,0
MAR10309,0,0,0
MAR10310,0,0,0
MAR10311,0,0,0
MAR10312,0,0,0
MAR10313,0,0,0
MAR10314,0,0,0
MAR10315,0,0,0
MAR10316,0,0,0
MAR10317,0,0,0
MAR10318,0,0,0
MAR10319,0,0,0
MAR10320,51.46241231,35.49711028,130.2616734
MAR10321,5.153092486,5.808830064,16.4096939
MAR10322,0,0,0
MAR10323,0,0,0
MAR10324,0,0,0
MAR10325,0,0,0
MAR10326,0,0,0
MAR10327,0,0,0
MAR10328,0,0,0
MAR10329,0,0,0
MAR10330,0,0,0
MAR10331,0,0,0
MAR10332,0,0,0
MAR10333,0,0,0
MAR10334,0,0,0
MAR10335,0,0,0
MAR10336,0,0,0
MAR10337,0,0,0
MAR10338,0,0,0
MAR10339,2.714632434,3.001068956,5.232906013
MAR10340,16.93351109,9.789934042,14.9520509
MAR10341,0,0,0
MAR10342,38.08211604,49.79997403,29.96722272
MAR10343,9.074952125,9.457291752,17.51739941
MAR10344,0,0,0
MAR10345,16.93351109,9.789934042,14.9520509
MAR10346,1000,1000,1000
MAR10347,1000,1000,1000
MAR10348,45.56052801,49.20359624,49.7931773
MAR10349,0,0,0
MAR10350,0,0,0
MAR10351,0,0,0
MAR10352,0,0,0
MAR10353,0,0,0
MAR10354,0,0,0
MAR10355,1000,1000,1000
MAR10356,220.442987,178.6482373,1000
MAR10357,786.0354625,657.3253849,982.601779
MAR10358,51.46241231,35.49711028,130.2616734
MAR10359,1000,1000,1000
MAR10360,75.04037142,63.48826056,116.3420159
MAR10361,1000,1000,1000
MAR10362,1000,1000,1000
MAR10363,1000,1000,1000
MAR10364,1000,1000,1000
MAR10365,5.259405479,4.281624304,4.242143389
MAR10366,505.4916926,534.166758,-197.9875801
MAR10367,32.23251232,22.23608221,23.02392958
MAR10368,1000,1000,802.0124199
MAR10369,20.95500141,17.74499472,28.61366711
MAR10370,1000,1000,1000
MAR10371,1000,1000,1000
MAR10372,15.52531876,13.55421329,22.24349143
MAR10373,1000,1000,1000
MAR10374,25.88334324,18.67599664,85.47715565
MAR10375,8.449606407,7.982167375,13.56291635
MAR10376,1000,1000,1000
MAR10377,1000,1000,1000
MAR10378,42.22122778,34.16084318,35.67658023
MAR10379,33.82914715,37.97838017,109.1812965
MAR10380,19.6081306,15.75278002,44.70715153
MAR10381,19.6081306,15.75278002,44.70715153
MAR10382,5.238547902,3.271616888,10.34145607
MAR10383,1000,1000,1000
MAR10384,1000,1000,1000
MAR10385,36.57800337,32.78814449,43.24651905
MAR10386,1000,1000,802.0124199
MAR10387,0.851229728,0.673079841,1.606169266
MAR10388,41.72769248,22.72628399,81.76308955
MAR10389,160.6319685,121.879491,227.0714802
MAR10390,440.9540598,312.9963839,841.3156664
MAR10391,1000,1000,1000
MAR10392,1000,1000,1000
MAR10393,27.45567454,13.32879264,15.75811365
MAR10394,0,0,0
MAR10395,1000,1000,1000
MAR10396,15.71621979,5.661672343,22.0793902
MAR10397,36.57800337,32.78814449,43.24651905
MAR10398,51.46241231,35.49711028,130.2616734
MAR10399,5.153092486,5.808830064,16.4096939
MAR10400,2.714632434,3.001068956,5.232906013
MAR10401,1000,1000,802.0124199
MAR10402,16.93351109,9.789934042,14.9520509
MAR10403,865.7168373,612.2170092,1000
MAR10404,38.08211604,49.79997403,29.96722272
MAR10405,9.074952125,9.457291752,17.51739941
MAR10406,1000,1000,1000
MAR10407,1000,1000,802.0124199
MAR10408,1000,1000,1000
MAR10409,1000,1000,802.0124199
MAR10410,1000,1000,1000
MAR10411,5.238547902,3.271616888,9.39439402
MAR10412,865.7168373,612.2170092,1000
MAR10413,865.7168373,612.2170092,1000
MAR10414,865.7168373,612.2170092,1000
MAR10415,865.7168373,612.2170092,1000
MAR10416,865.7168373,612.2170092,1000
MAR10417,865.7168373,612.2170092,1000
MAR10418,865.7168373,612.2170092,1000
MAR10419,865.7168373,612.2170092,1000
MAR10420,865.7168373,612.2170092,1000
MAR10421,865.7168373,612.2170092,1000
MAR10422,865.7168373,612.2170092,1000
MAR10423,1000,1000,1000
MAR10424,1000,1000,1000
MAR10425,1000,1000,802.0124199
MAR10426,0,0,0
MAR10427,1000,1000,1000
MAR10428,24.44918431,23.91686781,61.03181743
MAR10429,1000,1000,1000
MAR10430,1.266052144,0.873125347,1.209876501
MAR10431,1000,1000,1000
MAR10432,1.636382984,4.190949372,2.435764747
MAR10433,0,0,0
MAR10434,42.4444974,26.46555601,36.32086759
MAR10435,1000,1000,1000
MAR10436,75.04037142,63.48826056,116.3420159
MAR10437,1000,1000,1000
MAR10438,1000,1000,1000
MAR10439,27.45567454,13.32879264,15.75811365
MAR10440,59.5536761,61.35901833,110.5953577
MAR10441,15.71621979,5.661672343,22.0793902
MAR10442,1.636382984,4.190949372,2.435764747
MAR10443,1000,1000,1000
MAR10444,865.7168373,612.2170092,1000
MAR10445,1000,1000,1000
MAR10446,1000,1000,1000
MAR10447,1000,1000,1000
MAR10448,1000,1000,1000
MAR10449,1000,1000,1000
MAR10450,1000,1000,1000
MAR10451,65.07659999,56.61451067,9.794513285
MAR10452,65.07659999,56.61451067,9.794513285
MAR10453,65.07659999,56.61451067,9.794513285
MAR10454,65.07659999,56.61451067,9.794513285
MAR10455,1000,1000,1000
MAR10456,0,0,0
MAR10457,77.2370283,52.71936918,165.5788314
MAR10458,77.2370283,52.71936918,165.5788314
MAR10459,24.34346646,10.5552549,11.84185453
MAR10460,1000,1000,1000
MAR10461,0,0,0
MAR10462,0,0,0
MAR10463,0,0,0
MAR10464,0,0,0
MAR10465,1000,1000,1000
MAR10466,1000,1000,1000
MAR10467,1000,1000,1000
MAR10468,1000,1000,1000
MAR10469,1000,1000,1000
MAR10470,1000,1000,1000
MAR10471,1000,1000,1000
MAR10472,0,0,0
MAR10473,0,0,0
MAR10474,77.2370283,52.71936918,165.5788314
MAR10475,22.86664303,25.10896626,32.64725764
MAR10476,0,0,0
MAR10477,1000,1000,1000
MAR10478,0,0,0
MAR10479,1000,1000,1000
MAR10480,1000,1000,1000
MAR10481,23.87584094,23.50938896,30.21437978
MAR10482,40.32198011,45.93197935,40.39878328
MAR10483,1000,1000,1000
MAR10484,5.57737076,7.752652483,0.617731296
MAR10485,7.775141365,2.40758929,24.08261066
MAR10486,5.607289144,3.763006083,8.669422688
MAR10487,7.849471705,6.726313715,9.649803876
MAR10488,1000,1000,1000
MAR10489,75.5858313,61.9539967,183.6423805
MAR10490,14.363286,10.82652335,29.22043185
MAR10491,40.32198011,45.93197935,40.39878328
MAR10492,1000,1000,1000
MAR10493,11.15474152,15.50530497,1.235462591
MAR10494,6.264216928,5.769213925,9.102316903
MAR10495,1000,1000,1000
MAR10496,75.5858313,61.9539967,183.6423805
MAR10497,2.24218256,2.963307631,0.980381188
MAR10498,2.24218256,2.963307631,0.980381188
MAR10499,2.24218256,2.963307631,0.980381188
MAR10500,2.24218256,2.963307631,0.980381188
MAR10501,2.24218256,2.963307631,0.980381188
MAR10502,2.24218256,2.963307631,0.980381188
MAR10503,2.24218256,2.963307631,0.980381188
MAR10504,2.24218256,2.963307631,0.980381188
MAR10505,2.24218256,2.963307631,0.980381188
MAR10506,2.24218256,2.963307631,0.980381188
MAR10507,2.24218256,2.963307631,0.980381188
MAR10508,2.24218256,2.963307631,0.980381188
MAR10509,2.24218256,2.963307631,0.980381188
MAR10510,2.24218256,2.963307631,0.980381188
MAR10511,2.24218256,2.963307631,0.980381188
MAR10512,2.24218256,2.963307631,0.980381188
MAR10513,2.24218256,2.963307631,0.980381188
MAR10514,2.24218256,2.963307631,0.980381188
MAR10515,2.24218256,2.963307631,0.980381188
MAR10516,2.24218256,2.963307631,0.980381188
MAR10517,2.24218256,2.963307631,0.980381188
MAR10518,2.24218256,2.963307631,0.980381188
MAR10519,2.24218256,2.963307631,0.980381188
MAR10520,2.24218256,2.963307631,0.980381188
MAR10521,2.24218256,2.963307631,0.980381188
MAR10522,2.24218256,2.963307631,0.980381188
MAR10523,2.24218256,2.963307631,0.980381188
MAR10524,2.24218256,2.963307631,0.980381188
MAR10525,2.24218256,2.963307631,0.980381188
MAR10526,2.24218256,2.963307631,0.980381188
MAR10527,2.24218256,2.963307631,0.980381188
MAR10528,2.24218256,2.963307631,0.980381188
MAR10529,2.24218256,2.963307631,0.980381188
MAR10530,2.24218256,2.963307631,0.980381188
MAR10531,2.24218256,2.963307631,0.980381188
MAR10532,2.24218256,2.963307631,0.980381188
MAR10533,2.24218256,2.963307631,0.980381188
MAR10534,2.24218256,2.963307631,0.980381188
MAR10535,2.24218256,2.963307631,0.980381188
MAR10536,2.24218256,2.963307631,0.980381188
MAR10537,2.24218256,2.963307631,0.980381188
MAR10538,2.24218256,2.963307631,0.980381188
MAR10539,2.24218256,2.963307631,0.980381188
MAR10540,2.24218256,2.963307631,0.980381188
MAR10541,2.24218256,2.963307631,0.980381188
MAR10542,2.24218256,2.963307631,0.980381188
MAR10543,2.24218256,2.963307631,0.980381188
MAR10544,2.24218256,2.963307631,0.980381188
MAR10545,2.24218256,2.963307631,0.980381188
MAR10546,2.24218256,2.963307631,0.980381188
MAR10547,2.24218256,2.963307631,0.980381188
MAR10548,2.24218256,2.963307631,0.980381188
MAR10549,2.24218256,2.963307631,0.980381188
MAR10550,2.24218256,2.963307631,0.980381188
MAR10551,2.24218256,2.963307631,0.980381188
MAR10552,2.24218256,2.963307631,0.980381188
MAR10553,2.24218256,2.963307631,0.980381188
MAR10554,2.24218256,2.963307631,0.980381188
MAR10555,2.24218256,2.963307631,0.980381188
MAR10556,2.24218256,2.963307631,0.980381188
MAR10557,2.24218256,2.963307631,0.980381188
MAR10558,2.24218256,2.963307631,0.980381188
MAR10559,2.24218256,2.963307631,0.980381188
MAR10560,2.24218256,2.963307631,0.980381188
MAR10561,2.24218256,2.963307631,0.980381188
MAR10562,2.24218256,2.963307631,0.980381188
MAR10563,2.24218256,2.963307631,0.980381188
MAR10564,2.24218256,2.963307631,0.980381188
MAR10565,2.24218256,2.963307631,0.980381188
MAR10566,2.24218256,2.963307631,0.980381188
MAR10567,2.24218256,2.963307631,0.980381188
MAR10568,2.24218256,2.963307631,0.980381188
MAR10569,2.24218256,2.963307631,0.980381188
MAR10570,2.24218256,2.963307631,0.980381188
MAR10571,2.24218256,2.963307631,0.980381188
MAR10572,2.24218256,2.963307631,0.980381188
MAR10573,2.24218256,2.963307631,0.980381188
MAR10574,2.24218256,2.963307631,0.980381188
MAR10575,2.24218256,2.963307631,0.980381188
MAR10576,2.24218256,2.963307631,0.980381188
MAR10577,2.24218256,2.963307631,0.980381188
MAR10578,2.24218256,2.963307631,0.980381188
MAR10579,2.24218256,2.963307631,0.980381188
MAR10580,2.24218256,2.963307631,0.980381188
MAR10581,2.24218256,2.963307631,0.980381188
MAR10582,2.24218256,2.963307631,0.980381188
MAR10583,2.24218256,2.963307631,0.980381188
MAR10584,2.24218256,2.963307631,0.980381188
MAR10585,2.24218256,2.963307631,0.980381188
MAR10586,2.24218256,2.963307631,0.980381188
MAR10587,2.24218256,2.963307631,0.980381188
MAR10588,2.24218256,2.963307631,0.980381188
MAR10589,2.24218256,2.963307631,0.980381188
MAR10590,2.24218256,2.963307631,0.980381188
MAR10591,2.24218256,2.963307631,0.980381188
MAR10592,2.24218256,2.963307631,0.980381188
MAR10593,2.24218256,2.963307631,0.980381188
MAR10594,2.24218256,2.963307631,0.980381188
MAR10595,2.24218256,2.963307631,0.980381188
MAR10596,2.24218256,2.963307631,0.980381188
MAR10597,2.24218256,2.963307631,0.980381188
MAR10598,2.24218256,2.963307631,0.980381188
MAR10599,2.24218256,2.963307631,0.980381188
MAR10600,2.24218256,2.963307631,0.980381188
MAR10601,2.24218256,2.963307631,0.980381188
MAR10602,2.24218256,2.963307631,0.980381188
MAR10603,2.24218256,2.963307631,0.980381188
MAR10604,2.24218256,2.963307631,0.980381188
MAR10605,2.24218256,2.963307631,0.980381188
MAR10606,2.24218256,2.963307631,0.980381188
MAR10607,2.24218256,2.963307631,0.980381188
MAR10608,2.24218256,2.963307631,0.980381188
MAR10609,2.24218256,2.963307631,0.980381188
MAR10610,2.24218256,2.963307631,0.980381188
MAR10611,2.24218256,2.963307631,0.980381188
MAR10612,2.24218256,2.963307631,0.980381188
MAR10613,2.24218256,2.963307631,0.980381188
MAR10614,2.24218256,2.963307631,0.980381188
MAR10615,2.24218256,2.963307631,0.980381188
MAR10616,2.24218256,2.963307631,0.980381188
MAR10617,2.24218256,2.963307631,0.980381188
MAR10618,2.24218256,2.963307631,0.980381188
MAR10619,2.24218256,2.963307631,0.980381188
MAR10620,2.24218256,2.963307631,0.980381188
MAR10621,2.24218256,2.963307631,0.980381188
MAR10622,2.24218256,2.963307631,0.980381188
MAR10623,2.24218256,2.963307631,0.980381188
MAR10624,2.24218256,2.963307631,0.980381188
MAR10625,2.24218256,2.963307631,0.980381188
MAR10626,2.24218256,2.963307631,0.980381188
MAR10627,2.24218256,2.963307631,0.980381188
MAR10628,2.24218256,2.963307631,0.980381188
MAR10629,2.24218256,2.963307631,0.980381188
MAR10630,2.24218256,2.963307631,0.980381188
MAR10631,2.24218256,2.963307631,0.980381188
MAR10632,2.24218256,2.963307631,0.980381188
MAR10633,2.24218256,2.963307631,0.980381188
MAR10634,2.24218256,2.963307631,0.980381188
MAR10635,2.24218256,2.963307631,0.980381188
MAR10636,2.24218256,2.963307631,0.980381188
MAR10637,2.24218256,2.963307631,0.980381188
MAR10638,2.24218256,2.963307631,0.980381188
MAR10639,2.24218256,2.963307631,0.980381188
MAR10640,2.24218256,2.963307631,0.980381188
MAR10641,2.24218256,2.963307631,0.980381188
MAR10642,2.24218256,2.963307631,0.980381188
MAR10643,2.24218256,2.963307631,0.980381188
MAR10644,2.24218256,2.963307631,0.980381188
MAR10645,2.24218256,2.963307631,0.980381188
MAR10646,2.24218256,2.963307631,0.980381188
MAR10647,2.24218256,2.963307631,0.980381188
MAR10648,2.24218256,2.963307631,0.980381188
MAR10649,2.24218256,2.963307631,0.980381188
MAR10650,2.24218256,2.963307631,0.980381188
MAR10651,2.24218256,2.963307631,0.980381188
MAR10652,2.24218256,2.963307631,0.980381188
MAR10653,2.24218256,2.963307631,0.980381188
MAR10654,2.24218256,2.963307631,0.980381188
MAR10655,2.24218256,2.963307631,0.980381188
MAR10656,2.24218256,2.963307631,0.980381188
MAR10657,2.24218256,2.963307631,0.980381188
MAR10658,2.24218256,2.963307631,0.980381188
MAR10659,2.24218256,2.963307631,0.980381188
MAR10660,2.24218256,2.963307631,0.980381188
MAR10661,2.24218256,2.963307631,0.980381188
MAR10662,2.24218256,2.963307631,0.980381188
MAR10663,2.24218256,2.963307631,0.980381188
MAR10664,2.24218256,2.963307631,0.980381188
MAR10665,2.24218256,2.963307631,0.980381188
MAR10666,2.24218256,2.963307631,0.980381188
MAR10667,2.24218256,2.963307631,0.980381188
MAR10668,2.24218256,2.963307631,0.980381188
MAR10669,2.24218256,2.963307631,0.980381188
MAR10670,2.24218256,2.963307631,0.980381188
MAR10671,2.24218256,2.963307631,0.980381188
MAR10672,2.24218256,2.963307631,0.980381188
MAR10673,2.24218256,2.963307631,0.980381188
MAR10674,2.24218256,2.963307631,0.980381188
MAR10675,2.24218256,2.963307631,0.980381188
MAR10676,2.24218256,2.963307631,0.980381188
MAR10677,2.24218256,2.963307631,0.980381188
MAR10678,2.24218256,2.963307631,0.980381188
MAR10679,2.24218256,2.963307631,0.980381188
MAR10680,2.24218256,2.963307631,0.980381188
MAR10681,2.24218256,2.963307631,0.980381188
MAR10682,2.24218256,2.963307631,0.980381188
MAR10683,2.24218256,2.963307631,0.980381188
MAR10684,2.24218256,2.963307631,0.980381188
MAR10685,2.24218256,2.963307631,0.980381188
MAR10686,2.24218256,2.963307631,0.980381188
MAR10687,2.24218256,2.963307631,0.980381188
MAR10688,2.24218256,2.963307631,0.980381188
MAR10689,2.24218256,2.963307631,0.980381188
MAR10690,2.24218256,2.963307631,0.980381188
MAR10691,2.24218256,2.963307631,0.980381188
MAR10692,2.24218256,2.963307631,0.980381188
MAR10693,2.24218256,2.963307631,0.980381188
MAR10694,2.24218256,2.963307631,0.980381188
MAR10695,2.24218256,2.963307631,0.980381188
MAR10696,2.24218256,2.963307631,0.980381188
MAR10697,2.24218256,2.963307631,0.980381188
MAR10698,2.24218256,2.963307631,0.980381188
MAR10699,2.24218256,2.963307631,0.980381188
MAR10700,2.24218256,2.963307631,0.980381188
MAR10701,2.24218256,2.963307631,0.980381188
MAR10702,2.24218256,2.963307631,0.980381188
MAR10703,2.24218256,2.963307631,0.980381188
MAR10704,2.24218256,2.963307631,0.980381188
MAR10705,2.24218256,2.963307631,0.980381188
MAR10706,2.24218256,2.963307631,0.980381188
MAR10707,2.24218256,2.963307631,0.980381188
MAR10708,2.24218256,2.963307631,0.980381188
MAR10709,2.24218256,2.963307631,0.980381188
MAR10710,2.24218256,2.963307631,0.980381188
MAR10711,2.24218256,2.963307631,0.980381188
MAR10712,2.24218256,2.963307631,0.980381188
MAR10713,2.24218256,2.963307631,0.980381188
MAR10714,2.24218256,2.963307631,0.980381188
MAR10715,2.24218256,2.963307631,0.980381188
MAR10716,2.24218256,2.963307631,0.980381188
MAR10717,2.24218256,2.963307631,0.980381188
MAR10718,2.24218256,2.963307631,0.980381188
MAR10719,2.24218256,2.963307631,0.980381188
MAR10720,2.24218256,2.963307631,0.980381188
MAR10721,2.24218256,2.963307631,0.980381188
MAR10722,2.24218256,2.963307631,0.980381188
MAR10723,2.24218256,2.963307631,0.980381188
MAR10724,2.24218256,2.963307631,0.980381188
MAR10725,2.24218256,2.963307631,0.980381188
MAR10726,2.24218256,2.963307631,0.980381188
MAR10727,2.24218256,2.963307631,0.980381188
MAR10728,2.24218256,2.963307631,0.980381188
MAR10729,2.24218256,2.963307631,0.980381188
MAR10730,2.24218256,2.963307631,0.980381188
MAR10731,2.24218256,2.963307631,0.980381188
MAR10732,2.24218256,2.963307631,0.980381188
MAR10733,2.24218256,2.963307631,0.980381188
MAR10734,2.24218256,2.963307631,0.980381188
MAR10735,2.24218256,2.963307631,0.980381188
MAR10736,2.24218256,2.963307631,0.980381188
MAR10737,2.24218256,2.963307631,0.980381188
MAR10738,2.24218256,2.963307631,0.980381188
MAR10739,2.24218256,2.963307631,0.980381188
MAR10740,2.24218256,2.963307631,0.980381188
MAR10741,2.24218256,2.963307631,0.980381188
MAR10742,2.24218256,2.963307631,0.980381188
MAR10743,2.24218256,2.963307631,0.980381188
MAR10744,2.24218256,2.963307631,0.980381188
MAR10745,2.24218256,2.963307631,0.980381188
MAR10746,2.24218256,2.963307631,0.980381188
MAR10747,2.24218256,2.963307631,0.980381188
MAR10748,2.24218256,2.963307631,0.980381188
MAR10749,2.24218256,2.963307631,0.980381188
MAR10750,2.24218256,2.963307631,0.980381188
MAR10751,2.24218256,2.963307631,0.980381188
MAR10752,2.24218256,2.963307631,0.980381188
MAR10753,2.24218256,2.963307631,0.980381188
MAR10754,2.24218256,2.963307631,0.980381188
MAR10755,2.24218256,2.963307631,0.980381188
MAR10756,2.24218256,2.963307631,0.980381188
MAR10757,2.24218256,2.963307631,0.980381188
MAR10758,2.24218256,2.963307631,0.980381188
MAR10759,2.24218256,2.963307631,0.980381188
MAR10760,2.24218256,2.963307631,0.980381188
MAR10761,2.24218256,2.963307631,0.980381188
MAR10762,2.24218256,2.963307631,0.980381188
MAR10763,2.24218256,2.963307631,0.980381188
MAR10764,2.24218256,2.963307631,0.980381188
MAR10765,2.24218256,2.963307631,0.980381188
MAR10766,2.24218256,2.963307631,0.980381188
MAR10767,2.24218256,2.963307631,0.980381188
MAR10768,2.24218256,2.963307631,0.980381188
MAR10769,2.24218256,2.963307631,0.980381188
MAR10770,2.24218256,2.963307631,0.980381188
MAR10771,2.24218256,2.963307631,0.980381188
MAR10772,2.24218256,2.963307631,0.980381188
MAR10773,2.24218256,2.963307631,0.980381188
MAR10774,2.24218256,2.963307631,0.980381188
MAR10775,2.24218256,2.963307631,0.980381188
MAR10776,2.24218256,2.963307631,0.980381188
MAR10777,2.24218256,2.963307631,0.980381188
MAR10778,2.24218256,2.963307631,0.980381188
MAR10779,2.24218256,2.963307631,0.980381188
MAR10780,2.24218256,2.963307631,0.980381188
MAR10781,2.24218256,2.963307631,0.980381188
MAR10782,2.24218256,2.963307631,0.980381188
MAR10783,2.24218256,2.963307631,0.980381188
MAR10784,2.24218256,2.963307631,0.980381188
MAR10785,2.24218256,2.963307631,0.980381188
MAR10786,2.24218256,2.963307631,0.980381188
MAR10787,2.24218256,2.963307631,0.980381188
MAR10788,2.24218256,2.963307631,0.980381188
MAR10789,2.24218256,2.963307631,0.980381188
MAR10790,2.24218256,2.963307631,0.980381188
MAR10791,2.24218256,2.963307631,0.980381188
MAR10792,2.24218256,2.963307631,0.980381188
MAR10793,2.24218256,2.963307631,0.980381188
MAR10794,2.24218256,2.963307631,0.980381188
MAR10795,2.24218256,2.963307631,0.980381188
MAR10796,2.24218256,2.963307631,0.980381188
MAR10797,2.24218256,2.963307631,0.980381188
MAR10798,2.24218256,2.963307631,0.980381188
MAR10799,2.24218256,2.963307631,0.980381188
MAR10800,2.24218256,2.963307631,0.980381188
MAR10801,2.24218256,2.963307631,0.980381188
MAR10802,2.24218256,2.963307631,0.980381188
MAR10803,2.24218256,2.963307631,0.980381188
MAR10804,2.24218256,2.963307631,0.980381188
MAR10805,2.24218256,2.963307631,0.980381188
MAR10806,2.24218256,2.963307631,0.980381188
MAR10807,2.24218256,2.963307631,0.980381188
MAR10808,2.24218256,2.963307631,0.980381188
MAR10809,2.24218256,2.963307631,0.980381188
MAR10810,2.24218256,2.963307631,0.980381188
MAR10811,2.24218256,2.963307631,0.980381188
MAR10812,2.24218256,2.963307631,0.980381188
MAR10813,2.24218256,2.963307631,0.980381188
MAR10814,2.24218256,2.963307631,0.980381188
MAR10815,2.24218256,2.963307631,0.980381188
MAR10816,2.24218256,2.963307631,0.980381188
MAR10817,2.24218256,2.963307631,0.980381188
MAR10818,2.24218256,2.963307631,0.980381188
MAR10819,2.24218256,2.963307631,0.980381188
MAR10820,2.24218256,2.963307631,0.980381188
MAR10821,2.24218256,2.963307631,0.980381188
MAR10822,2.24218256,2.963307631,0.980381188
MAR10823,2.24218256,2.963307631,0.980381188
MAR10824,2.24218256,2.963307631,0.980381188
MAR10825,2.24218256,2.963307631,0.980381188
MAR10826,2.24218256,2.963307631,0.980381188
MAR10827,2.24218256,2.963307631,0.980381188
MAR10828,2.24218256,2.963307631,0.980381188
MAR10829,2.24218256,2.963307631,0.980381188
MAR10830,2.24218256,2.963307631,0.980381188
MAR10831,2.24218256,2.963307631,0.980381188
MAR10832,2.24218256,2.963307631,0.980381188
MAR10833,2.24218256,2.963307631,0.980381188
MAR10834,2.24218256,2.963307631,0.980381188
MAR10835,2.24218256,2.963307631,0.980381188
MAR10836,2.24218256,2.963307631,0.980381188
MAR10837,2.24218256,2.963307631,0.980381188
MAR10838,2.24218256,2.963307631,0.980381188
MAR10839,2.24218256,2.963307631,0.980381188
MAR10840,2.24218256,2.963307631,0.980381188
MAR10841,2.24218256,2.963307631,0.980381188
MAR10842,2.24218256,2.963307631,0.980381188
MAR10843,2.24218256,2.963307631,0.980381188
MAR10844,2.24218256,2.963307631,0.980381188
MAR10845,2.24218256,2.963307631,0.980381188
MAR10846,2.24218256,2.963307631,0.980381188
MAR10847,2.24218256,2.963307631,0.980381188
MAR10848,2.24218256,2.963307631,0.980381188
MAR10849,2.24218256,2.963307631,0.980381188
MAR10850,2.24218256,2.963307631,0.980381188
MAR10851,2.24218256,2.963307631,0.980381188
MAR10852,2.24218256,2.963307631,0.980381188
MAR10853,2.24218256,2.963307631,0.980381188
MAR10854,2.24218256,2.963307631,0.980381188
MAR10855,2.24218256,2.963307631,0.980381188
MAR10856,2.24218256,2.963307631,0.980381188
MAR10857,2.24218256,2.963307631,0.980381188
MAR10858,2.24218256,2.963307631,0.980381188
MAR10859,2.24218256,2.963307631,0.980381188
MAR10860,2.24218256,2.963307631,0.980381188
MAR10861,2.24218256,2.963307631,0.980381188
MAR10862,2.24218256,2.963307631,0.980381188
MAR10863,2.24218256,2.963307631,0.980381188
MAR10864,2.24218256,2.963307631,0.980381188
MAR10865,2.24218256,2.963307631,0.980381188
MAR10866,2.24218256,2.963307631,0.980381188
MAR10867,2.24218256,2.963307631,0.980381188
MAR10868,2.24218256,2.963307631,0.980381188
MAR10869,2.24218256,2.963307631,0.980381188
MAR10870,2.24218256,2.963307631,0.980381188
MAR10871,2.24218256,2.963307631,0.980381188
MAR10872,2.24218256,2.963307631,0.980381188
MAR10873,2.24218256,2.963307631,0.980381188
MAR10874,2.24218256,2.963307631,0.980381188
MAR10875,2.24218256,2.963307631,0.980381188
MAR10876,2.24218256,2.963307631,0.980381188
MAR10877,2.24218256,2.963307631,0.980381188
MAR10878,2.24218256,2.963307631,0.980381188
MAR10879,2.24218256,2.963307631,0.980381188
MAR10880,2.24218256,2.963307631,0.980381188
MAR10881,2.24218256,2.963307631,0.980381188
MAR10882,2.24218256,2.963307631,0.980381188
MAR10883,2.24218256,2.963307631,0.980381188
MAR10884,2.24218256,2.963307631,0.980381188
MAR10885,2.24218256,2.963307631,0.980381188
MAR10886,2.24218256,2.963307631,0.980381188
MAR10887,2.24218256,2.963307631,0.980381188
MAR10888,2.24218256,2.963307631,0.980381188
MAR10889,2.24218256,2.963307631,0.980381188
MAR10890,2.24218256,2.963307631,0.980381188
MAR10891,2.24218256,2.963307631,0.980381188
MAR10892,2.24218256,2.963307631,0.980381188
MAR10893,2.24218256,2.963307631,0.980381188
MAR10894,2.24218256,2.963307631,0.980381188
MAR10895,2.24218256,2.963307631,0.980381188
MAR10896,2.24218256,2.963307631,0.980381188
MAR10897,2.24218256,2.963307631,0.980381188
MAR10898,2.24218256,2.963307631,0.980381188
MAR10899,2.24218256,2.963307631,0.980381188
MAR10900,2.24218256,2.963307631,0.980381188
MAR10901,2.24218256,2.963307631,0.980381188
MAR10902,2.24218256,2.963307631,0.980381188
MAR10903,2.24218256,2.963307631,0.980381188
MAR10904,2.24218256,2.963307631,0.980381188
MAR10905,2.24218256,2.963307631,0.980381188
MAR10906,2.24218256,2.963307631,0.980381188
MAR10907,2.24218256,2.963307631,0.980381188
MAR10908,2.24218256,2.963307631,0.980381188
MAR10909,2.24218256,2.963307631,0.980381188
MAR10910,2.24218256,2.963307631,0.980381188
MAR10911,2.24218256,2.963307631,0.980381188
MAR10912,2.24218256,2.963307631,0.980381188
MAR10913,2.24218256,2.963307631,0.980381188
MAR10914,2.24218256,2.963307631,0.980381188
MAR10915,2.24218256,2.963307631,0.980381188
MAR10916,2.24218256,2.963307631,0.980381188
MAR10917,2.24218256,2.963307631,0.980381188
MAR10918,2.24218256,2.963307631,0.980381188
MAR10919,2.24218256,2.963307631,0.980381188
MAR10920,2.24218256,2.963307631,0.980381188
MAR10921,2.24218256,2.963307631,0.980381188
MAR10922,2.24218256,2.963307631,0.980381188
MAR10923,2.24218256,2.963307631,0.980381188
MAR10924,2.24218256,2.963307631,0.980381188
MAR10925,2.24218256,2.963307631,0.980381188
MAR10926,2.24218256,2.963307631,0.980381188
MAR10927,2.24218256,2.963307631,0.980381188
MAR10928,2.24218256,2.963307631,0.980381188
MAR10929,2.24218256,2.963307631,0.980381188
MAR10930,2.24218256,2.963307631,0.980381188
MAR10931,2.24218256,2.963307631,0.980381188
MAR10932,2.24218256,2.963307631,0.980381188
MAR10933,2.24218256,2.963307631,0.980381188
MAR10934,2.24218256,2.963307631,0.980381188
MAR10935,2.24218256,2.963307631,0.980381188
MAR10936,2.24218256,2.963307631,0.980381188
MAR10937,2.24218256,2.963307631,0.980381188
MAR10938,2.24218256,2.963307631,0.980381188
MAR10939,2.24218256,2.963307631,0.980381188
MAR10940,2.24218256,2.963307631,0.980381188
MAR10941,2.24218256,2.963307631,0.980381188
MAR10942,2.24218256,2.963307631,0.980381188
MAR10943,2.24218256,2.963307631,0.980381188
MAR10944,2.24218256,2.963307631,0.980381188
MAR10945,2.24218256,2.963307631,0.980381188
MAR10946,2.24218256,2.963307631,0.980381188
MAR10947,2.24218256,2.963307631,0.980381188
MAR10948,2.24218256,2.963307631,0.980381188
MAR10949,2.24218256,2.963307631,0.980381188
MAR10950,2.24218256,2.963307631,0.980381188
MAR10951,2.24218256,2.963307631,0.980381188
MAR10952,2.24218256,2.963307631,0.980381188
MAR10953,2.24218256,2.963307631,0.980381188
MAR10954,2.24218256,2.963307631,0.980381188
MAR10955,2.24218256,2.963307631,0.980381188
MAR10956,2.24218256,2.963307631,0.980381188
MAR10957,2.24218256,2.963307631,0.980381188
MAR10958,2.24218256,2.963307631,0.980381188
MAR10959,2.24218256,2.963307631,0.980381188
MAR10960,2.24218256,2.963307631,0.980381188
MAR10961,2.24218256,2.963307631,0.980381188
MAR10962,2.24218256,2.963307631,0.980381188
MAR10963,2.24218256,2.963307631,0.980381188
MAR10964,2.24218256,2.963307631,0.980381188
MAR10965,2.24218256,2.963307631,0.980381188
MAR10966,2.24218256,2.963307631,0.980381188
MAR10967,2.24218256,2.963307631,0.980381188
MAR10968,2.24218256,2.963307631,0.980381188
MAR10969,2.24218256,2.963307631,0.980381188
MAR10970,2.24218256,2.963307631,0.980381188
MAR10971,2.24218256,2.963307631,0.980381188
MAR10972,2.24218256,2.963307631,0.980381188
MAR10973,2.24218256,2.963307631,0.980381188
MAR10974,2.24218256,2.963307631,0.980381188
MAR10975,2.24218256,2.963307631,0.980381188
MAR10976,2.24218256,2.963307631,0.980381188
MAR10977,2.24218256,2.963307631,0.980381188
MAR10978,2.24218256,2.963307631,0.980381188
MAR10979,2.24218256,2.963307631,0.980381188
MAR10980,2.24218256,2.963307631,0.980381188
MAR10981,2.24218256,2.963307631,0.980381188
MAR10982,2.24218256,2.963307631,0.980381188
MAR10983,2.24218256,2.963307631,0.980381188
MAR10984,2.24218256,2.963307631,0.980381188
MAR10985,2.24218256,2.963307631,0.980381188
MAR10986,2.24218256,2.963307631,0.980381188
MAR10987,2.24218256,2.963307631,0.980381188
MAR10988,2.24218256,2.963307631,0.980381188
MAR10989,2.24218256,2.963307631,0.980381188
MAR10990,2.24218256,2.963307631,0.980381188
MAR10991,2.24218256,2.963307631,0.980381188
MAR10992,2.24218256,2.963307631,0.980381188
MAR10993,2.24218256,2.963307631,0.980381188
MAR10994,2.24218256,2.963307631,0.980381188
MAR10995,2.24218256,2.963307631,0.980381188
MAR10996,2.24218256,2.963307631,0.980381188
MAR10997,2.24218256,2.963307631,0.980381188
MAR10998,2.24218256,2.963307631,0.980381188
MAR10999,2.24218256,2.963307631,0.980381188
MAR11000,2.24218256,2.963307631,0.980381188
MAR11001,2.24218256,2.963307631,0.980381188
MAR11002,2.24218256,2.963307631,0.980381188
MAR11003,2.24218256,2.963307631,0.980381188
MAR11004,2.24218256,2.963307631,0.980381188
MAR11005,2.24218256,2.963307631,0.980381188
MAR11006,2.24218256,2.963307631,0.980381188
MAR11007,2.24218256,2.963307631,0.980381188
MAR11008,2.24218256,2.963307631,0.980381188
MAR11009,2.24218256,2.963307631,0.980381188
MAR11010,2.24218256,2.963307631,0.980381188
MAR11011,2.24218256,2.963307631,0.980381188
MAR11012,2.24218256,2.963307631,0.980381188
MAR11013,2.24218256,2.963307631,0.980381188
MAR11014,2.24218256,2.963307631,0.980381188
MAR11015,2.24218256,2.963307631,0.980381188
MAR11016,2.24218256,2.963307631,0.980381188
MAR11017,2.24218256,2.963307631,0.980381188
MAR11018,2.24218256,2.963307631,0.980381188
MAR11019,2.24218256,2.963307631,0.980381188
MAR11020,2.24218256,2.963307631,0.980381188
MAR11021,2.24218256,2.963307631,0.980381188
MAR11022,2.24218256,2.963307631,0.980381188
MAR11023,2.24218256,2.963307631,0.980381188
MAR11024,2.24218256,2.963307631,0.980381188
MAR11025,2.24218256,2.963307631,0.980381188
MAR11026,2.24218256,2.963307631,0.980381188
MAR11027,2.24218256,2.963307631,0.980381188
MAR11028,2.24218256,2.963307631,0.980381188
MAR11029,2.24218256,2.963307631,0.980381188
MAR11030,2.24218256,2.963307631,0.980381188
MAR11031,2.24218256,2.963307631,0.980381188
MAR11032,2.24218256,2.963307631,0.980381188
MAR11033,2.24218256,2.963307631,0.980381188
MAR11034,2.24218256,2.963307631,0.980381188
MAR11035,2.24218256,2.963307631,0.980381188
MAR11036,2.24218256,2.963307631,0.980381188
MAR11037,2.24218256,2.963307631,0.980381188
MAR11038,2.24218256,2.963307631,0.980381188
MAR11039,2.24218256,2.963307631,0.980381188
MAR11040,2.24218256,2.963307631,0.980381188
MAR11041,2.24218256,2.963307631,0.980381188
MAR11042,2.24218256,2.963307631,0.980381188
MAR11043,2.24218256,2.963307631,0.980381188
MAR11044,2.24218256,2.963307631,0.980381188
MAR11045,2.24218256,2.963307631,0.980381188
MAR11046,2.24218256,2.963307631,0.980381188
MAR11047,2.24218256,2.963307631,0.980381188
MAR11048,2.24218256,2.963307631,0.980381188
MAR11049,2.24218256,2.963307631,0.980381188
MAR11050,2.24218256,2.963307631,0.980381188
MAR11051,2.24218256,2.963307631,0.980381188
MAR11052,2.24218256,2.963307631,0.980381188
MAR11053,2.24218256,2.963307631,0.980381188
MAR11054,2.24218256,2.963307631,0.980381188
MAR11055,2.24218256,2.963307631,0.980381188
MAR11056,2.24218256,2.963307631,0.980381188
MAR11057,2.24218256,2.963307631,0.980381188
MAR11058,2.24218256,2.963307631,0.980381188
MAR11059,2.24218256,2.963307631,0.980381188
MAR11060,2.24218256,2.963307631,0.980381188
MAR11061,2.24218256,2.963307631,0.980381188
MAR11062,2.24218256,2.963307631,0.980381188
MAR11063,2.24218256,2.963307631,0.980381188
MAR11064,2.24218256,2.963307631,0.980381188
MAR11065,2.24218256,2.963307631,0.980381188
MAR11066,2.24218256,2.963307631,0.980381188
MAR11067,2.24218256,2.963307631,0.980381188
MAR11068,2.24218256,2.963307631,0.980381188
MAR11069,2.24218256,2.963307631,0.980381188
MAR11070,2.24218256,2.963307631,0.980381188
MAR11071,2.24218256,2.963307631,0.980381188
MAR11072,2.24218256,2.963307631,0.980381188
MAR11073,2.24218256,2.963307631,0.980381188
MAR11074,2.24218256,2.963307631,0.980381188
MAR11075,2.24218256,2.963307631,0.980381188
MAR11076,2.24218256,2.963307631,0.980381188
MAR11077,2.24218256,2.963307631,0.980381188
MAR11078,2.24218256,2.963307631,0.980381188
MAR11079,2.24218256,2.963307631,0.980381188
MAR11080,2.24218256,2.963307631,0.980381188
MAR11081,2.24218256,2.963307631,0.980381188
MAR11082,2.24218256,2.963307631,0.980381188
MAR11083,2.24218256,2.963307631,0.980381188
MAR11084,2.24218256,2.963307631,0.980381188
MAR11085,2.24218256,2.963307631,0.980381188
MAR11086,2.24218256,2.963307631,0.980381188
MAR11087,2.24218256,2.963307631,0.980381188
MAR11088,2.24218256,2.963307631,0.980381188
MAR11089,2.24218256,2.963307631,0.980381188
MAR11090,2.24218256,2.963307631,0.980381188
MAR11091,2.24218256,2.963307631,0.980381188
MAR11092,2.24218256,2.963307631,0.980381188
MAR11093,2.24218256,2.963307631,0.980381188
MAR11094,2.24218256,2.963307631,0.980381188
MAR11095,2.24218256,2.963307631,0.980381188
MAR11096,2.24218256,2.963307631,0.980381188
MAR11097,2.24218256,2.963307631,0.980381188
MAR11098,2.24218256,2.963307631,0.980381188
MAR11099,2.24218256,2.963307631,0.980381188
MAR11100,2.24218256,2.963307631,0.980381188
MAR11101,2.24218256,2.963307631,0.980381188
MAR11102,2.24218256,2.963307631,0.980381188
MAR11103,2.24218256,2.963307631,0.980381188
MAR11104,2.24218256,2.963307631,0.980381188
MAR11105,2.24218256,2.963307631,0.980381188
MAR11106,2.24218256,2.963307631,0.980381188
MAR11107,2.24218256,2.963307631,0.980381188
MAR11108,2.24218256,2.963307631,0.980381188
MAR11109,2.24218256,2.963307631,0.980381188
MAR11110,2.24218256,2.963307631,0.980381188
MAR11111,2.24218256,2.963307631,0.980381188
MAR11112,2.24218256,2.963307631,0.980381188
MAR11113,2.24218256,2.963307631,0.980381188
MAR11114,2.24218256,2.963307631,0.980381188
MAR11115,2.24218256,2.963307631,0.980381188
MAR11116,2.24218256,2.963307631,0.980381188
MAR11117,2.24218256,2.963307631,0.980381188
MAR11118,2.24218256,2.963307631,0.980381188
MAR11119,2.24218256,2.963307631,0.980381188
MAR11120,2.24218256,2.963307631,0.980381188
MAR11121,2.24218256,2.963307631,0.980381188
MAR11122,2.24218256,2.963307631,0.980381188
MAR11123,2.24218256,2.963307631,0.980381188
MAR11124,2.24218256,2.963307631,0.980381188
MAR11125,2.24218256,2.963307631,0.980381188
MAR11126,2.24218256,2.963307631,0.980381188
MAR11127,2.24218256,2.963307631,0.980381188
MAR11128,2.24218256,2.963307631,0.980381188
MAR11129,2.24218256,2.963307631,0.980381188
MAR11130,2.24218256,2.963307631,0.980381188
MAR11131,2.24218256,2.963307631,0.980381188
MAR11132,2.24218256,2.963307631,0.980381188
MAR11133,2.24218256,2.963307631,0.980381188
MAR11134,2.24218256,2.963307631,0.980381188
MAR11135,2.24218256,2.963307631,0.980381188
MAR11136,2.24218256,2.963307631,0.980381188
MAR11137,2.24218256,2.963307631,0.980381188
MAR11138,2.24218256,2.963307631,0.980381188
MAR11139,2.24218256,2.963307631,0.980381188
MAR11140,2.24218256,2.963307631,0.980381188
MAR11141,2.24218256,2.963307631,0.980381188
MAR11142,2.24218256,2.963307631,0.980381188
MAR11143,2.24218256,2.963307631,0.980381188
MAR11144,2.24218256,2.963307631,0.980381188
MAR11145,2.24218256,2.963307631,0.980381188
MAR11146,2.24218256,2.963307631,0.980381188
MAR11147,2.24218256,2.963307631,0.980381188
MAR11148,2.24218256,2.963307631,0.980381188
MAR11149,2.24218256,2.963307631,0.980381188
MAR11150,2.24218256,2.963307631,0.980381188
MAR11151,2.24218256,2.963307631,0.980381188
MAR11152,2.24218256,2.963307631,0.980381188
MAR11153,2.24218256,2.963307631,0.980381188
MAR11154,2.24218256,2.963307631,0.980381188
MAR11155,2.24218256,2.963307631,0.980381188
MAR11156,2.24218256,2.963307631,0.980381188
MAR11157,2.24218256,2.963307631,0.980381188
MAR11158,2.24218256,2.963307631,0.980381188
MAR11159,2.24218256,2.963307631,0.980381188
MAR11160,2.24218256,2.963307631,0.980381188
MAR11161,2.24218256,2.963307631,0.980381188
MAR11162,2.24218256,2.963307631,0.980381188
MAR11163,2.24218256,2.963307631,0.980381188
MAR11164,2.24218256,2.963307631,0.980381188
MAR11165,2.24218256,2.963307631,0.980381188
MAR11166,2.24218256,2.963307631,0.980381188
MAR11167,2.24218256,2.963307631,0.980381188
MAR11168,2.24218256,2.963307631,0.980381188
MAR11169,2.24218256,2.963307631,0.980381188
MAR11170,2.24218256,2.963307631,0.980381188
MAR11171,2.24218256,2.963307631,0.980381188
MAR11172,2.24218256,2.963307631,0.980381188
MAR11173,2.24218256,2.963307631,0.980381188
MAR11174,2.24218256,2.963307631,0.980381188
MAR11175,2.24218256,2.963307631,0.980381188
MAR11176,2.24218256,2.963307631,0.980381188
MAR11177,2.24218256,2.963307631,0.980381188
MAR11178,2.24218256,2.963307631,0.980381188
MAR11179,2.24218256,2.963307631,0.980381188
MAR11180,2.24218256,2.963307631,0.980381188
MAR11181,2.24218256,2.963307631,0.980381188
MAR11182,2.24218256,2.963307631,0.980381188
MAR11183,2.24218256,2.963307631,0.980381188
MAR11184,2.24218256,2.963307631,0.980381188
MAR11185,2.24218256,2.963307631,0.980381188
MAR11186,2.24218256,2.963307631,0.980381188
MAR11187,2.24218256,2.963307631,0.980381188
MAR11188,2.24218256,2.963307631,0.980381188
MAR11189,2.24218256,2.963307631,0.980381188
MAR11190,2.24218256,2.963307631,0.980381188
MAR11191,2.24218256,2.963307631,0.980381188
MAR11192,2.24218256,2.963307631,0.980381188
MAR11193,2.24218256,2.963307631,0.980381188
MAR11194,2.24218256,2.963307631,0.980381188
MAR11195,2.24218256,2.963307631,0.980381188
MAR11196,2.24218256,2.963307631,0.980381188
MAR11197,2.24218256,2.963307631,0.980381188
MAR11198,2.24218256,2.963307631,0.980381188
MAR11199,2.24218256,2.963307631,0.980381188
MAR11200,2.24218256,2.963307631,0.980381188
MAR11201,2.24218256,2.963307631,0.980381188
MAR11202,2.24218256,2.963307631,0.980381188
MAR11203,2.24218256,2.963307631,0.980381188
MAR11204,2.24218256,2.963307631,0.980381188
MAR11205,2.24218256,2.963307631,0.980381188
MAR11206,2.24218256,2.963307631,0.980381188
MAR11207,2.24218256,2.963307631,0.980381188
MAR11208,2.24218256,2.963307631,0.980381188
MAR11209,2.24218256,2.963307631,0.980381188
MAR11210,2.24218256,2.963307631,0.980381188
MAR11211,2.24218256,2.963307631,0.980381188
MAR11212,2.24218256,2.963307631,0.980381188
MAR11213,2.24218256,2.963307631,0.980381188
MAR11214,2.24218256,2.963307631,0.980381188
MAR11215,2.24218256,2.963307631,0.980381188
MAR11216,2.24218256,2.963307631,0.980381188
MAR11217,2.24218256,2.963307631,0.980381188
MAR11218,2.24218256,2.963307631,0.980381188
MAR11219,2.24218256,2.963307631,0.980381188
MAR11220,2.24218256,2.963307631,0.980381188
MAR11221,2.24218256,2.963307631,0.980381188
MAR11222,2.24218256,2.963307631,0.980381188
MAR11223,22.64044462,16.27392796,41.06228638
MAR11224,1000,1000,1000
MAR11225,1000,1000,1000
MAR11226,0,0,0
MAR11227,7.29169589,4.352735507,21.64973078
MAR11228,7.29169589,4.352735507,21.64973078
MAR11229,7.29169589,4.352735507,21.64973078
MAR11230,7.29169589,4.352735507,21.64973078
MAR11231,7.29169589,4.352735507,21.64973078
MAR11232,7.29169589,4.352735507,21.64973078
MAR11233,0,0,0
MAR11234,0,0,0
MAR11235,0,0,0
MAR11236,0,0,0
MAR11237,1000,1000,1000
MAR11238,1000,1000,1000
MAR11239,1000,1000,1000
MAR11240,1000,1000,1000
MAR11241,1000,1000,1000
MAR11242,1000,1000,1000
MAR11243,1000,1000,1000
MAR11244,1000,1000,1000
MAR11245,1000,1000,1000
MAR11246,1000,1000,1000
MAR11247,1000,1000,1000
MAR11248,1000,1000,1000
MAR11249,1000,1000,1000
MAR11250,41.83538048,30.21597128,33.09455525
MAR11251,1000,1000,1000
MAR11252,1000,1000,1000
MAR11253,1000,1000,1000
MAR11254,1000,1000,1000
MAR11255,1000,1000,1000
MAR11256,1000,1000,1000
MAR11257,1000,1000,1000
MAR11258,1000,1000,1000
MAR11259,1000,1000,1000
MAR11260,1000,1000,1000
MAR11261,1000,1000,1000
MAR11262,1000,1000,1000
MAR11263,1000,1000,1000
MAR11264,1000,1000,1000
MAR11265,1000,1000,1000
MAR11266,1000,1000,1000
MAR11267,1000,1000,1000
MAR11268,1000,1000,1000
MAR11270,34.18587987,23.99289719,29.05861591
MAR11271,1000,1000,1000
MAR11272,28.64755335,20.00411029,25.03604893
MAR11274,122.6261382,99.01424747,152.0886731
MAR11276,36.09300759,25.05726043,31.7307185
MAR11277,29.95778208,20.43648356,29.05861591
MAR11278,1000,1000,1000
MAR11279,1000,1000,1000
MAR11280,1000,1000,1000
MAR11281,1000,1000,1000
MAR11282,7.29169589,4.352735507,21.64973078
MAR11283,7.29169589,4.352735507,21.64973078
MAR11284,7.29169589,4.352735507,21.64973078
MAR11285,7.29169589,4.352735507,21.64973078
MAR11286,7.29169589,4.352735507,21.64973078
MAR11287,7.29169589,4.352735507,21.64973078
MAR11288,77.2370283,52.71936918,165.5788314
MAR11289,24.34346646,10.5552549,11.84185453
MAR11290,25.88334324,18.67599664,85.47715565
MAR11291,1000,1000,1000
MAR11292,43.67924023,30.24565834,85.76261393
MAR11293,43.67924023,30.24565834,85.76261393
MAR11294,18.51108437,13.87858624,17.52744477
MAR11295,24.34346646,10.5552549,11.84185453
MAR11296,24.34346646,10.5552549,11.84185453
MAR11297,77.2370283,52.71936918,165.5788314
MAR11298,1.844852466,1.342668167,1.110261047
MAR11299,1000,1000,1000
MAR11300,521.4769583,517.5980424,544.8032486
MAR11301,521.4769583,517.5980424,544.8032486
MAR11302,0,0,0
MAR11303,75.43154795,49.6793006,211.080148
MAR11304,24.49563746,13.852791,67.50427828
MAR11305,51.66791901,32.95287666,53.11206635
MAR11306,666.6666667,631.9425472,401.0062099
MAR11307,1000,1000,1000
MAR11308,1000,1000,1000
MAR11309,0,0,0
MAR11310,125.9900732,91.5697436,154.6408595
MAR11311,1000,1000,1000
MAR11312,502.0502775,501.5779002,510.2856939
MAR11313,1000,1000,1000
MAR11314,338.1210953,336.9421745,343.0734773
MAR11315,1000,1000,1000
MAR11316,7.455639809,5.327060401,14.51245795
MAR11317,1000,1000,1000
MAR11318,1000,1000,1000
MAR11319,1000,1000,815.2196623
MAR11320,1000,1000,810.6604999
MAR11321,474.4598887,411.2810986,827.1895969
MAR11322,99.81870062,69.98934815,226.2600369
MAR11323,1000,1000,1000
MAR11324,0.922426233,0.671334084,0.555130523
MAR11325,1000,1000,1000
MAR11326,1000,1000,1000
MAR11327,1000,1000,1000
MAR11328,1.026727215,0.638900774,2.185434514
MAR11329,0,0,0
MAR11330,0,0,0
MAR11331,0,0,0
MAR11332,0,0,0
MAR11333,0,0,0
MAR11334,4.862357273,4.031054858,4.606563641
MAR11335,2.053454429,1.277801549,3.651698613
MAR11336,0.922426233,0.671334084,0.555130523
MAR11337,6.895040725,6.998923834,8.041349465
MAR11338,0,0,0
MAR11339,1.844852466,1.342668167,1.110261047
MAR11340,0,0,0
MAR11341,0,0,0
MAR11342,0,0,0
MAR11343,0,0,0
MAR11344,0.922426233,0.660522981,0.555130523
MAR11345,0,4.53E-16,0
MAR11346,-1.36E-15,1.81E-15,-1.09E-14
MAR11347,114.4188751,80.24838873,254.5403872
MAR11348,1000,1000,1000
MAR11349,145.855954,86.90706392,73.80184936
MAR11350,42.71114201,29.78251535,62.67688865
MAR11351,56.28583792,49.30635504,162.5741156
MAR11352,0,0,0
MAR11353,14.363286,10.82652335,29.22043185
MAR11354,1000,1000,1000
MAR11355,1000,1000,1000
MAR11356,1.844852466,1.342668167,1.110261047
MAR11357,866.2196969,612.2170092,1000
MAR11358,2.885980176,2.562854824,7.007772105
MAR11359,38.63488715,19.34144661,112.548618
MAR11360,0,0,0
MAR11361,-3.62E-15,0,-7.24E-15
MAR11362,0,0,0
MAR11363,5.155068873,3.201271201,5.927794161
MAR11364,14.363286,10.82652335,29.22043185
MAR11365,59.07196548,45.12127056,285.5035404
MAR11366,37.4628102,21.16819863,145.2486591
MAR11367,1000,1000,1000
MAR11368,1000,1000,1000
MAR11369,40.32198011,45.93197935,40.39878328
MAR11370,26.47984846,18.69305667,99.38034969
MAR11371,5.155068873,3.201271201,10.15224724
MAR11372,0.097581218,0.07593713,0.058947529
MAR11373,0.097581218,0.07593713,0.058947529
MAR11374,65.07659999,56.61451067,9.794513285
MAR11375,1000,1000,1000
MAR11376,1000,1000,1000
MAR11377,65.07659999,56.61451067,9.794513285
MAR11378,3.317559025,2.288887398,12.07022873
MAR11379,3.317559025,2.288887398,12.07022873
MAR11380,65.07659999,56.61451067,9.794513285
MAR11381,22.59047771,18.94742066,40.48803524
MAR11382,22.59047771,18.94742066,40.48803524
MAR11383,65.07659999,56.61451067,9.794513285
MAR11384,116.4781047,108.1846993,179.5766285
MAR11385,116.4781047,108.1846993,179.5766285
MAR11386,65.07659999,56.61451067,9.794513285
MAR11387,65.07659999,56.61451067,9.794513285
MAR11388,65.07659999,56.61451067,9.794513285
MAR11389,1000,1000,1000
MAR11390,1000,1000,1000
MAR11391,1000,1000,1000
MAR11392,0,0,0
MAR11393,30.62190902,18.1601652,26.6916147
MAR11394,29.11708663,18.66023428,43.03226392
MAR11395,3.663655322,3.534391494,0.612618048
MAR11396,11.12879985,7.08125676,50.76723476
MAR11397,1000,1000,1000
MAR11398,13.01359771,10.52243116,27.52164455
MAR11399,0,0,0
MAR11400,57.74924879,39.17565502,93.29729257
MAR11401,0,0,0
MAR11402,0,0,0
MAR11403,4.022034368,2.805906294,8.121935715
MAR11404,1000,1000,1000
MAR11405,1000,1000,1000
MAR11406,7.455639809,5.327060401,14.51245795
MAR11407,0,0,0
MAR11408,0,0,0
MAR11409,1.702459455,1.346159683,3.212338533
MAR11410,5.964093355,8.690406739,15.70158838
MAR11411,3.827437337,3.92040742,1.527868161
MAR11412,1.585254776,0.957099789,0.547486973
MAR11413,3.827437337,3.92040742,1.527868161
MAR11414,4.022034368,2.805906294,8.121935715
MAR11415,1000,1000,1000
MAR11416,8.659668114,8.159181113,14.0390303
MAR11417,18.03447463,15.69535179,44.47395444
MAR11418,32.06485592,36.85189546,68.04162214
MAR11419,42.22122778,34.16084318,35.67658023
MAR11420,1000,1000,1000
MAR11421,0.491845106,0.270654972,0.37023975
MAR11422,220.442987,178.6482373,1000
MAR11423,27.09277626,24.75337947,63.42502465
MAR11424,1000,1000,1000
MAR11425,5.57737076,7.752652483,0.617731296
MAR11426,1000,1000,1000
MAR11427,1000,1000,1000
MAR11428,25.31839877,19.48939087,33.66762001
MAR11429,0,0,0
MAR11430,1000,1000,1000
MAR11431,1000,1000,1000
MAR11432,24.34346646,10.5552549,11.84185453
MAR11433,3.62811412,3.124191483,7.522260186
MAR11434,0,0,0
MAR11435,0,0,0
MAR11436,0,0,0
MAR11437,0,0,0
MAR11438,44.12934995,45.23640845,50.76723476
MAR11439,11.20012309,8.702139561,1.541402739
MAR11440,11.12879985,7.08125676,50.76723476
MAR11441,0.851229728,0.673079841,1.606169266
MAR11442,44.12934995,45.23640845,50.76723476
MAR11443,3.129655656,1.851489064,8.505265944
MAR11444,0,1.06E-15,0
MAR11445,30.91760323,21.38177825,41.06228638
MAR11446,30.91760323,21.38177825,41.06228638
MAR11447,1000,1000,1000
MAR11448,1000,1000,1000
MAR11449,29.39614915,17.42009626,32.28166268
MAR11450,29.39614915,17.42009626,32.28166268
MAR11451,29.39614915,17.42009626,32.28166268
MAR11452,18.30053854,10.53678982,17.32961178
MAR11453,18.30053854,10.53678982,17.32961178
MAR11454,18.30053854,10.53678982,17.32961178
MAR11455,18.30053854,10.53678982,17.32961178
MAR11456,18.30053854,10.53678982,17.32961178
MAR11457,18.30053854,10.53678982,17.32961178
MAR11458,865.7168373,612.2170092,1000
MAR11459,865.7168373,612.2170092,1000
MAR11460,865.7168373,612.2170092,1000
MAR11461,865.7168373,612.2170092,1000
MAR11462,4.559820024,2.26549282,0.881452095
MAR11463,30.79255647,33.0188693,19.26557989
MAR11464,30.79255647,33.0188693,19.26557989
MAR11465,30.79255647,33.0188693,19.26557989
MAR11466,30.79255647,33.0188693,19.26557989
MAR11467,9.817537988,9.192586595,29.20470211
MAR11468,9.817537988,9.192586595,29.20470211
MAR11469,865.7168373,612.2170092,1000
MAR11470,865.7168373,612.2170092,1000
MAR11471,865.7168373,612.2170092,1000
MAR11472,865.7168373,612.2170092,1000
MAR11473,9.817537988,9.192586595,29.20470211
MAR11474,9.817537988,9.192586595,29.20470211
MAR11475,865.7168373,612.2170092,1000
MAR11476,197.5127371,146.8884247,445.5709318
MAR11477,197.5127371,146.8884247,445.5709318
MAR11478,197.5127371,146.8884247,445.5709318
MAR11479,197.5127371,146.8884247,445.5709318
MAR11480,197.5127371,146.8884247,445.5709318
MAR11481,197.5127371,146.8884247,445.5709318
MAR11482,2.885980176,2.562854824,7.007772105
MAR11483,2.885980176,2.562854824,7.007772105
MAR11484,2.885980176,2.562854824,7.007772105
MAR11485,2.885980176,2.562854824,7.007772105
MAR11486,2.394303163,1.464660481,15.73893199
MAR11487,2.394303163,1.464660481,15.73893199
MAR11488,2.394303163,1.464660481,15.73893199
MAR11489,2.394303163,1.464660481,15.73893199
MAR11490,2.394303163,1.464660481,15.73893199
MAR11491,2.394303163,1.464660481,15.73893199
MAR11492,182.0592551,116.3098871,334.7916883
MAR11493,182.0592551,116.3098871,334.7916883
MAR11494,182.0592551,116.3098871,334.7916883
MAR11495,17.99142536,12.12893048,11.08180827
MAR11496,17.99142536,12.12893048,11.08180827
MAR11497,17.99142536,12.12893048,11.08180827
MAR11498,17.99142536,12.12893048,11.08180827
MAR11499,17.99142536,12.12893048,11.08180827
MAR11500,17.99142536,12.12893048,11.08180827
MAR11501,17.99142536,12.12893048,11.08180827
MAR11502,770.902904,706.7625109,859.8832871
MAR11503,770.902904,706.7625109,859.8832871
MAR11504,770.902904,706.7625109,859.8832871
MAR11505,770.902904,706.7625109,859.8832871
MAR11506,1000,1000,1000
MAR11507,1000,1000,1000
MAR11508,1000,1000,1000
MAR11509,27.14221047,17.42009626,32.28166268
MAR11510,27.14221047,17.42009626,32.28166268
MAR11511,27.14221047,17.42009626,32.28166268
MAR11512,27.14221047,17.42009626,32.28166268
MAR11513,37.50056998,29.60157934,62.88020215
MAR11514,37.50056998,29.60157934,62.88020215
MAR11515,37.50056998,29.60157934,62.88020215
MAR11516,37.50056998,29.60157934,62.88020215
MAR11517,1000,1000,1000
MAR11518,37.50056998,29.60157934,62.88020215
MAR11519,37.50056998,29.60157934,62.88020215
MAR11520,37.50056998,29.60157934,62.88020215
MAR11521,37.50056998,29.60157934,62.88020215
MAR11522,37.50056998,29.60157934,62.88020215
MAR11523,37.50056998,29.60157934,62.88020215
MAR11524,37.50056998,29.60157934,62.88020215
MAR11525,29.39614915,17.42009626,32.28166268
MAR11526,29.39614915,17.42009626,32.28166268
MAR11527,29.39614915,17.42009626,32.28166268
MAR11528,29.39614915,17.42009626,32.28166268
MAR11529,3.281653795,3.001068956,13.63437052
MAR11530,3.281653795,3.001068956,13.63437052
MAR11531,3.281653795,3.001068956,13.63437052
MAR11532,3.281653795,3.001068956,13.63437052
MAR11533,3.281653795,3.001068956,13.63437052
MAR11534,3.281653795,3.001068956,13.63437052
MAR11535,3.281653795,3.001068956,13.63437052
MAR11536,3.281653795,3.001068956,13.63437052
MAR11537,3.281653795,3.001068956,13.63437052
MAR11538,3.281653795,3.001068956,13.63437052
MAR11539,3.281653795,3.001068956,13.63437052
MAR11540,3.281653795,3.001068956,13.63437052
MAR11541,3.281653795,3.001068956,13.63437052
MAR11542,3.281653795,3.001068956,13.63437052
MAR11543,3.281653795,3.001068956,13.63437052
MAR11544,1000,1000,1000
MAR11545,1000,1000,1000
MAR11546,1000,1000,1000
MAR11547,1000,1000,1000
MAR11548,38.7573574,27.49431489,136.4246289
MAR11549,38.7573574,27.49431489,136.4246289
MAR11550,38.7573574,27.49431489,136.4246289
MAR11551,38.0689885,30.5179135,62.65922647
MAR11552,38.0689885,30.5179135,62.65922647
MAR11553,38.0689885,30.5179135,62.65922647
MAR11554,38.0689885,30.5179135,62.65922647
MAR11555,1000,1000,1000
MAR11556,1000,1000,1000
MAR11557,1000,1000,1000
MAR11558,38.0689885,30.5179135,62.65922647
MAR11559,38.0689885,30.5179135,62.65922647
MAR11560,38.0689885,30.5179135,62.65922647
MAR11561,38.0689885,30.5179135,62.65922647
MAR11562,1000,1000,1000
MAR11563,1000,1000,1000
MAR11564,1000,1000,1000
MAR11565,1000,1000,1000
MAR11566,1000,1000,1000
MAR11567,1000,1000,1000
MAR11568,1000,1000,1000
MAR11569,1000,1000,808.4485108
MAR11570,1000,1000,810.4894066
MAR11571,1000,1000,1000
MAR11572,1.880369749,3.990949372,2.235764747
MAR11573,1000,1000,802.0124199
MAR11574,1000,1000,802.6886037
MAR11575,1000,1000,802.6886037
MAR11576,1000,1000,826.9527392
MAR11577,5.968018981,4.781492203,16.10332567
MAR11578,5.968018981,4.781492203,16.10332567
MAR11579,1000,1000,810.4894066
MAR11580,1000,1000,810.4894066
MAR11581,5.968018981,4.781492203,16.10332567
MAR11582,1.880369749,3.990949372,2.235764747
MAR11583,1000,1000,1000
MAR11584,1000,1000,1000
MAR11585,1000,1000,1000
MAR11586,1000,1000,1000
MAR11587,1.880369749,3.990949372,2.235764747
MAR11588,1.880369749,3.990949372,2.235764747
MAR11589,1.880369749,3.990949372,2.235764747
MAR11590,1.880369749,3.990949372,2.235764747
MAR11591,1.880369749,3.990949372,2.235764747
MAR11592,1.880369749,3.990949372,2.235764747
MAR11593,1.880369749,3.990949372,2.235764747
MAR11594,1.880369749,3.990949372,2.235764747
MAR11595,1.880369749,3.990949372,2.235764747
MAR11596,1.880369749,3.990949372,2.235764747
MAR11597,1.880369749,3.990949372,2.235764747
MAR11598,1.880369749,3.990949372,2.235764747
MAR11599,1.880369749,3.990949372,2.235764747
MAR11600,1.880369749,3.990949372,2.235764747
MAR11601,1.880369749,3.990949372,2.235764747
MAR11602,1.880369749,3.990949372,2.235764747
MAR11603,1.880369749,3.990949372,2.235764747
MAR11604,1.880369749,3.990949372,2.235764747
MAR11605,1.880369749,3.990949372,2.235764747
MAR11606,1.880369749,3.990949372,2.235764747
MAR11607,1.880369749,3.990949372,2.235764747
MAR11608,1.880369749,3.990949372,2.235764747
MAR11609,1.880369749,3.990949372,2.235764747
MAR11610,1.880369749,3.990949372,2.235764747
MAR11611,1.880369749,3.990949372,2.235764747
MAR11612,1.880369749,3.990949372,2.235764747
MAR11613,12.77888811,12.36597615,13.42517857
MAR11614,12.77888811,12.36597615,13.42517857
MAR11615,12.77888811,12.36597615,13.42517857
MAR11616,12.77888811,12.36597615,13.42517857
MAR11617,12.77888811,12.36597615,13.42517857
MAR11618,12.77888811,12.36597615,13.42517857
MAR11619,12.77888811,12.36597615,13.42517857
MAR11620,12.77888811,12.36597615,13.42517857
MAR11621,12.77888811,12.36597615,13.42517857
MAR11622,12.77888811,12.36597615,13.42517857
MAR11623,12.77888811,12.36597615,13.42517857
MAR11624,12.77888811,12.36597615,13.42517857
MAR11625,12.77888811,12.36597615,13.42517857
MAR11626,12.77888811,12.36597615,13.42517857
MAR11627,1.880369749,3.990949372,2.235764747
MAR11628,12.77888811,12.36597615,13.42517857
MAR11629,15.19068663,12.66413909,16.3451869
MAR11630,1000,1000,1000
MAR11631,1000,1000,1000
MAR11632,1000,1000,1000
MAR11633,1000,1000,1000
MAR11634,1000,1000,1000
MAR11635,1000,1000,1000
MAR11636,1000,1000,1000
MAR11637,1000,1000,1000
MAR11638,1000,1000,1000
MAR11639,1000,1000,1000
MAR11640,1000,1000,1000
MAR11641,1000,1000,1000
MAR11642,1000,1000,1000
MAR11643,1000,1000,1000
MAR11644,1000,1000,1000
MAR11645,1000,1000,1000
MAR11646,1000,1000,1000
MAR11647,4.834725488,4.242304322,6.603621244
MAR11648,16.68743917,21.26880942,35.01023708
MAR11649,1000,1000,1000
MAR11650,1000,1000,1000
MAR11651,1000,1000,1000
MAR11652,1000,1000,1000
MAR11653,1.880369749,3.990949372,2.235764747
MAR11654,1.880369749,3.990949372,2.235764747
MAR11655,1.880369749,3.990949372,2.235764747
MAR11656,1.880369749,3.990949372,2.235764747
MAR11657,1.880369749,3.990949372,2.235764747
MAR11658,1.880369749,3.990949372,2.235764747
MAR11659,1.880369749,3.990949372,2.235764747
MAR11660,1.880369749,3.990949372,2.235764747
MAR11661,1.880369749,3.990949372,2.235764747
MAR11662,1.880369749,3.990949372,2.235764747
MAR11663,1.880369749,3.990949372,2.235764747
MAR11664,1.880369749,3.990949372,2.235764747
MAR11665,1.880369749,3.990949372,2.235764747
MAR11666,1.880369749,3.990949372,2.235764747
MAR11667,1.880369749,3.990949372,2.235764747
MAR11668,1.880369749,3.990949372,2.235764747
MAR11669,1.880369749,3.990949372,2.235764747
MAR11670,1.880369749,3.990949372,2.235764747
MAR11671,1.880369749,3.990949372,2.235764747
MAR11672,1.880369749,3.990949372,2.235764747
MAR11673,1.880369749,3.990949372,2.235764747
MAR11674,1.880369749,3.990949372,2.235764747
MAR11675,1.880369749,3.990949372,2.235764747
MAR11676,1.880369749,3.990949372,2.235764747
MAR11677,1.880369749,3.990949372,2.235764747
MAR11678,1.880369749,3.990949372,2.235764747
MAR11679,1.880369749,3.990949372,2.235764747
MAR11680,12.77888811,12.36597615,13.42517857
MAR11681,12.77888811,12.36597615,13.42517857
MAR11682,12.77888811,12.36597615,13.42517857
MAR11683,12.77888811,12.36597615,13.42517857
MAR11684,12.77888811,12.36597615,13.42517857
MAR11685,12.77888811,12.36597615,13.42517857
MAR11686,12.77888811,12.36597615,13.42517857
MAR11687,12.77888811,12.36597615,13.42517857
MAR11688,12.77888811,12.36597615,13.42517857
MAR11689,12.77888811,12.36597615,13.42517857
MAR11690,12.77888811,12.36597615,13.42517857
MAR11691,12.77888811,12.36597615,13.42517857
MAR11692,12.77888811,12.36597615,13.42517857
MAR11693,12.77888811,12.36597615,13.42517857
MAR11694,12.77888811,12.36597615,13.42517857
MAR11695,15.19068663,12.66413909,16.3451869
MAR11696,16.68743917,21.26880942,35.01023708
MAR11697,1000,1000,1000
MAR11698,16.68743917,21.26880942,35.01023708
MAR11699,1000,1000,1000
MAR11700,16.68743917,21.26880942,35.01023708
MAR11701,1000,1000,1000
MAR11702,16.68743917,21.26880942,35.01023708
MAR11703,1000,1000,1000
MAR11704,16.68743917,21.26880942,35.01023708
MAR11705,1000,1000,1000
MAR11706,16.68743917,21.26880942,35.01023708
MAR11707,1000,1000,1000
MAR11708,16.68743917,21.26880942,35.01023708
MAR11709,1000,1000,1000
MAR11710,16.68743917,21.26880942,35.01023708
MAR11711,1000,1000,1000
MAR11712,16.68743917,21.26880942,35.01023708
MAR11713,1000,1000,1000
MAR11714,16.68743917,21.26880942,35.01023708
MAR11715,1000,1000,1000
MAR11716,16.68743917,21.26880942,35.01023708
MAR11717,1000,1000,1000
MAR11718,16.68743917,21.26880942,35.01023708
MAR11719,1000,1000,1000
MAR11720,16.68743917,21.26880942,35.01023708
MAR11721,1000,1000,1000
MAR11722,16.68743917,21.26880942,35.01023708
MAR11723,1000,1000,1000
MAR11724,16.68743917,21.26880942,35.01023708
MAR11725,1000,1000,1000
MAR11726,16.68743917,21.26880942,35.01023708
MAR11727,1000,1000,1000
MAR11728,1000,1000,1000
MAR11729,1000,1000,1000
MAR11730,0,0,0
MAR11731,0,0,0
MAR11732,0,0,0
MAR11733,1000,1000,1000
MAR11734,0,0,0
MAR11735,1000,1000,1000
MAR11736,5.193213677,3.851126688,4.035939344
MAR11737,5.193213677,3.851126688,4.035939344
MAR11738,5.193213677,3.851126688,4.035939344
MAR11739,5.193213677,3.851126688,4.035939344
MAR11740,5.193213677,3.851126688,6.708041933
MAR11741,5.193213677,3.851126688,6.708041933
MAR11742,5.193213677,3.851126688,6.708041933
MAR11743,5.193213677,3.851126688,6.708041933
MAR11744,5.193213677,3.851126688,11.04371145
MAR11745,5.193213677,3.851126688,11.04371145
MAR11746,5.193213677,3.851126688,11.04371145
MAR11747,5.193213677,3.851126688,11.04371145
MAR11748,5.193213677,3.851126688,11.04371145
MAR11749,7.774898877,8.231120273,12.58802185
MAR11750,7.774898877,8.231120273,12.58802185
MAR11751,7.774898877,8.231120273,12.58802185
MAR11752,5.193213677,3.851126688,4.035939344
MAR11753,5.193213677,3.851126688,4.035939344
MAR11754,5.193213677,3.851126688,4.035939344
MAR11755,5.193213677,3.851126688,4.035939344
MAR11756,1000,1000,1000
MAR11757,6.647925375,4.380064779,35.01023708
MAR11758,6.643861899,4.380064779,6.417617451
MAR11759,6.647925375,4.380064779,35.01023708
MAR11760,6.647925375,4.380064779,35.01023708
MAR11761,6.647925375,4.380064779,35.01023708
MAR11762,6.647925375,4.380064779,35.01023708
MAR11763,6.647925375,4.380064779,29.22043185
MAR11764,6.647925375,4.380064779,29.22043185
MAR11765,5.175987869,3.864646945,18.58427821
MAR11766,6.647925375,4.380064779,35.01023708
MAR11767,6.647925375,4.380064779,35.01023708
MAR11768,6.647925375,4.380064779,35.01023708
MAR11769,5.175987869,3.864646945,18.58427821
MAR11770,6.647925375,4.380064779,35.01023708
MAR11771,6.647925375,4.380064779,35.01023708
MAR11772,5.175987869,3.864646945,18.58427821
MAR11773,6.647925375,4.380064779,35.01023708
MAR11774,6.647925375,4.380064779,35.01023708
MAR11775,1000,1000,1000
MAR11776,0.074648047,0.552965387,4.9872696
MAR11777,3.689116286,3.084663556,8.809028235
MAR11778,16.68743917,21.26880942,23.0669919
MAR11779,0,0,0
MAR11780,11.12879985,7.08125676,50.76723476
MAR11781,1000,1000,1000
MAR11782,3.689116286,3.084663556,0.928784691
MAR11783,1000,1000,1000
MAR11784,1000,1000,1000
MAR11785,1000,1000,1000
MAR11786,7.455639809,5.327060401,14.51245795
MAR11787,0.37058727,0.608659517,1.3934358
MAR11788,3.663655322,3.534391494,0.612618048
MAR11789,3.663655322,3.534391494,0.612618048
MAR11790,3.663655322,3.534391494,0.612618048
MAR11791,31.09520184,21.61999762,68.39587573
MAR11792,16.68743917,21.26880942,23.0669919
MAR11793,11.92438923,16.02798505,3.731355477
MAR11794,11.92438923,16.02798505,3.731355477
MAR11795,16.68743917,21.26880942,23.0669919
MAR11796,16.68743917,21.26880942,23.0669919
MAR11797,1000,1000,1000
MAR11798,1.085880951,0.818384246,7.621913161
MAR11799,0.074648047,0.552965387,4.9872696
MAR11800,58.5796924,50.44441752,129.6837332
MAR11801,7.764711044,5.900000547,11.52207591
MAR11802,16.68743917,21.26880942,23.0669919
MAR11803,1000,1000,1000
MAR11804,0.878435536,0.503879312,3.247410473
MAR11805,4.834725488,4.242304322,6.603621244
MAR11806,7.536467763,5.167748067,0.928784691
MAR11807,7.536467763,5.167748067,0.928784691
MAR11808,15.81383063,6.102414718,36.09545807
MAR11809,16.68743917,21.26880942,23.0669919
MAR11810,0.673671907,1.015492716,3.666571612
MAR11811,35.31828741,28.57151807,63.80322782
MAR11812,24.34346646,10.5552549,11.84185453
MAR11813,38.70675246,21.1105098,23.68370906
MAR11814,14.363286,10.82652335,29.22043185
MAR11815,17.26590908,10.7415548,29.03555231
MAR11816,21.18651872,13.09964464,24.33738389
MAR11817,21.18651872,13.09964464,24.33738389
MAR11818,21.18651872,13.09964464,24.33738389
MAR11819,1.266052144,0.873125347,1.209876501
MAR11820,1.266052144,0.873125347,1.209876501
MAR11821,1.266052144,0.873125347,1.209876501
MAR11822,866.2196969,612.2170092,1000
MAR11823,1000,1000,1000
MAR11824,1000,1000,1000
MAR11825,0.678793911,0.31683717,1.293131539
MAR11826,0.678793911,0.31683717,1.293131539
MAR11827,0.678793911,0.31683717,1.293131539
MAR11828,5.238547902,3.271616888,10.34145607
MAR11829,80.94020104,52.80513006,227.9346689
MAR11830,80.94020104,52.80513006,227.9346689
MAR11831,11.43332151,12.55448313,16.32362882
MAR11832,22.86664303,25.10896626,32.64725764
MAR11833,22.86664303,25.10896626,32.64725764
MAR11834,5.238547902,3.271616888,10.34145607
MAR11835,5.238547902,3.271616888,10.34145607
MAR11836,5.238547902,3.271616888,10.34145607
MAR11837,5.238547902,3.271616888,10.34145607
MAR11838,5.238547902,3.271616888,10.34145607
MAR11839,5.238547902,3.271616888,10.34145607
MAR11840,0.851229728,0.673079841,1.606169266
MAR11841,0.851229728,0.673079841,1.606169266
MAR11842,0.851229728,0.673079841,1.606169266
MAR11843,1000,1000,1000
MAR11844,1000,1000,1000
MAR11845,1000,1000,1000
MAR11846,1000,1000,1000
MAR11847,1000,1000,1000
MAR11848,6.647925375,4.380064779,35.01023708
MAR11849,1000,1000,802.0124199
MAR11850,1000,1000,802.0124199
MAR11851,6.643861899,4.380064779,6.417617451
MAR11852,6.643861899,4.380064779,6.417617451
MAR11853,1000,1000,802.0124199
MAR11854,11.81984977,9.334241437,25.00189566
MAR11855,6.647925375,4.380064779,35.01023708
MAR11856,6.647925375,4.380064779,35.01023708
MAR11857,105.5975349,93.73614273,104.7139401
MAR11858,105.5975349,93.73614273,104.7139401
MAR11859,105.5975349,93.73614273,104.7139401
MAR11860,105.5975349,93.73614273,104.7139401
MAR11861,6.647925375,4.380064779,35.01023708
MAR11862,6.647925375,4.380064779,29.22043185
MAR11863,6.647925375,4.380064779,29.22043185
MAR11864,5.175987869,3.864646945,18.58427821
MAR11865,6.647925375,4.380064779,35.01023708
MAR11866,6.647925375,4.380064779,35.01023708
MAR11867,6.647925375,4.380064779,35.01023708
MAR11868,5.175987869,3.864646945,18.58427821
MAR11869,6.647925375,4.380064779,35.01023708
MAR11870,6.647925375,4.380064779,35.01023708
MAR11871,5.175987869,3.864646945,18.58427821
MAR11872,0.849670611,0.64248237,7.421666283
MAR11873,0.849670611,0.64248237,7.421666283
MAR11874,0.849670611,0.64248237,7.421666283
MAR11875,6.647925375,4.380064779,35.01023708
MAR11876,6.647925375,4.380064779,35.01023708
MAR11877,1000,1000,1000
MAR11878,1000,1000,1000
MAR11879,1000,1000,1000
MAR11880,1000,1000,1000
MAR11881,1000,1000,1000
MAR11882,1000,1000,1000
MAR11883,1000,1000,1000
MAR11884,1000,1000,1000
MAR11885,13.23992423,9.346528337,49.69017484
MAR11886,14.09115396,10.01960818,51.29634411
MAR11887,14.09115396,10.01960818,51.29634411
MAR11888,1000,1000,1000
MAR11889,1000,1000,1000
MAR11890,1000,1000,1000
MAR11891,1000,1000,1000
MAR11892,1000,1000,1000
MAR11893,1000,1000,1000
MAR11894,1000,1000,1000
MAR11895,1000,1000,1000
MAR11896,999.99962,999.9996798,999.9991388
MAR11897,999.99962,999.9996798,999.9991388
MAR11898,0,0,0
MAR11899,0,0,0
MAR11900,1000,1000,1000
MAR11901,1000,1000,1000
MAR11902,38.70675246,21.1105098,23.68370906
MAR11903,1000,1000,1000
MAR11904,1000,1000,1000
MAR11905,1000,1000,1000
MAR11906,1000,1000,1000
MAR11907,16.68743917,21.26880942,23.0669919
MAR11908,11.92438923,16.02798505,3.731355477
MAR11909,11.92438923,16.02798505,3.731355477
MAR11910,16.68743917,21.26880942,23.0669919
MAR11911,16.68743917,21.26880942,23.0669919
MAR11912,16.68743917,21.26880942,23.0669919
MAR11913,11.4236625,11.49732964,37.83337443
MAR11914,11.4236625,11.49732964,37.83337443
MAR11915,4.261661654,3.291561007,20.93654309
MAR11916,4.261661654,3.291561007,20.93654309
MAR11917,1000,1000,1000
MAR11918,14.363286,10.82652335,29.22043185
MAR11919,1000,1000,1000
MAR11920,1000,1000,1000
MAR11921,1000,1000,1000
MAR11922,1000,1000,1000
MAR11923,3.663655322,3.534391494,0.612618048
MAR11924,0.418940982,0.605860997,2.997724807
MAR11925,0.418940982,0.605860997,2.997724807
MAR11926,1000,1000,1000
MAR11927,1000,1000,1000
MAR11928,3.953712827,2.052288498,6.420272818
MAR11929,3.953712827,2.052288498,6.420272818
MAR11930,7.378232571,6.169327113,9.737812926
MAR11931,13.15989083,11.91912955,12.8553747
MAR11932,13.15989083,11.91912955,12.8553747
MAR11933,7.536467763,5.167748067,0.928784691
MAR11934,16.55431723,10.89480921,43.33216817
MAR11935,1000,1000,1000
MAR11936,1000,1000,1000
MAR11937,15.04651514,9.725191076,44.64079186
MAR11938,15.04651514,9.725191076,44.64079186
MAR11939,1000,1000,1000
MAR11940,1000,1000,1000
MAR11941,15.9066372,12.15793302,24.60748961
MAR11942,15.9066372,12.15793302,24.60748961
MAR11943,30.62190902,18.1601652,26.6916147
MAR11944,19.6459443,17.91576385,24.60222737
MAR11945,19.6459443,17.91576385,24.60222737
MAR11946,0,0,0
MAR11947,112.7488522,105.747186,167.3326814
MAR11948,54.4739607,29.30950086,72.70760179
MAR11949,38.66013008,23.20708614,36.61214373
MAR11950,0,0,0
MAR11951,27.09277626,24.75337947,35.67658023
MAR11952,8.277158617,5.447404603,31.49031364
MAR11953,21.52216466,25.51111374,29.67061314
MAR11954,7.455639809,5.327060401,14.51245795
MAR11955,1000,1000,1000
MAR11956,2.68673154,1.814633494,1.247886353
MAR11957,7.764711044,5.900000547,17.29183386
MAR11958,61.52907787,53.02486642,113.1086928
MAR11959,33.3245169,26.28037328,35.68246609
MAR11960,0.84104136,0.281084597,1.241196346
MAR11961,1.52047419,0.281084597,1.241196346
MAR11962,0.673671907,1.015492716,3.666571612
MAR11963,17.13000284,17.02219233,9.862195654
MAR11964,17.90547767,11.83556161,34.64468503
MAR11965,0.639568594,1.094006815,5.609132723
MAR11966,7.781067595,4.853749783,11.64524467
MAR11967,7.781067595,4.853749783,11.64524467
MAR11968,7.870839739,7.436610903,24.62751425
MAR11969,7.870839739,7.436610903,24.62751425
MAR11970,7.870839739,7.436610903,24.62751425
MAR11971,7.870839739,7.436610903,24.62751425
MAR11972,0.851229728,0.673079841,1.606169266
MAR11973,137.5859168,159.0259079,70.24379041
MAR11974,137.5859168,159.0259079,70.24379041
MAR11975,0,0,0
MAR11976,22.86664303,25.10896626,32.64725764
MAR11977,11.43332151,12.55448313,16.32362882
MAR11978,1000,1000,1000
MAR11979,1000,1000,1000
MAR11980,1000,1000,1000
MAR11981,0.851229728,0.673079841,1.606169266
MAR11982,0,0,0
MAR11983,0,0,0
MAR11984,0,0,0
MAR11985,0,0,0
MAR11986,1000,1000,1000
MAR11987,0.010842358,0.006603229,0.006549725
MAR11988,1000,1000,1000
MAR11989,1000,1000,1000
MAR11990,0.39032487,0.455622782,0.235790117
MAR11991,1000,1000,1000
MAR11992,1000,1000,1000
MAR11993,0.39032487,0.273373669,0.235790117
MAR11994,1000,1000,1000
MAR11995,1000,1000,1000
MAR11996,0.30358601,0.333081718,0.183392314
MAR11997,1000,1000,1000
MAR11998,1000,1000,1000
MAR11999,0.113844754,0.07593713,0.068772118
MAR12000,1000,1000,1000
MAR12001,1000,1000,1000
MAR12002,2.47136008,3.118091469,2.053537383
MAR12003,2.47136008,3.118091469,2.053537383
MAR12004,1000,1000,1000
MAR12005,13.26733276,12.03082705,12.74335455
MAR12006,1000,1000,1000
MAR12007,1000,1000,1000
MAR12008,2.47136008,3.118091469,2.053537383
MAR12009,2.47136008,3.118091469,2.053537383
MAR12010,2.47136008,3.118091469,2.053537383
MAR12011,2.47136008,3.118091469,2.053537383
MAR12012,1000,1000,901.0062099
MAR12013,16.68743917,21.26880942,25.16376976
MAR12014,1000,1000,1000
MAR12015,1000,1000,1000
MAR12016,1000,1000,1000
MAR12017,0,0,0
MAR12018,1000,1000,1000
MAR12019,38.08302793,26.65659428,172.6361256
MAR12020,15.50817322,10.73063033,80.36836267
MAR12021,15.50817322,10.73063033,80.36836267
MAR12022,7.066681492,5.195333625,11.89940026
MAR12023,1000,1000,802.0124199
MAR12024,500,500,500
MAR12025,1000,1000,802.0124199
MAR12026,1000,1000,802.0124199
MAR12027,1000,1000,1000
MAR12028,1000,1000,1000
MAR12029,16.68743917,21.26880942,25.16376976
MAR12030,16.68743917,21.26880942,25.16376976
MAR12031,1000,1000,1000
MAR12032,1000,1000,1000
MAR12033,1000,1000,1000
MAR12034,1000,1000,1000
MAR12035,20.35567918,14.63589871,29.74753993
MAR12036,9.724714545,8.062109717,9.213127283
MAR12037,1.026727215,0.638900774,2.185434514
MAR12038,20.35567918,14.63589871,29.74753993
MAR12039,0,0,0
MAR12040,86.13677408,71.79041492,87.34661924
MAR12041,0,0,0
MAR12042,1000,1000,1000
MAR12043,31.49477695,22.47194808,39.7893045
MAR12044,19.0799365,13.70393259,37.22856157
MAR12045,1.026727215,0.638900774,2.185434514
MAR12046,0,0,0
MAR12047,0,0,0
MAR12048,1.026727215,0.638900774,2.185434514
MAR12049,1.026727215,0.638900774,2.185434514
MAR12050,22.08568855,24.64557501,21.03607295
MAR12051,1000,1000,1000
MAR12052,1000,1000,1000
MAR12053,1.026727215,0.638900774,2.185434514
MAR12054,1000,1000,813.6683195
MAR12055,1000,1000,802.0124199
MAR12056,0.977727019,0.762652777,5.367105019
MAR12057,0,0,0
MAR12058,9.724714545,8.062109717,9.213127283
MAR12059,1.844852466,1.277801549,4.370869027
MAR12060,9.724714545,8.062109717,9.213127283
MAR12061,9.724714545,8.062109717,9.213127283
MAR12062,20.35567918,14.63589871,29.74753993
MAR12063,14.60017447,10.25904058,28.28035036
MAR12064,1.026727215,0.638900774,2.185434514
MAR12065,1.026727215,0.638900774,2.185434514
MAR12066,9.846218891,5.887740086,25.78063096
MAR12067,19.18863426,13.69849731,30.15909117
MAR12068,19.18863426,13.69849731,30.15909117
MAR12069,1000,1000,1000
MAR12070,4.479762021,3.444892007,8.948211212
MAR12071,4.479762021,3.444892007,8.948211212
MAR12072,4.479762021,3.444892007,8.948211212
MAR12073,4.479762021,3.444892007,8.948211212
MAR12074,4.479762021,3.444892007,8.948211212
MAR12075,4.479762021,3.444892007,8.948211212
MAR12076,4.479762021,3.444892007,8.948211212
MAR12077,0,0,0
MAR12078,4.479762021,3.444892007,8.948211212
MAR12079,1000,1000,1000
MAR12080,3.168803073,2.415194078,2.863395872
MAR12081,0,0,0
MAR12082,0,0,0
MAR12083,0,0,0
MAR12084,15.19068663,12.66413909,16.3451869
MAR12085,0.977727019,0.762652777,5.367105019
MAR12086,3.168803073,2.415194078,2.863395872
MAR12087,1000,1000,1000
MAR12088,1000,1000,1000
MAR12089,0,0,0
MAR12090,0.84104136,0.54323073,3.082494729
MAR12091,25.70219341,20.93449653,22.66796456
MAR12092,25.70219341,20.93449653,33.76190519
MAR12093,0.395673619,0.438214133,2.672102589
MAR12094,0.395673619,0.438214133,2.672102589
MAR12095,0.395673619,0.438214133,2.672102589
MAR12096,3.168803073,2.415194078,2.863395872
MAR12097,0,0,0
MAR12098,0,0,0
MAR12099,0,0,0
MAR12100,0,0,0
MAR12101,0,0,0
MAR12102,0,0,0
MAR12103,0,0,0
MAR12104,0,-1.14E-13,0
MAR12105,0,0,0
MAR12106,0,0,0
MAR12107,0,0,0
MAR12108,0,0,0
MAR12109,0,0,0
MAR12110,0,0,0
MAR12111,0,0,0
MAR12112,12.38545988,14.34762676,51.52863503
MAR12113,0,0,0
MAR12114,13.26733276,12.03082705,12.74335455
MAR12115,0,0,0
MAR12116,0,0,0
MAR12117,25.70219341,20.93449653,22.66796456
MAR12118,1.844852466,1.277801549,4.370869027
MAR12119,0,0,0
MAR12120,1000,1000,802.0124199
MAR12121,20.35567918,14.63589871,29.74753993
MAR12122,1000,1000,1000
MAR12123,0,0,0
MAR12124,1.691981149,1.050294596,0.890202
MAR12125,1000,1000,1000
MAR12126,4.862357273,4.031054858,4.606563641
MAR12127,5.777807433,4.515426432,11.6922617
MAR12128,19.6459443,17.91576385,24.60222737
MAR12129,1000,1000,1000
MAR12130,1000,1000,1000
MAR12131,1000,1000,1000
MAR12132,4.479762021,3.444892007,8.948211212
MAR12133,4.479762021,3.444892007,8.948211212
MAR12134,0,0,0
MAR12135,0,0,0
MAR12136,8.959524042,6.889784013,17.89642242
MAR12137,1000,1000,1000
MAR12138,4.479762021,3.444892007,8.948211212
MAR12139,4.479762021,3.444892007,8.948211212
MAR12140,0,0,0
MAR12141,1000,1000,1000
MAR12142,65.07659999,56.61451067,9.794513285
MAR12143,65.07659999,56.61451067,9.794513285
MAR12144,1000,1000,1000
MAR12145,1000,1000,1000
MAR12146,1000,1000,1000
MAR12147,65.07659999,56.61451067,9.794513285
MAR12148,65.07659999,56.61451067,9.794513285
MAR12149,1000,1000,1000
MAR12150,65.07659999,56.61451067,9.794513285
MAR12151,65.07659999,56.61451067,9.794513285
MAR12152,1000,1000,1000
MAR12153,65.07659999,56.61451067,9.794513285
MAR12154,1000,1000,1000
MAR12155,65.07659999,56.61451067,9.794513285
MAR12156,1000,1000,1000
MAR12157,65.07659999,56.61451067,9.794513285
MAR12158,1000,1000,1000
MAR12159,65.07659999,56.61451067,9.794513285
MAR12160,1000,1000,1000
MAR12161,65.07659999,56.61451067,9.794513285
MAR12162,65.07659999,56.61451067,9.794513285
MAR12163,1000,1000,1000
MAR12164,65.07659999,56.61451067,9.794513285
MAR12165,65.07659999,56.61451067,9.794513285
MAR12166,1000,1000,1000
MAR12167,65.07659999,56.61451067,9.794513285
MAR12168,65.07659999,56.61451067,9.794513285
MAR12169,65.07659999,56.61451067,9.794513285
MAR12170,1.29E-11,3.59E-14,3.93E-14
MAR12171,65.07659999,56.61451067,9.794513285
MAR12172,65.07659999,56.61451067,9.794513285
MAR12173,1000,1000,1000
MAR12174,65.07659999,56.61451067,9.794513285
MAR12175,65.07659999,56.61451067,9.794513285
MAR12176,65.07659999,56.61451067,9.794513285
MAR12177,-2.16E-13,-2.60E-13,0
MAR12178,65.07659999,0.123914651,9.794513285
MAR12179,65.07659999,0.123914651,9.794513285
MAR12180,65.07659999,0.247829301,9.794513285
MAR12181,0,0,0
MAR12182,1000,1000,1000
MAR12183,1000,1000,1000
MAR12184,65.07659999,56.61451067,9.794513285
MAR12185,65.07659999,56.61451067,9.794513285
MAR12186,1000,1000,1000
MAR12187,65.07659999,0.123914651,9.794513285
MAR12188,65.07659999,0.123914651,9.794513285
MAR12189,65.07659999,0.247829301,9.794513285
MAR12190,2.04E-13,0,-3.31E-15
MAR12191,65.07659999,0.123914651,9.794513285
MAR12192,65.07659999,0.123914651,9.794513285
MAR12193,65.07659999,0.247829301,9.794513285
MAR12194,4.32E-13,0,-6.86E-16
MAR12195,65.07659999,56.61451067,9.794513285
MAR12196,65.07659999,56.61451067,9.794513285
MAR12197,1000,1000,1000
MAR12198,0,0,0
MAR12199,1000,1000,1000
MAR12200,1000,1000,1000
MAR12201,1000,1000,1000
MAR12202,1000,1000,1000
MAR12203,0,0,0
MAR12204,0,0,0
MAR12205,65.07659999,56.61451067,9.794513285
MAR12206,1000,1000,1000
MAR12207,65.07659999,56.61451067,9.794513285
MAR12208,65.07659999,0.247829301,9.794513285
MAR12209,0,0,0
MAR12210,65.07659999,0.247829301,9.794513285
MAR12211,65.07659999,0.247829301,9.794513285
MAR12212,1000,1000,1000
MAR12213,1000,1000,1000
MAR12214,1000,1000,1000
MAR12215,1000,1000,1000
MAR12216,1000,1000,1000
MAR12217,65.07659999,0.247829301,9.794513285
MAR12218,65.07659999,0.247829301,9.794513285
MAR12219,65.07659999,56.61451067,9.794513285
MAR12220,65.07659999,0.247829301,9.794513285
MAR12221,1000,1000,1000
MAR12222,0,0,0
MAR12223,0,0,0
MAR12224,65.07659999,0.247829301,9.794513285
MAR12225,65.07659999,0.247829301,9.794513285
MAR12226,1000,1000,1000
MAR12227,1000,1000,1000
MAR12228,1000,1000,1000
MAR12229,1000,1000,1000
MAR12230,1000,1000,1000
MAR12231,1000,1000,1000
MAR12232,0,0,0
MAR12233,1000,1000,1000
MAR12234,65.07659999,56.61451067,9.794513285
MAR12235,65.07659999,56.61451067,9.794513285
MAR12236,1000,1000,1000
MAR12237,65.07659999,56.61451067,9.794513285
MAR12238,65.07659999,56.61451067,9.794513285
MAR12239,1000,1000,1000
MAR12240,65.07659999,56.61451067,9.794513285
MAR12241,65.07659999,56.61451067,9.794513285
MAR12242,1000,1000,1000
MAR12243,65.07659999,56.61451067,9.794513285
MAR12244,65.07659999,56.61451067,9.794513285
MAR12245,1000,1000,1000
MAR12246,65.07659999,0.123914651,9.794513285
MAR12247,65.07659999,0.123914651,9.794513285
MAR12248,65.07659999,0.247829301,9.794513285
MAR12249,2.18E-12,0,-7.97E-15
MAR12250,65.07659999,0.123914651,9.794513285
MAR12251,65.07659999,0.123914651,9.794513285
MAR12252,65.07659999,0.247829301,9.794513285
MAR12253,-1.98E-13,0,-4.84E-15
MAR12254,65.07659999,56.61451067,9.794513285
MAR12255,65.07659999,56.61451067,9.794513285
MAR12256,65.07659999,56.61451067,9.794513285
MAR12257,-6.92E-12,-5.38E-14,1.24E-14
MAR12258,65.07659999,0.123914651,9.794513285
MAR12259,65.07659999,0.123914651,9.794513285
MAR12260,65.07659999,0.247829301,9.794513285
MAR12261,7.26E-14,0,-2.13E-15
MAR12262,65.07659999,56.61451067,9.794513285
MAR12263,195.2298,57.11016928,29.38353985
MAR12264,1000,1000,1000
MAR12265,130.1532,0.247829301,19.58902657
MAR12266,65.07659999,56.61451067,9.794513285
MAR12267,65.07659999,56.61451067,9.794513285
MAR12268,1000,1000,1000
MAR12269,65.07659999,56.61451067,9.794513285
MAR12270,65.07659999,56.61451067,9.794513285
MAR12271,1000,1000,1000
MAR12272,65.07659999,0.123914651,9.794513285
MAR12273,65.07659999,0.123914651,9.794513285
MAR12274,65.07659999,0.247829301,9.794513285
MAR12275,-3.68E-13,0,1.03E-14
MAR12276,65.07659999,0.123914651,9.794513285
MAR12277,65.07659999,0.123914651,9.794513285
MAR12278,65.07659999,0.247829301,9.794513285
MAR12279,6.00E-13,0,-2.62E-15
MAR12280,65.07659999,56.61451067,9.794513285
MAR12281,65.07659999,56.61451067,9.794513285
MAR12282,1000,1000,1000
MAR12283,130.1532,56.73842533,19.58902657
MAR12284,65.07659999,56.61451067,9.794513285
MAR12285,65.07659999,56.61451067,9.794513285
MAR12286,1000,1000,1000
MAR12287,65.07659999,56.61451067,9.794513285
MAR12288,65.07659999,56.61451067,9.794513285
MAR12289,1000,1000,1000
MAR12290,1000,1000,1000
MAR12291,65.07659999,56.61451067,9.794513285
MAR12292,65.07659999,56.61451067,9.794513285
MAR12293,1000,1000,1000
MAR12294,65.07659999,56.61451067,9.794513285
MAR12295,65.07659999,56.61451067,9.794513285
MAR12296,1000,1000,1000
MAR12297,65.07659999,56.61451067,9.794513285
MAR12298,65.07659999,56.61451067,9.794513285
MAR12299,1000,1000,1000
MAR12300,65.07659999,56.61451067,9.794513285
MAR12301,65.07659999,56.61451067,9.794513285
MAR12302,1000,1000,1000
MAR12303,65.07659999,56.61451067,9.794513285
MAR12304,65.07659999,56.61451067,9.794513285
MAR12305,1000,1000,1000
MAR12306,1000,1000,1000
MAR12307,1000,1000,1000
MAR12308,40.32198011,45.93197935,19.61709131
MAR12309,1000,1000,802.0124199
MAR12310,40.32198011,45.93197935,19.61709131
MAR12311,1000,1000,1000
MAR12312,1000,1000,1000
MAR12313,1000,1000,802.0124199
MAR12314,1000,1000,1000
MAR12315,1000,1000,1000
MAR12316,1000,1000,802.0124199
MAR12317,1000,1000,1000
MAR12318,40.32198011,45.93197935,19.61709131
MAR12319,40.32198011,45.93197935,19.61709131
MAR12320,80.64396022,91.8639587,39.23418262
MAR12321,1000,1000,1000
MAR12322,1000,1000,1000
MAR12323,1000,1000,802.0124199
MAR12324,1000,1000,1000
MAR12325,1000,1000,1000
MAR12326,1000,1000,802.0124199
MAR12327,1000,1000,1000
MAR12328,1000,1000,1000
MAR12329,1000,1000,1000
MAR12330,1000,1000,802.0124199
MAR12331,1000,1000,1000
MAR12332,1000,0.123914651,11.06342445
MAR12333,1000,0.123914651,11.06342445
MAR12334,1000,1000,1000
MAR12335,1000,0.123914651,11.06342445
MAR12336,0,0,0
MAR12337,40.32198011,45.93197935,19.61709131
MAR12338,40.32198011,45.93197935,19.61709131
MAR12339,1000,1000,1000
MAR12340,6.647925375,4.380064779,35.01023708
MAR12341,6.647925375,4.380064779,35.01023708
MAR12342,40.32198011,45.93197935,19.61709131
MAR12343,0.246537675,0.332060092,5.807642406
MAR12344,6.647925375,4.380064779,35.01023708
MAR12345,41.65439874,47.08242369,33.04664688
MAR12346,1.085880951,0.818384246,7.621913161
MAR12347,6.647925375,4.380064779,19.61709131
MAR12348,6.647925375,4.380064779,19.61709131
MAR12349,6.647925375,4.380064779,19.61709131
MAR12350,6.647925375,4.380064779,35.01023708
MAR12351,1000,1000,1000
MAR12352,1.085880951,0.818384246,7.621913161
MAR12353,1000,0.123914651,11.06342445
MAR12354,1000,1000,1000
MAR12355,1000,0.123914651,11.06342445
MAR12356,1000,1000,1000
MAR12357,1000,1000,1000
MAR12358,1000,1000,802.0124199
MAR12359,1000,1000,1000
MAR12360,818.4381201,752.3749822,768.1190022
MAR12361,819.5240011,753.1933664,775.7409153
MAR12362,1.085880951,0.818384246,7.621913161
MAR12363,40.32198011,45.93197935,19.61709131
MAR12364,40.32198011,45.93197935,19.61709131
MAR12365,1000,0.123914651,11.06342445
MAR12366,1000,1000,1000
MAR12367,1000,0.123914651,11.06342445
MAR12368,1000,1000,1000
MAR12369,0.246537675,0.332060092,5.807642406
MAR12370,0.246537675,0.332060092,5.807642406
MAR12371,76.27458953,61.8076376,65.70014351
MAR12372,15.89527284,12.15081604,58.8198487
MAR12373,0.074648047,0.552965387,4.9872696
MAR12374,92.16986237,73.95845365,124.5199922
MAR12375,2.438460052,2.807761107,11.17678788
MAR12376,0.074648047,0.552965387,4.9872696
MAR12377,3.524341003,3.626145353,18.79870104
MAR12378,1.085880951,0.818384246,7.621913161
MAR12379,0.246537675,0.332060092,5.807642406
MAR12380,0.246537675,0.332060092,5.807642406
MAR12381,0.246537675,0.332060092,5.807642406
MAR12382,1000,1000,1000
MAR12383,0.074648047,0.552965387,4.9872696
MAR12384,1000,1000,1000
MAR12385,1.085880951,0.818384246,7.621913161
MAR12386,1000,1000,802.0124199
MAR12387,1000,1000,802.0124199
MAR12388,1000,1000,802.0124199
MAR12389,1000,1000,802.0124199
MAR12390,1000,1000,1000
MAR12391,1000,1000,1000
MAR12392,40.32198011,45.93197935,19.61709131
MAR12393,0.246537675,0.332060092,5.807642406
MAR12394,6.647925375,4.380064779,35.01023708
MAR12395,41.65439874,47.08242369,33.04664688
MAR12396,1.085880951,0.818384246,7.621913161
MAR12397,40.32198011,45.93197935,19.61709131
MAR12398,1000,1000,1000
MAR12399,6.647925375,4.380064779,35.01023708
MAR12400,1000,1000,1000
MAR12401,1.085880951,0.818384246,7.621913161
MAR12402,1000,0.123914651,11.06342445
MAR12403,1000,0.123914651,11.06342445
MAR12404,40.32198011,45.93197935,19.61709131
MAR12405,40.32198011,45.93197935,19.61709131
MAR12406,1000,1000,1000
MAR12407,0.074648047,0.552965387,4.9872696
MAR12408,1000,1000,1000
MAR12409,1000,1000,1000
MAR12410,0.074648047,0.552965387,4.9872696
MAR12411,1000,1000,1000
MAR12412,1000,1000,1000
MAR12413,1000,1000,1000
MAR12414,1000,1000,1000
MAR12415,1000,1000,802.0124199
MAR12416,1000,1000,802.0124199
MAR12417,1000,1000,1000
MAR12418,1000,1000,1000
MAR12419,1000,1000,802.0124199
MAR12420,1000,1000,802.0124199
MAR12421,1000,1000,1000
MAR12422,1000,1000,1000
MAR12423,1000,1000,1000
MAR12424,1000,1000,1000
MAR12425,0.246537675,0.332060092,5.807642406
MAR12426,0.246537675,0.332060092,5.807642406
MAR12427,0.246537675,0.332060092,5.807642406
MAR12428,0.074648047,0.552965387,4.9872696
MAR12429,1000,1000,1000
MAR12430,1000,1000,1000
MAR12431,1.085880951,0.818384246,7.621913161
MAR12432,0.246537675,0.332060092,5.807642406
MAR12433,0.246537675,0.332060092,5.807642406
MAR12434,0.246537675,0.332060092,5.807642406
MAR12435,0.246537675,0.332060092,5.807642406
MAR12436,0.246537675,0.332060092,5.807642406
MAR12437,0.246537675,0.332060092,5.807642406
MAR12438,0.246537675,0.332060092,5.807642406
MAR12439,0.493075351,0.664120184,11.61528481
MAR12440,0.246537675,0.332060092,5.807642406
MAR12441,0.493075351,0.664120184,11.61528481
MAR12442,0.246537675,0.332060092,5.807642406
MAR12443,0.493075351,0.664120184,11.61528481
MAR12444,1000,1000,1000
MAR12445,1000,1000,1000
MAR12446,1000,1000,802.0124199
MAR12447,1000,1000,802.0124199
MAR12448,1000,1000,802.0124199
MAR12449,1000,1000,1000
MAR12450,1000,1000,1000
MAR12451,1000,1000,802.0124199
MAR12452,1000,1000,802.0124199
MAR12453,1000,1000,1000
MAR12454,1000,1000,1000
MAR12455,1000,1000,1000
MAR12456,1000,1000,1000
MAR12457,1000,1000,1000
MAR12458,0.074648047,0.552965387,4.9872696
MAR12459,1000,1000,1000
MAR12460,1000,1000,1000
MAR12461,6.647925375,4.380064779,35.01023708
MAR12462,65.07659999,56.61451067,9.794513285
MAR12463,1000,1000,802.0124199
MAR12464,65.07659999,56.61451067,9.794513285
MAR12465,65.07659999,56.61451067,9.794513285
MAR12466,65.07659999,56.61451067,9.794513285
MAR12467,65.07659999,56.61451067,9.794513285
MAR12468,65.07659999,56.61451067,9.794513285
MAR12469,1000,1000,802.0124199
MAR12470,65.07659999,56.61451067,9.794513285
MAR12471,1000,1000,1000
MAR12472,2.368291153,1.70720787,1.009183537
MAR12473,2.368291153,1.70720787,1.009183537
MAR12474,40.32198011,45.93197935,19.61709131
MAR12475,1000,1000,1000
MAR12476,1000,1000,802.0124199
MAR12477,1000,1000,802.0124199
MAR12478,1000,1000,802.0124199
MAR12479,1000,1000,1000
MAR12480,1000,1000,1000
MAR12481,1000,1000,1000
MAR12482,1000,1000,802.0124199
MAR12483,1000,1000,1000
MAR12484,1000,1000,1000
MAR12485,1000,1000,802.0124199
MAR12486,1000,1000,1000
MAR12487,1000,1000,802.0124199
MAR12488,1000,1000,802.0124199
MAR12489,1000,1000,1000
MAR12490,1000,1000,802.0124199
MAR12491,1000,1000,1000
MAR12492,1000,1000,1000
MAR12493,1000,1000,802.0124199
MAR12494,1000,1000,1000
MAR12495,1000,1000,802.0124199
MAR12496,1000,1000,802.0124199
MAR12497,40.32198011,45.93197935,19.61709131
MAR12498,40.32198011,45.93197935,19.61709131
MAR12499,1000,1000,1000
MAR12500,1000,1000,1000
MAR12501,1000,1000,1000
MAR12502,1000,1000,802.0124199
MAR12503,1000,1000,1000
MAR12504,1000,1000,802.0124199
MAR12505,1000,1000,1000
MAR12506,40.32198011,45.93197935,19.61709131
MAR12507,1000,1000,802.0124199
MAR12508,40.32198011,45.93197935,19.61709131
MAR12509,11.12879985,7.08125676,50.76723476
MAR12510,1.085880951,0.818384246,7.621913161
MAR12511,0.246537675,0.332060092,5.807642406
MAR12512,22.87202763,19.23205998,39.69452866
MAR12513,1000,1000,1000
MAR12514,6.647925375,4.380064779,35.01023708
MAR12515,45.74405526,0.123914651,11.06342445
MAR12516,22.87202763,19.23205998,39.69452866
MAR12517,45.74405526,0.123914651,11.06342445
MAR12518,1.085880951,0.818384246,7.621913161
MAR12519,45.74405526,0.123914651,11.06342445
MAR12520,1000,1000,1000
MAR12521,45.74405526,0.123914651,11.06342445
MAR12522,54.95024949,55.84255325,87.67397527
MAR12523,6.647925375,4.380064779,35.01023708
MAR12524,1000,1000,1000
MAR12525,1000,1000,802.0124199
MAR12526,1000,0.123914651,11.06342445
MAR12527,1000,1000,1000
MAR12528,1000,0.123914651,11.06342445
MAR12529,1000,1000,1000
MAR12530,1000,1000,802.0124199
MAR12531,1000,1000,1000
MAR12532,1000,1000,1000
MAR12533,1000,1000,1000
MAR12534,45.74405526,38.46411995,79.38905733
MAR12535,1000,1000,1000
MAR12536,1000,1000,802.0124199
MAR12537,6.647925375,4.380064779,35.01023708
MAR12538,45.74405526,38.46411995,79.38905733
MAR12539,1000,1000,1000
MAR12540,15.31776867,12.7261127,30.98398897
MAR12541,1000,1000,802.0124199
MAR12542,45.74405526,38.46411995,79.38905733
MAR12543,1000,1000,1000
MAR12544,15.31776867,12.7261127,30.98398897
MAR12545,1000,1000,802.0124199
MAR12546,45.74405526,38.46411995,79.38905733
MAR12547,1000,1000,802.0124199
MAR12548,1000,1000,1000
MAR12549,45.74405526,38.46411995,79.38905733
MAR12550,1000,1000,1000
MAR12551,1000,1000,1000
MAR12552,1000,1000,1000
MAR12553,1000,1000,802.0124199
MAR12554,1000,1000,1000
MAR12555,1000,1000,1000
MAR12556,6.647925375,4.380064779,35.01023708
MAR12557,45.74405526,38.46411995,79.38905733
MAR12558,45.74405526,38.46411995,79.38905733
MAR12559,65.07659999,56.61451067,9.794513285
MAR12560,1000,1000,802.0124199
MAR12561,45.74405526,38.46411995,79.38905733
MAR12562,15.89527284,12.15081604,58.8198487
MAR12563,15.89527284,12.15081604,58.8198487
MAR12564,432.358253,423.4263841,437.4656837
MAR12565,432.358253,423.4263841,437.4656837
MAR12566,1000,1000,802.0124199
MAR12567,1000,1000,1000
MAR12568,1000,1000,1000
MAR12569,264.2189324,258.7605681,267.3401401
MAR12570,0.074648047,0.552965387,4.9872696
MAR12571,264.2189324,258.7605681,267.3401401
MAR12572,452.9467412,443.5895453,458.297383
MAR12573,452.9467412,443.5895453,458.297383
MAR12574,452.9467412,443.5895453,458.297383
MAR12575,40.32198011,45.93197935,19.61709131
MAR12576,1000,1000,1000
MAR12577,1000,1000,1000
MAR12578,80.64396022,91.8639587,39.23418262
MAR12579,1000,1000,1000
MAR12580,1000,1000,1000
MAR12581,1000,1000,1000
MAR12582,1000,1000,1000
MAR12583,1000,0.123914651,11.06342445
MAR12584,1000,0.123914651,11.06342445
MAR12585,40.32198011,45.93197935,19.61709131
MAR12586,40.56851779,46.26403944,25.42473372
MAR12587,6.647925375,4.380064779,35.01023708
MAR12588,1000,1000,1000
MAR12589,6.647925375,4.380064779,19.61709131
MAR12590,1000,1000,1000
MAR12591,1000,1000,1000
MAR12592,1000,0.123914651,11.06342445
MAR12593,1000,1000,1000
MAR12594,818.4381201,752.3749822,768.1190022
MAR12595,40.32198011,45.93197935,19.61709131
MAR12596,1000,1000,1000
MAR12597,1000,1000,1000
MAR12598,1000,0.123914651,11.06342445
MAR12599,0.246537675,0.332060092,5.807642406
MAR12600,2.438460052,2.807761107,11.17678788
MAR12601,92.16986237,73.95845365,124.5199922
MAR12602,0.246537675,0.332060092,5.807642406
MAR12603,1000,1000,1000
MAR12604,1000,1000,802.0124199
MAR12605,1000,1000,1000
MAR12606,40.56851779,46.26403944,25.42473372
MAR12607,1000,1000,1000
MAR12608,1000,0.123914651,11.06342445
MAR12609,40.32198011,45.93197935,19.61709131
MAR12610,1000,1000,1000
MAR12611,1000,1000,1000
MAR12612,1000,1000,802.0124199
MAR12613,1000,1000,1000
MAR12614,1000,1000,1000
MAR12615,1000,1000,1000
MAR12616,1000,1000,1000
MAR12617,0.246537675,0.332060092,5.807642406
MAR12618,1000,1000,1000
MAR12619,40.32198011,45.93197935,19.61709131
MAR12620,0.246537675,0.332060092,5.807642406
MAR12621,0.246537675,0.332060092,5.807642406
MAR12622,0.493075351,0.664120184,11.61528481
MAR12623,40.32198011,45.93197935,19.61709131
MAR12624,1000,1000,802.0124199
MAR12625,1000,1000,1000
MAR12626,1000,1000,1000
MAR12627,1000,1000,1000
MAR12628,1000,1000,1000
MAR12629,1000,1000,1000
MAR12630,0,0,0
MAR12631,65.07659999,56.61451067,9.794513285
MAR12632,0,0,0
MAR12633,0,0,0
MAR12634,1000,1000,1000
MAR12635,1000,1000,802.0124199
MAR12636,1000,1000,1000
MAR12637,1000,1000,1000
MAR12638,1000,1000,1000
MAR12639,1000,1000,802.0124199
MAR12640,1000,1000,1000
MAR12641,1000,1000,1000
MAR12642,1000,1000,802.0124199
MAR12643,40.32198011,45.93197935,19.61709131
MAR12644,1000,1000,1000
MAR12645,1000,1000,1000
MAR12646,40.32198011,45.93197935,19.61709131
MAR12647,0.246537675,0.332060092,5.807642406
MAR12648,1000,1000,1000
MAR12649,1000,1000,1000
MAR12650,1000,1000,1000
MAR12651,1000,0.123914651,11.06342445
MAR12652,1000,1000,1000
MAR12653,0,0,0
MAR12654,45.74405526,38.46411995,79.38905733
MAR12655,45.74405526,38.46411995,79.38905733
MAR12656,1000,1000,1000
MAR12657,1.09E-15,1.09E-15,8.73E-15
MAR12658,1000,1000,1000
MAR12659,1000,1000,802.0124199
MAR12660,15.89527284,12.15081604,58.8198487
MAR12661,432.358253,423.4263841,437.4656837
MAR12662,1000,1000,1000
MAR12663,264.2189324,258.7605681,267.3401401
MAR12664,452.9467412,443.5895453,458.297383
MAR12665,1000,1000,1000
MAR12666,0,0,0
MAR12667,1000,1000,1000
MAR12668,1000,1000,802.0124199
MAR12669,0,0,0
MAR12670,315.6464567,294.9882706,305.4563703
MAR12671,0,0,0
MAR12672,0.28738475,0.178321275,2.08374694
MAR12673,1000,0.123914651,11.06342445
MAR12674,0.493075351,0.664120184,11.61528481
MAR12675,1000,1000,1000
MAR12676,0,-3.42E-13,0
MAR12677,1000,1000,1000
MAR12678,1000,1000,1000
MAR12679,1000,1000,1000
MAR12680,1000,1000,1000
MAR12681,1000,1000,1000
MAR12682,1000,0.123914651,11.06342445
MAR12683,0,0,0
MAR12684,0,0,0
MAR12685,1000,1000,1000
MAR12686,65.07659999,56.61451067,9.794513285
MAR12687,1000,1000,1000
MAR12688,634.1254377,621.0253634,628.0102296
MAR12689,1000,1000,1000
MAR12690,1000,1000,1000
MAR12691,1000,1000,1000
MAR12692,1000,1000,1000
MAR12693,2.368291153,1.70720787,1.009183537
MAR12694,1000,1000,1000
MAR12695,1000,1000,1000
MAR12696,15.89527284,12.15081604,58.8198487
MAR12697,0.246537675,0.332060092,5.807642406
MAR12698,22.87202763,0.123914651,11.06342445
MAR12699,1000,1000,802.0124199
MAR12700,0,0,-1.14E-13
MAR12701,1000,1000,1000
MAR12702,0,0,0
MAR12703,22.87202763,19.23205998,39.69452866
MAR12704,1000,1000,802.0124199
MAR12705,1000,1000,1000
MAR12706,0.246537675,0.332060092,5.807642406
MAR12707,315.6464567,294.9882706,305.4563703
MAR12708,65.07659999,56.61451067,9.794513285
MAR12709,0,0,0
MAR12710,0.28738475,0.178321275,2.08374694
MAR12711,1000,1000,1000
MAR12712,45.74405526,38.46411995,79.38905733
MAR12713,8.16E-14,0,0
MAR12714,1000,1000,1000
MAR12715,1000,1000,1000
MAR12716,1000,1000,1000
MAR12717,1000,1000,1000
MAR12718,276.1906496,258.1147368,267.274324
MAR12719,276.1906496,258.1147368,267.274324
MAR12720,45.74405526,38.46411995,79.38905733
MAR12721,1000,1000,1000
MAR12722,1000,1000,1000
MAR12723,0,0,0
MAR12724,1000,1000,1000
MAR12725,1000,1000,802.0124199
MAR12726,1000,1000,1000
MAR12727,1.085880951,0.818384246,7.621913161
MAR12728,1000,1000,802.0124199
MAR12729,1000,1000,802.0124199
MAR12730,1000,1000,802.0124199
MAR12731,1000,1000,1000
MAR12732,315.6464567,294.9882706,305.4563703
MAR12733,315.6464567,294.9882706,305.4563703
MAR12734,1000,1000,802.0124199
MAR12735,1000,1000,802.0124199
MAR12736,1000,0.123914651,11.06342445
MAR12737,0.28738475,0.178321275,2.08374694
MAR12738,1000,1000,1000
MAR12739,1000,1000,1000
MAR12740,1000,1000,1000
MAR12741,0.28738475,0.178321275,2.08374694
MAR12742,1000,1000,1000
MAR12743,1000,1000,1000
MAR12744,0.28738475,0.178321275,2.08374694
MAR12745,0.28738475,0.178321275,2.08374694
MAR12746,1000,1000,1000
MAR12747,1000,1000,1000
MAR12748,1000,1000,1000
MAR12749,1000,1000,1000
MAR12750,1000,1000,802.0124199
MAR12751,1000,1000,1000
MAR12752,1000,1000,1000
MAR12753,0.493075351,0.664120184,11.61528481
MAR12754,0.493075351,0.664120184,11.61528481
MAR12755,1000,1000,1000
MAR12756,1000,1000,1000
MAR12757,1000,1000,1000
MAR12758,1000,1000,1000
MAR12759,1000,1000,1000
MAR12760,6.647925375,4.380064779,35.01023708
MAR12761,1000,1000,1000
MAR12762,1000,1000,1000
MAR12763,1000,1000,1000
MAR12764,1000,1000,1000
MAR12765,1000,1000,1000
MAR12766,1000,1000,1000
MAR12767,1000,1000,1000
MAR12768,1000,1000,1000
MAR12769,1000,1000,1000
MAR12770,1000,0.123914651,11.06342445
MAR12771,1000,1000,1000
MAR12772,1000,1000,1000
MAR12773,1000,1000,1000
MAR12774,0.246537675,0.332060092,5.807642406
MAR12775,0.246537675,0.332060092,5.807642406
MAR12776,0.246537675,0.332060092,5.807642406
MAR12777,0.246537675,0.332060092,5.807642406
MAR12778,0.246537675,0.332060092,5.807642406
MAR12779,0.246537675,0.332060092,5.807642406
MAR12780,40.32198011,45.93197935,19.61709131
MAR12781,40.32198011,45.93197935,19.61709131
MAR12782,6.647925375,4.380064779,35.01023708
MAR12783,87.78496095,96.90814366,85.85970451
MAR12784,1000,1000,1000
MAR12785,1000,1000,1000
MAR12786,6.647925375,4.380064779,35.01023708
MAR12787,65.07659999,56.61451067,9.794513285
MAR12788,65.07659999,56.61451067,9.794513285
MAR12789,1000,1000,802.0124199
MAR12790,1000,1000,1000
MAR12791,1000,1000,1000
MAR12792,634.1254377,621.0253634,628.0102296
MAR12793,634.1254377,621.0253634,628.0102296
MAR12794,40.32198011,45.93197935,19.61709131
MAR12795,1000,1000,1000
MAR12796,1000,1000,1000
MAR12797,1000,1000,1000
MAR12798,1000,1000,1000
MAR12799,1000,1000,1000
MAR12800,1000,1000,1000
MAR12801,1000,1000,1000
MAR12802,1000,1000,1000
MAR12803,1000,1000,1000
MAR12804,1000,1000,1000
MAR12805,1000,1000,1000
MAR12806,1000,1000,1000
MAR12807,1000,1000,1000
MAR12808,15.89527284,12.15081604,58.8198487
MAR12809,15.89527284,12.15081604,58.8198487
MAR12810,15.89527284,12.15081604,58.8198487
MAR12811,1000,1000,802.0124199
MAR12812,22.87202763,0.123914651,11.06342445
MAR12813,22.87202763,0.123914651,11.06342445
MAR12814,22.87202763,0.123914651,11.06342445
MAR12815,1000,1000,1000
MAR12816,1000,1000,802.0124199
MAR12817,1000,1000,802.0124199
MAR12818,0.246537675,0.332060092,5.807642406
MAR12819,1.332418627,1.150444338,13.42955557
MAR12820,1.085880951,0.818384246,7.621913161
MAR12821,0.074648047,0.552965387,4.9872696
MAR12822,1000,1000,1000
MAR12823,0.074648047,0.552965387,4.9872696
MAR12824,1000,1000,1000
MAR12825,1000,1000,1000
MAR12826,1.085880951,0.818384246,7.621913161
MAR12827,1000,1000,1000
MAR12828,1000,1000,802.0124199
MAR12829,22.87202763,19.23205998,39.69452866
MAR12830,22.87202763,19.23205998,39.69452866
MAR12831,22.87202763,19.23205998,39.69452866
MAR12832,0.246537675,0.332060092,5.807642406
MAR12833,22.87202763,19.23205998,39.69452866
MAR12834,1.085880951,0.818384246,7.621913161
MAR12835,1.085880951,0.818384246,7.621913161
MAR12836,1000,1000,802.0124199
MAR12837,1000,1000,802.0124199
MAR12838,6.647925375,4.380064779,35.01023708
MAR12839,15.31776867,12.7261127,30.98398897
MAR12840,0.246537675,0.332060092,5.807642406
MAR12841,6.647925375,4.380064779,35.01023708
MAR12842,45.74405526,38.46411995,79.38905733
MAR12843,45.74405526,38.46411995,79.38905733
MAR12844,0.246537675,0.332060092,5.807642406
MAR12845,1000,1000,1000
MAR12846,1000,1000,1000
MAR12847,1000,1000,1000
MAR12848,315.6464567,294.9882706,305.4563703
MAR12849,315.6464567,294.9882706,305.4563703
MAR12850,65.07659999,56.61451067,9.794513285
MAR12851,1000,1000,1000
MAR12852,6.647925375,4.380064779,35.01023708
MAR12853,0.28738475,0.178321275,2.08374694
MAR12854,1000,1000,1000
MAR12855,1000,1000,1000
MAR12856,276.1906496,258.1147368,267.274324
MAR12857,45.74405526,38.46411995,79.38905733
MAR12858,45.74405526,38.46411995,79.38905733
MAR12859,1000,1000,1000
MAR12860,1000,1000,1000
MAR12861,1000,1000,1000
MAR12862,1000,1000,1000
MAR12863,1000,1000,1000
MAR12864,1000,1000,1000
MAR12865,1000,1000,1000
MAR12866,1000,1000,1000
MAR12867,1000,1000,1000
MAR12868,1000,1000,1000
MAR12869,1000,1000,1000
MAR12870,0.074648047,0.552965387,4.9872696
MAR12871,1000,1000,1000
MAR12872,276.1906496,258.1147368,267.274324
MAR12873,276.1906496,258.1147368,267.274324
MAR12874,276.1906496,258.1147368,267.274324
MAR12875,276.1906496,258.1147368,267.274324
MAR12876,40.32198011,45.93197935,19.61709131
MAR12877,1000,1000,1000
MAR12878,80.64396022,91.8639587,39.23418262
MAR12879,1000,1000,1000
MAR12880,1000,1000,1000
MAR12881,1000,1000,1000
MAR12882,1000,0.123914651,11.06342445
MAR12883,1000,0.123914651,11.06342445
MAR12884,6.647925375,4.380064779,35.01023708
MAR12885,6.647925375,4.380064779,19.61709131
MAR12886,1000,1000,1000
MAR12887,1000,1000,1000
MAR12888,1000,0.123914651,11.06342445
MAR12889,818.4381201,752.3749822,768.1190022
MAR12890,40.32198011,45.93197935,19.61709131
MAR12891,1000,1000,1000
MAR12892,1000,0.123914651,11.06342445
MAR12893,0.246537675,0.332060092,5.807642406
MAR12894,2.438460052,2.807761107,11.17678788
MAR12895,0,0,0
MAR12896,15.89527284,12.15081604,58.8198487
MAR12897,76.27458953,61.8076376,65.70014351
MAR12898,15.89527284,12.15081604,58.8198487
MAR12899,0.246537675,0.332060092,5.807642406
MAR12900,0,0,0
MAR12901,1000,1000,802.0124199
MAR12902,0,0,0
MAR12903,1000,1000,1000
MAR12904,40.32198011,45.93197935,19.61709131
MAR12905,40.32198011,45.93197935,19.61709131
MAR12906,1000,0.123914651,11.06342445
MAR12907,40.32198011,45.93197935,19.61709131
MAR12908,1000,1000,1000
MAR12909,1000,1000,1000
MAR12910,1000,1000,802.0124199
MAR12911,0,0,0
MAR12912,1000,1000,1000
MAR12913,1000,1000,1000
MAR12914,0,0,0
MAR12915,40.32198011,45.93197935,19.61709131
MAR12916,0.246537675,0.332060092,5.807642406
MAR12917,0,0,0
MAR12918,0.246537675,0.332060092,5.807642406
MAR12919,0.246537675,0.332060092,5.807642406
MAR12920,40.32198011,45.93197935,19.61709131
MAR12921,0,0,0
MAR12922,0,0,0
MAR12923,1000,1000,1000
MAR12924,1000,1000,1000
MAR12925,1000,1000,1000
MAR12926,1000,1000,802.0124199
MAR12927,65.07659999,56.61451067,9.794513285
MAR12928,1000,1000,1000
MAR12929,0,0,0
MAR12930,1000,1000,1000
MAR12931,1000,1000,1000
MAR12932,1000,1000,1000
MAR12933,0,0,0
MAR12934,1000,1000,1000
MAR12935,1000,1000,1000
MAR12936,1000,0.123914651,11.06342445
MAR12937,0,0,0
MAR12938,1000,1000,1000
MAR12939,1000,1000,1000
MAR12940,45.74405526,38.46411995,79.38905733
MAR12941,1000,1000,1000
MAR12942,0,0,0
MAR12943,1000,1000,1000
MAR12944,0,-7.56E-14,-1.40E-13
MAR12945,0,0,0
MAR12946,264.2189324,258.7605681,267.3401401
MAR12947,0,0,0
MAR12948,15.89527284,12.15081604,58.8198487
MAR12949,15.89527284,12.15081604,58.8198487
MAR12950,1000,1000,1000
MAR12951,0,0,0
MAR12952,0,0,0
MAR12953,1000,1000,1000
MAR12954,0,0,0
MAR12955,1000,1000,1000
MAR12956,1000,1000,1000
MAR12957,1000,0.123914651,11.06342445
MAR12958,0,0,0
MAR12959,1000,1000,1000
MAR12960,0,0,0
MAR12961,0,0,0
MAR12962,0,0,0
MAR12963,0,0,0
MAR12964,1000,0.123914651,11.06342445
MAR12965,80.8904979,92.19601879,45.04182503
MAR12966,0.246537675,0.332060092,5.807642406
MAR12967,0.246537675,0.332060092,5.807642406
MAR12968,1000,1000,1000
MAR12969,1000,1000,1000
MAR12970,0,0,0
MAR12971,1000,1000,1000
MAR12972,40.32198011,45.93197935,19.61709131
MAR12973,15.89527284,12.15081604,58.8198487
MAR12974,22.87202763,0.123914651,11.06342445
MAR12975,1000,1000,1000
MAR12976,1000,1000,1000
MAR12977,1000,1000,1000
MAR12978,0,0,0
MAR12979,1000,1000,1000
MAR12980,1000,1000,1000
MAR12981,0,0,0
MAR12982,1000,1000,1000
MAR12983,276.1906496,258.1147368,267.274324
MAR12984,45.74405526,38.46411995,79.38905733
MAR12985,315.6464567,294.9882706,305.4563703
MAR12986,1000,1000,1000
MAR12987,1000,1000,1000
MAR12988,0,0,0
MAR12989,0,0,0
MAR12990,0,0,0
MAR12991,92.16986237,73.95845365,124.5199922
MAR12992,92.16986237,73.95845365,124.5199922
MAR12993,1000,1000,802.0124199
MAR12994,15.89527284,12.15081604,58.8198487
MAR12995,1000,1000,1000
MAR12996,315.6464567,294.9882706,305.4563703
MAR12997,40.32198011,45.93197935,19.61709131
MAR12998,1000,1000,802.0124199
MAR12999,1000,1000,1000
MAR13000,1000,1000,802.0124199
MAR13001,315.6464567,294.9882706,305.4563703
MAR13002,842.3062919,772.309822,808.1605346
MAR13003,1000,1000,1000
MAR13004,1000,1000,802.0124199
MAR13005,0,0,0
MAR13006,315.6464567,294.9882706,305.4563703
MAR13007,1000,1000,1000
MAR13008,1000,1000,1000
MAR13009,126.3880155,91.98787335,50.29760707
MAR13010,46.96990549,50.31204413,39.23418262
MAR13011,1000,1000,1000
MAR13012,41.30813081,47.26021972,42.84766093
MAR13013,1000,1000,1000
MAR13014,1000,1000,1000
MAR13015,1000,1000,1000
MAR13016,1000,1000,1000
MAR13017,1000,1000,1000
MAR13018,638.6998432,624.8717754,629.9461104
MAR13019,1000,1000,1000
MAR13020,45.74405526,38.46411995,79.38905733
MAR13021,1000,1000,1000
MAR13022,1000,1000,1000
MAR13023,1000,1000,1000
MAR13024,40.32198011,45.93197935,19.61709131
MAR13025,40.32198011,45.93197935,19.61709131
MAR13026,40.32198011,45.93197935,19.61709131
MAR13027,1000,1000,1000
MAR13028,0.319784297,0.547003407,2.804566362
MAR13029,0.319784297,0.547003407,2.804566362
MAR13030,0.319784297,0.547003407,2.804566362
MAR13031,17.13000284,17.02219233,9.862195654
MAR13032,1000,1000,1000
MAR13033,1000,1000,1000
MAR13034,1000,1000,1000
MAR13035,58.57741543,45.90840828,29.94753562
MAR13036,1000,1000,1000
MAR13037,1000,1000,1000
MAR13038,1000,1000,1000
MAR13039,1000,1000,1000
MAR13040,6.336382984,8.890949372,7.135764747
MAR13041,3.136382984,5.690949372,3.935764747
MAR13042,3.136382984,5.690949372,3.935764747
MAR13043,1.636382984,4.190949372,2.435764747
MAR13044,1.636382984,4.190949372,2.435764747
MAR13045,1.636382984,4.190949372,2.435764747
MAR13046,1.636382984,4.190949372,2.435764747
MAR13047,1.636382984,4.190949372,2.435764747
MAR13048,1.636382984,4.190949372,2.435764747
MAR13049,1.636382984,4.190949372,2.435764747
MAR13050,1.636382984,4.190949372,2.435764747
MAR13051,1.636382984,4.190949372,2.435764747
MAR13052,1.636382984,4.190949372,2.435764747
MAR13053,1.636382984,4.190949372,2.435764747
MAR13054,1.636382984,4.190949372,2.435764747
MAR13055,1.636382984,4.190949372,2.435764747
MAR13056,1.636382984,4.190949372,2.435764747
MAR13057,1.636382984,4.190949372,2.435764747
MAR13058,2.036382984,4.590949372,2.835764747
MAR13059,1.636382984,4.190949372,2.435764747
MAR13060,1.636382984,4.190949372,2.435764747
MAR13061,1.736382984,4.290949372,2.535764747
MAR13062,1.636382984,4.190949372,2.435764747
MAR13063,1.636382984,4.190949372,2.435764747
MAR13064,0,0,0
MAR13065,0.614385263,0.78205741,1.648409323
MAR13066,71.28266942,60.35222417,32.82086759
MAR13067,0,0,0
MAR13068,0,0,0
MAR13069,0,0,0
MAR13070,0,0,0
MAR13071,0,0,0
MAR13072,0,0,0
MAR13073,0,0,0
MAR13074,0,0,0
MAR13075,7.149181322,4.422432902,17.29183386
MAR13076,0,0,0
MAR13077,1000,1000,1000
MAR13078,876.1283414,861.824524,853.6150988
MAR13079,0,0,0
MAR13080,9.457819922,5.02746992,15.26369202
MAR13081,7.556128478,5.313103146,19.24110589
MAR10023,20.45483118,17.23677383,46.36176024
MAR10024,20.45483118,17.23677383,46.36176024
MAR10025,1000,1000,1000
MAR10026,47.19266999,32.19679583,64.33326259
MAR10027,123.1058915,87.28787202,248.7338232
MAR10028,0,0,0
MAR10029,0.84104136,0.54323073,3.082494729
MAR10030,3.399801875,0.123914651,4.667691178
MAR10031,0.354290766,0.123914651,0.338091938
MAR10033,173.1109509,119.1170919,465.5543593
MAR10034,0,0,0
MAR10035,0.002805412,0.003571038,0.007526983
MAR10036,26.01236572,24.96670356,29.98942931
MAR10037,17.50341069,10.9268123,29.56728587
MAR10038,7.26E-14,2.12E-14,3.30E-29
MAR10039,0,0,0
MAR10040,12.6566203,8.761816234,16.3451869
MAR10041,41.5875674,29.73872427,93.07592304
MAR10042,0.018039244,0.014071084,0.099024078
MAR10043,0,9.88E-19,0
MAR10044,0,0,0
MAR10045,0,0,0
MAR10046,41.3546135,32.1764809,37.35288244
MAR10047,1000,1000,1000
MAR10048,0,0,-4.50E-16
MAR10049,0,0,0
MAR10050,17.37860504,10.74721887,32.73066156
MAR10051,17.37860504,10.74721887,32.73066156
MAR10052,7.34E-15,0,0
MAR10053,5.155068873,3.201271201,10.15224724
MAR10054,0,0,0
MAR10055,0,0,0
MAR10056,0,0,0
MAR10057,0,0,0
MAR10058,0,0,0
MAR10059,9.669450975,8.484608645,13.20724249
MAR10060,9.669450975,8.484608645,13.20724249
MAR10061,12.6566203,8.761816234,16.3451869
MAR10062,109.1776614,92.00128031,247.4558953
MAR10063,4.524608658,3.812774371,10.25522137
MAR10064,9.889910877,8.333980146,22.41591108
MAR10065,0.024545797,0.020684129,0.055634112
MAR13082,20.45483118,17.23677383,46.36176024
MAR10066,1000,1000,1000
MAR10067,5.192259383,3.586550305,25.73216916
MAR10068,10.38451877,7.173100611,36.92952887
MAR10069,1000,1000,1000
MAR10070,0,0,0
MAR10071,0,0,0
MAR10072,0,0,0
MAR10073,0,0,0
MAR10074,0,0,0
MAR10075,0,0,0
MAR10076,0,0,0
MAR10077,1.71E-13,0,0
MAR10078,0,0,0
MAR10079,0,0,0
MAR10080,1000,1000,1000
MAR10081,6.14E-14,0,0
MAR10082,65.07659999,56.61451067,9.794513285
MAR10083,65.07659999,56.61451067,9.794513285
MAR10084,65.07659999,56.61451067,9.794513285
MAR10085,65.07659999,56.61451067,9.794513285
MAR10086,65.07659999,56.61451067,9.794513285
MAR10087,0,0,0
MAR10088,65.07659999,56.61451067,9.794513285
MAR10089,0,0,0
MAR10090,0,0,0
MAR10091,65.07659999,56.61451067,9.794513285
MAR10092,1000,1000,1000
MAR10093,1.55E-13,1.55E-13,1.55E-13
MAR10094,1000,1000,1000
MAR10095,1000,1000,1000
MAR10096,1.55E-13,1.55E-13,1.55E-13
MAR10097,1000,1000,1000
MAR10098,1000,1000,1000
MAR10099,65.07659999,56.61451067,9.794513285
MAR10100,65.07659999,56.61451067,9.794513285
MAR10101,65.07659999,56.61451067,9.794513285
MAR10102,65.07659999,56.61451067,9.794513285
MAR10103,65.07659999,56.61451067,9.794513285
MAR10104,0,0,0
MAR10105,1000,1000,1000
MAR10106,1000,1000,1000
MAR10107,65.07659999,56.61451067,9.794513285
MAR10108,65.07659999,56.61451067,9.794513285
MAR10109,65.07659999,56.61451067,9.794513285
MAR10110,65.07659999,56.61451067,9.794513285
MAR10111,1000,1000,1000
MAR10112,1000,1000,1000
MAR10113,65.07659999,56.61451067,9.794513285
MAR10114,65.07659999,56.61451067,9.794513285
MAR10115,0,0,0
MAR10116,0,0,0
MAR10117,65.07659999,56.61451067,9.794513285
MAR10118,130.1532,113.2290213,19.58902657
MAR10119,195.2298,169.843532,29.38353985
MAR10120,195.2298,169.843532,29.38353985
MAR10121,1000,1000,1000
MAR10122,1000,1000,1000
MAR10123,65.07659999,56.61451067,9.794513285
MAR10124,65.07659999,56.61451067,9.794513285
MAR10125,65.07659999,56.61451067,9.794513285
MAR10126,65.07659999,56.61451067,9.794513285
MAR10127,65.07659999,56.61451067,9.794513285
MAR10128,1000,1000,1000
MAR10129,1000,1000,1000
MAR10130,1000,1000,1000
MAR10131,1000,1000,1000
MAR10132,65.07659999,56.61451067,9.794513285
MAR13083,12.45973835,12.09052636,15.69750358
MAR13084,0,0,0
MAR13085,0,0,0
MAR13086,2.299123025,1.937413378,7.939049217
