,Sample_1,Sample_2,Sample_3
MAR03905,0.0,0.0,0.0
MAR03907,0.0,0.0,12.743354547008515
MAR04097,0.0,0.0,0.0
MAR04099,0.0,0.0,0.0
MAR04108,0.0,0.0,0.0
MAR04133,0.0,0.0,0.0
MAR04137,0.9523371264550111,0.0,0.0
MAR04281,0.048967350509689436,5.677466568419762,8.587107845686555
MAR04388,0.0,0.0,0.0
MAR04283,0.0,0.0,0.0
MAR08357,0.0,0.0,0.0
MAR04379,0.0,0.0,0.0
MAR04301,0.0,0.0,0.0
MAR04355,0.0,0.0,1.6738386255005135
MAR04358,16.533181687436088,14.689070591862476,511.20298792320597
MAR04360,0.0,0.0,0.0
MAR04363,16.533181687436088,14.689070591862476,99.65594492894604
MAR04365,-16.533181687436084,-14.689070591862476,-99.65594492894603
MAR04368,16.554939491364966,14.707405348184018,252.59570221640055
MAR04370,0.0,0.0,0.0
MAR04371,0.013845875227470838,0.011667572204618427,0.031382275507998825
MAR04372,0.0,0.0,0.0
MAR04373,-16.56878536659244,-14.719072920388639,-252.62708449190856
MAR04375,-0.8903987782179074,-0.6542390766526941,-1.6738386255005135
MAR04377,0.0,0.0,0.0
MAR04381,0.0,0.0,-3.6143128780995393
MAR04391,12.58696700507743,11.771886510807656,243.58473760213795
MAR04394,0.001977982175352977,0.8219791929363242,0.0
MAR04396,-0.08703121571553098,-0.8953182182224971,-2.152380901856356
MAR04521,0.0,0.0,0.0
MAR06410,0.0,0.0,0.0
MAR06412,0.0,0.0,0.0
MAR07745,0.0,0.0,0.0
MAR07747,0.0,0.0,12.472549852022954
MAR08360,0.0,0.0,0.0
MAR08652,0.0,0.0,0.0
MAR08757,0.0,0.0,0.0
MAR03989,0.0,0.0,0.0
MAR04122,0.0,0.0,0.0
MAR04837,0.0,0.0,0.0
MAR05395,0.0,0.0,1.9551208843775107
MAR05396,0.0,0.0,1.9551208843775107
MAR09727,0.0,0.0,0.0
MAR05397,0.0,0.0,1.955120884377511
MAR05398,0.0,0.0,1.9551208843775107
MAR05399,0.0,0.0,0.0
MAR05400,0.0,0.0,0.0
MAR05401,0.0,0.0,1.9551208843775112
MAR08568,0.0,0.0,0.0
MAR08569,0.0,0.0,0.6177312955720443
MAR08570,0.0,0.0,0.0
MAR08571,0.0,0.0,0.6177312955720443
MAR08572,0.0,0.0,0.0
MAR08573,0.0,0.0,0.6177312955720443
MAR08574,0.0,0.0,0.0
MAR08575,0.0,0.0,0.6177312955720442
MAR08576,0.0,0.0,0.0
MAR08577,0.0,0.0,0.6177312955720442
MAR08578,0.001977982175352977,0.0012500970219234033,0.6177312955720443
MAR08579,0.0,0.0,0.6177312955720442
MAR08581,0.0,0.0,0.6177312955720443
MAR08591,0.0019779821753529775,0.0,0.6177312955720443
MAR08592,0.0,0.0,0.0
MAR08580,0.0,0.0012500970219234033,0.0
MAR08582,0.0019779821753529775,0.0012500970219234031,0.0
MAR08587,0.0,0.0,1.2354625911440884
MAR08589,0.0,0.0,0.0
MAR08583,0.0,0.0,0.0
MAR08584,0.0,0.0,0.0
MAR08585,0.0,0.0,0.0
MAR03944,0.08703121571553098,0.8953182182224971,21.70358974563147
MAR04128,0.0,-0.821979192936324,0.0
MAR04130,0.0,0.0,0.0
MAR04131,0.0,0.0,0.0
MAR04132,0.0,0.0,0.0
MAR04303,0.0,0.0,0.0
MAR04414,0.0,0.0,0.0
MAR04415,0.0,0.0,0.0
MAR04416,0.0,0.0,0.0
MAR04774,0.0,0.0,0.0
MAR04775,0.0,0.0,0.0
MAR04831,0.0,0.0,0.0
MAR04832,0.0,0.0,0.0
MAR07674,0.0,0.0,0.0
MAR08761,0.8903987782179075,0.6542390766526941,0.0
MAR08762,0.8903987782179074,0.6542390766526941,0.0
MAR08764,0.0,0.0,0.0
MAR08766,0.0,0.0,0.0
MAR08767,0.0,0.0,0.0
MAR00454,3.0993315119985145,2.2996145170452107,0.0
MAR04297,0.0,0.0,0.0
MAR04310,0.0,0.0,0.0
MAR04315,0.0,0.0,0.0
MAR04316,0.0,0.0,0.0
MAR04317,0.0,0.0,0.0
MAR04318,0.0,0.0,0.0
MAR04319,0.005933946526058931,0.0050003880876936125,0.0
MAR04320,0.0,0.0,0.0
MAR04356,0.0,0.0,0.0
MAR04383,0.0,0.0,0.0
MAR04385,0.0,0.0,0.0
MAR04386,0.0,0.0,0.0
MAR04387,0.0,0.0,0.0
MAR04399,0.0,0.0,0.0
MAR04400,0.0,0.0,0.0
MAR04401,0.0,0.0,0.0
MAR04402,0.0,0.0,0.0
MAR04403,0.0,0.0,0.0
MAR04490,0.0,0.0,0.0
MAR04706,0.0,0.0,0.0
MAR08768,0.0,0.0,0.0
MAR04590,0.0,0.0,0.0
MAR04591,0.0,0.0,0.0
MAR04592,0.0,0.0,0.0
MAR04593,0.0,0.0,0.0
MAR04594,0.0,0.0,0.0
MAR04595,0.006335270313860642,0.0,4.128706249937328
MAR08341,0.0,0.0,0.0
MAR08342,0.0,0.0,0.0
MAR08344,0.0,0.0,0.0
MAR08352,0.0,0.0,0.0
MAR08353,0.0,0.0,0.0
MAR08726,0.0,0.0,0.0
MAR08727,0.0,0.0,0.0
MAR08728,0.0,0.0,0.0
MAR08729,0.0,0.0,0.0
MAR06537,0.0,0.0,0.0
MAR01568,0.0,0.0,0.0
MAR03853,0.0,0.0,0.0
MAR03854,0.0,0.0,0.0
MAR03855,0.0,0.0,0.0
MAR03857,0.0,0.0,0.0
MAR03859,0.0,0.0,0.0
MAR04087,0.0,0.0,0.0
MAR04089,0.0,0.0,0.0
MAR04091,0.0,0.0,0.0
MAR04093,0.0,0.0,0.0
MAR04095,0.0,0.0,0.0
MAR04101,0.0,0.0,0.0
MAR04103,0.0,0.0,0.0
MAR04143,0.9523371264550109,1.7070397280660803,0.0
MAR04193,0.0,0.0,0.5827768536516663
MAR08497,0.0,0.0,0.0
MAR08498,0.0,0.0,0.0
MAR08499,0.0,0.0,0.0
MAR08500,0.0,0.0,0.0
MAR08501,0.0,0.0,0.0
MAR08502,0.0,0.0,0.0
MAR08503,0.0,0.0,0.0
MAR08504,0.0,0.0,0.0
MAR08506,0.0,0.0,0.0
MAR08507,0.0,0.0,0.0
MAR08508,0.0,0.0,0.0
MAR08509,0.0,0.0,0.0
MAR08511,0.0,0.0,0.0
MAR08512,0.0,0.0,0.0
MAR08514,2.3219636356299134,2.4267480126845595,23.2962904545807
MAR08516,0.0,0.0,0.0
MAR08517,0.0,0.0,0.0
MAR04280,0.0,0.0,0.0
MAR00153,0.0,0.0,0.0
MAR03212,0.0,0.0,0.0
MAR03797,0.0,0.0,0.0
MAR03800,0.0,0.0,0.0
MAR04105,0.0,0.0,0.0
MAR04106,0.0,0.0,0.0
MAR04107,0.0,0.0,0.0
MAR04282,0.0,0.0,0.0
MAR04331,0.0,0.0,0.0
MAR04459,0.0,0.0,0.0
MAR04460,0.0,0.0,0.0
MAR04464,0.0,0.0,0.0
MAR04497,0.0,0.0,0.0
MAR04741,0.0,0.0,0.0
MAR08078,0.0,0.0,0.0
MAR09803,0.0,0.0,0.0
MAR09804,0.0,0.0,0.0
MAR00718,0.0,0.0,0.0
MAR00719,0.0,0.0,0.0
MAR01434,0.0,0.0,0.0
MAR01436,0.0,0.0,0.0
MAR03163,0.0,0.0,0.0
MAR04461,1.9046742529100218,2.0312066338982735,-2.818026650798692
MAR04604,0.1776774579937353,3.3899296317074277,2.2768643645076323
MAR05351,0.0,0.0,-11.46334490482064
MAR07709,0.0,0.0,0.0
MAR04052,0.0,0.0,0.0
MAR04304,0.0,0.0017809034719769188,0.0009569067314006436
MAR04306,0.0,0.0,-7.955314183633731
MAR04350,-0.001977982175352977,-0.0016667960292312042,0.0
MAR04351,0.0,0.0,0.0
MAR04352,0.0,0.0,0.0
MAR04354,0.0,0.0,-2.0500541082557624
MAR04398,0.0,0.0,11.114816909103512
MAR04404,0.0,0.0,-2.054537290471191
MAR04473,0.006335270313860641,0.0,0.019631668994945856
MAR04474,0.0,0.0,0.0
MAR04476,-0.00633527031386064,0.0,7.935682514638783
MAR04477,-0.006335270313860642,0.0,-0.019631668994945856
MAR04501,0.0,0.0,-2.054537290471191
MAR04565,0.0,0.0,-0.38069866497067756
MAR04567,0.0,0.0,23.48896464786016
MAR04568,0.0,0.0,-21.815126022359646
MAR09799,0.0,0.0,0.0
MAR09800,0.0,0.0,0.0
MAR04623,0.0,0.0,0.0
MAR04625,0.0,0.0,7.955314183633725
MAR04710,0.0,-0.0927579746815382,11.114816909103512
MAR04841,0.0,0.0,0.0
MAR08074,0.0,0.09275797468153821,0.0
MAR08653,0.0,0.0017809034719769188,0.0009569067314006436
MAR03998,0.0,0.0,0.0
MAR04000,0.0,0.0,0.0
MAR04002,0.0,0.0,40.39999681927693
MAR04004,-0.008468300109577376,-0.007136024365064308,13.069106073849364
MAR04010,0.0,0.0,0.0
MAR04081,0.0,0.0,0.0
MAR04082,0.0,0.0,11.154807501989717
MAR04012,0.0,0.0,0.0
MAR04014,0.0,0.0,0.0
MAR04020,-0.8222504630672217,-0.6928898672352242,-19.403071926391362
MAR04022,0.0,0.0,0.0
MAR04038,0.0,0.0,0.0
MAR04040,0.0,0.0,0.0
MAR04042,0.0,0.0,0.0
MAR04046,0.0,0.0,0.0
MAR04048,0.0,0.0,0.0
MAR04080,0.0,0.0,0.0
MAR04085,0.0,3.24821738577907,0.0
MAR04086,0.0,0.0,0.0
MAR04134,0.0,0.0,0.0
MAR04135,0.0009889910876764887,0.0,17.29183386186236
MAR04168,0.0,0.0,0.0
MAR04171,0.0,0.0,20.32610444843011
MAR04290,0.0,0.0,0.0
MAR04406,0.0,0.0,0.0
MAR04412,0.0,0.0,0.0
MAR04417,0.0,0.0,1.4121734383677202
MAR04418,0.0,0.0,9.807117878107848
MAR04419,0.0,0.0,0.0
MAR04421,0.0,0.0,21.999008452446375
MAR04449,0.0,0.0,0.0
MAR04450,0.0,0.0,0.0
MAR04451,0.0009889910876764887,0.0,17.29183386186236
MAR04452,0.0,-0.6937232652498397,0.0
MAR04453,0.8232394541548982,0.0,19.405313517499074
MAR04480,0.0009889910876764885,0.000833398014615602,0.0022415911077142015
MAR04481,0.0,0.0,0.0
MAR04482,0.0,0.0,0.0
MAR04486,0.0,0.0,0.0
MAR04487,0.0,0.0,1.3368801647675277
MAR04488,0.0,0.0,0.0
MAR04489,0.0,0.0,0.0
MAR04492,0.0,0.0,0.0
MAR04493,0.0,0.0,0.0
MAR04495,0.0,0.0,0.0
MAR04496,0.0,0.0,0.0
MAR04518,0.0,0.0,0.0
MAR04519,0.0,0.0,1.0091835368484061
MAR04520,0.0,0.0,0.0
MAR04573,0.0,0.0,3.3910782772668173
MAR04574,0.0,0.0,-5.695507284230563
MAR04600,0.11021778960251517,0.09204437224503176,0.0
MAR04602,0.0,0.0,0.0
MAR04603,0.0,0.09204437224503176,0.0
MAR04611,0.16483218885993445,0.13889995638216368,0.3735992906483724
MAR04612,0.0,0.0,0.0
MAR04614,0.0,0.0,17.539405661556135
MAR04615,0.0,0.0,0.0
MAR04617,0.0,0.0,0.0
MAR04618,0.0,0.0,20.19186726431155
MAR04619,0.11120678069019138,4.516144070551247,0.25205498190919967
MAR04621,0.0,0.0,0.0
MAR04632,0.0,0.0,0.0
MAR04646,0.0,0.0,0.0
MAR04648,0.0,0.0,0.0
MAR04649,0.0,0.0,0.0
MAR04650,0.0,0.0,0.0
MAR04651,0.0,0.7857676374948713,0.0
MAR04663,0.0,2.462449748284199,0.0
MAR04664,0.8232394541548982,2.462449748284199,8.186022201023503
MAR04694,0.0,0.0,0.5430261189459209
MAR04695,0.0,0.0,0.0
MAR04705,0.0,2.462449748284199,0.0
MAR04709,0.0,0.0,-0.5430261189459209
MAR04799,0.0,0.0,0.0
MAR04802,0.0,0.0,0.0
MAR04804,0.0,0.0,0.0
MAR04808,0.0,0.0,0.0
MAR04810,0.0,0.0,0.0
MAR04812,0.0,0.0,0.0
MAR04814,0.0,0.0,0.0
MAR05301,0.0,0.0,0.0
MAR05353,-0.11021778960251517,-1.1563748475863578,0.0
MAR06601,0.0,0.0,0.0
MAR06602,0.0,0.0,0.0
MAR06603,0.0,0.0,0.0
MAR06605,0.0,0.0,0.0
MAR06606,0.0,0.0,0.0
MAR06607,0.0,0.0,0.0
MAR06609,0.0,0.0,0.0
MAR06610,0.0,0.0,0.0
MAR06611,0.0,0.0,0.0
MAR07144,0.0,0.0,0.0
MAR08755,0.0,0.0,0.0
MAR09797,0.0,0.0,0.0
MAR04016,0.0,0.0,0.0
MAR04018,0.0,0.0,0.0
MAR04044,0.0,0.0,10.34145606956459
MAR04291,0.0,0.0,0.0
MAR04420,1.9564430284942123,2.128660950682652,10.34145606956459
MAR04570,-0.10922879851483865,-0.39372207072207815,10.34145606956459
MAR04572,0.0,0.30167769847704645,10.34145606956459
MAR04006,0.0,0.0,-10.34145606956459
MAR04028,0.0,0.0,0.0
MAR04030,-0.38399302388931256,-0.15632374920686293,-0.21023203799463963
MAR04670,0.0,0.0,-0.24308861747834287
MAR04673,0.0,0.0,9.83397556882214
MAR04675,0.0,0.0,0.0
MAR06614,0.0,0.0,0.0
MAR06615,0.0,0.0,0.7977648342788548
MAR06616,0.0,0.0,0.0
MAR04635,-1.1415702164755257,-0.13806655836754855,10.34145606956459
MAR03793,0.0,0.0,0.0
MAR03931,0.27603896955012586,4.65504402693341,38.35692719842526
MAR03969,0.0,0.0,0.0
MAR03970,0.04988053767684085,1.0634970773267105,31.470653685941645
MAR04008,0.0,0.0,0.0
MAR04032,0.0,1.4907980941448113,1.9155006489551698
MAR04034,0.0,0.03583611462847088,0.0
MAR04036,0.0,0.0,0.0
MAR04050,0.0,-0.03583611462847089,0.0
MAR04056,0.0,0.0,8.67923625646932
MAR04059,0.0,0.0,0.0
MAR04060,0.0,0.0,0.0
MAR04127,0.0,0.0,0.0
MAR04177,1.000868691498424,0.0,0.0
MAR04179,0.0,0.0,0.0
MAR04182,0.0,0.0,0.0
MAR04183,0.0,0.0,0.0
MAR04192,0.0,0.0,0.0
MAR04194,1.8532399162235156,0.0,0.0
MAR04210,0.0,0.0,0.0
MAR04211,0.0,0.0,0.0
MAR04343,0.0,0.0,0.0
MAR04345,0.0,0.0,0.0
MAR04346,0.0,0.0,0.0
MAR04470,0.0,0.0,14.217243966132388
MAR04471,0.0,0.0,0.0
MAR04472,0.0,0.0,0.0
MAR04484,1.1076524767146712,0.0,0.0
MAR04485,0.0,0.0,-10.57179079015759
MAR04510,0.0,0.0,0.0
MAR04512,0.0,0.0,0.0
MAR04513,0.0,0.0,0.0
MAR04514,0.0,0.0,0.0
MAR04577,0.8618101065742789,1.5002789702140191,22.28834230970198
MAR04579,0.0,0.0,0.0
MAR04580,0.0,0.0,0.0
MAR04608,-0.04252661677008901,-0.03583611462847089,-0.09638841763171069
MAR04575,0.0,0.0,0.0
MAR04637,-2.1192972351787933,-0.13806655836754858,6.186266123462466
MAR04642,0.0,0.0,0.7998172387369826
MAR04643,0.0,0.0,0.0
MAR04644,0.0,0.000713602436506431,9.05059395600998
MAR04672,0.0,0.0,0.0
MAR04676,0.0,0.0,0.016435625924822374
MAR04736,0.0,0.0,14.21724396613239
MAR04819,0.0,0.0,0.0
MAR05299,0.0,0.0,0.0
MAR05352,0.0,0.0,0.0
MAR05415,0.0,0.0,0.0
MAR05416,0.0,0.0,0.0
MAR05417,0.0,0.0,0.0
MAR06612,1.955454037406536,0.0,-6.557623823003125
MAR06613,0.0,0.0,0.0
MAR06621,0.0,0.0,10.34145606956459
MAR06622,0.0,0.0,0.0
MAR06623,0.0,0.0,0.0
MAR06624,0.0,0.0,0.0
MAR06627,0.0,0.0,21.852034672948694
MAR07744,0.0,0.0,0.0
MAR08072,0.0,0.0,0.0
MAR08637,0.0,0.0,0.0
MAR03965,0.0,0.0,0.0
MAR03966,0.0,0.0,0.0
MAR03967,0.0,0.0,0.0
MAR03968,0.0,0.0,9.850411194746961
MAR03999,0.0,0.0,0.0
MAR04024,-0.3096908496186846,-4.516144070551247,27.659224709607276
MAR04026,-0.1855089549608193,-0.1563237492068629,-0.21023203799463963
MAR04054,1.2714956744869288,0.13735295593104216,0.0
MAR04061,0.0,0.0,0.0
MAR04083,0.0,0.0,0.0
MAR04136,0.0,0.0,0.0
MAR04180,0.0,3.649906686668786,0.0
MAR04185,0.0,0.0,0.0
MAR04186,0.0,0.0,0.0
MAR04342,0.0,0.0,0.0
MAR04344,0.0,0.000713602436506431,0.0
MAR04483,0.0,0.0,0.0
MAR04507,0.0,0.0,0.0
MAR04516,0.0,0.0,0.0
MAR04601,0.0,0.0,0.0
MAR04633,0.0,0.0,0.0
MAR04640,0.0,0.0,0.0
MAR04641,0.0,0.000713602436506431,0.0
MAR04680,0.0,0.000713602436506431,0.0
MAR04806,0.0,0.0,0.0
MAR05394,0.0,0.0,0.0
MAR06625,1.4724375511101877,0.0,0.0
MAR06626,1.4724375511101877,0.0,0.0
MAR07160,0.5461439925741932,0.4602218612251619,1.2378589984688562
MAR07161,2.299123024919076,1.937413378341131,7.9390492166856585
MAR07162,0.0,0.0,2.727987365453469
MAR07163,0.0,0.0,0.0
MAR07164,0.0,0.0,0.0
MAR07713,0.0,0.0,0.0
MAR07716,0.0,0.0,1.9834078986573371
MAR07717,0.0,0.0,10.341456069564591
MAR07721,0.0,0.0,0.0
MAR07725,0.0,0.0,0.0
MAR07728,0.0,0.0,0.0
MAR07800,0.8202724808918689,-3.6408322548551895,0.0
MAR07801,0.0,0.0,0.0
MAR07802,0.0,0.0,0.0
MAR07863,0.0,0.0,0.0
MAR07864,0.0,0.0,0.0
MAR07865,0.0,0.0,0.0
MAR07866,0.0,0.0,0.0
MAR07867,0.0,0.0,0.0
MAR07868,0.0,0.0,0.0
MAR07869,0.0,1.0634970773267105,33.45406158459898
MAR07870,0.0,0.0,0.0
MAR07871,0.04988053767684084,0.0,0.0
MAR07872,0.0,0.0,0.0
MAR07873,0.0,0.0,0.0
MAR07874,0.0,0.0,0.0
MAR07875,0.0,0.0,10.341456069564591
MAR07876,0.0,0.0,0.0
MAR07878,0.0,0.0,0.0
MAR07879,0.0,0.0,0.0
MAR07880,0.0,0.0,0.0
MAR07881,0.0,0.0,0.0
MAR07882,0.0,0.0,0.0
MAR07883,0.0,0.0,10.34145606956459
MAR07884,0.0,0.0,0.0
MAR07885,0.0,0.0,0.0
MAR07886,0.9777270187032682,0.0,10.34145606956459
MAR07887,0.0,0.0,0.0
MAR07888,0.0,0.0,0.0
MAR07889,0.0,0.0,0.0
MAR07890,0.0,0.0,0.0
MAR07891,0.0,0.0,0.0
MAR07892,0.0,0.0,0.0
MAR07893,0.0,0.0,0.0
MAR07894,0.0,0.0,0.0
MAR07895,0.0,0.0,0.0
MAR08083,0.0,0.0,0.0
MAR08085,0.0,0.0,0.0
MAR08087,0.0,0.0,0.0
MAR08443,0.0,0.0,0.0
MAR08444,0.0,0.0,0.0
MAR08445,0.0,0.0,0.0
MAR08446,0.0,0.0,0.0
MAR08448,0.0,0.0,0.0
MAR08449,0.0,0.0,0.0
MAR08450,0.0,0.0,0.0
MAR08451,0.0,0.0,0.0
MAR08452,0.05934826083799782,0.0920443722450324,0.004483182215428404
MAR08453,0.0,0.0,0.0
MAR08454,0.0,0.0,0.0
MAR08455,0.0,0.0,0.0
MAR08456,-0.05737027866264484,0.0,0.0
MAR08457,0.0,0.0,0.0
MAR08458,0.0,0.0,0.0
MAR08459,0.0,0.0,0.0
MAR08460,0.0,0.0,0.0
MAR08461,0.0,4.332055326061182,0.0
MAR08462,0.0,0.0,0.0
MAR08463,0.0,0.0,0.0
MAR08464,0.0,0.0,0.0
MAR08465,0.0,0.0,0.0
MAR08466,0.0,0.0,0.0
MAR08467,0.0,0.0,0.0
MAR08468,0.0,0.0,0.0
MAR08469,0.0,0.0,-27.6756603355321
MAR08470,0.0,0.0,0.0
MAR08471,0.0,0.0,0.0
MAR08472,0.0,0.0,0.0
MAR08473,0.0,0.0,0.0
MAR08474,0.0,0.0,0.0
MAR08477,0.0,4.4224329022769835,0.0
MAR08478,0.0,0.0,0.0
MAR08479,0.0,0.0,0.0
MAR08480,0.0,0.0,0.0
MAR08481,0.0,1.064330475341326,0.0
MAR08482,0.0,0.0,0.0
MAR08483,0.0,0.0,0.0
MAR08484,0.0,0.0,0.0
MAR08485,0.0,0.0,0.0
MAR08486,0.0,-3.24821738577907,3.6454531759748
MAR08487,0.0,0.0,0.0
MAR08488,0.0,0.0,11.219291316475568
MAR08489,0.0,0.0,11.219291316475568
MAR08493,0.0,0.0,0.0
MAR08494,0.0,0.0,0.0
MAR08495,0.0,0.0,0.0
MAR03802,0.0,0.0,-2.8474150390320196
MAR03804,0.0,0.0,10.11908661593538
MAR03811,0.0,0.0,0.0
MAR03813,0.0,0.0,0.0
MAR03822,0.0,0.0,0.0
MAR03827,0.0,0.0,-11.80343606009208
MAR03829,0.0,0.9895372204649449,0.0
MAR03831,0.0,0.0,0.0
MAR03862,0.0,0.0,0.0
MAR03865,0.0,0.0,0.0
MAR03870,0.0,0.0,0.0
MAR03873,0.0,0.6783924882100018,0.0
MAR08654,0.0,0.0,0.0
MAR03890,0.0,0.0,0.0
MAR03892,0.0,0.0,0.0
MAR09802,0.0,0.0,0.0
MAR03899,-2.667558310841873,0.0,-34.06872166612226
MAR03903,0.0,0.0,0.0
MAR04109,0.0,0.0,0.0
MAR04114,0.0,0.0,0.0
MAR04115,0.0,0.0,0.0
MAR04118,0.0,0.0,0.0
MAR04172,0.0,0.0,0.0
MAR04196,0.0,0.0,0.0
MAR04197,0.0,0.0,0.0
MAR04287,0.0,0.0,0.0
MAR04690,0.0,0.0,0.0
MAR04693,0.0,0.0,1.293131538786667
MAR06780,0.0,0.0,0.0
MAR06968,0.0,0.0,0.0
MAR06969,0.0,0.0,0.0
MAR06970,0.0,0.0,0.0
MAR06971,0.0,0.0,0.0
MAR06972,0.0,0.0,0.0
MAR07641,0.0,0.0,0.0
MAR07642,8.326341226305964,6.037031995522375,17.490666226929893
MAR08626,0.0,0.0,0.0
MAR08628,0.0,0.0,0.0
MAR03806,2.800012882962773,0.7138132763733769,8.220579140444706
MAR03807,2.6220647208087544,0.7138132763733769,8.220579140444706
MAR03809,0.0,-0.6783924882100019,0.0
MAR03816,0.0,0.0,0.0
MAR03819,-2.800012882962773,-1.4276265527467538,-8.220579140444706
MAR03820,-2.6220647208087553,0.0,-8.220579140444706
MAR03832,0.0,0.0,0.0
MAR03833,0.0,0.0,0.0
MAR03835,2.800012882962773,1.4276265527467538,8.220579140444707
MAR03837,0.0,0.0,0.0
MAR03838,2.6220647208087553,0.0,0.0
MAR03895,0.0,0.0,0.0
MAR03897,0.0,0.0,0.0
MAR03956,0.952337126455011,1.8990085442309905,2.6645663946523013
MAR03993,0.0,0.0,0.0
MAR04073,0.0,0.0,0.0
MAR04075,0.0,0.0,0.0
MAR04077,0.0,0.0,0.0
MAR04190,-18.20426380538503,-14.241762338542728,-43.08136016347766
MAR04191,0.0,0.0,0.0
MAR04212,0.0,0.0,0.0
MAR04422,0.0,0.0,0.0
MAR04423,0.0,0.0,0.0
MAR04424,0.0,0.0,0.0
MAR04583,3.984576683952319,4.072117887677673,36.900924679830574
MAR04605,0.0,0.0,0.0
MAR04606,0.0,0.0,0.0
MAR04607,0.0,0.0,0.0
MAR04776,0.0,0.0,0.0
MAR04777,0.0,0.0,0.0
MAR04778,0.0,0.0,0.0
MAR04779,0.0,0.0,0.0
MAR04780,0.0,0.0,0.0
MAR04781,0.0,0.0,0.0
MAR04784,0.0,0.0,0.0
MAR04785,0.0,0.0,0.0
MAR04786,0.0,0.0,0.0
MAR04787,0.0,0.0,0.0
MAR05384,0.0,0.0,0.0
MAR06929,0.0,0.0,0.0
MAR06930,0.0,0.0,0.0
MAR06931,0.0,0.0,0.0
MAR06932,0.0,0.0,0.0
MAR06933,0.0,0.0,0.0
MAR06934,0.0,0.0,0.0
MAR06935,0.0,0.0,0.0
MAR06936,0.0,0.0,0.0
MAR06938,0.0,0.0,0.0
MAR06939,0.0,0.0,0.0
MAR06940,0.0,0.0,0.0
MAR06941,0.0,0.0,0.0
MAR06942,0.0,0.0,0.0
MAR06943,0.0,0.0,0.0
MAR06944,0.0,0.0,0.0
MAR06945,0.0,0.0,0.0
MAR06946,0.0,0.0,0.0
MAR06947,0.0,0.0,0.0
MAR06948,0.0,0.0,0.0
MAR06949,0.0,0.0,0.0
MAR06950,0.0,0.0,0.0
MAR06951,0.0,0.0,0.0
MAR06952,0.0,0.0,0.0
MAR06953,0.0,0.0,0.0
MAR06954,0.0,0.0,0.0
MAR06955,0.0,0.0,0.0
MAR06956,0.0,0.0,0.0
MAR06957,0.0,0.0,0.0
MAR06958,0.0,0.0,0.0
MAR06959,0.0,0.0,0.0
MAR06960,0.0,0.0,0.0
MAR06961,0.0,0.0,0.0
MAR06962,0.0,0.0,0.0
MAR06963,0.0,0.0,0.0
MAR06964,0.0,0.0,0.0
MAR06965,0.0,0.0,0.0
MAR06966,0.0,0.0,0.0
MAR06967,0.0,0.0,0.0
MAR06973,0.0,0.0,0.0
MAR08096,0.0,0.0,0.0
MAR08097,0.0,0.0,0.0
MAR08098,0.0,0.0,0.0
MAR08416,0.0,0.0,0.0
MAR08425,0.0,0.0,0.0
MAR08426,0.60104900036864,0.04054299682702639,5.10570755244066
MAR08427,0.0,0.0,0.0
MAR08431,0.0,0.0,0.0
MAR08432,0.0,0.0,0.0
MAR08603,0.0,0.0,0.0
MAR08604,0.0,0.0,0.0
MAR08605,0.0,0.0,0.0
MAR08606,0.0,0.0,0.0
MAR08607,0.0,0.0,0.0
MAR08608,0.0,0.0,0.0
MAR08609,0.0,0.0,8.220579140444706
MAR08610,0.0,0.0,0.0
MAR08611,0.0,0.0,0.0
MAR04285,0.0,0.0,0.0
MAR00457,0.0,0.0,0.0
MAR00460,0.0,0.0,0.0
MAR03750,0.0,0.0,0.0
MAR03752,0.0,0.0,0.0
MAR03770,2.6229115508197127,0.0007136024365064309,0.0019193768740303615
MAR03771,0.0,0.0,0.0
MAR03772,0.0,0.0,0.0
MAR03782,0.0,0.0,4.485509476591648
MAR03784,0.0,0.0,-4.485509476591649
MAR03794,0.0,0.0,0.0
MAR03839,0.0,0.0,0.0
MAR03841,0.0,0.0,0.0
MAR03843,0.0,0.0,0.0
MAR03845,0.0,0.0,0.0
MAR03847,0.0,0.0,0.0
MAR03849,0.0,0.0,0.0
MAR03852,0.0,0.0,0.0
MAR03856,0.0,0.0,0.0
MAR03860,0.0,0.0,0.0
MAR03883,0.0,0.0,0.0
MAR03901,0.0,0.0,0.0
MAR03939,0.0,0.0,0.0
MAR03974,0.0,1.161574663186779,0.0
MAR04198,0.0,0.0,193.16554025637382
MAR04199,-3.990879897817305,-11.90816445545511,-223.01772694110193
MAR04200,0.0,0.0,3.6189422092871486
MAR04284,0.0,0.0,0.0
MAR04348,0.0,0.0,0.0
MAR04466,0.0,0.0,0.0
MAR04467,0.0,0.0,0.0
MAR04582,0.0,0.0,0.0
MAR04584,-3.984576683952319,-4.072117887677673,-36.900924679830574
MAR04696,0.0,0.0,0.0
MAR04697,0.0,0.0,0.0
MAR04698,0.0,0.0,0.0
MAR04699,0.0,0.0,0.0
MAR04700,0.0,0.0,2.648195280388703
MAR04742,0.0,2.577401032440992,0.0
MAR04788,0.0,0.0,0.0
MAR04789,0.0,0.0,0.0
MAR04791,0.0,0.0,0.0
MAR04792,0.0,0.0,0.0
MAR04937,0.0,0.0,0.0
MAR05392,0.0,0.0,0.0
MAR05393,0.0,0.0,0.0
MAR06409,0.0,0.0,0.0
MAR07702,0.0,0.0,0.0
MAR07703,0.0,0.0,0.0
MAR08433,0.0,0.0,0.0
MAR08434,0.0,0.0,0.0
MAR08435,0.0,0.0,0.0
MAR08436,0.0,0.0,0.0
MAR08437,0.0,0.0,0.0
MAR08439,0.0,0.0,0.0
MAR08440,0.0,0.0,0.0
MAR08441,0.0,0.0,0.0
MAR08442,0.0,0.0,0.0
MAR09718,0.0,0.0,0.0
MAR09486,0.0,0.0,0.0
MAR04426,0.0,0.0,0.0
MAR04428,0.0,0.0,0.0
MAR04429,0.0,0.0,0.0
MAR04430,0.0,0.0,0.0
MAR04431,0.0,0.0,0.0
MAR04437,0.0,0.0,0.0
MAR04658,0.0,0.0,0.0
MAR04660,0.0,0.0,0.0
MAR04712,0.0,0.0,0.0
MAR05336,0.0,0.0,0.0
MAR05337,0.0,0.0,0.0
MAR05338,0.0,0.0,0.0
MAR05339,0.0,0.0,0.0
MAR05340,0.0,0.0,0.0
MAR08783,0.0,0.0,0.0
MAR08784,0.0,0.0,0.0
MAR08786,0.0,0.0,0.0
MAR04239,0.0,0.0,0.0
MAR04241,0.0,0.0,0.0
MAR04288,0.0,0.0,0.24011625712570472
MAR04596,0.0,0.0,0.0
MAR04597,0.0,0.0,0.0
MAR04599,0.0,0.0,0.0
MAR04667,0.0,0.0,0.0
MAR04668,0.0,0.0,0.0
MAR04737,0.0,0.0,0.0
MAR04739,0.0,0.0,0.0
MAR04740,0.0,0.0,0.0
MAR06415,0.0,0.0,0.0
MAR06974,0.0,0.0,0.0
MAR06975,0.0,0.0,0.0
MAR06976,0.0,0.0,0.0
MAR06977,0.0,0.0,0.0
MAR06978,0.0,0.0,0.0
MAR06979,0.0,0.0,0.0
MAR06980,0.0,0.0,0.0
MAR06981,0.0,0.0,0.0
MAR06982,0.0,0.0,0.0
MAR06983,0.0,0.0,0.0
MAR06984,0.0,0.0,0.0
MAR06985,0.0,0.0,0.0
MAR08017,0.0,0.0,0.0
MAR08018,0.0,0.0,0.0
MAR08019,0.0,0.0,0.0
MAR08021,0.0,0.0,0.0
MAR08025,0.0,0.0,0.0
MAR08026,0.0,0.0,0.0
MAR08027,0.0,0.0,0.0
MAR08029,0.0,0.0,0.0
MAR03164,0.0,0.0,0.0
MAR03166,0.0,0.0,0.0
MAR03885,-0.36444317649712216,0.3241669058321937,-4.634996623196676
MAR04250,0.0,0.0,0.0
MAR08091,0.0,0.0,0.0
MAR08092,0.0,0.0,0.0
MAR08563,0.0,0.0,0.0
MAR08564,0.0,0.0,4.322389092304612
MAR08565,0.0,0.0,4.322389092304612
MAR08566,0.0,0.0,0.0
MAR03935,0.0,0.0,0.0
MAR04681,0.0,0.0,0.0
MAR04682,0.0,0.0,0.0
MAR04683,0.0,0.0,0.0
MAR04685,0.0,0.0,0.0
MAR04686,0.0,0.0,0.0
MAR04687,0.0,0.0,0.0
MAR04702,0.0,0.0,0.0
MAR04703,0.0,0.0,0.0
MAR04704,0.0,0.0,0.0
MAR06988,0.0,0.0,84.3698019076239
MAR07689,0.0,0.0,0.0
MAR07701,0.0,0.0,0.0
MAR08094,0.0,0.0,0.0
MAR08529,0.0,0.0,0.0
MAR08530,0.0,0.0,0.0
MAR08533,0.0,0.7743372893956012,0.0
MAR08534,0.0,0.0,0.0
MAR08535,0.0,0.0,0.0
MAR08537,0.0,0.0,0.0
MAR08541,0.0,0.0,0.0
MAR08542,0.0,0.4783262464568636,0.0
MAR08543,0.0,0.0,58.61496132912878
MAR08544,0.0,0.0,25.754840578495095
MAR08630,0.0,0.0,0.0
MAR08540,0.0,1.5486745787912024,0.0
MAR09733,0.0,0.0,0.0
MAR09734,0.0,0.0,0.0
MAR03206,0.0,0.0,0.0
MAR03208,0.0,0.0,0.0
MAR03211,0.0,0.0,0.0
MAR03213,0.3331970483914674,0.0,1.7613019043411515
MAR03215,0.3331970483914674,0.0,2.4935967639242094
MAR03747,0.0,0.0,0.0
MAR03744,0.0,0.0,0.0
MAR03757,0.0,0.0,0.0
MAR03761,0.0,0.0,0.0
MAR03777,0.0,0.0,0.0
MAR03778,0.0,0.0,0.0
MAR03795,0.0,0.0,0.0
MAR04797,0.0,0.0,0.0
MAR06417,0.0,0.0,0.0
MAR06419,0.0,0.0,0.0
MAR06420,0.0,0.0,0.0
MAR06421,0.0,0.0,0.0
MAR06422,0.0,0.0,0.0
MAR06923,0.0,0.0,0.0
MAR03765,0.0,0.0,0.0
MAR06924,0.0,0.0,0.0
MAR06925,0.0,0.0,0.0
MAR06926,0.0,0.0,0.0
MAR06927,0.0,0.0,0.0
MAR08088,0.0,0.0,0.0
MAR08787,0.0,0.0,0.0
MAR03743,0.0,0.0,0.0
MAR03940,0.0,0.0,0.0
MAR04214,0.0,0.0,0.0
MAR04216,0.0,0.0,0.0
MAR04218,0.0,0.0,0.0
MAR04219,0.0,0.0,0.0
MAR04220,0.0,0.0,0.0
MAR04222,0.0,0.0,0.0
MAR04224,0.0,0.0,0.0
MAR04225,0.0,0.0,0.0
MAR04227,0.0,0.0,0.0
MAR04231,0.0,0.0,0.0
MAR04232,0.0,0.0,0.0
MAR04233,0.0,0.0,0.0
MAR04235,0.0,0.0,0.0
MAR04242,0.0,0.0,0.0
MAR04243,0.0,0.0,0.0
MAR04244,0.0,0.0,0.0
MAR04245,0.0,0.0,0.0
MAR04246,0.0,0.0,0.0
MAR04248,0.0,0.0,0.0
MAR06707,0.0,0.0,0.0
MAR06708,0.0,0.0,0.0
MAR06709,0.0,0.0,0.0
MAR06710,0.0,0.0,0.0
MAR06711,0.0,0.0,0.0
MAR06712,0.0,0.0,0.0
MAR06713,0.0,0.0,0.0
MAR06714,0.0,0.0,0.0
MAR06715,0.0,0.0,0.0
MAR06716,0.0,0.0,0.0
MAR06717,0.0,0.0,0.0
MAR06718,0.0,0.0,0.0
MAR06719,0.0,0.0,0.0
MAR06720,0.0,0.0,0.0
MAR06721,0.0,0.0,0.0
MAR06722,0.0,0.0,0.0
MAR06723,0.0,0.0,0.0
MAR06725,0.0,0.0,0.0
MAR06726,0.0,0.0,0.0
MAR06727,0.0,0.0,0.0
MAR06728,0.0,0.0,0.0
MAR06729,0.0,0.0,0.0
MAR06730,0.0,0.0,0.0
MAR06731,0.0,0.0,0.0
MAR06734,0.0,0.0,0.0
MAR06735,0.0,0.0,0.0
MAR06736,0.0,0.0,0.0
MAR06737,0.0,0.0,0.0
MAR06738,0.0,0.0,-62.325089849574354
MAR06739,0.0,0.0,0.0
MAR06740,0.0,0.0,62.32508984957435
MAR06741,0.0,0.0,0.0
MAR06742,0.0,0.0,0.0
MAR06743,0.0,0.0,13.35543924004867
MAR06744,0.0,0.0,0.0
MAR06745,0.0,0.0,0.0
MAR06746,0.0,0.0,13.968057288285742
MAR06747,0.0,0.0,0.0
MAR06748,0.0,0.0,0.0
MAR06749,0.0,0.0,0.0
MAR06750,0.0,0.0,0.0
MAR06751,0.0,0.0,0.0
MAR06752,0.0,0.0,0.0
MAR06753,0.0,0.0,0.0
MAR06754,0.0,0.0,0.0
MAR06755,0.0,0.0,0.0
MAR06756,0.0,0.0,0.0
MAR06757,0.0,0.0,0.0
MAR06758,0.0,0.0,0.0
MAR06759,0.0,0.0,0.0
MAR06760,0.0,0.0,0.0
MAR06761,0.0,0.0,0.0
MAR06762,0.0,0.0,0.0
MAR06763,0.0,0.0,0.0
MAR06764,0.0,0.0,0.0
MAR06765,0.0,0.0,24.263252700052924
MAR06766,0.0,0.0,0.0
MAR06767,0.0,0.0,0.0
MAR06768,0.0,0.0,0.0
MAR06770,0.0,0.0,0.0
MAR06771,0.0,0.0,0.0
MAR06772,0.0,0.0,0.0
MAR06774,0.0,0.0,0.0
MAR06776,0.0,0.0,0.0
MAR06778,0.0,0.0,0.0
MAR06782,0.0,0.0,0.0
MAR06783,0.0,0.0,13.207242487784036
MAR06784,0.0,0.0,0.0
MAR06785,0.0,0.0,0.0
MAR06786,0.0,0.0,0.0
MAR06787,0.0,0.0,0.0
MAR06788,0.0,0.0,0.0
MAR06789,0.0,0.0,0.0
MAR06790,0.0,0.0,0.0
MAR06791,0.0,0.0,0.0
MAR06792,0.0,0.0,0.0
MAR06798,0.0,0.0,0.0
MAR06799,0.0,0.0,0.0
MAR06800,0.0,0.0,0.0
MAR06801,0.0,0.0,0.0
MAR06802,0.0,0.0,0.0
MAR06803,0.0,0.0,0.0
MAR06806,0.0,0.0,0.0
MAR06807,0.0,-12.803962063472822,0.0
MAR06808,0.0,1.5486745787912022,0.0
MAR06811,0.0,0.0,0.0
MAR06813,0.0,1.5486745787912022,0.0
MAR06814,0.0,0.0,0.0
MAR06815,0.0,0.0,0.0
MAR06817,0.0,0.0,0.0
MAR06818,0.0,0.0,0.0
MAR06819,0.0,0.0,0.0
MAR06820,0.0,0.0,0.0
MAR06822,0.0,0.0,0.0
MAR06823,0.0,0.0,0.0
MAR06824,0.0,0.0,0.0
MAR06826,0.0,0.0,0.0
MAR06827,0.0,0.0,0.0
MAR06828,0.0,0.0,0.0
MAR06829,0.0,0.0,0.0
MAR06830,0.0,0.0,0.0
MAR06831,0.0,0.0,0.0
MAR06834,0.0,0.0,0.0
MAR06835,0.0,0.0,0.0
MAR06836,0.0,0.0,0.0
MAR06837,0.0,0.0,0.0
MAR06838,0.0,0.0,0.0
MAR06839,0.0,0.0,0.0
MAR06840,0.0,0.0,0.0
MAR06841,0.0,0.0,0.0
MAR06842,0.0,0.0,0.0
MAR06843,0.0,0.0,0.0
MAR06844,0.0,0.0,0.0
MAR06845,0.0,0.0,0.0
MAR06848,0.0,0.0,0.0
MAR06849,0.0,0.0,0.0
MAR06850,0.5038212648844065,0.0,0.0
MAR06851,0.5038212648844066,0.0,0.0
MAR06854,0.0,0.0,0.0
MAR06855,0.0,0.0,0.0
MAR06874,0.0,0.5920220858774751,0.0
MAR06875,0.0,-1.5486745787912022,0.0
MAR06876,0.0,0.0,0.0
MAR06877,0.0,0.0,0.0
MAR06878,0.0,0.0,0.0
MAR06879,0.0,0.0,0.0
MAR06880,0.0,0.0,0.0
MAR06881,0.0,0.0,0.0
MAR06882,0.0,0.0,0.0
MAR06883,0.0,0.0,0.0
MAR06885,0.0,0.0,0.0
MAR06886,0.0,0.0,0.0
MAR06888,0.0,1.5486745787912026,0.0
MAR06889,0.0,0.0,0.0
MAR07628,0.0,0.0,0.0
MAR07756,0.0,0.0,0.0
MAR08539,0.0,0.0,0.0
MAR08794,0.0,0.0,0.0
MAR08795,0.0,0.0,0.0
MAR08796,0.0,0.0,0.0
MAR03875,0.0,0.0,0.0
MAR03877,0.0,0.0,0.0
MAR03879,0.0,0.0,0.0
MAR03881,0.0,0.0,0.0
MAR03912,0.0,0.0,0.0
MAR03917,0.0,0.0,0.0
MAR03919,0.0,0.0,0.0
MAR03920,0.0,0.0,0.0
MAR03922,0.0,0.0,0.0
MAR03928,0.0,0.0,0.0
MAR03995,0.0,0.0,0.0
MAR03996,0.0,0.0,0.0
MAR04072,0.0,0.0,0.0
MAR04189,0.0,0.0,0.0
MAR04302,0.0,0.0,0.0
MAR04323,4.523951448130582,0.0,0.0
MAR05381,0.0,0.0,0.0
MAR05385,0.0,0.0,0.0
MAR05386,0.0,0.0,0.0
MAR05387,0.0,0.0,0.0
MAR05388,0.0,0.0,0.0
MAR05389,0.0,0.0,0.0
MAR05390,0.0,0.0,0.0
MAR05391,0.0,0.0,0.0
MAR05418,0.0,0.0,0.0
MAR05419,0.0,0.0,0.0
MAR06515,0.0,0.0,0.0
MAR06518,0.0,0.0,0.0
MAR06519,0.0,0.0,0.0
MAR06520,0.0,0.0,2.1210716943943626
MAR06523,0.0,0.0,0.0
MAR08062,0.0,0.0,32.92642287385155
MAR08066,0.0,0.0,-32.92642287385155
MAR08067,0.0,0.0,0.0
MAR08068,0.0,0.0,-32.92642287385155
MAR08069,0.0,0.0,0.0
MAR08641,0.0,0.0,0.0
MAR08682,0.0009889910876764885,0.000833398014615602,0.0022415911077142015
MAR08683,0.0,0.0,0.0
MAR08684,0.0,0.0,0.0
MAR08685,0.0,0.0,0.0
MAR03868,0.0,0.0,0.0
MAR03869,0.0,0.0,0.0
MAR03889,0.0,0.0,0.0
MAR03933,0.0,0.0,0.0
MAR03937,0.0,0.0,0.0
MAR04116,0.0,0.0,0.0
MAR04120,0.0,0.0,0.0
MAR04121,0.0,0.0,0.0
MAR04175,0.0,0.0,0.0
MAR04176,0.0,0.0,0.0
MAR04324,4.26166165446273,0.0,0.0
MAR04326,4.26166165446273,0.0,0.0
MAR04328,0.0,0.0,0.0
MAR04329,0.0,0.0,0.0
MAR04708,0.0,0.0,0.0
MAR08769,0.0,0.0,0.0
MAR08770,0.0,0.0,0.0
MAR08771,0.0,0.0,0.0
MAR04078,0.0,0.0,0.0
MAR04079,0.0,0.0,0.0
MAR04174,0.0,0.0,0.0
MAR04330,0.0,0.0,0.0
MAR04347,0.0,0.0,0.0
MAR04425,0.0,0.0,0.0
MAR04427,0.0,0.0,0.0
MAR04688,0.0,0.0,0.0
MAR04689,0.0,0.0,0.0
MAR04735,0.0,0.0,0.0
MAR07991,0.0,0.0,0.0
MAR07992,0.0,0.0,0.0
MAR07993,0.0,0.0,0.0
MAR07128,0.0,0.0,0.0
MAR07129,0.0,0.0,0.0
MAR07130,0.0,0.0,0.0
MAR07131,0.0,0.0,0.0
MAR07132,0.0,0.0,0.0
MAR07133,0.0,0.0,0.0
MAR07134,0.0,0.0,0.0
MAR07135,0.0,0.0,0.0
MAR07136,0.0,0.0,0.0
MAR07137,0.0,0.0,0.0
MAR07138,0.0,0.0,0.0
MAR07139,0.0,0.0,0.0
MAR07140,0.0,0.0,0.0
MAR07141,0.0,0.0,0.0
MAR07620,0.0,0.0,0.0
MAR07647,0.0,0.0,0.0
MAR08640,0.0,0.0,0.0
MAR08689,0.0,0.0,0.0
MAR08690,0.0,0.0,0.0
MAR03748,0.0,0.0,0.0
MAR03751,0.0,0.0,0.0
MAR03753,0.0,0.0,0.0
MAR03755,0.0,0.0,0.0
MAR03759,0.0,0.0,0.0
MAR03763,0.0,0.0,0.7322948595830582
MAR03767,0.0,0.0,0.0
MAR03769,-2.6229115508197127,-0.000713602436506431,-0.0019193768740303613
MAR03773,0.0,0.0,0.0
MAR03775,0.0,0.0,0.0
MAR03780,0.0,0.0,0.0
MAR03783,0.0,0.0,0.0
MAR03785,0.0,0.0,0.0
MAR03790,0.0,0.0,0.0
MAR03792,0.0,0.0,0.0
MAR03796,0.0,0.0,0.0
MAR03823,0.0,0.0,0.0
MAR06416,0.0,0.0,0.0
MAR03986,0.0,0.0,0.0
MAR03988,0.0,0.0,0.0
MAR04124,0.0,0.0,0.0
MAR04158,0.5142753655917739,0.433366967600113,1.1656273760113847
MAR04159,0.0,0.0,0.0
MAR04299,0.0,0.0,0.0
MAR04300,0.0,0.0,1.1656273760113853
MAR04494,0.0,0.0,0.0
MAR04524,0.5142753655917739,0.433366967600113,0.0
MAR04525,0.0,0.0,0.0
MAR04526,0.0,0.0,0.0
MAR04527,0.5122333917549972,0.37351586658324126,-0.7151022111541713
MAR04528,0.0,0.0,0.0
MAR04529,0.0,0.0,0.0
MAR04530,0.0,0.0,0.0
MAR04531,0.0,0.0,0.0
MAR04532,0.0,0.0,0.0
MAR04533,0.0,0.0,0.0
MAR04534,0.0,0.0,0.0
MAR04536,0.0,0.0,0.0
MAR04628,0.0,0.0,3.3942770190387686
MAR04629,0.0,0.0,2.2286496430273837
MAR04631,0.5142753655917739,0.433366967600113,1.1656273760113849
MAR07696,0.0,0.0,0.0
MAR07697,0.0,0.0,0.0
MAR07698,0.0,0.0,0.0
MAR08366,0.0,0.0,0.0
MAR08367,0.0,0.0,0.0
MAR08368,0.0,0.0,0.0
MAR08371,0.0,0.0,0.0
MAR08372,0.0,0.0,0.0
MAR08373,-0.5122333917549973,-0.37351586658324126,0.7151022111541713
MAR08375,0.0,0.0,0.0
MAR08376,0.0,0.0,0.0
MAR08377,0.0,0.0,0.0
MAR08672,0.0,0.0,0.0
MAR08674,0.0,0.0,0.0
MAR08675,0.0,0.0,0.0
MAR05130,3.067892286376392,2.5852359767239466,6.953510657737952
MAR05131,8.745130681094269,7.369302552867905,19.82121721298256
MAR05132,5.589896265568373,4.710465551895591,12.669741839010078
MAR05133,4.094162303883085,3.450048011642277,9.279596073493709
MAR05134,6.070277975890654,5.1152711852616175,13.758547778300006
MAR05135,1.9979512042949457,1.6836234296814312,4.52844288386493
MAR05136,4.672803909498561,3.9376547972877187,10.591112318547484
MAR05137,8.548610890507883,7.203700248309075,19.375796601454866
MAR05138,7.871709389599211,6.633292310384219,17.841570050637234
MAR05139,2.489250680760916,2.0976291910785045,5.641994412684175
MAR05140,4.825652635510196,4.066456589722365,10.937550571957917
MAR05141,9.946084956899975,8.381316636282973,22.543232061207384
MAR05142,7.8498738573118345,6.614892054322127,17.792078871578603
MAR05143,2.4237440838987867,2.0424284228922285,5.493520875508275
MAR05144,0.0,0.0,0.0
MAR05145,4.017737940877268,3.385647115424955,9.106376946788492
MAR05146,5.568060733280995,4.692065295833496,12.62025065995144
MAR05147,7.21664342097792,6.0812846285214555,16.356834678878247
MAR05148,5.841004886873202,4.92206849660965,13.238890398184358
MAR05149,1.0699410820814463,0.9016125470425151,2.4250677738730224
MAR05150,7.282150017840047,6.13648539670773,16.505308216054143
MAR07171,0.0,0.0,0.0
MAR07172,0.0,0.0,0.0
MAR07174,0.0,0.0,0.0
MAR07175,0.0,0.0,0.0
MAR07180,0.0,0.0,0.0
MAR07181,0.0,0.0,0.0
MAR07183,0.0,0.0,0.0
MAR07197,0.0,0.0,0.0
MAR07436,0.0,0.0,0.0
MAR07438,0.0,0.0,0.0
MAR07440,0.0,0.0,0.0
MAR08254,0.0,0.0,0.0
MAR08255,0.0,0.0,0.0
MAR08256,0.0,0.0,0.0
MAR08257,0.0,0.0,0.0
MAR08258,0.0,0.0,0.0
MAR08260,0.0,0.0,0.0
MAR08261,0.0,0.0,0.0
MAR01532,0.0,0.0,0.0
MAR07254,0.0,0.0,0.0
MAR07256,0.0,0.0,0.0
MAR07258,0.0,0.0,0.0
MAR07259,0.0,0.0,0.0
MAR07260,0.0,0.0,0.0
MAR07261,0.0,0.0,0.0
MAR07263,0.0,0.0,0.0
MAR07264,0.0,0.0,0.0
MAR07265,0.0,0.0,0.0
MAR07266,0.0,0.0,0.0
MAR07267,0.0,0.0,0.0
MAR07268,0.0,0.0,0.0
MAR07269,0.0,0.0,0.0
MAR07270,0.0,0.0,0.0
MAR07271,0.0,0.0,0.0
MAR07274,0.0,0.0,0.0
MAR07275,0.0,0.0,0.0
MAR07276,0.0,0.0,0.0
MAR07277,0.0,0.0,0.0
MAR07278,0.0,0.0,0.0
MAR07279,0.0,0.0,0.0
MAR07280,0.0,0.0,0.0
MAR07281,0.0,0.0,0.0
MAR07285,0.0,0.0,0.0
MAR07286,0.0,0.0,0.0
MAR07287,0.0,0.0,0.0
MAR07288,0.0,0.0,0.0
MAR07289,0.0,0.0,0.0
MAR07290,0.0,0.0,0.0
MAR07291,0.0,0.0,0.0
MAR07292,0.0,0.0,0.0
MAR07293,0.0,0.0,0.0
MAR07294,0.0,0.0,0.0
MAR07295,0.0,0.0,0.0
MAR07296,0.0,0.0,0.0
MAR07297,0.0,0.0,0.0
MAR07298,0.0,0.0,0.0
MAR07299,0.0,0.0,0.0
MAR07300,0.0,0.0,0.0
MAR07301,0.0,0.0,0.0
MAR07302,0.0,0.0,0.0
MAR07303,0.0,0.0,0.0
MAR07304,0.0,0.0,0.0
MAR07305,0.0,0.0,0.0
MAR07306,0.0,0.0,0.0
MAR07308,0.0,0.0,0.0
MAR07309,0.0,0.0,0.0
MAR07310,0.0,0.0,0.0
MAR07311,0.0,0.0,0.0
MAR07312,0.0,0.0,0.0
MAR07313,0.0,0.0,0.0
MAR07314,0.0,0.0,0.0
MAR07315,0.0,0.0,0.0
MAR07316,0.0,0.0,0.0
MAR07317,0.0,0.0,0.0
MAR07318,0.0,0.0,0.0
MAR07319,0.0,0.0,0.0
MAR07320,0.0,0.0,0.0
MAR07321,0.0,0.0,0.0
MAR07322,0.0,0.0,0.0
MAR07323,0.0,0.0,0.0
MAR07324,0.0,0.0,0.0
MAR07325,0.0,0.0,0.0
MAR07326,0.0,0.0,0.0
MAR07327,0.0,0.0,0.0
MAR07328,0.0,0.0,0.0
MAR07329,0.0,0.0,0.0
MAR07332,0.0,0.0,0.0
MAR07333,0.0,0.0,0.0
MAR07334,0.0,0.0,0.0
MAR07428,0.0005104934591941874,0.014962775254217978,0.0
MAR07429,0.0005104934591941874,0.014962775254217978,0.0
MAR07574,0.0,0.0,0.0
MAR07575,0.0005104934591941873,0.014962775254217978,0.0
MAR07576,0.0005104934591941873,0.014962775254217976,0.0
MAR07577,0.0005104934591941873,0.014962775254217976,0.0
MAR07578,0.0005104934591941873,0.014962775254217976,0.0
MAR07580,0.0,0.0,0.0
MAR07582,0.0,0.0,0.0
MAR07585,0.0,0.0,0.0
MAR07586,0.0,0.0,0.0
MAR07587,0.0,0.0,0.0
MAR08691,0.0,0.0,0.0
MAR08692,0.0,0.0,0.0
MAR08693,0.0,0.0,0.0
MAR08694,0.0,0.0,0.0
MAR08695,0.0,0.0,0.0
MAR05151,0.0,0.0,0.0
MAR05152,0.0,0.0,0.0
MAR05153,0.0,0.0,0.0
MAR05154,0.0,0.0,0.0
MAR05155,0.0,0.0,0.0
MAR05156,0.0,0.0,0.0
MAR05157,0.0,0.0,0.0
MAR05158,0.0,0.0,0.0
MAR05159,0.0,0.0,0.0
MAR05160,0.0,0.0,0.0
MAR05161,0.0,0.0,0.0
MAR05162,0.0,0.0,0.0
MAR05163,0.0,0.0,0.0
MAR05164,0.0,0.0,0.0
MAR05165,0.0,0.0,0.0
MAR05166,0.0,0.0,0.0
MAR05167,0.0,0.0,0.0
MAR05168,0.0,0.0,0.0
MAR05169,0.0,0.0,0.0
MAR05170,0.0,0.0,0.0
MAR05171,0.0,0.0,0.0
MAR05172,0.0,0.0,0.0
MAR05173,0.0,0.0,0.0
MAR05174,0.0,0.0,0.0
MAR07282,0.0,0.0,0.0
MAR07616,0.0,0.0,0.0
MAR07619,0.0,0.0,0.0
MAR09735,0.0,0.0,0.0
MAR07621,0.0,0.0,0.0
MAR07622,0.0,0.0,0.0
MAR07624,0.0,0.0,0.0
MAR07626,0.0,0.0,0.0
MAR05258,0.0,0.0,0.0
MAR05259,0.0,0.0,0.0
MAR05260,0.0,0.0,0.0
MAR05261,0.0,0.0,0.0
MAR05262,0.0,0.0,0.0
MAR05263,0.0,0.0,0.0
MAR05264,0.0,0.0,0.0
MAR05265,0.0,0.0,0.0
MAR05266,0.0,0.0,0.0
MAR05267,0.0,0.0,0.0
MAR05268,0.0,0.0,0.0
MAR05269,0.0,0.0,0.0
MAR05270,0.0,0.0,0.0
MAR05271,0.0,0.0,0.0
MAR05272,0.0,0.0,0.0
MAR05273,0.0,0.0,0.0
MAR05274,0.0,0.0,0.0
MAR05275,0.0,0.0,0.0
MAR05276,0.0,0.0,0.0
MAR05277,0.0,0.0,0.0
MAR05278,0.0,0.0,0.0
MAR05279,0.0,0.0,0.0
MAR05280,0.0,0.0,0.0
MAR05281,0.0,0.0,0.0
MAR05282,0.0,0.0,0.0
MAR05283,0.0,0.0,0.0
MAR05284,0.0,0.0,0.0
MAR05285,0.0,0.0,0.0
MAR05286,0.0,0.0,0.0
MAR05287,0.0,0.0,0.0
MAR05288,0.0,0.0,0.0
MAR05289,0.0,0.0,0.0
MAR05290,0.0,0.0,0.0
MAR05291,0.0,0.0,0.0
MAR09817,0.0,0.0,0.0
MAR09818,0.0,0.0,0.0
MAR05407,0.0,0.0,0.0
MAR03851,0.0,0.0,0.0
MAR03861,0.0,0.0,0.0
MAR03866,0.0,0.0,0.0
MAR03915,0.0,0.0,0.0
MAR04084,0.0,0.0,0.0
MAR04187,0.0,0.0,0.0
MAR04188,0.0,0.0,0.0
MAR04701,0.0,0.0,2.6481952803887028
MAR04840,0.0,0.0,0.0
MAR04842,0.0,0.0,0.0
MAR08662,0.0,0.0,0.0
MAR08663,0.0,0.0,0.0
MAR08664,0.0,0.0,0.0
MAR08665,0.0,0.0,0.0
MAR08666,0.0,0.0,0.0
MAR08667,0.0,0.0,0.0
MAR08668,0.0,0.0,0.0
MAR08669,0.0,0.0,0.0
MAR00710,0.0,1.7416868055106394,0.0
MAR03787,0.0,0.3241669058321937,0.0
MAR03957,0.0,0.0,0.0
MAR03958,0.0,0.0,0.0
MAR04111,0.0,0.0,0.0
MAR04112,0.0,0.0,0.0
MAR04113,0.0,0.0,0.0
MAR04139,0.0,0.0,0.0
MAR04141,0.4268663234448249,1.4080492234733397,0.0
MAR04145,-0.525470803010186,-0.2989905045927403,11.803436060092087
MAR04147,0.0,0.0,0.0
MAR04149,0.0,0.0,0.0
MAR04152,0.3331970483914674,-2.901567938273186,2.49359676392421
MAR04209,0.0,0.0,0.0
MAR04408,-2.9008866127894883,-3.8352814338930177,0.0
MAR04410,2.554128567446459,1.2345452570427875,2.1210716943943626
MAR04454,0.0,0.0,0.0
MAR04456,0.0,0.0,0.0
MAR04458,0.0,0.0,0.0
MAR04465,0.0,0.0,0.0
MAR04585,0.0,0.0,0.0
MAR04586,0.0,0.0,0.0
MAR04587,0.0,0.0,0.0
MAR04588,0.0,0.0,0.0
MAR04589,0.0,0.0,0.0
MAR04652,0.0,0.0,0.0
MAR05294,0.0,0.0,0.0
MAR05297,0.0,0.0,0.0
MAR06411,0.0,0.0,0.0
MAR06413,0.0,0.0,0.0
MAR06414,0.0,0.0,0.0
MAR07704,0.0,0.0,0.0
MAR07706,0.0,0.0,0.0
MAR08743,-0.33319704839146747,2.5774010324409926,-2.493596763924209
MAR08772,0.006335270313860644,0.0,0.0
MAR08773,0.006335270313860643,0.0,0.0
MAR08774,0.0,0.0,0.0
MAR08775,0.006335270313860644,0.0,0.0
MAR08777,0.0,0.0,0.0
MAR08778,0.0,0.0,0.0
MAR08779,0.0,0.0,0.0
MAR08780,0.0,0.0,0.0
MAR08781,0.0,0.0,0.0
MAR08782,0.0,0.0,0.0
MAR03975,0.0,0.07458524372224884,0.0
MAR03977,4.171386548690913,11.60465129835456,0.0
MAR03979,0.0,0.0,0.0
MAR06911,0.0,0.0,0.0
MAR06912,0.0,0.0,0.0
MAR06914,0.0,0.0,0.0
MAR06916,0.0,1.1672777525375888,3.3604348898682006
MAR06918,0.0,0.0,0.0
MAR06921,0.0,0.0,0.0
MAR03960,0.0,0.0,0.0
MAR03980,8.061186323944797,12.803962063472822,16.854728831888774
MAR03982,0.008767586837555914,0.040068237823902605,0.06879451723800421
MAR04767,0.00021109385780395778,0.00017788350591174798,0.0004784533657003217
MAR06608,0.0,0.0,0.0
MAR08409,16.02559838537558,11.685142994145014,2.2831570438821394
MAR08410,0.01160981817814957,0.012133740063422799,0.1164814522729035
MAR08413,0.046115706562148445,0.0,0.0
MAR08415,0.0,0.0,0.0
MAR00156,0.0,0.0,0.0
MAR00165,0.0,0.0,0.0
MAR00168,1.4502281772332404,0.817695924254405,19.66836087902625
MAR00171,0.003040343144483143,0.0,0.0
MAR00174,0.0,0.0,0.0
MAR00177,0.0,0.0,0.0
MAR00180,0.0,0.0,0.0
MAR00184,0.0,0.0,0.0
MAR00188,0.000764105419657748,0.0,0.0
MAR00192,0.0,0.006632588099125981,0.005612824663751762
MAR00196,0.02539042666947227,0.23620323231807258,0.1922392447334978
MAR00200,-0.0007641054196577478,-0.006632588099125981,-0.007644458307057069
MAR00204,-0.0007801839538055962,-0.007103856611069853,-0.006961411240230906
MAR00209,0.0007801839538055962,0.007103856611069853,0.007644458307057069
MAR00213,0.0007801839538055962,0.006632588099125981,0.005612824663751762
MAR00217,0.0,10.618745155995438,3.0119777143574034
MAR00226,0.041834771726261696,0.3631341984271475,0.3073021503404089
MAR00233,0.0007754214370676878,0.006734734968709794,0.007644458307057069
MAR00237,0.0,0.006632588099125971,0.0015495573771411428
MAR00241,-0.0007641054196577478,-0.006632588099125981,0.0
MAR00245,0.0007641054196577478,0.006632588099125981,0.0
MAR00249,0.2880328546235625,0.0,0.0
MAR00255,-0.0007641054196577478,-0.006632588099125981,-0.007644458307057069
MAR00259,0.0477405101944614,0.41406548768342993,0.0
MAR00263,0.0,0.0,0.0
MAR00267,0.0007801839538055962,0.007103856611069853,0.007644458307057069
MAR00271,0.0,0.0,0.006094900929915923
MAR00275,-0.0007801839538055962,-0.007103856611069853,-0.007644458307057069
MAR00279,0.0,0.006632588099125984,0.0015495573771411439
MAR00283,0.000750637111029713,0.006651160257232146,0.007644458307057069
MAR00289,-0.0007801839538055962,-0.007103856611069853,-0.007644458307057069
MAR00293,0.0007801839538055962,0.007103856611069853,0.007644458307057069
MAR00297,0.0,-0.006653481776995416,-0.007644458307057069
MAR00301,0.0007801839538055962,0.007103856611069853,0.00561282466375176
MAR00305,0.0007641054196577478,0.006632588099125986,0.00561282466375176
MAR00309,0.0,0.006632588099125986,0.007644458307057069
MAR00313,0.0007641054196577478,0.006632588099125978,0.007644458307057069
MAR00319,0.0007641054196577478,0.006634909618889252,0.007644458307057069
MAR00323,0.0,0.006632588099125986,0.007644458307057069
MAR00327,0.0007641054196577478,0.006632588099125981,0.007644458307057069
MAR00331,0.0007480268855098995,0.0066325880991259835,0.007644458307057069
MAR00337,0.0007641054196577478,0.006632588099126288,0.0
MAR00341,0.0007801839538055962,0.006632588099125981,0.0
MAR00345,0.0007641054196577478,0.006632588099125981,0.007644458307057069
MAR00349,0.01603013527866486,0.10578017685812866,0.0
MAR00353,0.0,0.04145367561953738,0.0
MAR00357,0.0,0.19068690784987194,0.1593370754395578
MAR00361,0.045598647509158735,0.252880482128645,0.1328053190100478
MAR00365,0.011459201659567484,0.10432918865944263,0.11275576002909175
MAR00369,-0.0007641054196577478,-0.03516986978912607,0.0
MAR00373,-0.0007641054196577478,-0.007103856611069853,-0.007644458307057069
MAR00377,0.05396076486235845,0.4743287014065212,0.0
MAR00381,-0.0007801839538055962,-0.007103856611069853,-0.007644458307057069
MAR00385,0.0,-0.006632588099125981,-0.007644458307057069
MAR00389,-0.0007801839538055962,-0.006632588099125981,-0.007644458307057069
MAR00393,-0.0007801839538055962,-0.007103856611069853,-0.007644458307057069
MAR00397,0.36613646832223967,3.1753004790217716,2.6871398077711555
MAR00401,0.004808975057278746,0.0,0.14180131919371797
MAR00405,0.041070666306603956,0.3881387855649513,0.0
MAR00409,0.20688154237233528,1.8447839525197223,0.0
MAR00413,0.0,0.008436424293843697,0.0
MAR00417,-0.0007801839538055962,-0.007103856611069853,-0.007644458307057069
MAR00421,-0.0007801839538055962,-0.007103856611069853,-0.006867646784317458
MAR00425,-0.007259001486748606,0.0,0.0
MAR00429,0.0,-0.0066836615339179286,-0.003581191020446452
MAR00433,-0.0015282108393154957,-0.006632588099125986,-0.007644458307057069
MAR00437,0.0,0.007103856611069853,0.00561282466375176
MAR02942,0.0,0.0,0.0
MAR02943,0.0,0.0,0.0
MAR02944,0.0,0.0,0.0
MAR02945,0.0,0.0,0.0
MAR02946,0.0,0.0,0.0
MAR02947,0.0,0.0,0.0
MAR02948,0.0,0.0,0.0
MAR02949,0.4240785079100501,0.0,0.0
MAR02951,0.0,0.0,0.0
MAR02952,0.0,0.0,0.0
MAR02954,0.0,0.0,0.0
MAR02955,0.0,0.0,0.0
MAR02956,0.0,0.0,0.0
MAR02957,0.0,0.0,0.0
MAR02959,0.0,0.0,0.004063267286610617
MAR02961,0.0,0.0,0.0
MAR02962,0.0,0.0,0.0
MAR02963,0.0,0.0,0.0
MAR02964,0.0,0.0,0.0
MAR02965,0.0,0.0,0.0
MAR02966,0.0,0.0,0.0
MAR02967,0.0,0.0,0.0
MAR02968,0.0,0.0,0.0
MAR02969,0.0,0.0,0.0
MAR02970,0.0,0.0,0.0
MAR02971,0.0,0.0,0.0
MAR02972,0.0,0.0,0.0
MAR02973,0.0,0.0,0.0
MAR02974,0.0,0.0,0.0
MAR02975,0.0,0.0,0.0
MAR02976,0.0,0.0,0.0
MAR02977,0.0,0.0,0.0
MAR02978,0.0,0.0,0.0
MAR02979,0.0,0.0,0.0
MAR02980,0.0,0.0,0.0
MAR02981,0.0,0.03303290471157306,0.10110834038151786
MAR02982,-0.000730789235239928,0.0024741596877053285,0.0
MAR02983,0.0,0.0,0.0
MAR02984,0.0,-0.0355070643992784,0.0
MAR02985,0.0,0.0,0.0
MAR02986,0.0,0.0,0.0
MAR02987,0.0,0.0,0.0
MAR02988,0.0,0.0,0.0
MAR02989,0.0,0.0,0.0
MAR02990,0.0,0.0,0.0
MAR02991,0.0,0.0,0.0
MAR02992,0.0,0.0,0.0
MAR02994,0.0007307892352399281,0.0,0.0
MAR02996,0.0,0.0,0.0
MAR02998,0.0,0.0,0.0
MAR02999,0.0,0.0,0.0
MAR03000,0.0,0.0,0.0
MAR03001,0.0,0.0,0.0
MAR03002,0.0,0.0,0.0
MAR03003,0.0,0.0,0.0
MAR02152,9.117735287757747e-19,0.0,0.0
MAR02153,9.117735287757747e-19,0.0,0.0
MAR02154,9.117735287757747e-19,0.0,0.0
MAR02155,9.117735287757747e-19,0.0,0.0
MAR02156,9.117735287757747e-19,0.0,0.0
MAR02157,9.117735287757747e-19,0.0,0.0
MAR02158,0.0,0.0,0.0
MAR02159,0.0,0.0,0.0
MAR02160,0.0,0.0,0.0
MAR02161,0.0,0.0,0.0
MAR02162,0.0,0.0,0.0
MAR02163,0.0,0.0,0.0
MAR02164,0.0,0.0,0.0
MAR02165,0.0,0.0,0.0
MAR02166,0.0,0.0,0.0
MAR02167,0.0,0.0,0.0
MAR02168,0.0,0.0,0.0
MAR02169,0.0,0.0,0.0
MAR02170,0.0,0.0,0.0
MAR02171,0.0,0.0,0.0
MAR02173,0.0,0.0,0.0
MAR02174,0.0,0.0,0.0
MAR02175,0.0,0.0,0.0
MAR02176,0.0,0.0,0.0
MAR02178,0.0,0.0,0.0
MAR02179,0.0,0.0,0.0
MAR02180,0.0,0.0,0.0
MAR02181,0.0,0.0,0.0
MAR04156,0.05575663018289266,0.15613270153643022,0.0
MAR04295,0.0,0.0,0.0
MAR02227,0.0006437203959194417,0.0,0.0
MAR02228,0.0006437203959194418,0.0,0.0
MAR02229,0.0006437203959194418,0.0,0.0
MAR02230,0.0006437203959194418,0.0,0.0
MAR02231,0.0006437203959194418,0.0,0.0
MAR02232,0.0006437203959194418,0.0,0.0
MAR02233,0.0006437203959194418,0.0,0.0
MAR02234,0.0006437203959194418,0.0,0.0
MAR02235,0.0006437203959194418,0.0,0.0
MAR02236,0.0006437203959194418,0.0,0.0
MAR02237,0.0006437203959194418,0.0,0.0
MAR02238,0.0006437203959194418,0.0,0.0
MAR02239,0.0006437203959194418,0.0,0.0
MAR02240,0.0006437203959194418,0.0,0.0
MAR02241,0.0006437203959194418,0.0,0.0
MAR02242,0.0006437203959194418,0.0,0.0
MAR02243,0.0006437203959194418,0.0,0.0
MAR02244,0.0006437203959194418,0.0,0.0
MAR02245,0.0006437203959194418,0.0,0.0
MAR02246,0.0006437203959194418,0.0,0.0
MAR02247,0.0006437203959194418,0.0,0.0
MAR02249,0.0006437203959194418,0.0,0.0
MAR02250,0.0006437203959194418,0.0,0.0
MAR02251,0.0006437203959194418,0.0,0.0
MAR02252,0.0006437203959194418,0.0,0.0
MAR02254,0.0006437203959194418,0.0,0.0
MAR02255,0.0006437203959194418,0.0,0.0
MAR02256,0.0006437203959194418,0.0,0.0
MAR02257,0.0006437203959194418,0.0,0.0
MAR02305,1.6078534147848356e-05,0.0004735900317072529,0.0
MAR02307,1.6078534147848356e-05,0.0004735900317072529,0.0
MAR02309,1.6078534147848356e-05,0.00047359003170725295,0.0
MAR02311,1.6078534147848356e-05,0.0004735900317072529,0.0
MAR02315,0.0,2.321519763379239e-06,0.0020316336433053085
MAR02317,0.0,2.3215197633792395e-06,0.0020316336433053085
MAR02319,0.0,2.3215197633792395e-06,0.0020316336433053085
MAR02321,0.0,2.321519763379239e-06,0.0020316336433053085
MAR02324,0.0,3.0655793708391623e-16,0.0
MAR02326,0.0,3.0655793708391627e-16,0.0
MAR02328,0.0,3.0655793708391627e-16,0.0
MAR02330,0.0,3.0655793708391627e-16,0.0
MAR02332,0.0,0.0,0.0020316336433053085
MAR02334,0.0,0.0,0.0020316336433053085
MAR02336,0.0,0.0,0.0020316336433053085
MAR02338,0.0,0.0,0.0020316336433053085
MAR02342,1.607853414784836e-05,0.00047126851194387374,0.0020316336433053085
MAR02343,1.607853414784836e-05,0.0004712685119438737,0.0020316336433053085
MAR02344,1.607853414784836e-05,0.00047126851194387374,0.0020316336433053085
MAR02345,1.607853414784836e-05,0.0004712685119438737,0.0020316336433053085
MAR02347,0.0,2.0893677869439866e-05,0.004063267286610617
MAR02348,0.0,2.089367786943987e-05,0.004063267286610617
MAR02349,0.0,2.0893677869439872e-05,0.004063267286610617
MAR02350,0.0,2.089367786943987e-05,0.004063267286610617
MAR02353,0.0,4.489247202611153e-18,0.0020316336433053085
MAR02354,0.0,4.489247202611154e-18,0.0020316336433053085
MAR02355,0.0,4.489247202611154e-18,0.0020316336433053085
MAR02356,0.0,4.489247202611154e-18,0.0020316336433053085
MAR02361,1.6078534147848356e-05,0.0004712685119438782,0.0
MAR02362,1.6078534147848356e-05,0.0004712685119438782,0.0
MAR02363,1.6078534147848356e-05,0.0004712685119438782,0.0
MAR02364,1.6078534147848356e-05,0.0004712685119438782,0.0
MAR02190,0.0,0.0,0.0
MAR02191,0.0,0.0,0.0
MAR02193,0.0,0.0,0.0
MAR02194,0.0,0.0,0.0
MAR02201,0.0,1.8572158106165165e-05,0.004063267286610617
MAR02202,0.0,1.857215810616516e-05,0.004063267286610617
MAR02203,0.0,1.8572158106165165e-05,0.004063267286610617
MAR02204,0.0,1.8572158106165165e-05,0.004063267286610617
MAR02205,0.0,0.0,0.0020316336433053085
MAR02208,0.0,0.0,0.0020316336433053085
MAR02209,0.0,0.0,0.0020316336433053085
MAR02210,0.0,0.0,0.0020316336433053085
MAR02211,0.0,3.0805123830378134e-18,0.0
MAR02212,0.0,3.0805123830378138e-18,0.0
MAR02213,0.0,3.0805123830378138e-18,0.0
MAR02214,0.0,3.0805123830378134e-18,0.0
MAR02215,1.6078534147848356e-05,0.0,0.0
MAR02217,1.6078534147848356e-05,0.0,0.0
MAR02218,1.6078534147848356e-05,0.0,0.0
MAR02219,1.6078534147848356e-05,0.0,0.0
MAR02259,0.0,8.978494405222306e-18,0.0
MAR02260,0.0,8.978494405222307e-18,0.0
MAR02261,0.0,8.978494405222307e-18,0.0
MAR02262,0.0,8.978494405222307e-18,0.0
MAR02263,0.000764105419657748,4.489247202611153e-18,0.004063267286610617
MAR02264,0.000764105419657748,4.489247202611154e-18,0.004063267286610617
MAR02265,0.000764105419657748,4.489247202611154e-18,0.004063267286610617
MAR02266,0.000764105419657748,4.489247202611154e-18,0.004063267286610617
MAR02267,0.0,0.0,0.0020316336433053085
MAR02268,0.0,0.0,0.0020316336433053085
MAR02269,0.0,0.0,0.0020316336433053085
MAR02270,0.0,0.0,0.0020316336433053085
MAR02281,0.0,0.0,0.0
MAR02282,0.0,0.0,0.0
MAR02284,0.0,0.0,0.0
MAR02286,0.0,0.0,0.0
MAR02287,0.0,0.0,0.0020316336433053067
MAR02292,0.0,0.0,0.0
MAR02293,0.0,0.0,0.0
MAR02294,0.0,0.0,0.0
MAR02295,0.0,0.0,0.0020316336433053085
MAR02296,0.0,2.089367786944306e-05,0.0
MAR02359,0.0,0.0,0.0
MAR02365,0.0,4.489247202611154e-18,0.0
MAR02288,0.0,0.0,0.0020316336433053085
MAR02289,0.0,0.0,0.0020316336433053085
MAR00709,0.0,0.0,0.0
MAR02150,9.117735287757745e-19,0.0,0.0
MAR02151,0.004506042771436094,0.0,0.0
MAR02172,0.0,0.0,0.0
MAR02177,0.0,0.0,0.0
MAR02182,0.0,0.0,0.0
MAR02248,0.0,0.0,0.0
MAR02253,0.0,0.0,0.0
MAR02258,0.0006437203959194417,0.0,0.0
MAR02437,0.0,0.0,0.0
MAR02438,0.0,0.0,0.0
MAR02439,0.0,0.0,0.0
MAR02440,0.0,0.0,0.0
MAR02441,0.0,0.0,0.0
MAR02442,0.0,0.0,0.0
MAR02443,0.0,0.0,0.0
MAR02444,0.0,0.0,0.0
MAR02445,0.0,0.0,0.0
MAR02446,0.0,0.0,0.0
MAR02447,0.0,0.0,0.0
MAR02448,0.0,0.0,0.0
MAR02449,0.0,0.0,0.0
MAR02450,0.0,0.0,0.0
MAR02451,0.0,0.0,0.0
MAR02452,0.0,0.0,0.0
MAR02453,0.0,0.0,0.0
MAR02454,0.0,0.0,0.0
MAR02455,0.0,0.0,0.0
MAR02456,0.0,0.0,0.0
MAR02457,0.0,0.0,0.0
MAR02458,0.0,0.0,0.0
MAR02459,0.0,0.0,0.0
MAR02460,0.0,0.0,0.0
MAR02461,0.0,0.0,0.0
MAR02462,0.0,0.0,0.0
MAR02463,0.0,0.0,0.0
MAR02464,0.0,0.0,0.0
MAR02465,0.0,0.0,0.0
MAR02466,0.0,0.0,0.0
MAR02467,0.0,0.0,0.0
MAR02468,0.0,0.0,0.0
MAR02469,0.0,0.0,0.0
MAR02470,0.0,0.0,0.0
MAR06397,0.0,0.0,0.0
MAR06398,0.0,0.0,0.0
MAR06399,0.0,0.0,0.0
MAR06400,0.0,0.0,0.0
MAR06401,0.0,0.0,0.0
MAR06402,0.0,0.0,0.0
MAR06403,0.0,0.0,0.0
MAR06404,0.0,0.0,0.0
MAR02472,0.0,0.0,0.0
MAR02475,0.0,0.0,0.0
MAR02478,0.0,0.0,0.0
MAR02480,0.0,0.0,0.0
MAR02482,0.0,0.0,0.0
MAR02484,0.0,0.0,0.0
MAR02486,0.00104408491576068,0.0,0.02996659623875328
MAR02489,0.0010440849157606798,0.0,0.029966596238753276
MAR02491,0.0010440849157606798,0.0,0.02996659623875328
MAR02493,0.00104408491576068,0.0,0.029966596238753286
MAR02495,0.0008554381961449772,0.0,0.0
MAR02497,0.0,0.029008550201943963,0.0
MAR02499,0.0,0.029008550201943966,0.0
MAR02501,0.0,0.02900855020194397,0.0
MAR02503,0.0,0.029008550201943966,0.0
MAR02505,0.0,0.0004712685119438737,0.00561282466375176
MAR02510,0.0,0.0,0.0
MAR02511,0.0,0.0,0.0
MAR02512,0.0,0.0,0.0
MAR02513,0.0,0.0,0.0
MAR02514,0.0,0.0,0.3900913141307474
MAR02515,0.021873620422633987,0.0,0.0020316336433053085
MAR02516,0.02187362042263399,0.0,0.0020316336433053085
MAR02518,0.02187362042263399,0.0,0.0020316336433053085
MAR02520,0.02187362042263399,0.0,0.0020316336433053085
MAR02522,0.02184146335433829,0.0,0.0
MAR02524,0.02184146335433829,0.0,0.0
MAR02526,0.0,0.00047126851194387374,0.0020316336433053085
MAR02528,0.0,0.0004712685119438737,0.0020316336433053085
MAR02530,1.607853414784836e-05,0.00047126851194387374,0.004063267286610617
MAR02533,1.6078534147848356e-05,0.0004712685119438737,0.004063267286610617
MAR02535,1.6078534147848356e-05,0.00047126851194387374,0.004063267286610617
MAR02537,1.6078534147848356e-05,0.0004712685119438737,0.004063267286610617
MAR02540,0.0,0.0,0.0020316336433053085
MAR02541,0.0,0.0,0.0020316336433053085
MAR02542,0.0,0.0,0.0020316336433053085
MAR02543,0.0,0.0,0.0020316336433053085
MAR02544,0.0,0.0,0.0
MAR02545,0.0,0.0,0.0
MAR02546,0.0,0.0,0.0
MAR02548,0.0,0.0,0.0
MAR02549,0.0,0.0,0.0
MAR02550,0.0,0.0,0.0
MAR02551,0.0,0.0,0.0
MAR02552,0.0,0.0,0.0
MAR02553,0.0,0.0,0.0
MAR02555,0.0,0.0,0.0
MAR02556,0.0,0.0,0.0
MAR02557,0.0,0.0,0.0
MAR02558,0.0,0.0,0.0
MAR02559,0.0,0.0,0.0
MAR02560,0.0,0.0,0.0
MAR02561,0.0,0.0,0.0
MAR02562,0.0,0.0,0.0
MAR02563,0.0,0.0,0.0
MAR02565,0.0,0.0,0.0
MAR02566,0.0,0.0,0.0
MAR02567,0.0,0.0,0.0
MAR02568,0.0,0.0,0.0
MAR02570,0.0,0.011361576008340856,0.0
MAR02571,0.0,-0.011361576008340856,0.0
MAR02572,0.0,0.0,0.0
MAR02573,0.0,0.0,0.0
MAR02574,0.0,0.0,0.0
MAR02576,0.0,0.0,0.0
MAR02577,0.0,0.0,0.0
MAR02578,0.0,0.0,0.0
MAR02579,0.0,0.0,0.0
MAR02580,0.0,0.0,0.0
MAR02581,0.0,0.0,0.0
MAR02582,0.02305785328107422,0.0,0.0
MAR02583,0.0,0.0,0.0
MAR02584,0.02305785328107422,0.0,0.0
MAR02586,0.0,0.0,0.0
MAR02587,0.0,0.0,0.0
MAR02588,0.0,0.0,0.0
MAR02368,0.0,0.0,0.0
MAR02371,0.0,0.08111916843023642,0.0
MAR02374,0.0,0.08111916843023641,0.0
MAR02376,0.0,0.08111916843023642,0.0
MAR02378,0.0,0.08111916843023642,0.0
MAR02380,0.0,0.04901072468136289,0.3016893256766572
MAR02383,0.0,0.0,0.0
MAR02387,0.0,0.0,0.0
MAR02389,0.0,0.0,0.0
MAR02391,0.0,0.0,0.0
MAR02393,0.0,0.0,0.0
MAR02395,0.002674368968802118,0.0014138055358316201,0.005318089407176314
MAR02397,0.002674368968802118,0.0014138055358316204,0.005318089407176314
MAR02399,0.02451583232314041,0.0009425370238877467,0.003286455763871006
MAR02401,0.024515832323140408,0.0009425370238877466,0.0032864557638710057
MAR02403,0.024499753788992558,0.0004712685119438737,0.0012548221205656979
MAR02408,0.0,0.0,0.0
MAR02409,0.0,0.0,0.0
MAR02410,0.0,0.0,0.0
MAR02411,0.0,0.0,0.01432679691595485
MAR02412,0.0,0.0,0.05332183430564174
MAR02415,0.0,0.0004712685119438738,0.0
MAR02417,0.0,0.0004712685119438737,0.0
MAR02419,0.0,0.00047126851194387374,0.0
MAR02421,0.0,0.0004712685119438737,0.0
MAR02423,0.0,5.1073434791953726e-05,0.0
MAR02426,0.0,5.1073434791953726e-05,0.0
MAR02428,0.0,5.1073434791953726e-05,0.0
MAR02430,0.0,5.107343479195372e-05,0.0
MAR02433,0.000764105419657748,4.489247202611153e-18,0.0020316336433053085
MAR02434,0.000764105419657748,4.489247202611154e-18,0.0020316336433053085
MAR02435,0.000764105419657748,4.489247202611154e-18,0.0020316336433053085
MAR02436,0.000764105419657748,4.489247202611154e-18,0.0020316336433053085
MAR03444,0.0,0.0,0.0
MAR03445,0.0,0.0,0.0
MAR03446,0.0,0.0,0.0
MAR03447,0.0,0.0,0.0
MAR03448,0.0,0.0,0.0
MAR03449,0.0,0.0,0.0
MAR03450,0.0,0.0,0.0
MAR03452,0.0,0.0,0.0
MAR03453,0.0,0.0,0.0
MAR03454,0.0,0.0,0.0
MAR03455,0.0,0.0,0.0
MAR03456,0.0,0.0,0.0
MAR03457,0.0,0.0,0.0
MAR03458,0.0,0.0,0.0
MAR03459,0.0,0.0,0.0
MAR03460,0.0,0.0,0.0
MAR03461,0.0,0.0,0.0
MAR03462,0.0,0.0,0.0
MAR03463,0.0,0.0,0.0
MAR03464,0.0,0.0,0.0
MAR03466,0.0,0.0,0.0
MAR03467,0.0,0.0,0.0
MAR03468,0.0,0.0,0.0
MAR03469,0.0,0.0,0.0
MAR03470,0.0,0.0,0.0
MAR03471,0.0,0.0,0.0
MAR03472,0.0,0.0,0.0
MAR00931,0.0,0.0,0.0
MAR00932,0.0,0.0,0.0
MAR00933,0.0,0.0,0.0
MAR00934,0.0,0.0,0.0
MAR00935,0.0,0.0,0.0
MAR00936,0.0,0.0,0.0
MAR00937,0.0,0.0,0.0
MAR00938,0.0,0.0,0.0
MAR00939,0.0,0.0,0.0
MAR00940,0.0,0.0,0.0
MAR00941,0.0,0.0,0.0
MAR00942,0.0,0.0,0.0
MAR00943,0.0,0.0,0.0
MAR00944,0.0,0.0,0.0
MAR00945,0.0,0.0,0.0
MAR00946,0.0,0.0,0.0
MAR00947,0.0,0.0,0.0
MAR00948,0.0,0.0,0.0
MAR00949,0.0,0.0,0.0
MAR00950,0.0,0.0,0.0
MAR00951,0.0,0.0,0.0
MAR00953,0.0,0.0,0.0
MAR00954,0.0,0.0,0.0
MAR00955,0.0,0.0,0.0
MAR00956,0.0,0.0,0.0
MAR00957,0.0,0.0,0.0
MAR00958,0.0,0.0,0.0
MAR00959,11.924389233446929,16.02798505295941,0.0
MAR00960,0.0,0.0,0.0
MAR00961,0.0,0.0,0.0
MAR00963,0.0,0.0,0.0
MAR00964,0.0,0.0,0.0
MAR00967,0.0,0.0,0.0
MAR00969,0.0,0.0,0.0
MAR00971,0.0,0.0,0.0
MAR00973,0.0,0.0,0.0
MAR00976,0.0,0.0,0.0
MAR00979,0.0,0.0,0.0
MAR00980,0.0,0.0,0.0
MAR00981,0.0,0.0,0.0
MAR00983,0.0,0.0,0.0
MAR00985,0.0,0.0,0.0
MAR00986,0.0,0.0,0.0
MAR00987,0.0,0.0,0.0
MAR00988,0.0,0.0,0.0
MAR00989,0.0,0.0,0.0
MAR00990,0.0,0.0,0.0
MAR00991,0.0,0.0,0.0
MAR00992,0.0,0.0,0.0
MAR00993,0.0,0.0,0.0
MAR00994,0.0,0.0,0.0
MAR00995,0.0,0.0,0.0
MAR00996,0.0,0.0,0.0
MAR00997,0.0,0.0,0.0
MAR00998,0.0,0.0,0.0
MAR00999,0.0,0.0,0.0
MAR01000,0.0,0.0,0.0
MAR01002,0.0,0.0,0.0
MAR01003,0.0,0.0,0.0
MAR01004,0.0,0.0,0.0
MAR01006,0.0,0.0,0.0
MAR01007,0.0,0.0,0.0
MAR01008,0.0,0.0,0.0
MAR01010,0.0,0.0,0.0
MAR01011,0.0,0.0,0.0
MAR01013,0.0,0.0,0.0
MAR01014,0.0,0.0,0.0
MAR01015,0.0,0.0,0.0
MAR01016,0.0,0.0,0.0
MAR01017,0.0,0.0,0.0
MAR01018,0.0,0.0,0.0
MAR01020,0.0,0.0,0.0
MAR01021,0.0,0.0,0.0
MAR01022,0.0,0.0,0.0
MAR01023,0.0,0.0,0.0
MAR01025,0.0,0.0,0.0
MAR01026,0.0,0.0,0.0
MAR01027,0.0,0.0,0.0
MAR01028,0.0,0.0,0.0
MAR01029,0.0,0.0,0.0
MAR01030,0.0,0.0,0.0
MAR01033,0.0,0.0,0.0
MAR01034,0.0,0.0,0.0
MAR01037,0.0,0.0,0.0
MAR01039,0.0,0.0,0.0
MAR01040,0.0,0.0,0.0
MAR01041,0.0,0.0,0.0
MAR01042,0.0,0.0,0.0
MAR01043,0.0,0.0,0.0
MAR01045,0.0,0.0,0.0
MAR01048,0.0,0.0,0.0
MAR01049,0.0,0.0,0.0
MAR01050,0.0,0.0,0.0
MAR01053,0.0,0.0,0.0
MAR01054,0.0,0.0,0.0
MAR01055,0.0,0.0,0.0
MAR01057,0.0,0.0,0.0
MAR01058,0.0,0.0,0.0
MAR01059,0.0,0.0,0.0
MAR01061,0.0,0.0,0.0
MAR01062,0.0,0.0,0.0
MAR01063,0.0,0.0,0.0
MAR01064,0.0,0.0,0.0
MAR01065,0.0,0.0,0.0
MAR01066,0.0,0.0,0.0
MAR01067,0.0,0.0,0.0
MAR01068,0.0,0.0,0.0
MAR01069,0.0,0.0,0.0
MAR01070,0.0,0.0,0.0
MAR01071,0.0,0.0,0.0
MAR01072,0.0,0.0,0.0
MAR01073,0.0,0.0,0.0
MAR01074,0.0,0.0,0.0
MAR01075,0.0,0.0,0.0
MAR01077,0.0,0.0,0.0
MAR01079,0.0,0.0,0.0
MAR03015,0.0,0.0,0.0
MAR01080,0.0,0.0,0.0
MAR01081,0.0,0.0,0.0
MAR01084,0.0,0.0,0.0
MAR01085,0.0,0.0,0.0
MAR01087,0.0,0.0,0.0
MAR01088,0.0,0.0,0.0
MAR01091,0.0,0.0,0.0
MAR01092,0.0,0.0,0.0
MAR01093,0.0,0.0,0.0
MAR01096,0.0,0.0,0.0
MAR01097,0.0,0.0,0.0
MAR01098,0.0,0.0,0.0
MAR01099,0.0,0.0,0.0
MAR01100,0.0,0.0,0.0
MAR01101,0.0,0.0,0.0
MAR01102,0.0,0.0,0.0
MAR01103,0.0,0.0,0.0
MAR01105,0.0,0.0,0.0
MAR01106,0.0,0.0,0.0
MAR01107,0.0,0.0,0.0
MAR01108,0.0,0.0,0.0
MAR01109,0.0,0.0,0.0
MAR01110,0.0,0.0,0.0
MAR01111,0.0,0.0,0.0
MAR01112,0.0,0.0,0.0
MAR01113,0.0,0.0,0.0
MAR01114,0.0,0.0,0.0
MAR01115,0.0,0.0,0.0
MAR01116,0.0,0.0,0.0
MAR01117,0.0,0.0,0.0
MAR01119,0.0,0.0,0.0
MAR01120,0.0,0.0,0.0
MAR01121,0.0,0.0,0.0
MAR01122,0.0,0.0,0.0
MAR01123,0.0,0.0,0.0
MAR01124,0.0,0.0,0.0
MAR01125,0.0,0.0,0.0
MAR01126,0.0,0.0,0.0
MAR01127,0.0,0.0,0.0
MAR01128,0.0,0.0,0.0
MAR01129,0.0,0.0,0.0
MAR01130,0.0,0.0,0.0
MAR01131,0.0,0.0,0.0
MAR01132,0.0,0.0,0.0
MAR01133,0.0,0.0,0.0
MAR01134,0.0,0.0,0.0
MAR01136,0.0,0.0,0.0
MAR01137,0.0,0.0,0.0
MAR01138,0.0,0.0,0.0
MAR01139,0.0,0.0,0.0
MAR01140,0.0,0.0,0.0
MAR01142,0.0,0.0,0.0
MAR01146,0.0,0.0,0.0
MAR01147,0.0,0.0,0.0
MAR01148,0.0,0.0,0.0
MAR01149,0.0,0.0,0.0
MAR01150,0.0,0.0,0.0
MAR01151,0.0,0.0,0.0
MAR01152,0.0,0.0,0.0
MAR01153,0.0,0.0,0.0
MAR01154,0.0,0.0,0.0
MAR01155,0.0,0.0,0.0
MAR01156,0.0,0.0,0.0
MAR01157,0.0,0.0,0.0
MAR01158,0.0,0.0,0.0
MAR01159,0.0,0.0,0.0
MAR01160,0.0,0.0,0.0
MAR01161,0.0,0.0,0.0
MAR01162,0.0,0.0,0.0
MAR01163,0.0,0.0,0.0
MAR01164,0.0,0.0,0.0
MAR01165,0.0,0.0,0.0
MAR01166,0.0,0.0,0.0
MAR01167,0.0,0.0,0.0
MAR01168,0.0,0.0,0.0
MAR01170,0.0,0.0,0.0
MAR01171,0.0,0.0,0.0
MAR01186,0.0,0.0,0.0
MAR01190,0.0,0.0,0.0
MAR01191,0.0,0.0,0.0
MAR01192,0.0,0.0,0.0
MAR01193,0.0,0.0,0.0
MAR01194,0.0,0.0,0.0
MAR01195,0.0,0.0,0.0
MAR01196,0.0,0.0,0.0
MAR01197,0.0,0.0,0.0
MAR01198,0.0,0.0,0.0
MAR01199,0.0,0.0,0.0
MAR01200,0.0,0.0,0.0
MAR01201,0.0,0.0,0.0
MAR01202,0.0,0.0,0.0
MAR01203,0.0,0.0,0.0
MAR01204,0.0,0.0,0.0
MAR01205,0.0,0.0,0.0
MAR01206,0.0,0.0,0.0
MAR01207,0.0,0.0,0.0
MAR01208,0.0,0.0,0.0
MAR01209,0.0,0.0,0.0
MAR01210,0.0,0.0,0.0
MAR01211,0.0,0.0,0.0
MAR01212,0.0,0.0,0.0
MAR01213,0.0,0.0,0.0
MAR01228,0.0,0.0,0.0
MAR01229,0.0,0.0,0.0
MAR01230,0.0,0.0,0.0
MAR01231,0.0,0.0,0.0
MAR01232,0.0,0.0,0.0
MAR01233,0.0,0.0,0.0
MAR01234,0.0,0.0,0.0
MAR01235,0.0,0.0,0.0
MAR01236,0.0,0.0,0.0
MAR01237,0.0,0.0,0.0
MAR01238,0.0,0.0,0.0
MAR01239,0.0,0.0,0.0
MAR01241,0.0,0.0,0.0
MAR01244,0.0,0.0,0.0
MAR01245,0.0,0.0,0.0
MAR01246,0.0,0.0,0.0
MAR01247,0.0,0.0,0.0
MAR01248,0.0,0.0,0.0
MAR01249,0.0,0.0,0.0
MAR01250,0.0,0.0,0.0
MAR01251,0.0,0.0,0.0
MAR01253,0.0,0.0,0.0
MAR01254,0.0,0.0,0.0
MAR01255,0.0,0.0,0.0
MAR01256,0.0,0.0,0.0
MAR01257,0.0,0.0,0.0
MAR01258,0.0,0.0,0.0
MAR01259,0.0,0.0,0.0
MAR01260,0.0,0.0,0.0
MAR01261,0.0,0.0,0.0
MAR01262,0.0,0.0,0.0
MAR01263,0.0,0.0,-1.9334923405999496
MAR01264,0.0,0.0,0.0
MAR01265,0.0,0.0,0.0
MAR01266,0.0,0.0,0.0
MAR01270,0.0,0.0,0.0
MAR01271,0.0,0.0,0.0
MAR01272,0.0,0.0,0.0
MAR01273,0.0,0.0,0.0
MAR01274,0.0,0.0,0.0
MAR01275,0.0,0.0,0.0
MAR01276,0.0,0.0,0.0
MAR01277,0.0,0.0,0.0
MAR01278,0.0,0.0,0.0
MAR01279,0.0,0.0,0.0
MAR01280,0.0,0.0,0.0
MAR01281,0.0,0.0,0.0
MAR01282,0.0,0.0,0.0
MAR01285,0.0,0.0,1.9334923405999493
MAR01287,0.0,0.0,0.0
MAR01288,0.0,0.0,0.0
MAR01289,0.0,0.0,0.0
MAR01290,0.0,0.0,0.0
MAR01291,0.0,0.0,0.0
MAR01292,0.0,0.0,0.0
MAR01293,0.0,0.0,0.0
MAR01294,0.0,0.0,0.0
MAR01295,0.0,0.0,0.0
MAR01296,0.0,0.0,0.0
MAR01297,0.0,0.0,0.0
MAR01298,0.0,0.0,0.0
MAR01299,0.0,0.0,0.0
MAR01300,0.0,0.0,0.0
MAR01301,0.0,0.0,0.0
MAR01302,0.0,0.0,0.0
MAR01303,0.0,0.0,0.0
MAR01304,0.0,0.0,0.0
MAR04796,0.0,0.0,0.0
MAR08545,0.0,0.0,0.0
MAR08546,0.0,0.0,0.0
MAR08547,-0.7210374868520972,0.0,0.0
MAR08548,0.0,0.0,0.0
MAR08549,0.0,0.0,7.189613309669373
MAR08550,0.0,0.0,0.0
MAR08552,0.0,0.0,0.0
MAR08554,0.0,0.0,0.0
MAR08555,0.0,0.0,0.0
MAR08556,0.0,0.0,0.0
MAR08557,0.0,0.0,0.0
MAR08558,0.0,0.0,0.0
MAR08559,0.0,0.0,0.0
MAR08560,0.0,0.0,0.0
MAR08561,0.0,0.0,0.0
MAR00154,0.5082585245542336,0.03731451933061164,0.011516261244182162
MAR00189,0.0,0.0,0.0
MAR00193,0.0,0.0,0.0
MAR00197,0.0,0.0,0.0
MAR00201,0.0,0.0,0.0
MAR00206,0.0,0.0,0.0
MAR00210,0.0,0.0,0.0
MAR00214,0.0,0.0,0.0
MAR00223,0.0,0.0,0.0
MAR00230,0.0,0.0,0.0
MAR00234,0.0,0.0,0.0
MAR00238,0.0,0.0,0.0
MAR00242,0.0,0.0,0.007644458307057069
MAR00246,0.0,0.0,0.007644458307057069
MAR00250,0.0,0.0,0.0
MAR00256,0.0,0.0,0.0
MAR00260,0.0,0.0,0.3487699078411798
MAR00264,0.0,2.5512817894392237,0.0
MAR00268,0.0,0.0,0.0
MAR00272,0.0,0.0066325880991259835,0.0015495573771411439
MAR00276,0.0,0.0,0.0
MAR00280,0.0,0.0,0.0
MAR00284,0.0,0.0,0.0
MAR00290,0.0,0.0,0.0
MAR00294,0.0,0.0,0.0
MAR00298,0.0,0.0,0.0
MAR00302,0.0,0.0,0.0
MAR00306,0.0,0.0,0.0
MAR00310,0.0,0.0,0.0
MAR00314,0.0,0.0,0.0
MAR00320,0.0,0.0,0.0
MAR00324,0.0,0.0,0.0
MAR00328,0.0,0.0,0.0
MAR00332,0.0,0.0,0.0
MAR00338,0.0,0.0,0.0
MAR00342,0.0,0.0,0.00561282466375176
MAR00346,0.0,0.0,0.0
MAR00350,0.0,0.0,0.0
MAR00354,0.005600858500627118,0.0,0.04777786441910667
MAR00358,0.0,0.0,0.0
MAR00362,0.0,0.0,0.0
MAR00366,0.0,0.0,0.0
MAR00370,0.0,0.0,0.0
MAR00374,0.0,0.0,0.0
MAR00378,0.0,0.0,0.0
MAR00382,0.0,0.0,0.0
MAR00386,0.0,0.0,0.0
MAR00390,0.0,0.0,0.0
MAR00394,0.0,0.0,0.0
MAR00398,0.0,0.0,0.0
MAR00402,0.0,0.0,0.0
MAR00406,0.0,0.0,0.0
MAR00410,0.0,0.0,1.8213616033874467
MAR00414,0.0,0.0,0.0
MAR00418,0.0,0.0,0.0
MAR00422,0.0,0.0,0.0
MAR00426,0.0,0.0,0.0
MAR00430,0.0,0.0,0.0
MAR00434,0.0,0.0,0.0
MAR00438,0.0,0.0,0.0
MAR03009,0.0,0.0,0.0
MAR03475,0.0,0.0,0.0
MAR03476,0.0,0.0,0.0
MAR03477,0.0,0.0,0.0
MAR00159,0.0,0.0,0.0
MAR02591,0.0,0.0,0.0
MAR02594,0.0,0.0,0.0
MAR02599,-0.0022084462398676333,-0.0355070643992784,-0.004063267286610616
MAR02602,0.0,0.0,0.0
MAR02605,-0.0007641054196577481,0.0,0.0
MAR02608,0.0,0.009508358434951656,0.0
MAR02611,0.0,0.0,-0.0020316336433053085
MAR02614,-1.6078534147848356e-05,-0.0004712685119438737,-0.0013485865764791454
MAR02620,-1.6078534147848356e-05,-0.0004712685119438737,-0.0020316336433053085
MAR02623,1.6078534147848176e-05,0.0,0.0
MAR02626,0.0,0.0,0.0
MAR02633,-1.1316017409939873e-05,-0.00010214686958381317,0.0
MAR02636,0.0,0.0,0.0
MAR02642,-0.000764105419657748,0.0,0.0
MAR02648,0.0,0.0,0.0
MAR02651,0.0,0.0,0.0
MAR02654,0.0019075320300314834,4.4547365207177,0.0
MAR02657,0.0,0.0,-0.008126534573221232
MAR02660,0.0,0.0,0.0
MAR02663,0.0,0.0,0.0
MAR02666,-1.6078534147848356e-05,-0.0004712685119438737,0.0
MAR02669,0.000764105419657748,0.0,0.0
MAR02672,0.0,0.0,0.0
MAR02675,0.0,0.0,0.0
MAR02678,-1.3468308628034889e-05,0.0,0.0
MAR02681,0.0,0.0,0.0
MAR02684,0.0,0.0,-0.004063267286610617
MAR02687,0.000764105419657748,0.0,0.0
MAR02690,0.0,0.0,0.0
MAR02693,0.0,0.0,0.0
MAR02699,-0.001528210839315496,0.0,0.0
MAR02702,0.0,0.0,0.0
MAR02705,0.0,0.0,0.0
MAR02708,0.000764105419657748,0.0,0.0
MAR02711,0.0,-0.03303290471157306,0.0
MAR02714,-0.0008251996277661931,0.0,0.0
MAR02717,9.441039252626662e-05,0.0,0.0
MAR02720,0.0,-0.06053542725399149,0.0
MAR02726,0.0,-0.03550706439927839,0.0
MAR02730,0.0,-0.01336382851726562,0.0
MAR02733,0.0,0.0,0.0
MAR02736,0.000764105419657748,0.0,0.0
MAR02739,1.607853414784838e-05,0.0,0.0
MAR02742,0.0,0.0,0.0
MAR02746,-0.0007307892352399281,0.0,0.0
MAR02752,0.0,0.0,0.0
MAR02755,0.0,0.0,0.0
MAR02759,0.0,0.013363828517265619,0.0
MAR02762,0.0,0.06300958694169685,0.0
MAR02768,0.0,0.0,0.0
MAR02771,0.0,0.0,0.0
MAR02774,0.000764105419657748,0.0,0.0
MAR02877,-1.607853414784838e-05,0.0,0.0
MAR03032,0.0,0.0,0.0
MAR03521,0.0,0.0,0.0
MAR08419,0.0,0.0,0.0
MAR00160,-0.2984597015712822,0.0,0.0
MAR00161,0.29845970157128227,0.0,0.0
MAR00162,0.0,0.0,0.0
MAR00163,0.0,0.0,0.0
MAR02592,0.0,0.0,0.0
MAR02593,-0.005113137134042123,-0.43821413272239373,-0.10245692695799695
MAR02596,0.0,0.0,0.0
MAR02598,0.0,0.0,0.0
MAR02600,0.0,0.0,0.0
MAR02601,0.0,0.0,0.0
MAR02603,0.0,0.0,0.0
MAR02604,0.0,0.0,0.0
MAR02606,-0.0007641054196577481,0.0,0.0
MAR02607,0.0007641054196577482,0.0,0.0
MAR02609,0.0,0.009508358434951656,0.0
MAR02610,0.0,-0.009508358434951656,0.0
MAR02612,0.0,0.0,0.0
MAR02613,0.0,0.0,0.0
MAR02616,1.6078534147848356e-05,0.0004712685119438737,0.0013485865764791456
MAR02618,1.6078534147848356e-05,0.00047126851194387363,0.0013485865764791456
MAR02621,1.6078534147848356e-05,0.0004712685119438737,0.002031633643305308
MAR02622,1.607853414784836e-05,0.00047126851194387363,0.002031633643305308
MAR02624,1.6078534147848173e-05,0.0,0.0
MAR02625,-1.6078534147848173e-05,0.0,0.0
MAR02629,0.0,0.0,-2.194984642383332
MAR02630,0.0,0.0,2.194984642383332
MAR02634,0.0,0.0,0.0
MAR02635,-1.6078534147848356e-05,0.00961050530453532,-0.0020316336433053085
MAR02638,0.0,0.0,0.0
MAR02640,1.6078534147848356e-05,0.00047126851194387374,0.0013485865764791456
MAR02644,-0.0007641054196577477,0.0,0.0
MAR02646,0.000764105419657748,0.0,0.0
MAR02649,0.0,0.0,0.0
MAR02650,0.0,0.0,0.0
MAR02652,0.0,0.0,0.0
MAR02653,0.0,0.0,0.0
MAR02655,1.346830862803489e-05,0.0,0.0
MAR02656,-1.3468308628034894e-05,0.0,0.0
MAR02658,0.0,0.0,0.0
MAR02659,0.0,0.0,0.0
MAR02661,0.0,0.0,0.0
MAR02662,0.0,0.0,0.0
MAR02664,0.0,0.0,0.0
MAR02665,0.0,0.0,0.0
MAR02667,0.0,0.0,0.0
MAR02668,0.0,0.0,0.0
MAR02670,-0.0007641054196577478,0.0,0.0
MAR02671,-0.000764105419657748,0.0,0.0
MAR02673,0.0,0.0,0.0
MAR02674,0.0,0.0,0.0
MAR02676,0.0,0.0,0.0
MAR02677,0.0,0.0,0.0
MAR02679,-1.3468308628034892e-05,0.0,0.0
MAR02680,1.3468308628034892e-05,0.0,0.0
MAR02682,0.0,0.0,0.0
MAR02683,0.0,0.0,0.0
MAR02685,0.0,0.0,0.0
MAR02686,0.0,0.0,0.0
MAR02688,-0.0007641054196577478,0.0,0.0
MAR02689,-0.0007641054196577478,0.0,0.0
MAR02691,0.0,0.0,0.0
MAR02692,0.0,0.0,0.0
MAR02695,0.0,0.0,0.0
MAR02697,0.0,0.0,0.0
MAR02700,-0.0015282108393154957,0.0,0.0
MAR02701,0.001528210839315496,0.0,0.0
MAR02703,0.0,0.0,0.0
MAR02704,0.0,0.0,0.0
MAR02706,0.0,0.0,0.0
MAR02707,0.0,0.0,0.0
MAR02709,-0.0007641054196577481,0.0,0.0
MAR02710,-0.0007641054196577481,0.0,0.0
MAR02712,0.0,0.0,0.10110834038151789
MAR02713,0.0,0.0,-0.10110834038151789
MAR02715,-0.0008251996277661931,-0.002474159687705328,0.0
MAR02716,0.0008251996277661931,0.0024741596877053285,0.0
MAR02718,0.0008251996277661932,0.0,0.0
MAR02719,-0.0008251996277661931,0.0,0.0
MAR02722,0.0,0.0,0.0
MAR02724,0.0,0.06053542725399148,0.0
MAR02727,0.0,0.0,0.0
MAR02729,0.0,0.0,0.0
MAR02731,0.0,0.0,0.0
MAR02732,0.0,0.0,0.0
MAR02734,0.0,0.0,0.0
MAR02735,0.0,0.0,0.0
MAR02737,0.0007641054196577478,0.0,0.0
MAR02738,-0.0007641054196577481,0.0,0.0
MAR02740,0.0,0.0,0.0
MAR02741,0.0,0.0,0.0
MAR02744,0.0,0.0,0.0
MAR02745,0.0,0.0,0.0
MAR02748,0.0,0.0,0.0
MAR02750,0.0,0.0,0.0
MAR02753,0.0,0.0,0.0
MAR02754,0.0,0.0,0.0
MAR02757,0.0,0.0,0.0
MAR02758,0.0,0.0,0.0
MAR02760,0.0,0.0,0.0
MAR02761,0.0,0.0,0.0
MAR02764,0.0,0.06300958694169685,0.0
MAR02766,0.0,-0.06300958694169684,0.0
MAR02769,0.0,0.0,0.0
MAR02770,0.0,0.0,0.0
MAR02772,0.0,0.0,0.0
MAR02773,0.0,0.0,0.0
MAR02775,0.0007641054196577481,0.0,0.0
MAR02776,-0.0007641054196577481,0.0,0.0
MAR03519,0.0,0.0,0.0
MAR03520,0.0,0.0,0.0
MAR08417,0.0,0.0,0.0
MAR08418,0.0,0.0,0.0
MAR03027,0.0,0.0,0.0
MAR03028,0.0,0.0,0.0
MAR03029,0.0,0.0,0.0
MAR03030,0.0,0.0,0.10245692695799692
MAR03033,0.0,0.0,0.0
MAR03034,0.0,0.0,0.0
MAR03035,0.0,0.0,0.0
MAR03037,0.0,0.0,0.0
MAR02778,0.0003209986610928092,0.0,0.0
MAR02780,-0.0003209986610928092,0.0,0.0
MAR02783,-0.0022084462398676333,-0.0355070643992784,-0.004063267286610617
MAR02785,0.0022084462398676333,0.0355070643992784,0.004063267286610617
MAR02787,0.0,0.0,0.0
MAR02788,0.0,0.0,0.0
MAR02789,0.0,0.0,0.0
MAR02790,0.0,0.0,0.0
MAR02791,0.0,0.0,0.0
MAR02792,0.0,0.0,0.0
MAR02793,0.0,0.0,0.0
MAR02794,0.0,0.0,0.0
MAR02795,0.0,0.0,0.0
MAR02796,0.0,0.0,0.0
MAR02797,0.0,0.0,0.0
MAR02798,0.0,0.0,0.0
MAR02799,0.0,0.0,0.0
MAR02800,0.0,0.0,0.0
MAR02801,0.0,0.0,0.10110834038151786
MAR02803,0.0,0.0,-0.10110834038151788
MAR02805,0.0,0.0,0.0
MAR02806,0.0,0.0,0.0
MAR02807,0.0,0.0,0.0
MAR02809,0.0,0.0,0.0
MAR02811,0.0,0.0,0.0
MAR02812,0.0,0.0,0.0
MAR02813,0.0,0.0,0.0
MAR02814,0.0,0.0,0.0
MAR02815,0.0,0.0,0.0
MAR02816,0.0,0.0,0.0
MAR02817,0.0,0.0,0.0
MAR02819,0.0,0.0,0.0
MAR02821,0.0,0.0,0.0
MAR02822,0.0,0.0,0.0
MAR02823,0.0,0.0,0.0
MAR02824,0.0,0.0,0.0
MAR02825,0.0,0.0,0.0
MAR02827,0.0,0.0,0.0
MAR02829,0.0,0.0,0.0
MAR02830,0.0,0.0,0.0
MAR02831,0.0,0.0,0.0
MAR02832,0.0,0.0,0.0
MAR02833,0.0,0.0,0.0
MAR02834,0.0,0.0,0.0
MAR02835,0.0,0.0,0.0
MAR02836,0.0,0.0,0.0
MAR02837,0.0,0.0,0.0
MAR02838,0.0,0.0,0.0
MAR02839,0.0,0.0,0.004063267286610617
MAR02840,0.0,0.0,0.004063267286610617
MAR02841,0.0,0.0,0.0
MAR02842,0.0,0.0,0.0
MAR02843,0.0,0.0,0.0
MAR02844,0.0,0.0,0.0
MAR02845,0.0,0.0,0.0
MAR02846,0.0,0.0,0.0
MAR02847,0.0,0.0,0.0
MAR02848,0.0,0.0,0.0
MAR02849,0.0,0.0,0.0
MAR02850,0.0,0.0,0.0
MAR02851,0.0,0.0,0.0
MAR02852,0.0,0.0,0.0
MAR02853,0.0,0.0,0.0
MAR02854,0.0,0.0,0.0
MAR02855,0.0,0.0,0.0
MAR02856,0.0,0.0,0.0
MAR02857,0.0,-0.03303290471157306,-0.10110834038151788
MAR02859,0.0,0.033032904711573066,0.10110834038151788
MAR02861,0.0,0.002474159687705328,0.0
MAR02862,0.0,-0.0024741596877053285,0.0
MAR02863,-0.0007307892352399283,0.0,0.0
MAR02864,0.0007307892352399283,0.0,0.0
MAR02865,0.0,0.0,0.0
MAR02866,0.0,0.0,0.0
MAR02867,0.0,-0.03550706439927839,0.0
MAR02868,0.0,0.03550706439927839,0.0
MAR02869,0.0,0.013363828517265619,0.0
MAR02870,0.0,0.013363828517265622,0.0
MAR02871,0.0,0.0,0.0
MAR02872,0.0,0.0,0.0
MAR02873,0.0,0.0,0.0
MAR02874,0.0,0.0,0.0
MAR02875,1.607853414784838e-05,0.0,0.0
MAR02876,-1.607853414784838e-05,0.0,0.0
MAR02878,-1.607853414784838e-05,0.0,0.0
MAR02879,1.607853414784838e-05,0.0,0.0
MAR02880,-0.0003209986610928084,0.0,0.0
MAR02882,0.00032099866109280844,0.0,0.0
MAR02884,-0.0007307892352399284,0.0,0.0
MAR02886,0.0007307892352399284,0.0,0.0
MAR02888,0.0,0.0,0.0
MAR02890,0.0,0.0,0.0
MAR02892,0.0,0.0,0.0
MAR02894,0.0,0.0,0.0
MAR02896,0.0,-0.013363828517265619,0.0
MAR02897,0.0,-0.01336382851726562,0.0
MAR02898,0.0,0.0,0.0
MAR02899,0.0,0.0,0.0
MAR02900,0.0,0.0,0.0
MAR02901,0.0,0.0,0.0
MAR02902,0.0,0.0,0.0
MAR02903,0.0,0.0,0.0
MAR02904,0.0,0.0,0.0
MAR02905,0.0,0.0,0.0
MAR02906,0.0,0.0,0.0
MAR02907,0.0,0.0,0.0
MAR02908,0.0,0.0,0.0
MAR02909,0.0,0.0,0.0
MAR02910,0.0,0.0,0.0
MAR02911,0.0,0.0,0.0
MAR02912,0.0,0.0,0.0
MAR02913,0.0,0.0,0.0
MAR02914,0.0,0.0,0.0
MAR02915,0.0,0.0,0.0
MAR02916,0.0,0.0,0.0
MAR02917,0.0,0.0,0.0
MAR02918,0.0,0.0,0.0
MAR02919,0.0,0.0,0.0
MAR02920,0.0,0.0,0.0
MAR02921,0.0,0.0,0.0
MAR02922,0.0,0.0,0.0
MAR02923,0.0,0.0,0.0
MAR02924,0.0,0.0,0.0
MAR02925,0.0,0.0,0.0
MAR02926,0.0,0.0,0.0
MAR02927,0.0,0.0,0.0
MAR02928,0.0,0.0,0.0
MAR02929,0.0,0.0,0.0
MAR02930,0.0,0.0,0.0
MAR02931,0.0,0.0,0.0
MAR02932,0.0,0.0,0.0
MAR00001,0.0,0.0,0.0
MAR00002,0.0,0.0,0.0
MAR00003,0.0,0.0,0.0
MAR00005,0.0,0.0,0.0
MAR00449,1.9353224260951227,2.557581965602184,0.0
MAR00604,0.0,0.0,0.0
MAR00605,0.0,0.0,0.0
MAR00665,0.0,0.0,0.0
MAR00667,0.0,0.0,0.0
MAR00668,0.0,0.0,0.0
MAR00669,0.0,0.0,0.4313723860367066
MAR00670,0.0008468300109577379,0.000713602436506431,0.001919376874030361
MAR00671,2.2098625036324493,0.0,0.0
MAR00672,0.0,0.0,0.0
MAR00679,0.0,0.0,0.0
MAR00680,0.0,0.0,0.4313723860367066
MAR00681,0.0,0.0,0.0019193768740304032
MAR00682,2.2098625036324493,0.0,0.0
MAR00683,0.0,0.0,0.0
MAR00684,0.0,0.0,0.0
MAR07588,0.0,0.0,0.0
MAR03053,0.0,0.0,0.0
MAR03054,0.0,0.0,0.0
MAR03055,0.0,0.0,0.0
MAR03057,0.0,0.0,0.0
MAR03058,0.0,0.0,0.0
MAR03059,0.0,0.0,0.0
MAR03060,0.0,0.0,0.0
MAR03062,0.0,0.0,0.0
MAR03063,0.0,0.0,0.0
MAR03064,0.0,0.0,0.0
MAR03065,0.0,0.0,0.0
MAR03066,0.0,0.0,0.0
MAR03067,0.0,0.0,0.0
MAR03068,0.0,0.0,0.0
MAR03069,0.0,0.0,0.0
MAR03070,0.0,0.0,0.0
MAR03071,0.0,0.0,0.0
MAR03072,0.0,0.0,0.0
MAR03073,0.0,0.0,0.0
MAR03074,0.0,0.0,0.0
MAR03075,0.0,0.0,0.0
MAR03076,0.0,0.0,0.0
MAR03077,0.0,0.0,0.0
MAR03078,0.0,0.0,0.0
MAR03079,0.0,0.0,0.0
MAR03080,0.0,0.0,0.0
MAR03081,0.0,0.0,0.0
MAR03082,0.0,0.0,0.0
MAR03083,0.0,0.0,0.0
MAR03084,0.0,0.0,0.0
MAR03085,0.0,0.0,0.0
MAR03086,0.0,0.0,0.0
MAR03087,0.0,0.0,0.0035811910204464528
MAR03088,0.0,0.0,0.0035811910204464528
MAR03089,0.0,0.0,0.0035811910204464528
MAR03090,0.0,0.0,0.0035811910204464528
MAR03091,0.0,0.0,0.0035811910204464528
MAR03092,0.0,0.0,0.003581191020446453
MAR03093,0.0,0.0,0.003581191020446452
MAR03094,0.0,0.0,0.4649023273932367
MAR03095,0.0,0.0,0.4649023273932367
MAR03096,0.0,0.0,0.4649023273932367
MAR03097,0.0,0.0,0.4649023273932367
MAR03098,0.0,0.0,0.4649023273932367
MAR03099,0.0,0.0,0.0
MAR03100,0.0,0.0,0.0
MAR03101,0.0,0.0,0.0
MAR03102,0.0,0.0,0.36244540043523976
MAR03103,0.0,0.0,0.3624454004352397
MAR03104,0.0,0.0,0.3624454004352397
MAR03106,-0.05805561101933845,-0.15779949756566214,-4.96997945513333
MAR03056,0.0,0.0,0.0
MAR03326,0.0,0.0,0.0
MAR03327,0.0,0.0,0.0
MAR03328,0.0,0.0,0.0
MAR03329,0.0,0.0,0.0
MAR03330,0.0,0.0,0.0
MAR03331,0.0,0.0,0.0
MAR03332,0.0,0.0,0.0
MAR03333,0.0,0.0,0.0
MAR03334,0.0,0.0,0.0
MAR03335,0.0,0.0,0.0
MAR03336,0.0,0.0,0.0
MAR03337,0.0,0.0,0.0
MAR03338,0.0,0.0,0.0
MAR03339,0.0,0.0,0.0
MAR03340,0.0,0.0,0.0
MAR03341,0.0,0.0,0.0
MAR03342,0.0,0.0,0.0035811910204464536
MAR03343,0.0,0.0,0.0035811910204464536
MAR03344,0.0,0.0,0.003581191020446453
MAR03345,0.0,0.0,0.0035811910204464523
MAR03346,0.0,0.0,0.0
MAR03347,0.0,0.0,0.0
MAR03348,0.0,0.0,0.0
MAR03349,0.0,0.0,0.0
MAR03350,0.0,0.0,0.0
MAR03351,0.0,0.0,0.0
MAR03352,0.0,0.0,0.0
MAR03353,0.0,0.0,0.0
MAR03355,0.0,0.0,-0.0035811910204464528
MAR03364,0.0,0.0,0.0
MAR03365,0.0,0.0,0.0
MAR03367,0.0,0.0,0.0
MAR03368,0.0,0.0,0.0
MAR03369,0.0,0.0,0.0
MAR03370,0.0,0.0,0.0
MAR03372,0.0,0.0,0.0
MAR03373,0.0,0.0,0.0
MAR03375,0.0,0.0,0.0
MAR03478,0.0,3.9322922548846395,0.0
MAR03480,0.0,3.932292254884639,0.0
MAR03481,0.0,-3.932292254884638,0.0
MAR03482,0.0,-3.932292254884639,0.0
MAR03484,0.0,0.0,0.0
MAR03486,0.0,0.0,0.0
MAR03488,0.0,0.0,0.0
MAR03489,0.0,0.0,0.0
MAR03491,0.0,0.0,0.0
MAR03493,0.0,0.0,0.0
MAR03498,0.0,0.0,0.0
MAR03501,0.0,0.0,0.0
MAR03503,0.0,0.0,0.0
MAR03505,0.0,0.0,0.0
MAR03506,0.0,0.0,0.0
MAR03508,0.0,0.0,0.0
MAR03509,0.0,0.0,0.0
MAR03510,0.0,0.0,0.0
MAR03511,0.0,0.0,0.0
MAR03512,0.0,0.0,0.0
MAR03513,0.0,0.0,0.0
MAR03514,0.0,0.0,0.0
MAR03515,0.0,0.0,0.0
MAR03517,0.0,0.0,0.0
MAR03301,0.0,0.0,0.0
MAR03302,0.0,0.0,0.0
MAR03304,0.0,0.0,0.0
MAR03305,0.0,0.0,0.0
MAR03306,0.0,0.0,0.0
MAR03307,0.0,0.0,0.0
MAR03309,0.0,0.0,0.0
MAR03310,0.0,0.0,0.0
MAR03311,0.0,0.0,0.0
MAR03312,0.0,0.0,0.0
MAR03314,0.0,0.0,0.0
MAR03315,0.0,0.0,0.0
MAR03316,0.0,0.0,0.0
MAR03317,0.0,0.0,0.0
MAR03319,0.0,0.0,0.0
MAR03320,0.0,0.0,0.0
MAR03321,0.0,0.0,0.0
MAR03322,0.0,0.0,0.0
MAR03323,0.0,0.0,0.0
MAR03107,0.0,0.0,0.0
MAR03108,0.0,0.0,0.0
MAR03109,0.0,0.0,0.0
MAR03110,0.0,0.0,0.0
MAR03111,1.346830862803489e-05,0.0,0.0
MAR03112,1.3468308628034892e-05,0.0,0.0
MAR03113,1.3468308628034892e-05,0.0,0.0
MAR03114,1.346830862803489e-05,0.0,0.0
MAR03115,0.0,0.0,0.0
MAR03116,0.0,0.0,0.0
MAR03117,0.0,0.0,0.0
MAR03118,0.0,0.0,0.0
MAR03121,0.0,0.0,0.0
MAR03122,0.0,0.0,2.1929530087400266
MAR03123,0.0,0.0,2.1929530087400266
MAR03125,0.0,0.0,2.1929530087400266
MAR03128,0.0,0.0,0.0
MAR03129,0.0,0.0,2.192953008740027
MAR03130,0.0,0.0,0.0
MAR03132,0.0,0.0,0.0
MAR03135,0.0,0.0,0.0
MAR03136,0.0,0.0,0.0
MAR03137,0.0,0.0,0.0
MAR03139,0.0,0.0,0.0
MAR03142,0.0,0.0,0.0
MAR03143,0.0,0.0,0.0
MAR03144,0.0,0.0,0.0
MAR03146,0.0,0.0,0.0
MAR03149,0.0,0.0,0.0
MAR03150,0.0,0.0,0.0
MAR03151,0.0,0.0,0.0
MAR03153,0.0,0.0,0.0
MAR03156,0.0,0.0,0.0
MAR03157,0.0,0.0,0.0
MAR03158,0.0,0.0,0.0
MAR03160,0.0,0.0,0.0
MAR03398,0.0,0.0,0.0
MAR03406,0.0,0.0,0.0
MAR03407,0.0,0.0,0.0
MAR03408,0.000764105419657748,0.0,0.0
MAR03409,0.0,0.0,0.0
MAR03411,0.0007641054196577478,0.0,0.0
MAR03413,0.0,0.0,0.0
MAR03414,0.0,0.0,0.0
MAR03416,0.0007641054196577481,0.0,0.0
MAR03421,0.0,0.0,0.0
MAR03422,0.0,0.0,0.0
MAR03423,0.0,0.0,0.0
MAR03424,0.0,0.0,0.0
MAR03425,0.000764105419657748,0.0,0.0
MAR03426,0.0,0.0,0.0
MAR09719,0.0,0.0,0.0
MAR03427,0.0,0.0,0.0
MAR03428,0.0,0.0,0.0
MAR03429,0.0,0.0,0.0
MAR03430,0.0,0.0,0.0
MAR03431,0.0,0.0,0.0
MAR03432,0.000764105419657748,0.0,0.0
MAR03433,0.0,0.0,0.0
MAR03170,0.001528210839315496,0.0,0.0
MAR03171,0.001528210839315496,0.0,0.0
MAR03172,0.001528210839315496,0.0,0.0
MAR03173,0.0015282108393154961,0.0,0.0
MAR03174,0.001528210839315496,0.0,0.0
MAR03175,0.001528210839315496,0.0,0.0
MAR03176,0.001528210839315496,0.0,0.0
MAR03177,0.0015282108393154957,0.0,0.0
MAR03178,0.0,0.0,0.0
MAR03179,0.0,0.0,0.0
MAR03180,0.0,0.0,0.0
MAR03181,0.0,0.0,0.0
MAR03182,0.0,0.0,0.0
MAR03183,0.0,0.0,0.0
MAR03184,0.0,0.0,0.0
MAR03185,0.0,0.0,0.0
MAR03186,0.0,0.0,0.0
MAR03187,0.0,0.0,0.0
MAR03188,0.0,0.0,0.0
MAR03189,0.0,0.0,0.0
MAR03190,0.0,0.0,0.0
MAR03191,0.0,0.0,0.0
MAR03192,0.0,0.0,0.0
MAR03193,0.0,0.0,0.0
MAR03194,0.0,0.0,0.0
MAR03195,0.0,0.0,0.0
MAR03196,0.0,0.0,0.0
MAR03197,0.0,0.0,0.0
MAR03198,0.0,0.0,0.0
MAR03199,0.0,0.0,0.0
MAR03200,0.0,0.0,0.0
MAR03201,0.0,0.0,0.0
MAR03202,0.0,0.0,0.0
MAR03203,0.0,0.0,0.0
MAR03204,0.0,0.0,0.0
MAR03205,0.0,0.0,0.0
MAR03396,0.0,0.0,0.0
MAR03397,0.0,0.0,0.0
MAR03240,0.0,0.0,0.0
MAR03241,0.0,0.0,0.0
MAR03242,0.0,0.0,0.0
MAR03243,0.0,0.0,0.0
MAR03244,0.0,0.0,0.0
MAR03245,0.0,0.0,0.0
MAR03246,0.0,0.0,0.0
MAR03247,0.0,0.0,0.0
MAR03250,1.6078534147848356e-05,0.00047126851194387374,0.0013485865764791456
MAR03252,1.6078534147848356e-05,0.00047126851194387374,0.0013485865764791452
MAR03254,1.6078534147848356e-05,0.00047126851194387374,0.0013485865764791456
MAR03256,1.6078534147848356e-05,0.0004712685119438737,0.0013485865764791458
MAR03258,0.0,0.0,0.0
MAR03260,0.0,0.0,0.0
MAR03262,0.0,0.0,0.0
MAR03264,0.0,0.0,0.0
MAR03272,0.0,0.0,0.0
MAR03356,0.0,0.0,0.0
MAR03357,0.0,0.0,0.0
MAR03358,0.0,0.0,0.0
MAR03359,0.0,0.0,0.0
MAR03360,0.0,0.0,0.0
MAR03361,0.0,0.0,0.0
MAR03362,0.0,0.0,0.0
MAR03363,0.0,0.0,0.0
MAR03218,0.0,0.0,0.0
MAR03219,0.0,0.0,0.0
MAR03220,0.0,0.0,0.0
MAR03221,0.0,0.0,0.0
MAR03222,0.0,0.0,0.0
MAR03223,0.0,0.0,0.0
MAR03224,0.0,0.0,0.0
MAR03225,0.0,0.0,0.0
MAR03226,0.0,0.010081773816479143,0.0
MAR03227,0.0,0.010081773816479143,0.0
MAR03228,0.0,0.010081773816479143,0.0
MAR03229,0.0,0.010081773816479143,0.0
MAR03230,1.607853414784836e-05,0.0004712685119438737,0.0020316336433053085
MAR03231,1.6078534147848356e-05,0.0004712685119438737,0.0020316336433053085
MAR03232,1.6078534147848356e-05,0.00047126851194387374,0.0020316336433053085
MAR03233,1.607853414784836e-05,0.0004712685119438737,0.0020316336433053085
MAR03234,0.0,0.0,0.0
MAR03235,0.0,0.0,0.0
MAR03236,0.0,0.0,0.0
MAR03237,0.0,0.0,0.0
MAR03239,0.0,0.0,0.0
MAR03275,0.0,0.0,0.0
MAR03277,0.0,0.0,0.0
MAR03278,0.0,0.0,0.0
MAR03279,0.0,0.0,0.0
MAR03280,0.0,0.0,0.0
MAR03281,0.0,0.0,0.0
MAR03282,0.0,0.0,0.0
MAR03283,0.0,0.0,0.0
MAR03284,0.0,0.0,0.0
MAR03285,0.0,0.0,0.0
MAR03286,0.0,0.0,0.0
MAR03287,0.0,0.0,0.0
MAR03288,0.0,0.0,0.0
MAR03290,0.0,0.0,0.0
MAR03292,0.0,0.0,0.0
MAR03293,0.0,0.0,0.0
MAR03294,0.0,0.0,0.0
MAR03296,0.0,0.0,0.0
MAR03298,0.0,0.0,0.0
MAR01174,0.0,0.0,0.0
MAR01175,0.0,0.0,0.0
MAR01176,0.0,0.0,0.0
MAR01177,0.0,0.0,0.0
MAR01178,0.0,0.0,0.0
MAR01179,0.0,0.0,0.0
MAR01180,0.0,0.0,0.0
MAR01181,0.0,0.0,0.0
MAR01182,0.0,0.0,0.0
MAR01183,0.0,0.0,0.0
MAR01184,0.0,0.0,0.0
MAR01216,0.0,0.0,0.0
MAR01217,0.0,0.0,0.0
MAR01218,0.0,0.0,0.0
MAR01219,0.0,0.0,0.0
MAR01220,0.0,0.0,0.0
MAR01221,0.0,0.0,0.0
MAR01222,0.0,0.0,0.0
MAR01223,0.0,0.0,0.0
MAR01224,0.0,0.0,0.0
MAR01225,0.0,0.0,0.0
MAR01226,0.0,0.0,0.0
MAR03522,0.0,0.0,0.0
MAR03523,0.0,0.0,0.0
MAR03524,0.0,0.0,0.0
MAR03525,0.0,0.0,0.0
MAR03526,0.0,0.0,0.0
MAR03527,0.0,0.0,0.0
MAR03528,0.0,0.0,0.0
MAR03529,0.0,0.0,0.0
MAR03530,0.0,0.0,0.0
MAR03531,0.0,0.0,0.0
MAR03532,0.0,0.0,0.0
MAR03533,0.0,0.0,0.0
MAR03534,0.0,0.0,0.0
MAR01573,0.36444317649712216,0.0,4.634996623196676
MAR06901,0.0,0.0,0.0
MAR06903,0.0,0.0,0.0
MAR06904,0.0,0.0,0.0
MAR06905,0.0,0.0,0.0
MAR06906,0.0,0.0,0.0
MAR06907,0.0,0.0,0.0
MAR06908,0.0,0.0,0.0
MAR06909,0.0,0.0,0.0
MAR06910,0.0,0.0,0.0
MAR07165,0.0,0.0,0.0
MAR07166,0.0,0.0,0.0
MAR07167,0.0,0.0,0.0
MAR07168,0.0,0.0,0.0
MAR07169,0.0,0.0,0.0
MAR07170,0.0,0.0,0.0
MAR09722,0.0,0.0,0.0
MAR01644,0.0,0.0,0.0
MAR01651,0.0,0.0,0.0
MAR01920,0.0,0.0,0.0
MAR01924,0.0,0.0,0.0
MAR01926,0.0,0.0,0.0
MAR01927,0.0,0.0,0.0
MAR01928,0.0,0.0,0.0
MAR01929,0.0,0.0,0.0
MAR01931,0.0,0.0,0.0
MAR01932,0.0,0.0,0.0
MAR01933,0.0,0.0,0.0
MAR01934,0.0,0.0,0.0
MAR01935,0.0,0.0,0.0
MAR01940,0.0,0.0,0.0
MAR01941,0.0,0.0,0.0
MAR01942,0.0,0.0,0.0
MAR01943,0.0,0.0,0.0
MAR01948,0.0,0.0,0.0
MAR01949,0.0,0.0,0.0
MAR01950,0.0,0.0,0.0
MAR01951,0.0,0.0,0.0
MAR01989,0.0,0.0,0.0
MAR01990,0.0,0.0,0.0
MAR01991,0.0,0.0,0.0
MAR01992,0.0,0.0,0.0
MAR01993,0.0,0.0,0.0
MAR02002,0.0,0.0,0.0
MAR02003,0.0,0.0,0.0
MAR02004,0.0,0.0,0.0
MAR02005,0.0,0.0,0.0
MAR02007,0.0,0.0,0.0
MAR02009,0.0,0.0,0.0
MAR02010,0.0,0.0,0.0
MAR02011,0.0,0.0,0.0
MAR04766,0.0,0.0,0.0
MAR06793,0.0,0.0,0.0
MAR06794,0.0,0.0,0.0
MAR06795,0.0,1.1615746631867787,29.30748066456439
MAR06796,0.0,0.0,0.0
MAR07648,0.0,0.0,0.0
MAR07928,0.0,0.0,0.0
MAR07930,0.0,0.0,0.0
MAR07931,0.0,0.0,0.0
MAR07932,0.0,0.0,0.0
MAR07934,0.0,0.0,0.0
MAR07935,0.0,0.0,0.0
MAR07936,0.0,0.0,0.0
MAR07937,0.0,0.0,0.0
MAR07938,0.0,0.0,0.0
MAR07939,0.0,0.0,0.0
MAR07940,0.0,0.0,0.0
MAR07941,0.0,0.0,0.0
MAR07942,0.0,0.0,0.0
MAR07943,0.0,0.0,0.0
MAR07945,0.0,0.0,0.0
MAR07948,0.0,0.0,0.0
MAR07950,0.0,0.0,0.0
MAR07952,0.0,0.0,0.0
MAR07954,0.0,0.0,0.0
MAR07955,0.0,0.0,0.0
MAR07957,0.0,0.0,0.0
MAR07958,0.0,0.0,0.0
MAR07959,0.0,0.0,0.0
MAR07962,0.0,0.0,0.0
MAR07965,0.0,0.0,0.0
MAR07968,0.0,0.0,0.0
MAR02041,0.0,0.0,0.0
MAR07970,0.0,0.0,0.0
MAR07971,0.0,0.0,0.0
MAR07972,0.0,0.0,0.0
MAR07973,0.0,0.0,0.0
MAR07974,0.0,0.0,0.0
MAR07976,0.0,0.0,0.0
MAR07978,0.0,0.0,0.0
MAR07980,0.0,0.0,0.0
MAR07984,0.0,0.0,0.0
MAR07987,0.0,0.0,0.0
MAR01944,0.0,0.0,0.0
MAR01945,0.0,0.0,0.0
MAR01952,0.0,0.0,0.0
MAR01953,0.0,0.0,0.0
MAR01958,0.0,0.0,0.0
MAR01959,0.0,0.0,0.0
MAR01960,0.0,0.0,0.0
MAR01962,0.0,0.0,0.0
MAR01963,0.0,0.0,0.0
MAR01967,0.0,0.818384246153372,0.0
MAR01968,0.0,0.0,0.0
MAR01969,0.0,0.0,0.0
MAR01970,0.0,0.818384246153372,0.0
MAR01971,0.0,0.0,0.0
MAR01973,0.0,0.818384246153372,0.0
MAR01974,0.0,0.0,0.0
MAR01976,0.0,0.0,0.0
MAR01977,0.0,0.0,0.0
MAR01978,0.0,0.0,0.0
MAR01982,0.0,0.0,0.0
MAR01983,0.0,0.0,0.0
MAR02014,0.0,0.0,0.0
MAR02015,0.0,0.0,0.0
MAR02016,0.0,0.0,0.0
MAR02017,0.0,0.0,0.0
MAR02018,0.0,0.0,0.0
MAR02019,0.0,0.0,0.0
MAR02020,0.0,0.0,0.0
MAR02022,0.0,0.0,0.0
MAR02024,0.0,0.0,0.0
MAR02025,0.0,0.8183842461533721,0.0
MAR01440,0.0,0.0,2.223795797458391
MAR01445,0.0,0.0,0.0
MAR01448,0.0,0.0,0.0
MAR01454,0.0,0.0,0.0
MAR01465,0.0,0.0,0.0
MAR01467,0.0,0.0,0.0
MAR01470,0.0,0.0,0.0
MAR01473,0.0,0.0,0.0
MAR01477,0.0,0.0,0.0
MAR01478,0.0,0.0,0.0
MAR01479,0.0,0.0,0.0
MAR01484,0.0,0.0,0.0
MAR01490,0.0,0.0,0.0
MAR01493,0.0,0.0,0.0
MAR01494,0.0,0.0,0.0
MAR01495,0.0,0.0,0.0
MAR01496,0.0,0.0,0.0
MAR01500,0.0,0.0,0.0
MAR01502,0.0,0.0,0.0
MAR01503,0.0,0.0,0.0
MAR01504,0.0,0.0,0.0
MAR01505,0.0,0.0,0.0
MAR01509,0.0,0.0,0.0
MAR01512,0.0,0.0,0.0
MAR01516,0.0,0.0,0.0
MAR01519,0.0,0.0,0.0
MAR01526,0.0,0.0,0.0
MAR01533,0.0,0.0,0.0
MAR01557,13.23992422791918,0.0,49.69017484475712
MAR01558,0.0,0.0,0.0
MAR01565,0.5225922999506007,0.44037543983884553,0.469375856571725
MAR01535,0.0,0.0,0.0
MAR01536,0.0,0.0,0.0
MAR01538,0.0,0.0,0.0
MAR01539,0.0,0.0,0.0
MAR01540,0.0,0.0,0.0
MAR01543,0.0,0.0,0.0
MAR01544,0.0,0.0,0.0
MAR01545,0.0,0.0,0.0
MAR01546,0.0,0.0,0.0
MAR01547,0.0,0.0,0.0
MAR01548,0.0,0.0,0.0
MAR01549,0.0,0.0,0.0
MAR01550,0.0,0.0,0.0
MAR01551,0.0,0.0,0.0
MAR01552,0.0,0.0,0.0
MAR01553,0.0,0.0,0.0
MAR01437,0.0,0.0,0.0
MAR01451,0.0,0.0,0.0
MAR01457,0.0,0.0,0.0
MAR01460,0.0,0.0,0.0
MAR01531,0.0,0.0,0.0
MAR01570,0.0,0.0,0.0
MAR01576,0.0,0.0,0.0
MAR01577,0.0,0.0,0.0
MAR03105,-0.1776774579937353,-3.3899296317074277,-1.9144189640723925
MAR04630,0.0,0.0,0.0
MAR02029,0.0,0.0,0.0
MAR02030,0.0,0.0,0.0
MAR02031,0.0,0.0,0.0
MAR02032,0.0,0.0,0.0
MAR02033,0.0,0.0,0.0
MAR02034,0.0,0.0,0.0
MAR02036,0.0,0.0,0.0
MAR02037,0.0,0.0,0.0
MAR02038,0.0,0.0,0.0
MAR02042,0.0,0.0,0.0
MAR02043,0.0,0.0,0.0
MAR02044,0.0,0.0,0.0
MAR02045,0.0,0.0,0.0
MAR02046,0.0,0.0,0.0
MAR02047,0.0,0.0,0.0
MAR02048,0.0,0.0,0.0
MAR02049,0.0,0.0,0.0
MAR02050,0.0,0.0,0.0
MAR02051,0.0,0.0,0.0
MAR02052,0.0,0.0,0.0
MAR02053,0.0,0.0,0.0
MAR02054,0.0,0.0,0.0
MAR02055,0.0,0.0,0.0
MAR02056,0.0,0.0,0.0
MAR02057,0.0,0.0,0.0
MAR02058,0.0,0.0,0.0
MAR02059,0.0,0.0,0.0
MAR02060,0.0,0.0,0.0
MAR02061,0.0,0.0,0.0
MAR02062,0.0,0.0,0.0
MAR02063,0.0,0.0,0.0
MAR02064,0.0,0.0,0.0
MAR02068,0.0,0.0,0.0
MAR02069,0.0,0.0,0.0
MAR02070,0.0,0.0,0.0
MAR02071,0.0,0.0,0.0
MAR02072,0.0,0.0,0.0
MAR02073,0.0,0.0,0.0
MAR02074,0.0,0.0,0.0
MAR02075,0.0,0.0,0.0
MAR02076,0.0,0.0,0.0
MAR02077,0.0,0.0,0.0
MAR02078,0.0,0.0,0.0
MAR02079,0.0,0.0,0.0
MAR02083,0.0,0.0,0.0
MAR02084,0.0,0.0,0.0
MAR02085,0.0,0.0,0.0
MAR02086,0.0,0.0,0.0
MAR02088,0.0,0.0,0.0
MAR02089,0.0,0.0,0.0
MAR02091,0.0,0.0,0.0
MAR02095,0.0,0.0,0.0
MAR02096,0.0,0.0,0.0
MAR02097,0.0,0.0,0.0
MAR02098,0.0,0.0,0.0
MAR02099,0.0,0.0,0.0
MAR02100,0.0,0.0,0.0
MAR02102,0.0,0.0,0.0
MAR02106,0.0,0.0,0.0
MAR02107,0.0,0.0,0.0
MAR02108,0.0,0.0,0.0
MAR02109,0.0,0.0,0.0
MAR02110,0.0,0.0,0.0
MAR02111,0.0,0.0,0.0
MAR02112,0.0,0.0,0.0
MAR02113,0.0,0.0,0.0
MAR03537,0.0,0.0,0.0
MAR03538,0.0,0.0,0.0
MAR03539,0.0,0.0,0.0
MAR03540,0.0,0.0,0.0
MAR03541,0.0,0.0,0.0
MAR03542,0.0,0.0,0.0
MAR03543,0.0,0.0,0.0
MAR03544,0.0,0.0,0.0
MAR03545,0.0,0.0,0.0
MAR03546,0.0,0.0,0.0
MAR03547,0.0,0.0,0.0
MAR03548,0.0,0.0,0.0
MAR03549,0.0,0.0,0.0
MAR03550,0.0,0.0,0.0
MAR03551,0.0,0.0,0.0
MAR03552,0.0,0.0,0.0
MAR03553,0.0,0.0,0.0
MAR03554,0.0,0.0,0.0
MAR03555,0.0,0.0,0.0
MAR03556,0.0,0.0,0.0
MAR03557,0.0,0.0,0.0
MAR03558,0.0,0.0,0.0
MAR03559,0.0,0.0,0.0
MAR03560,0.0,0.0,0.0
MAR03561,0.0,0.0,0.0
MAR03562,0.0,0.0,0.0
MAR03563,0.0,0.0,0.0
MAR03564,0.0,0.0,0.0
MAR03565,0.0,0.0,0.0
MAR03566,0.0,0.0,0.0
MAR03567,0.0,0.0,0.0
MAR03568,0.0,0.0,0.0
MAR03569,0.0,0.0,0.0
MAR03570,0.0,0.0,0.0
MAR03571,0.0,0.0,0.0
MAR03572,0.0,0.0,0.0
MAR03573,0.0,0.0,0.0
MAR03574,0.0,0.0,0.0
MAR03575,0.0,0.0,0.0
MAR03576,0.0,0.0,0.0
MAR03577,0.0,0.0,0.0
MAR03578,0.0,0.0,0.0
MAR03579,0.0,0.0,0.0
MAR03580,0.0,0.0,0.0
MAR03581,0.0,0.0,0.0
MAR03582,0.0,0.0,0.0
MAR03583,0.0,0.0,0.0
MAR03584,0.0,0.0,0.0
MAR03585,0.0,0.0,0.0
MAR03586,0.0,0.0,0.0
MAR03587,0.0,0.0,0.0
MAR03588,0.0,0.0,0.0
MAR03589,0.0,0.0,0.0
MAR03590,0.0,0.0,0.0
MAR03591,0.0,0.0,0.0
MAR03592,0.0,0.0,0.0
MAR03593,0.0,0.0,0.0
MAR03594,0.0,0.0,0.0
MAR03595,0.0,0.0,0.0
MAR03596,0.0,0.0,0.0
MAR03622,0.0,0.0,0.0
MAR03625,0.0,0.0,0.0
MAR03626,0.0,0.0,0.0
MAR03627,0.0,0.0,0.0
MAR03628,0.0,0.0,0.0
MAR03629,0.0,0.0,0.0
MAR03630,0.0,0.0,0.0
MAR03631,0.0,0.0,0.0
MAR03632,0.0,0.0,0.0
MAR03633,0.0,0.0,0.0
MAR03634,0.0,0.0,0.0
MAR03635,0.0,0.0,0.0
MAR03636,0.0,0.0,0.0
MAR03637,0.0,0.0,0.0
MAR03638,0.0,0.0,0.0
MAR03639,0.0,0.0,0.0
MAR03640,0.0,0.0,0.0
MAR03641,0.0,0.0,0.0
MAR03642,0.0,0.0,0.0
MAR03643,0.0,0.0,0.0
MAR03644,0.0,0.0,0.0
MAR03645,0.0,0.0,0.0
MAR03646,0.0,0.0,0.0
MAR03647,0.0,0.0,0.0
MAR03648,0.0,0.0,0.0
MAR03649,0.0,0.0,0.0
MAR03650,0.0,0.0,0.0
MAR03651,0.0,0.0,0.0
MAR03652,0.0,0.0,0.0
MAR03653,0.0,0.0,0.0
MAR03654,0.0,0.0,0.0
MAR03655,0.0,0.0,0.0
MAR03656,0.0,0.0,0.0
MAR03657,0.0,0.0,0.0
MAR03658,0.0,0.0,0.0
MAR03659,0.0,0.0,0.0
MAR03660,0.0,0.0,0.0
MAR03661,0.0,0.0,0.0
MAR03662,0.0,0.0,0.0
MAR03663,0.0,0.0,0.0
MAR03664,0.0,0.0,0.0
MAR03665,0.0,0.0,0.0
MAR03666,0.0,0.0,0.0
MAR03667,0.0,0.0,0.0
MAR03668,0.0,0.0,0.0
MAR03669,0.0,0.0,0.0
MAR03670,0.0,0.0,0.0
MAR03671,0.0,0.0,0.0
MAR03672,0.0,0.0,0.0
MAR03673,0.0,0.0,0.0
MAR03674,0.0,0.0,0.0
MAR03675,0.0,0.0,0.0
MAR03676,0.0,0.0,0.0
MAR03677,0.0,0.0,0.0
MAR03678,0.0,0.0,0.0
MAR03679,0.0,0.0,0.0
MAR03680,0.0,0.0,0.0
MAR03681,0.0,0.0,0.0
MAR03682,0.0,0.0,0.0
MAR03683,0.0,0.0,0.0
MAR03684,0.0,0.0,0.0
MAR03685,0.0,0.0,0.0
MAR03686,0.0,0.0,0.0
MAR03687,0.0,0.0,0.0
MAR03688,0.0,0.0,0.0
MAR03689,0.0,0.0,0.0
MAR03690,0.0,0.0,0.0
MAR03691,0.0,0.0,0.0
MAR03692,0.0,0.0,0.0
MAR03693,0.0,0.0,0.0
MAR03694,0.0,0.0,0.0
MAR03695,0.0,0.0,0.0
MAR03696,0.0,0.0,0.0
MAR03697,0.0,0.0,0.0
MAR03698,0.0,0.0,0.0
MAR03699,0.0,0.0,0.0
MAR03700,0.0,0.0,0.0
MAR03701,0.0,0.0,0.0
MAR03702,0.0,0.0,0.0
MAR03703,0.0,0.0,0.0
MAR03704,0.0,0.0,0.0
MAR03705,0.0,0.0,0.0
MAR03706,0.0,0.0,0.0
MAR03707,0.0,0.0,0.0
MAR03708,0.0,0.0,0.0
MAR03709,0.0,0.0,0.0
MAR03710,0.0,0.0,0.0
MAR03711,0.0,0.0,0.0
MAR03712,0.0,0.0,0.0
MAR03713,0.0,0.0,0.0
MAR03714,0.0,0.0,0.0
MAR03715,0.0,0.0,0.0
MAR03716,0.0,0.0,0.0
MAR03717,0.0,0.0,0.0
MAR03718,0.0,0.0,0.0
MAR03719,0.0,0.0,0.0
MAR03720,0.0,0.0,0.0
MAR03721,0.0,0.0,0.0
MAR03722,0.0,0.0,0.0
MAR03723,0.0,0.0,0.0
MAR03724,0.0,0.0,0.0
MAR03725,0.0,0.0,0.0
MAR03726,0.0,0.0,0.0
MAR03727,0.0,0.0,0.0
MAR03728,0.0,0.0,0.0
MAR03729,0.0,0.0,0.0
MAR03730,0.0,0.0,0.0
MAR03731,0.0,0.0,0.0
MAR03732,0.0,0.0,0.0
MAR03733,0.0,0.0,0.0
MAR03734,0.0,0.0,0.0
MAR03735,0.0,0.0,0.0
MAR03736,0.0,0.0,0.0
MAR03737,0.0,0.0,0.0
MAR03738,0.0,0.0,0.0
MAR03739,0.0,0.0,0.0
MAR03740,0.0,0.0,0.0
MAR03741,0.0,0.0,0.0
MAR03742,0.0,0.0,0.0
MAR00715,0.0,0.0,0.0
MAR00716,0.0,0.0,0.0
MAR00733,0.0,0.0,0.0
MAR00735,0.0,0.0,0.0
MAR00736,0.2773585107097127,0.2337230689361145,0.6286450697108003
MAR00738,0.0,0.0,0.0
MAR00741,0.0,0.0,0.0
MAR00744,0.0,0.0,0.0
MAR00746,0.0,0.0,0.0
MAR00748,0.0,0.0,0.0
MAR00750,0.0,0.0,0.0
MAR00753,-6.371031721789848,-18.58304792548397,-20.398193369453423
MAR00754,0.0,3.92535161642527,18.40774150013174
MAR00758,5.547402846386928,17.527345663611534,19.769548299742624
MAR00760,0.5462703646932073,0.0,0.0
MAR00761,0.0,0.0,0.0
MAR00762,0.0,0.0,0.0
MAR00763,0.0,0.0,0.0
MAR00765,0.0,0.0,0.0
MAR00766,0.0,0.0,0.0
MAR00767,0.0,0.0,0.0
MAR00773,5.547402846386928,4.243515076537947,0.0
MAR00775,0.0,0.0,0.0
MAR00779,0.0,0.0,0.0
MAR00781,0.0,0.0,0.0
MAR00783,0.0,0.0,0.0
MAR00795,0.0,0.0,0.0
MAR08147,0.0,0.0,0.0
MAR08148,0.0,0.0,0.0
MAR08149,0.0,0.0,0.0
MAR08150,0.0,0.0,0.0
MAR08151,0.0,0.0,0.0
MAR08152,0.0,0.0,0.0
MAR08155,0.0,0.0,0.0
MAR08156,0.0,0.0,0.0
MAR08159,0.0,0.0,0.0
MAR08162,0.0,0.0,0.0
MAR08165,0.0,0.0,0.0
MAR08166,0.0,0.0,0.0
MAR08167,0.0,0.0,0.0
MAR08168,0.0,0.0,0.0
MAR08169,0.0,0.0,0.0
MAR08170,0.0,0.0,0.0
MAR08171,0.0,0.0,0.0
MAR08172,0.0,0.0,0.0
MAR08173,0.0,0.0,0.0
MAR08174,0.0,0.0,0.0
MAR08175,0.0,0.0,0.0
MAR08176,0.0,0.0,0.0
MAR08177,0.0,0.0,0.0
MAR08178,0.0,0.0,0.0
MAR08179,0.0,0.0,0.0
MAR08180,0.0,0.0,0.0
MAR08181,0.0,0.0,0.0
MAR08182,0.0,0.0,0.0
MAR08183,0.0,0.0,0.0
MAR08184,0.0,0.0,0.0
MAR08185,0.0,0.0,0.0
MAR08186,0.0,0.0,0.0
MAR08187,0.0,0.0,0.0
MAR08188,0.0,0.0,0.0
MAR08189,0.0,0.0,0.0
MAR08190,0.0,0.0,0.0
MAR08191,0.0,0.0,0.0
MAR08192,0.0,0.0,0.0
MAR08194,0.0,0.0,0.0
MAR08197,0.0,0.0,0.0
MAR08198,0.0,0.0,0.0
MAR08201,0.0,0.0,0.0
MAR00786,0.0,0.0,0.0
MAR08206,0.0,0.0,0.0
MAR08209,0.0,0.0,0.0
MAR08210,0.0,0.0,0.0
MAR08211,0.0,0.8219791929363242,0.0
MAR08212,0.0,0.0,0.0
MAR08217,0.0,0.0,0.0
MAR08219,6.198405786520818,0.0,0.0
MAR08220,0.0,0.033032904711573066,1.9904518693216895
MAR08221,0.0,0.0,0.0
MAR08224,0.0,0.0,0.0
MAR08226,0.0,0.0,0.0
MAR08227,0.0,0.0,0.0
MAR08228,0.0,0.0,0.0
MAR08233,0.0,0.0,0.0
MAR08235,0.0,0.0,0.0
MAR08237,0.0,0.0,0.0
MAR08238,0.006678354204124068,0.0,0.0
MAR08242,0.0,0.0,0.0
MAR08245,0.0,0.0,0.0
MAR08246,0.0,0.0,0.0
MAR08248,0.0,0.0,0.0
MAR08249,0.0,0.0,0.0
MAR08250,0.0,0.0,0.0
MAR08251,0.0,0.0,0.0
MAR00453,0.0,-0.31785088942313305,0.0
MAR00456,0.0,0.0,0.0
MAR00458,0.0,0.0,0.0
MAR00459,0.0,0.0,0.0
MAR00463,0.0,0.0,0.0
MAR00486,0.0,0.0,0.0
MAR00487,0.0,0.0,0.0
MAR00488,0.0,0.0,0.0
MAR00489,0.0,0.0,0.0
MAR00490,0.0,0.0,0.0
MAR00491,0.0,0.0,0.0
MAR00492,0.0,0.0,0.0
MAR00493,0.0,0.0,0.0
MAR00494,0.0,0.0,0.0
MAR00495,0.0,0.0,0.0
MAR00496,0.0,0.0,0.0
MAR00497,0.0,0.0,0.0
MAR00498,0.0,0.0,0.0
MAR00499,0.0,0.0,0.0
MAR00500,0.0,0.0,0.0
MAR00501,0.0,0.0,0.0
MAR00502,0.0,0.0,0.0
MAR00503,0.0,0.0,0.0
MAR00504,0.0,0.0,0.0
MAR00505,0.0,0.0,0.0
MAR00506,0.0,0.0,0.0
MAR00507,0.0,0.0,0.0
MAR00508,0.0,0.0,0.0
MAR00509,0.0,0.0,0.0
MAR00510,0.0,0.0,0.0
MAR00511,0.0,0.0,0.0
MAR00512,0.0,0.0,0.0
MAR00513,0.0,0.0,0.0
MAR00514,0.0,0.0,0.0
MAR00515,0.0,0.0,0.0
MAR00516,0.0,0.0,0.0
MAR00517,0.0,0.0,0.0
MAR00518,0.0,0.0,0.0
MAR00519,0.0,0.0,0.0
MAR00520,0.0,0.0,0.0
MAR00521,0.0,0.0,0.0
MAR00522,0.0,0.0,0.0
MAR00523,0.0,0.0,0.0
MAR00524,0.0,0.0,0.0
MAR00525,0.0,0.0,0.0
MAR00526,0.0,0.0,0.0
MAR00527,0.0,0.0,0.0
MAR00528,0.0,0.0,0.0
MAR00529,0.0,0.0,0.0
MAR00530,0.0,0.0,0.0
MAR00531,0.0,0.0,0.0
MAR00532,0.0,0.0,0.0
MAR00533,0.0,0.0,0.0
MAR00534,0.0,0.0,0.0
MAR00535,0.0,0.0,0.0
MAR00536,0.0,0.0,0.0
MAR00537,0.0,0.0,0.0
MAR00538,0.0,0.0,0.0
MAR00539,0.0,0.0,0.0
MAR00540,0.0,0.0,0.0
MAR00541,0.0,0.0,0.0
MAR00542,0.0,0.0,0.0
MAR00543,0.0,0.0,0.0
MAR00544,0.0,0.0,0.0
MAR00588,0.023057853281074223,0.0,0.0
MAR00596,0.0,0.0,0.0
MAR00673,0.0,0.0,0.0
MAR00674,0.0,0.0,0.0
MAR00675,0.0008468300109577379,0.000713602436506431,0.0
MAR00676,0.0,0.0,0.0
MAR00677,0.0,0.0,0.0
MAR00678,0.0,0.0,0.0
MAR04296,0.0,0.0,0.0
MAR04390,0.0,0.0,0.0
MAR05254,0.0,0.0,0.0
MAR07599,0.0,0.0,0.0
MAR00448,2.2135858585363515,2.7920675894124787,0.0
MAR00450,0.0,0.0,0.0
MAR00468,0.0,0.0,0.0
MAR00478,0.0,0.0,0.0
MAR00479,0.0,0.0,0.0
MAR00481,0.0,0.0,0.0
MAR00483,0.0,0.0,0.0
MAR00482,0.0,0.0,0.0
MAR00484,0.0,0.0,0.0
MAR00579,0.18550895496081934,0.15632374920686296,0.21023203799463966
MAR00580,0.18550895496081932,0.15632374920686293,0.21023203799463966
MAR00581,0.18550895496081932,0.15632374920686296,0.2102320379946396
MAR00582,0.09275447748040966,0.07816187460343148,0.0
MAR00584,0.09275447748040964,0.07816187460343146,0.0
MAR00586,0.09275447748040964,0.07816187460343146,0.2102320379946396
MAR00589,0.9472334659133571,0.5600716018992633,0.0
MAR00590,0.0,0.0,0.0
MAR00591,2.295830068126488,0.0724427130470828,0.0
MAR00592,0.0,0.0,0.0
MAR00593,0.0,0.0,0.0
MAR00594,0.0,0.0,0.0
MAR00597,0.9472334659133572,0.5600716018992635,0.0
MAR00598,0.0008468300109577378,0.0007136024365064307,0.0019193768740303613
MAR00599,2.2958300681264885,0.07244271304708282,0.0
MAR00600,0.0,0.0,0.0
MAR00601,0.0,0.0,0.0
MAR00602,0.0,0.0,0.0
MAR00607,0.19848406892849332,0.0,0.0
MAR00610,0.0,0.0,0.0
MAR00613,0.0,0.0,0.0
MAR00614,0.0,0.0,0.0
MAR00615,0.0859675644940382,0.07244271304708282,0.0
MAR00616,0.0859675644940382,0.0724427130470828,0.0
MAR00622,0.0,0.0,0.1948492059462513
MAR00623,0.0,0.0,0.0
MAR00625,1.22459197662307,0.7937946708353782,0.0
MAR00627,0.0,0.0,0.0
MAR00629,0.0,0.0,0.0
MAR00630,0.0,0.0,0.0
MAR00632,0.0,0.0007136024365064307,5.317022564373941
MAR00633,0.0,0.0,0.0
MAR00634,0.0,0.0,0.0
MAR00635,0.0,0.0,0.0
MAR00636,1.2245919766230697,0.7937946708353784,0.0
MAR00638,1.2245919766230695,0.7937946708353784,0.0
MAR00640,0.0,0.0,0.0
MAR00641,0.0,0.0,0.0
MAR00642,0.0,0.0,0.0
MAR00643,0.0,0.0,0.21023203799463963
MAR00644,0.0,0.0,0.0
MAR00645,0.0,0.0,0.2102320379946396
MAR00646,0.0,0.0,0.2102320379946396
MAR00647,0.0,0.0,0.40508124394089096
MAR00648,0.0,0.0,0.0
MAR00649,0.0,0.0,0.0
MAR00651,0.0859675644940382,0.07244271304708282,0.0
MAR00653,1.3281922279841065,0.9370398363194458,0.46267171702205573
MAR00654,1.3281922279841065,0.9370398363194458,0.46267171702205573
MAR00657,1.3281922279841065,0.9370398363194458,0.46267171702205573
MAR00660,0.0,0.0,0.0
MAR04627,0.0,0.0,3.0824947292420823
MAR04838,0.0,0.0,3.0824947292420823
MAR04839,0.0,0.0,3.0824947292420823
MAR07591,0.0,0.0,0.0
MAR07594,0.0,0.0,0.0
MAR07597,0.0,0.0,0.0
MAR07601,0.0,0.0,0.0
MAR07611,0.0,0.0,0.0
MAR07612,0.0,0.0,0.0
MAR07613,0.0,0.0,0.0
MAR07755,6.748544180693615,6.656641254304568,0.0
MAR08362,0.0,0.0,0.0
MAR08421,1.22459197662307,0.7937946708353778,0.0
MAR08424,0.0,0.0,0.0
MAR08518,0.0,0.0,0.0
MAR08519,0.0,0.0,220.7890772980745
MAR08521,0.0,0.0,0.0
MAR08522,0.0,0.0,0.0
MAR08523,0.0,0.0,0.0
MAR08525,0.0,0.0,0.0
MAR09805,0.0,0.0,0.0
MAR00815,0.0,0.0,0.0
MAR00816,0.0,0.0,0.0
MAR00817,0.0,0.0,0.0
MAR00819,0.0,0.0,0.0
MAR00820,0.0,0.0,0.0
MAR00821,0.0,0.0,0.0
MAR00822,0.0,0.0,0.0
MAR00823,0.0,0.0,0.0
MAR00824,0.0,0.0,0.0
MAR00825,0.0,0.0,0.0
MAR00827,0.0,0.0,0.0
MAR00828,0.0,0.0,0.0
MAR00829,0.0,0.0,0.0
MAR00830,0.0,0.0,0.0
MAR00837,0.0,0.0,0.0
MAR00838,0.0,0.0,0.0
MAR00839,0.0,0.0,0.0
MAR00840,0.0,0.0,0.0
MAR00841,0.0,0.0,0.0
MAR00842,0.0,0.0,0.0
MAR00843,0.0,0.0,0.0
MAR00844,0.0,0.0,0.0
MAR00845,0.0,0.0,0.0
MAR00846,0.0,0.0,0.0
MAR00847,0.0,0.0,0.0
MAR00848,0.0,0.0,0.0
MAR00849,0.0,0.0,0.0
MAR00850,0.0,0.0,0.0
MAR00851,0.0,0.0,0.0
MAR00852,0.0,0.0,0.0
MAR00853,0.0,0.0,0.0
MAR00854,0.0,0.0,0.0
MAR00855,0.0,0.0,0.0
MAR00856,0.0,0.0,0.0
MAR00857,0.0,0.0,0.0
MAR00858,0.0,0.0,0.0
MAR00928,0.0,0.0,0.0
MAR00801,0.0,0.0,0.0
MAR00803,0.0,0.0,0.0
MAR00805,0.0,0.0,0.0
MAR00806,0.0,0.0,0.0
MAR00807,0.0,0.0,0.0
MAR00809,0.0,0.0,0.0
MAR00810,0.0,0.0,0.0
MAR00811,0.0,0.0,0.0
MAR00812,0.0,0.0,0.0
MAR00813,0.0,0.0,0.0
MAR00814,0.0,0.0,0.0
MAR00859,0.0,0.0,0.0
MAR00860,0.0,0.0,0.0
MAR00861,0.0,0.0,0.0
MAR00862,0.0,0.0,0.0
MAR00863,0.0,0.0,0.0
MAR00864,0.0,0.0,0.0
MAR00865,0.0,0.0,0.0
MAR00866,0.0,0.0,0.0
MAR00867,0.0,0.0,0.0
MAR00868,0.0,0.0,0.0
MAR00870,0.0,0.0,0.0
MAR00871,0.0,0.0,0.0
MAR00873,0.0,0.0,0.0
MAR00875,0.0,0.0,0.0
MAR00876,0.0,0.0,0.0
MAR00877,0.0,0.0,0.0
MAR00878,0.0,0.0,0.0
MAR00879,0.0,0.0,0.0
MAR00880,0.0,0.0,0.0
MAR00881,0.0,0.0,0.0
MAR00882,0.0,0.0,0.0
MAR00883,0.0,0.0,0.0
MAR00884,0.0,0.0,0.0
MAR00885,0.0,0.0,0.0
MAR00886,0.0,0.0,0.0
MAR00887,0.0,0.0,0.0
MAR00888,0.0,0.0,0.0
MAR00889,0.0,0.0,0.0
MAR00890,0.0,0.0,0.0
MAR00891,0.0,0.0,0.0
MAR00892,0.0,0.0,0.0
MAR00893,0.0,0.0,0.0
MAR00894,0.0,0.0,0.0
MAR00895,0.0,0.0,0.0
MAR00896,0.0,0.0,0.0
MAR00897,0.0,0.0,0.0
MAR00898,0.0,0.0,0.0
MAR00899,0.0,0.0,0.0
MAR00900,0.0,0.0,0.0
MAR00901,0.0,0.0,0.0
MAR00902,0.0,0.0,0.0
MAR00903,0.0,0.0,0.0
MAR00904,0.0,0.0,0.0
MAR00905,0.0,0.0,0.0
MAR00906,0.0,0.0,0.0
MAR00907,0.0,0.0,0.0
MAR00908,0.0,0.0,0.0
MAR00909,0.0,0.0,0.0
MAR00910,0.0,0.0,0.0
MAR00911,0.0,0.0,0.0
MAR00912,0.0,0.0,0.0
MAR00787,0.0,0.0,0.0
MAR00790,0.0,0.0,0.0
MAR00792,0.0,0.0,0.0
MAR00793,0.0,0.8219791929363242,0.0
MAR00794,0.0,0.8183842461533719,0.0
MAR00797,0.0,0.0,0.0
MAR00804,0.0,0.0,0.0
MAR00808,0.0,0.0,0.0
MAR00826,0.0,0.0,0.0
MAR00832,0.0,0.0,0.0
MAR00834,0.0,0.0,0.0
MAR00835,0.0,0.0,0.0
MAR00836,0.0,0.0,0.0
MAR00914,0.0,0.0,0.0
MAR00915,0.0,0.0,0.0
MAR00919,0.0,0.821979192936324,0.0
MAR00920,0.0,0.0,0.0
MAR00921,0.0,0.0,0.0
MAR00924,0.0,0.0,0.0
MAR00925,0.0,0.0,0.0
MAR00926,0.0,0.0,0.0
MAR07188,0.0,0.0,0.0
MAR08378,0.0,0.0,0.0
MAR08379,0.0,0.0,0.0
MAR07185,0.0,0.0,0.0
MAR08380,0.0,0.0,0.0
MAR07186,0.0,0.0,0.0
MAR08381,0.0,0.0,0.0
MAR07187,0.0,0.0,0.0
MAR08383,0.0,0.0,0.0
MAR08384,0.0,0.0,0.0
MAR08385,0.0,0.0,0.0
MAR08387,0.0,0.0,0.0
MAR08388,0.0,0.0,0.0
MAR08389,0.0,0.0,0.0
MAR08390,0.0,0.0,0.0
MAR08391,0.0,0.0,0.0
MAR08392,0.0,0.0,0.0
MAR08393,0.0,0.0,0.0
MAR08394,0.0,0.0,0.0
MAR08395,0.0,0.0,0.0
MAR08396,0.0,0.0,0.0
MAR08397,0.0,0.0,0.0
MAR08398,0.0,0.0,0.0
MAR08399,0.0,0.0,0.0
MAR08401,0.0,0.0,0.0
MAR08402,0.0,0.0,0.0
MAR08403,0.0,0.0,0.0
MAR08404,0.0,0.0,0.0
MAR08405,0.0,0.0,0.0
MAR08406,0.0,0.0,0.0
MAR08407,0.0,0.0,0.0
MAR01979,0.0,0.0,0.0
MAR01980,0.0,0.0,0.0
MAR01981,0.0,0.0,0.0
MAR01985,0.0,0.0,0.0
MAR01987,0.0,0.0,0.0
MAR01988,0.0,0.0,0.0
MAR01995,0.0,0.0,0.0
MAR01996,0.0,0.0,0.0
MAR01999,0.0,0.0,0.0
MAR02000,0.0,0.0,0.0
MAR02001,0.0,0.0,0.0
MAR01305,0.0,0.0,0.0
MAR01307,0.0,0.0,0.0
MAR01308,0.0,0.0,0.0
MAR01310,0.0,0.0,0.0
MAR01312,0.0,7.456507080360795,0.0
MAR01313,0.0,0.0,0.0
MAR01315,0.0,0.0,0.0
MAR01317,0.0,0.0,0.0
MAR01318,0.0,0.0,0.0
MAR01319,0.0,0.0,0.0
MAR01320,0.0,0.0,0.0
MAR01321,-2.009256371602096,-2.1018905131599257,-7.224113893153932
MAR01322,2.009256371602096,2.101890513159926,7.224113893153933
MAR01323,77.51075778763,65.78334863490177,0.0
MAR01324,-77.51075778763001,-65.78334863490178,0.0
MAR01325,0.0,0.0,0.0
MAR01326,0.0,0.0,0.0
MAR01327,13.59920750023129,0.2839653542870771,0.0
MAR01328,0.0,0.0,0.0
MAR01329,0.0,0.0,0.0
MAR01330,0.0,0.0,0.0
MAR01332,0.0,0.0,0.0
MAR01333,0.0,0.0,0.0
MAR01334,0.0,0.0,0.0
MAR01335,0.0,0.0,0.0
MAR01336,0.0,0.0,0.0
MAR01337,0.0,0.0,0.0
MAR01338,0.0,0.0,0.0
MAR01339,0.0,7.456507080360795,0.0
MAR01341,0.0,0.0,0.0
MAR01342,0.0,0.0,0.0
MAR01343,0.0,0.0,0.0
MAR01344,0.0,0.0,0.0
MAR01345,0.0,0.0,0.0
MAR01346,0.0,2.109275119000006,0.0
MAR01347,0.003723354903902216,2.149144358835388,0.0
MAR01350,0.0,0.0,0.0
MAR01352,0.0,0.0,0.0
MAR01355,0.0,0.0,0.0
MAR01356,0.0,0.0,0.0
MAR01357,0.0,0.0,0.0
MAR01358,0.0,0.0,0.0
MAR01359,0.0,0.0,0.0
MAR01360,0.0,0.0,0.0
MAR01361,0.0,0.0,0.0
MAR01362,0.0,0.0,0.0
MAR01363,0.0,0.0,0.0
MAR01364,0.0,0.0,0.0
MAR01365,0.0,0.0,0.0
MAR01366,0.0,0.0,0.0
MAR01367,0.0,0.0,0.0
MAR01370,0.0,0.0,0.0
MAR01373,0.0,0.0,0.0
MAR01374,0.0,0.0,0.0
MAR01375,0.0,0.0,0.0
MAR01376,0.0,0.0,0.0
MAR01379,0.0,0.0,0.0
MAR01382,0.0,0.0,0.0
MAR01383,0.0,0.0,0.0
MAR01384,0.0,0.0,0.0
MAR01387,0.0,0.0,0.0
MAR01388,0.0,0.0,0.0
MAR01389,0.0,0.0,0.0
MAR01390,0.0,0.006306492719946639,0.0
MAR01391,0.0,0.0,0.0
MAR01393,0.0,0.0,0.0
MAR01394,0.0,-0.006306492719946638,0.0
MAR01395,0.0,-2.1018905131599257,0.0
MAR01398,0.0,0.0,0.0
MAR01401,0.0,0.0,0.0
MAR01402,0.0,0.0,0.0
MAR00703,0.0,0.0,0.0
MAR00705,0.0,0.0,0.0
MAR00706,0.0,0.0,0.0
MAR00708,0.0,0.0,0.0
MAR07598,0.0,0.0,0.0
MAR07600,0.0,0.0,0.0
MAR07602,0.0,0.0,0.0
MAR07603,0.0,0.0,0.0
MAR07604,0.0,0.0,0.0
MAR07605,0.0,0.0,0.0
MAR07606,0.0,0.0,0.0
MAR07607,0.0,0.0,0.0
MAR07610,0.0,0.0,0.0
MAR07614,0.0,0.0,0.0
MAR07615,0.0,0.0,0.0
MAR00024,0.0,0.0,0.0
MAR00025,0.0,0.0,0.0
MAR00026,0.0,0.0,0.0
MAR00027,0.0,0.0,0.0
MAR00028,0.0,0.0,0.0
MAR00029,0.0,0.0,0.0
MAR00030,0.0,0.0,0.0
MAR07200,0.0,0.0,0.0
MAR07202,0.0,0.0,0.0
MAR07203,0.0,0.0,0.0
MAR07205,0.0,0.0,0.0
MAR07206,0.0,0.0,0.0
MAR07207,0.0,0.0,0.0
MAR07208,0.0,0.0,0.0
MAR07209,0.0,0.0,0.0
MAR07210,0.0,0.0,0.0
MAR07211,0.0,0.0,0.0
MAR07212,0.0,0.0,0.0
MAR07213,0.0,0.0,0.0
MAR07214,0.0,0.0,0.0
MAR07215,0.0,0.0,0.0
MAR07216,0.0,0.0,0.0
MAR07217,0.0,0.0,0.0
MAR07218,0.0,0.0,0.0
MAR07219,0.0,0.0,0.0
MAR07220,0.0,0.0,0.0
MAR07221,0.0,0.0,0.0
MAR07222,0.0,0.0,0.0
MAR07490,0.0,0.0,0.0
MAR07491,0.0,0.0,0.0
MAR07492,0.0,0.0,0.0
MAR07493,0.0,0.0,0.0
MAR07494,0.0,0.0,0.0
MAR07495,0.0,0.0,0.0
MAR07496,0.0,0.0,0.0
MAR07497,0.0,0.0,0.0
MAR07498,0.0,0.0,0.0
MAR07509,0.0,0.0,0.0
MAR07510,0.0,0.0,0.0
MAR07519,0.0,0.0,0.0
MAR07520,0.0,0.0,0.0
MAR07521,0.0,0.0,0.0
MAR07522,0.0,0.0,0.0
MAR07534,0.0,0.0,0.0
MAR07535,0.0,0.0,0.0
MAR07536,0.0,0.0,0.0
MAR07537,0.0,0.0,0.0
MAR07538,0.0,0.0,0.0
MAR07551,0.0,0.0,0.0
MAR07552,0.0,0.0,0.0
MAR07553,0.0,0.0,0.0
MAR07554,0.0,0.0,0.0
MAR07501,0.0,0.0,0.0
MAR07502,0.0,0.0,0.0
MAR07503,0.0,0.0,0.0
MAR07504,0.0,0.0,0.0
MAR07505,0.0,0.0,0.0
MAR07506,0.0,0.0,0.0
MAR07507,0.0,0.0,0.0
MAR07508,0.0,0.0,0.0
MAR07513,0.0,0.0,0.0
MAR07514,0.0,0.0,0.0
MAR07515,0.0,0.0,0.0
MAR07516,0.0,0.0,0.0
MAR07517,0.0,0.0,0.0
MAR07518,0.0,0.0,0.0
MAR07525,0.0,0.0,0.0
MAR07526,0.0,0.0,0.0
MAR07527,0.0,0.0,0.0
MAR07528,0.0,0.0,0.0
MAR07529,0.0,0.0,0.0
MAR07530,0.0,0.0,0.0
MAR07531,0.0,0.0,0.0
MAR07532,0.0,0.0,0.0
MAR07533,0.0,0.0,0.0
MAR07541,0.0,0.0,0.0
MAR07542,0.0,0.0,0.0
MAR07543,0.0,0.0,0.0
MAR07544,0.0,0.0,0.0
MAR07545,0.0,0.0,0.0
MAR07546,0.0,0.0,0.0
MAR07547,0.0,0.0,0.0
MAR07548,0.0,0.0,0.0
MAR07549,0.0,0.0,0.0
MAR07550,0.0,0.0,0.0
MAR07557,0.0,0.0,0.0
MAR07558,0.0,0.0,0.0
MAR07559,0.0,0.0,0.0
MAR07560,0.0,0.0,0.0
MAR07561,0.0,0.0,0.0
MAR07562,0.0,0.0,0.0
MAR07563,0.0,0.0,0.0
MAR07564,0.0,0.0,0.0
MAR07565,0.0,0.0,0.0
MAR07566,0.0,0.0,0.0
MAR07567,0.0,0.0,0.0
MAR07225,0.0,0.0,0.0
MAR07226,0.0,0.0,0.0
MAR07227,0.0,0.0,0.0
MAR07228,0.0,0.0,0.0
MAR07229,0.0,0.0,0.0
MAR07230,0.0,0.0,0.0
MAR07231,0.0,0.0,0.0
MAR07232,0.0,0.0,0.0
MAR07233,0.0,0.0,0.0
MAR07234,0.0,0.0,0.0
MAR07235,0.0,0.0,0.0
MAR07236,0.0,0.0,0.0
MAR07237,0.0,0.0,0.0
MAR07238,0.0,0.0,0.0
MAR07239,0.0,0.0,0.0
MAR07240,0.0,0.0,0.0
MAR07241,0.0,0.0,0.0
MAR07242,0.0,0.0,0.0
MAR07243,0.0,0.0,0.0
MAR07244,0.0,0.0,0.0
MAR07245,0.0,0.0,0.0
MAR07246,0.0,0.0,0.0
MAR07247,0.0,0.0,0.0
MAR07248,0.0,0.0,0.0
MAR07249,0.0,0.0,0.0
MAR07250,0.0,0.0,0.0
MAR07251,0.0,0.0,0.0
MAR07571,0.0,0.0,0.3575511055770857
MAR07572,0.0,0.0,0.35755110557708564
MAR07573,0.0,0.0,0.35755110557708564
MAR07335,0.0,0.0,0.0
MAR07336,0.0,0.0,0.0
MAR07337,0.0,0.0,0.0
MAR07338,0.0,0.0,0.0
MAR07339,0.0,0.0,0.0
MAR07340,0.0,0.0,0.0
MAR07341,0.0,0.0,0.0
MAR07342,0.0,0.0,0.0
MAR07343,0.0,0.0,0.0
MAR07344,0.0,0.0,0.0
MAR07345,0.0,0.0,0.0
MAR07346,0.0,0.0,0.0
MAR07347,0.0,0.0,0.0
MAR07348,0.0,0.0,0.0
MAR07349,0.0,0.0,0.0
MAR07350,0.0,0.0,0.0
MAR07351,0.0,0.0,0.0
MAR07352,0.0,0.0,0.0
MAR07353,0.0,0.0,0.0
MAR07354,0.0,0.0,0.0
MAR07355,0.0,0.0,0.0
MAR07356,0.0,0.0,0.0
MAR07357,0.0,0.0,0.0
MAR07358,0.0,0.0,0.0
MAR07359,0.0,0.0,0.0
MAR07360,0.0,0.0,0.0
MAR07361,0.0,0.0,0.0
MAR07362,0.0,0.0,0.0
MAR07363,0.0,0.0,0.0
MAR07364,0.0,0.0,0.0
MAR07365,0.0,0.0,0.0
MAR07366,0.0,0.0,0.0
MAR07367,0.0,0.0,0.0
MAR07368,0.0,0.0,0.0
MAR07369,0.0,0.0,0.0
MAR07370,0.0,0.0,0.0
MAR07371,0.0,0.0,0.0
MAR07442,0.0,0.0,0.0
MAR07443,0.0,0.0,0.0
MAR07444,0.0,0.0,0.0
MAR07445,0.0,0.0,0.0
MAR07446,0.0,0.0,0.0
MAR07447,0.0,0.0,0.0
MAR07448,0.0,0.0,0.0
MAR07449,0.0,0.0,0.0
MAR07450,0.0,0.0,0.0
MAR07451,0.0,0.0,0.0
MAR07452,0.0,0.0,0.0
MAR07471,0.0,0.0,0.0
MAR07472,0.0,0.0,0.0
MAR07473,0.0,0.0,0.0
MAR07474,0.0,0.0,0.0
MAR07475,0.0,0.0,0.0
MAR07476,0.0,0.0,0.0
MAR07477,0.0,0.0,0.0
MAR07478,0.0,0.0,0.0
MAR07479,0.0,0.0,0.0
MAR07480,0.0,0.0,0.0
MAR07481,0.0,0.0,0.0
MAR07373,0.0,0.0,0.0
MAR07375,0.0,0.0,0.0
MAR07376,0.0,0.0,0.0
MAR07377,0.0,0.0,0.0
MAR07378,0.0,0.0,0.0
MAR07379,0.0,0.0,0.0
MAR07380,0.0,0.0,0.0
MAR07381,0.0,0.0,0.0
MAR07382,0.0,0.0,0.0
MAR07383,0.0,0.0,0.0
MAR07384,0.0,0.0,0.0
MAR07385,0.0,0.0,0.0
MAR07386,0.0,0.0,0.0
MAR07387,0.0,0.0,0.0
MAR07388,0.0,0.0,0.0
MAR07389,0.0,0.0,0.0
MAR07390,0.0,0.0,0.0
MAR07391,0.0,0.0,0.0
MAR07392,0.0,0.0,0.0
MAR07393,0.0,0.0,0.0
MAR07394,0.0,0.0,0.0
MAR07395,0.0,0.0,0.0
MAR07396,0.0,0.0,0.0
MAR07397,0.0,0.0,0.0
MAR07398,0.0,0.0,0.0
MAR07399,0.0,0.0,0.0
MAR07400,0.0,0.0,0.0
MAR07401,0.0,0.0,0.0
MAR07402,0.0,0.0,0.0
MAR07403,0.0,0.0,0.0
MAR07404,0.0,0.0,0.0
MAR07405,0.0,0.0,0.0
MAR07406,0.0,0.0,0.0
MAR07407,0.0,0.0,0.0
MAR07408,0.0,0.0,0.0
MAR07409,0.0,0.0,0.0
MAR07410,0.0,0.0,0.0
MAR07411,0.0,0.0,0.0
MAR07412,0.0,0.0,0.0
MAR07413,0.0,0.0,0.0
MAR07414,0.0,0.0,0.0
MAR07415,0.0,0.0,0.0
MAR07416,0.0,0.0,0.0
MAR07417,0.0,0.0,0.0
MAR07418,0.0,0.0,0.0
MAR07419,0.0,0.0,0.0
MAR07420,0.0,0.0,0.0
MAR07421,0.0,0.0,0.0
MAR07422,0.0,0.0,0.0
MAR07423,0.0,0.0,0.0
MAR07424,0.0,0.0,0.0
MAR07425,0.0,0.0,0.0
MAR07426,0.0,0.0,0.0
MAR07427,0.0,0.0,0.0
MAR07455,0.0,0.0,0.0
MAR07456,0.0,0.0,0.0
MAR07457,0.0,0.0,0.0
MAR07458,0.0,0.0,0.0
MAR07459,0.0,0.0,0.0
MAR07460,0.0,0.0,0.0
MAR07461,0.0,0.0,0.0
MAR07462,0.0,0.0,0.0
MAR07463,0.0,0.0,0.0
MAR07464,0.0,0.0,0.0
MAR07465,0.0,0.0,0.0
MAR07466,0.0,0.0,0.0
MAR07467,0.0,0.0,0.0
MAR07468,0.0,0.0,0.0
MAR07469,0.0,0.0,0.0
MAR07484,0.0,0.0,0.0
MAR07485,0.0,0.0,0.0
MAR07486,0.0,0.0,0.0
MAR07487,0.0,0.0,0.0
MAR07488,0.0,0.0,0.0
MAR07489,0.0,0.0,0.0
MAR08643,0.0,0.0,0.0
MAR08645,0.0,0.0,0.0
MAR08648,0.0,0.0,0.0
MAR01581,0.0,0.0,0.0
MAR01584,0.0,0.0,0.0
MAR01585,0.0,0.0,0.0
MAR01589,0.0,0.0,0.0
MAR01590,0.0,0.0,0.0
MAR01592,0.0,0.0,0.0
MAR01593,0.0,0.0,0.0
MAR01595,0.0,0.0,0.0
MAR01598,0.0,0.0,0.0
MAR01599,0.0,0.0,0.0
MAR01604,0.0,0.0,0.0
MAR01605,0.0,0.0,0.0
MAR01608,0.0,0.0,0.0
MAR01609,0.0,0.0,0.0
MAR01610,0.0,0.0,0.0
MAR01611,0.0,0.0,0.0
MAR01613,0.0,0.0,0.0
MAR01614,0.0,0.0,0.0
MAR01619,0.0,0.0,0.0
MAR01620,0.0,0.0,0.0
MAR01622,0.0,0.0,0.0
MAR01623,0.0,0.03303290471157306,0.0
MAR01624,0.0,0.0,0.0
MAR01625,0.0,0.03303290471157306,0.0
MAR01627,0.0,0.0,0.0
MAR01629,0.0,0.0,0.0
MAR01630,0.0,0.0,0.0
MAR01631,0.0,0.0,0.0
MAR01632,0.0,0.033032904711573066,0.0
MAR01635,0.0,0.0,0.0
MAR01637,0.0,0.0,0.0
MAR01638,0.0,0.03303290471157306,0.0
MAR01639,0.0,0.0,0.0
MAR01642,0.0,0.0,0.0
MAR01646,0.0,0.0,0.0
MAR01652,0.0,0.033032904711573066,0.0
MAR01653,0.0,0.0,0.0
MAR01656,0.0,-0.03303290471157306,0.0
MAR01659,0.4240785079100501,0.0,0.0
MAR01660,0.0,0.0,0.0
MAR01662,0.0,0.0,0.0
MAR01663,0.0,0.0,0.0
MAR01665,0.0,0.0,0.0
MAR01666,0.0,0.0,0.0
MAR01667,0.4240785079100501,0.0,0.0
MAR01668,0.0,0.0,0.0
MAR01670,0.0,0.0,0.0
MAR01673,0.0,0.0,0.0
MAR01676,0.0,0.0,0.0
MAR01678,0.0,0.0,0.0
MAR01679,0.0,0.0,0.0
MAR01681,0.0,0.0,0.0
MAR01682,0.0,0.0,0.0
MAR01684,0.0,0.0,0.0
MAR01685,0.0,0.0,0.0
MAR01687,0.0,0.0,0.0
MAR01689,0.0,0.0,0.0
MAR01691,0.0,0.0,0.0
MAR01692,0.0,0.0,0.0
MAR01693,0.0,0.0,3.0824947292420823
MAR01694,0.0,0.0,4.848255904798299e-16
MAR01695,0.0,0.0,0.0
MAR01696,0.5038212648844066,0.0,0.0
MAR01697,0.0,0.0,0.0
MAR01699,0.0,0.0,0.0
MAR01700,0.5038212648844065,0.0,0.0
MAR01701,-0.5038212648844065,0.0,0.0
MAR01702,0.0,0.0,0.0
MAR01703,0.0,0.0,0.0
MAR01704,0.0,0.0,0.0
MAR01706,0.0,0.0,0.0
MAR01708,0.0,0.0,0.0
MAR01710,0.0,0.0,0.0
MAR01716,0.0,0.0,0.0
MAR01717,0.0,0.0,0.0
MAR01718,0.0,0.0,0.0
MAR01720,0.0,0.0,0.0
MAR01722,0.0,0.0,0.0
MAR01723,0.0,0.0,0.0
MAR01725,0.0,0.0,0.0
MAR01726,0.5038212648844065,0.0,0.0
MAR01727,0.0,0.0,0.0
MAR01729,0.0,0.0,0.0
MAR01730,0.0,0.0,0.0
MAR01735,0.0,0.0,0.0
MAR01737,0.0,0.0,0.0
MAR01738,0.0,0.0,0.0
MAR01739,0.0,0.0,0.0
MAR01740,0.0,0.0,0.0
MAR01741,0.0,0.0,0.0
MAR01742,0.0,0.0,0.0
MAR01743,0.0,0.0,0.0
MAR01744,0.0,0.0,0.0
MAR01745,0.0,0.0,0.0
MAR01746,0.0,0.0,0.0
MAR01747,0.0,0.0,0.0
MAR01748,0.0,0.0,0.0
MAR01749,0.0,0.0,0.0
MAR01750,0.0,0.0,0.0
MAR01751,0.0,0.0,0.0
MAR01752,0.0,0.0,0.0
MAR01753,0.0,0.0,0.0
MAR01754,0.0,0.0,0.0
MAR01756,0.0,0.0,0.0
MAR01758,0.0,0.0,0.0
MAR01759,0.0,0.0,0.0
MAR01760,0.0,0.0,0.0
MAR01761,0.0,0.0,0.0
MAR01762,0.0,0.0,0.0
MAR01764,0.0,0.0,0.0
MAR01765,0.0,0.0,0.0
MAR01766,0.0,0.0,0.0
MAR01767,0.0,0.0,0.0
MAR01768,0.0,0.0,0.0
MAR01769,0.0,0.0,0.0
MAR01770,0.0,0.0,0.0
MAR01771,0.0,0.0,0.0
MAR01772,0.0,0.0,0.0
MAR01774,0.0,0.0,0.0
MAR01776,0.0,0.02992555050843595,0.0
MAR01777,0.0,0.0,0.0
MAR01778,0.0,0.0,0.0
MAR01781,0.0,0.0,0.0
MAR01783,0.0,0.0,0.0
MAR01784,0.0,0.0,0.0
MAR01785,0.0,0.0,0.0
MAR01786,0.0,0.0,0.0
MAR01787,0.0,0.0,0.0
MAR01790,0.0,0.0,0.0
MAR01792,0.0,0.0,0.0
MAR01794,0.0,0.0,0.0
MAR01796,0.0,0.0,0.0
MAR01797,0.0,0.0,0.0
MAR01798,0.0,0.0,0.0
MAR01800,0.0,0.0,0.0
MAR01802,0.0,0.0,0.0
MAR01803,0.0,0.0,0.0
MAR01804,0.0,0.0,0.0
MAR01805,0.0,0.0,0.0
MAR01806,0.0,0.0,0.0
MAR01807,0.0,0.0,0.0
MAR01810,0.0,0.0,0.0
MAR01811,0.0,0.0,0.0
MAR01813,0.0,0.0,0.0
MAR01815,0.0,0.0,0.0
MAR01817,0.0,0.0,0.0
MAR01819,0.0,0.0,0.0
MAR01830,0.0,0.0,32.191209784373264
MAR01831,0.0,0.0,0.0
MAR01832,0.0,-3.932292254884639,0.0
MAR01833,0.0,0.0,0.0
MAR01834,0.0,0.0,0.0
MAR01835,0.0,3.93229225488464,0.0
MAR01836,0.0,0.0,0.0
MAR01837,0.0,0.0,0.0
MAR01838,0.0,0.0,0.0
MAR01839,0.0,0.0,0.0
MAR01840,0.0,0.0,0.0
MAR01841,0.0,37.540873291850424,0.0
MAR01842,0.5038212648844065,9.034363295415618,181.65011121433795
MAR01843,-0.5038212648844065,-46.575236587266026,-181.65011121433798
MAR01844,107.69300799249574,15.316489178353471,113.39355863602586
MAR01845,0.0,0.0,0.0
MAR01846,0.0,0.0,0.0
MAR03799,0.0,0.0,0.0
MAR03908,0.0,0.0,0.0
MAR03910,0.0,0.0,0.0
MAR03911,0.0,0.0,0.0
MAR04679,0.0,0.0,0.0
MAR08063,0.0,0.0,0.0
MAR08064,0.0,0.0,0.0
MAR08065,0.0,0.0,0.0
MAR08759,0.0,0.0,0.0
MAR01847,0.0,0.0,0.0
MAR01848,-0.42407850791005014,0.03303290471157306,0.0
MAR01850,0.4240785079100501,-0.03303290471157306,0.0
MAR01852,0.0,0.0,0.0
MAR01853,0.0,0.0,0.0
MAR01854,0.0,0.0,0.0
MAR01855,0.0,0.0,0.0
MAR01857,0.0,0.0,0.0
MAR01859,0.0,0.0,0.0
MAR01861,0.0,0.0,0.0
MAR01862,0.0,0.0,0.0
MAR01863,0.0,0.0,0.0
MAR01864,0.0,0.0,0.0
MAR01865,0.0,0.0,0.0
MAR01866,0.0,0.0,0.0
MAR01867,0.0,0.0,0.0
MAR01868,0.0,0.0,0.0
MAR01870,0.0,0.0,0.0
MAR01872,0.0,0.0,0.0
MAR01874,0.0,0.0,0.0
MAR01875,0.0,0.0,0.0
MAR01876,0.0,0.0,0.0
MAR01877,0.0,0.0,0.0
MAR01878,0.0,0.0,0.0
MAR01879,0.0,0.0,0.0
MAR01880,0.42407850791005014,0.0,0.0
MAR01881,0.0,0.0,0.0
MAR01882,0.0,0.0,0.0
MAR01883,0.0,0.0,0.0
MAR01884,0.0,0.0,0.0
MAR01885,0.0,0.0,0.0
MAR01886,-0.5038212648844065,0.0,-36.713247685856906
MAR01887,0.0,0.0,36.713247685856906
MAR01888,0.0,0.0,0.0
MAR01889,0.0,0.0,0.0
MAR01890,-0.4240785079100502,0.0,0.0
MAR01891,0.0,0.0,0.0
MAR01892,0.0,0.0,0.0
MAR01893,0.0,0.0,0.0
MAR01894,0.0,0.0,0.0
MAR01895,0.0,0.0,0.0
MAR01896,0.0,0.0,0.0
MAR01897,0.0,0.0,0.0
MAR01403,0.0,0.0,0.0
MAR01404,0.0,0.0,0.0
MAR01405,0.0,0.0,0.0
MAR01406,0.0,0.0,0.0
MAR01407,0.0,0.0,0.0
MAR01408,0.0,0.0,0.0
MAR01409,0.0,0.0,0.0
MAR01410,0.0,0.0,0.0
MAR01411,0.0,0.0,0.0
MAR01412,0.0,0.0,0.0
MAR01413,0.0,0.0,0.0
MAR01414,0.0,0.0,0.0
MAR01415,0.0,0.0,0.0
MAR01416,0.0,0.0,0.0
MAR01417,0.0,0.0,0.0
MAR01418,0.0,0.0,0.0
MAR01419,0.0,0.0,0.0
MAR01420,0.0,0.0,0.0
MAR01421,0.0,0.0,0.0
MAR01422,0.0,0.0,0.0
MAR01423,0.0,0.0,0.0
MAR01424,0.0,0.0,0.0
MAR01425,0.0,0.0,0.0
MAR01426,0.0,0.0,0.0
MAR01427,0.0,0.0,0.0
MAR01428,0.0,0.0,0.0
MAR01429,0.0,0.0,0.0
MAR01430,0.0,0.0,0.0
MAR01431,0.0,0.0,0.0
MAR01432,0.0,0.0,0.0
MAR01433,0.0,0.0,0.0
MAR08262,0.0,0.0,0.0
MAR08263,0.0,0.0,0.0
MAR08264,0.0,0.0,0.0
MAR08267,0.0,0.0,0.0
MAR08268,0.0,0.0,0.0
MAR08271,0.0,0.0,0.0
MAR08275,0.0,0.0,0.0
MAR08276,0.0,0.0,0.0
MAR08277,0.0,0.0,0.0
MAR08278,0.0,0.0,0.0
MAR08279,0.0,0.0,0.0
MAR08280,0.0,0.0,0.0
MAR08281,0.0,0.0,0.0
MAR08284,0.0,0.0,0.0
MAR08285,0.0,0.0,0.0
MAR08286,0.0,0.0,0.0
MAR08287,0.0,0.0,0.0
MAR08288,0.0,0.0,0.0
MAR08291,0.0,0.0,0.0
MAR08292,0.0,0.0,0.0
MAR08293,0.0,0.0,0.0
MAR08294,0.0,0.0,0.0
MAR08295,0.0,0.0,0.0
MAR08298,0.0,0.0,0.0
MAR08302,0.0,0.0,0.0
MAR08305,0.0,0.0,0.0
MAR08306,0.0,0.0,0.0
MAR08307,0.0,0.0,0.0
MAR08308,0.0,0.0,0.0
MAR08309,0.0,0.0,0.0
MAR08316,0.0,0.0,0.0
MAR08317,0.0,0.0,0.0
MAR08318,0.0,0.0,0.0
MAR08319,0.0,0.0,0.0
MAR08322,0.0,0.0,0.0
MAR08325,0.0,0.0,0.0
MAR08326,0.0,0.0,0.0
MAR08327,0.0,0.0,0.0
MAR08330,0.0,0.0,0.0
MAR08331,0.0,0.0,0.0
MAR08332,0.0,0.0,0.0
MAR08333,0.0,0.0,0.0
MAR08334,0.0,0.0,0.0
MAR08337,0.0,0.0,0.0
MAR00712,0.0,0.0,0.0
MAR03992,0.0,0.0,0.0
MAR04228,0.0,0.0,0.0
MAR04251,0.0,1.5598208198890087,26.237335559581247
MAR04252,0.0,0.0,0.0
MAR04253,0.0,0.0,0.0
MAR04254,0.0,0.0,-2.41531962599586
MAR04255,0.0,0.0,0.0
MAR04257,0.4138421444854336,0.3487344081014036,1.4290288590034181
MAR04259,0.0,0.0,0.0
MAR04260,0.0,0.0,0.0
MAR04261,0.0,0.0,0.0
MAR04262,-0.03857065241938088,-0.032502522570043185,-0.08742205320094154
MAR04263,0.0,0.0,0.0
MAR04264,0.0,0.0,0.0
MAR04265,0.0,0.0,0.0
MAR04267,0.0,0.0,0.0
MAR04268,0.0,0.0,0.0
MAR04269,0.005933946526059884,0.005000388087729604,0.013449546646293093
MAR04270,0.0,0.0,0.0
MAR04271,0.0,0.0,0.0
MAR04276,-0.4138421444854336,-0.34873440810140355,-1.4290288590034181
MAR04278,0.0,0.0,0.0
MAR04279,0.0,0.0,0.0
MAR04662,0.0,0.0,0.0
MAR07142,0.0,0.0,0.0
MAR07143,0.0,0.0,0.0
MAR07623,0.0,0.0,0.0
MAR07625,0.0,0.0,0.0
MAR07627,0.0,0.0,0.0
MAR07676,0.0,0.0,0.0
MAR07677,0.0,0.0,0.0
MAR07678,0.0,0.0,0.0
MAR08788,0.0,0.0,0.0
MAR08790,0.0,0.0,0.0
MAR08791,0.0,0.0,0.0
MAR03871,0.0,0.0,0.0
MAR04058,0.0,0.0,0.0
MAR04498,0.0,0.0,0.0
MAR04499,0.0,0.0,0.0
MAR04500,0.0,0.0,0.0
MAR04714,0.0,0.0,0.0
MAR04715,0.0,0.0,0.0
MAR04716,0.0,0.0,0.0
MAR04717,0.0,0.0,0.0
MAR04718,0.0,0.0,0.0
MAR04723,0.0,0.0,0.0
MAR04725,0.0,0.0,0.0
MAR04727,0.0,0.0,0.0
MAR04730,0.0,0.0,0.0
MAR04731,0.0,0.0,0.0
MAR04732,0.0,0.0,0.0
MAR04733,0.0,0.0,0.0
MAR04734,0.0,0.0,0.0
MAR07731,0.0,0.0,0.0
MAR08792,0.0,0.0,0.0
MAR00663,0.0,0.0,0.0
MAR04308,0.12362388595956107,0.10584154785618163,0.0
MAR06539,0.0,0.0007136024365064307,0.0
MAR06540,0.0,0.0,0.0
MAR06542,0.0,0.0,0.0
MAR06543,0.0,0.0,0.0
MAR06544,0.0,0.0,0.0
MAR06545,0.0,0.0,0.0
MAR06546,0.0,0.0,0.0
MAR06547,0.0,0.0,0.0
MAR06548,0.0,0.0,0.0
MAR06549,0.0,0.0,0.0
MAR06550,0.0,0.0,0.0
MAR06551,0.0,0.0,0.0
MAR06552,0.0,0.0,0.0
MAR06553,0.0,0.0,0.0
MAR06554,0.0,0.0,0.0
MAR06555,0.0,0.0,0.0
MAR06556,0.0,0.0,0.0
MAR06557,0.0,0.0,0.0
MAR06558,0.0,0.0,0.0
MAR06559,0.0,0.0,0.0
MAR06560,0.0,0.0,0.0
MAR06561,0.0,0.0,0.0
MAR06562,0.0,0.0,0.0
MAR06563,0.0,0.0,0.0
MAR06564,0.0,0.0,0.0
MAR06565,0.0,0.0,0.0
MAR06566,0.0,0.0,0.0
MAR06567,0.0,0.0,0.0
MAR06568,0.0,0.0,0.0
MAR06569,0.0,0.0,0.0
MAR06570,0.0,0.0,0.0
MAR06571,0.0,0.0,0.0
MAR06572,0.0,0.0,0.0
MAR06573,0.0,0.0,0.0
MAR06574,0.0,0.0,0.0
MAR06575,0.0,0.0,0.0
MAR06576,0.0,0.0,0.0
MAR06579,0.0,0.0,0.0
MAR06580,0.0,0.0,0.0
MAR06581,0.0,0.0,0.0
MAR06583,0.0,0.0,0.0
MAR06584,0.0,0.0,0.0
MAR06585,0.0,0.0,0.0
MAR06587,0.0,0.0,0.0
MAR06588,0.0,0.0,0.0
MAR06589,0.0,0.0,0.0
MAR06591,0.0,0.0,0.0
MAR06592,0.0,0.0,0.0
MAR06595,0.0,0.0,0.0
MAR07652,0.0,0.0,0.0
MAR07654,0.0,0.0,0.0
MAR07655,0.0,0.0,0.0
MAR07656,0.0,0.0,0.0
MAR08799,0.0,0.0,0.0
MAR08800,0.0,0.0,0.0
MAR08801,0.0,0.0,0.0
MAR08802,0.0,0.0,0.0
MAR08803,0.0,0.0,0.0
MAR08804,0.0,0.0,0.0
MAR08805,0.0,0.0,0.0
MAR08806,0.0,0.0,0.0
MAR08807,0.0,0.0,0.0
MAR08808,0.0,0.0,0.0
MAR08809,0.0,0.0,0.0
MAR08810,0.011528926640537111,0.0,0.0
MAR08811,0.0,0.0,0.0
MAR08812,0.011528926640537111,0.0,0.0
MAR08813,0.0,0.0,0.0
MAR08814,0.0,0.0,0.0
MAR08815,0.0,0.0,0.0
MAR08816,0.0,0.0,0.0
MAR08817,0.0,0.0,0.0
MAR08818,0.0,0.0,0.0
MAR08819,0.01152892664053711,0.0,0.0
MAR08820,0.0,0.0,0.0
MAR08821,0.0,0.0,0.0
MAR08822,0.0,0.0,0.0
MAR08823,0.0,0.0,0.0
MAR08824,0.0,0.0,0.0
MAR08825,0.0,0.0,0.0
MAR08826,0.0,0.0,0.0
MAR08827,0.0,0.0,0.0
MAR08829,0.0,0.0,0.0
MAR08830,0.01152892664053711,0.0,0.0
MAR08831,0.0,0.0,0.0
MAR08833,0.0,0.0,0.0
MAR08835,0.0,0.0,0.0
MAR08836,0.0,0.0,0.0
MAR03923,0.0,0.0,7.27167157690336
MAR03925,0.000846830010957738,0.0007136024365064309,1.5731386307531632
MAR03929,0.0,0.0,0.0
MAR03972,0.0,0.0,0.0
MAR04332,0.000846830010957738,0.000713602436506431,0.0019193768740303615
MAR04333,0.0,0.0,0.0
MAR04335,0.0,0.0,7.27167157690336
MAR04336,0.0,0.0,0.0
MAR04338,0.0,0.0,0.0
MAR04340,0.0,0.0,0.0
MAR04440,0.0,0.0,0.0
MAR04442,0.0,0.0,0.0
MAR04444,0.0,-0.011287193494069137,0.0
MAR04446,0.0,0.0,0.0
MAR04448,0.0,0.0,4.824698864785401
MAR04503,0.0,0.011287193494069137,0.0
MAR04505,0.0,-0.011287193494069137,0.0
MAR04654,0.0,0.0,0.0
MAR04655,0.0,0.0,-1.7770030022325873
MAR04656,0.0008468300109576539,0.0,0.0
MAR04665,0.0,0.0,0.0
MAR09726,0.0,0.0,0.0
MAR04666,0.0,0.0,0.0
MAR07145,0.0,0.0,0.0
MAR07146,0.0,0.0,0.0
MAR07147,0.0,0.0,0.0
MAR07908,0.0,0.0,0.0
MAR07909,0.0,0.0,0.0
MAR07910,0.0,0.0,0.0
MAR07911,0.0,0.0,0.0
MAR07912,0.0,0.0,0.0
MAR07913,0.0,0.0,0.0
MAR07916,0.0,0.0,0.0
MAR07919,0.0,0.0,0.0
MAR07920,0.0,0.0,0.0
MAR07921,0.0,0.0,0.0
MAR07922,0.0,0.0,0.0
MAR07925,0.0,0.0,0.0
MAR08105,0.0,0.0,0.0
MAR08106,0.0,0.0,0.0
MAR08107,0.0,0.0,0.0
MAR08108,0.0,0.0,0.0
MAR08109,0.0,0.0,0.0
MAR08110,0.0,0.0,0.0
MAR08112,0.0,0.0,0.0
MAR08113,0.0,0.0,0.0
MAR08114,0.0,0.0,0.0
MAR08115,0.0,0.0,0.0
MAR08116,0.0,0.0,0.0
MAR08117,0.0,0.0,0.0
MAR08129,0.0,0.0,0.0
MAR08130,0.0,0.0,0.0
MAR08132,0.0,0.0,0.0
MAR08133,0.0,0.0,0.0
MAR08135,0.0,0.0,0.0
MAR08136,0.0,0.0,0.0
MAR08137,0.0,0.0,0.0
MAR08138,0.0,0.0,0.0
MAR08139,0.0,0.0,0.0
MAR08140,0.0,0.0,0.0
MAR08141,0.0,0.0,0.0
MAR08142,0.0,0.0,0.0
MAR08143,0.0,0.0,0.0
MAR08144,0.0,0.011287193494069135,0.0
MAR08758,0.0,0.0,0.0
MAR07661,0.0,0.0,0.0
MAR07662,0.0,0.0,0.0
MAR07663,0.0,0.0,0.0
MAR07668,0.0,0.0,0.0
MAR07669,0.0,0.0,0.0
MAR07670,0.0,0.0,0.0
MAR07671,0.0,0.0,0.0
MAR07672,0.0,0.0,0.0
MAR07673,0.0,0.0,0.0
MAR04160,0.0,0.0,0.0
MAR04162,0.0,0.0,0.0
MAR04163,0.0,0.0,0.0
MAR04165,0.0,0.0,0.0
MAR04166,0.0,0.0,0.0
MAR04167,0.0,0.0,0.0
MAR04169,0.0,0.0,0.0
MAR04170,0.0,0.0,0.0
MAR04523,0.0,0.0,0.0
MAR04539,0.0,0.0,0.0
MAR04540,0.0,0.0,0.0
MAR04541,0.0,0.0,0.0
MAR04542,0.0,0.0,0.0
MAR04543,0.0,0.0,0.0
MAR04544,0.0,0.0,0.0
MAR04816,0.0,0.0,0.0
MAR04817,0.0,0.0,0.0
MAR04818,0.0,0.0,0.0
MAR04833,0.0,0.0,0.0
MAR04834,0.0,0.0,0.0
MAR04835,0.0,0.0,0.0
MAR04836,0.0,0.0,0.0
MAR08538,0.0,0.0,1.5712192538791325
MAR08738,0.0,0.0,0.0
MAR08739,0.0,0.0,0.0
MAR08740,0.0,0.0,0.0
MAR06393,0.0,0.0,0.0
MAR06394,0.0,0.0,0.0
MAR06396,0.0,0.0,0.0
MAR06405,0.0,0.0,0.0
MAR08345,0.0,0.0,0.0
MAR08346,0.0,0.0,0.0
MAR08348,0.0,0.0,0.0
MAR08349,0.0,0.0,0.0
MAR08619,0.0,0.0,0.0
MAR08620,0.0,0.0,0.0
MAR08621,0.0,0.0,0.0
MAR08622,0.0,0.0,0.0
MAR08623,0.0,0.0,0.0
MAR08624,0.0,0.0,0.0
MAR08625,0.0,0.0,0.0
MAR03991,0.0,0.0,0.0
MAR04657,0.0,0.0,0.0
MAR04744,0.02072042550488868,1.288700516220496,12.855374695557211
MAR04746,0.005180106376222169,0.32217512905512397,6.410840990444786
MAR04748,0.005180106376222169,0.3221751290551239,6.410840990444786
MAR04750,0.005180106376222169,0.0,0.0
MAR04752,0.000846830010957738,0.5215141841515475,0.0
MAR04755,0.0,0.0,0.0
MAR04757,0.0,0.0,0.0
MAR04762,0.0,0.0,0.0
MAR04763,0.0,0.0,0.0
MAR04764,0.0,0.0,0.0
MAR04768,0.0,0.0,0.0
MAR04769,0.0,-0.32217512905512397,-6.410840990444786
MAR04770,-0.004333276365264431,0.5215141841515475,0.0
MAR04771,0.0,0.0,0.0
MAR04772,0.0,0.0,0.0
MAR04773,0.0,0.0,0.0
MAR06395,6.341526682269717,0.0,0.0
MAR08634,0.0,0.0,0.0
MAR09717,0.0,0.0,0.0
MAR06630,0.0,0.0,0.0
MAR06631,0.0,0.0,0.0
MAR06632,0.0012665631468237468,0.002848204507447406,0.0038276269256025744
MAR06633,0.0,0.0,0.0
MAR06634,0.000846830010957738,0.000713602436506431,0.0019193768740303615
MAR06635,0.0,0.0,0.0
MAR06636,0.0,0.0,0.0
MAR06637,0.0,0.0007136024365064307,0.0
MAR06638,0.0008468300109577378,0.0,0.001919376874030361
MAR06639,0.0,0.0,0.0
MAR06640,0.0,0.0,0.0
MAR06641,0.0004221877156079157,0.00035576701182349596,0.0009569067314006438
MAR06642,0.00042218771560791567,0.00035576701182349596,0.0009569067314006438
MAR06643,0.0008468300109577381,0.000713602436506431,0.0019193768740303617
MAR06644,0.0,0.0,0.0
MAR06645,0.0,0.0,0.0
MAR06646,0.0,0.0,0.0
MAR06647,0.0,0.0014251364601534228,0.0
MAR06648,0.0004221877156079157,0.00035576701182349596,0.0009569067314006438
MAR06649,0.00042218771560791567,0.00035576701182349596,0.0009569067314006438
MAR06650,0.0004221877156079156,0.0007115340236469918,0.0019138134628012872
MAR06651,0.0008468300109577379,0.0,0.0019193768740303613
MAR06652,0.0,0.00035576701182349585,0.0009569067314006436
MAR06653,0.0004221877156079157,0.0003557670118234959,0.0009569067314006438
MAR06654,0.0004221877156079156,0.0003557670118234959,0.0009569067314006438
MAR06655,0.0004221877156079157,0.00035576701182349596,0.0009569067314006438
MAR06656,0.0004221877156079157,0.0003557670118234959,0.0009569067314006438
MAR06657,0.0004221877156079157,0.00035576701182349596,0.0009569067314006438
MAR06658,0.00042218771560791567,0.00035576701182349596,0.0009569067314006438
MAR06659,-0.0004221877156079157,-0.0003557670118234959,-0.0009569067314006438
MAR06660,-0.0004221877156079156,0.0,0.0
MAR06661,-0.0033824108843471387,-0.001069369448329927,-31.679942896658392
MAR06662,0.001266563146823747,-0.0007136024365064306,0.0019138134628012874
MAR06663,0.0,0.0,0.0
MAR06664,0.0004221877156079157,0.0003557670118234959,0.0009569067314006438
MAR06665,0.0004221877156079156,0.0003557670118234959,0.0009569067314006438
MAR06666,0.0,0.0,0.0
MAR06667,0.0,0.0,0.0
MAR06668,0.00042218771560791567,0.0003557670118234959,0.0009569067314006438
MAR06669,0.0004221877156079156,0.0003557670118234959,0.0009569067314006437
MAR06670,0.0,0.0,0.0
MAR06671,0.0,0.0,0.0
MAR06672,0.0,0.0,31.67323342271616
MAR06673,-0.0004221877156079157,-0.000355767011823496,-0.0009569067314006438
MAR06674,0.0,0.0,0.0
MAR06675,-0.0004221877156079156,-0.0003557670118234959,-31.67419032944756
MAR06676,0.0,0.0,0.0
MAR06677,0.0004221877156079157,0.00035576701182349596,0.0009569067314006438
MAR06678,0.00042218771560791567,0.00035576701182349596,0.0009569067314006438
MAR06679,0.0,0.0,0.0
MAR06680,0.0,0.0,0.0
MAR06681,0.0,0.0,0.0
MAR06682,0.0008468300109577378,0.0007136024365064307,0.0019193768740303609
MAR06683,0.0,0.0,0.0
MAR06684,0.0,0.0,0.0
MAR06685,0.0,0.0,0.0
MAR06686,0.0,0.0,0.0
MAR06687,0.000846830010957738,0.000713602436506431,0.0019193768740303615
MAR06690,-0.0008468300109577378,-0.0007136024365064306,-0.001919376874030361
MAR06691,-0.0008468300109577379,-0.0007136024365064307,-0.0019193768740303613
MAR06692,0.0008468300109577378,0.0007136024365064309,0.0019193768740303613
MAR06693,0.0008468300109577378,0.0007136024365064307,0.001919376874030361
MAR06694,0.0,0.0,0.0
MAR06695,0.0,0.0,0.0
MAR06697,0.0,0.0,0.0
MAR06699,0.0,0.0,0.0
MAR06700,0.0004221877156079158,0.00035576701182349596,0.0009569067314006439
MAR06701,0.0004221877156079156,0.0003557670118234959,0.0009569067314006436
MAR06702,0.0004221877156079157,0.00035576701182349596,0.0009569067314006438
MAR06703,0.0004221877156079157,0.0003557670118234959,0.0009569067314006436
MAR06704,0.0,0.0,0.0
MAR06705,0.0,0.0,0.0
MAR08697,0.0,0.0,0.0
MAR08698,0.0,0.0,0.0
MAR08699,0.0,0.0,0.0
MAR08700,0.0,0.0,0.0
MAR08702,-0.00042218771560791567,-0.0003557670118234959,-0.0009569067314006437
MAR08703,0.0,0.0,0.0
MAR08704,0.0,0.0,0.0
MAR08706,0.0,0.0,0.0
MAR08709,0.0,0.0,0.0
MAR08710,0.0,0.0,0.0
MAR08711,0.0,0.0,0.0
MAR08712,0.0,0.0,0.0
MAR08713,0.0,0.0,0.0
MAR08717,0.0,0.0,0.0
MAR06506,0.0,0.0,0.0
MAR06507,0.0,0.0,0.0
MAR06508,0.0,0.0,0.0
MAR06509,0.0,0.0,0.0
MAR06510,0.0,0.0,0.0
MAR06511,0.0,0.0,0.0
MAR04537,0.0,0.0,1.5712192538791325
MAR04545,0.0,0.0,1.5712192538791325
MAR04546,0.0,0.0,1.5712192538791323
MAR04547,0.0,0.0,1.571219253879132
MAR04548,0.0,0.0,0.0
MAR04549,0.0,0.0,0.0
MAR04550,0.0,0.0,1.571219253879132
MAR04551,0.0,0.0,0.0
MAR04552,0.0,0.0,0.0
MAR04553,0.0,0.0,0.0
MAR04554,0.0,0.0,0.0
MAR04555,0.0,0.0,0.0
MAR04556,0.0,0.0,0.0
MAR04557,0.0,0.0,0.0
MAR04558,0.0,0.0,0.0
MAR04559,0.0,0.0,0.0
MAR04560,0.0,0.0,0.0
MAR04561,0.0,0.0,0.0
MAR04563,0.0,0.0,0.0
MAR04564,0.0,0.0,0.0
MAR04204,0.000846830010957738,0.0007136024365064309,0.0019193768740303615
MAR04206,0.0,0.0,0.0
MAR04207,0.0,0.0,0.0
MAR04208,0.0,0.0,0.0
MAR08744,0.0,0.0,0.0
MAR08746,0.0,0.0,0.0
MAR08748,0.0,0.0,0.0
MAR08613,0.000423415005478869,0.00035680121825321543,0.0009596884370151807
MAR08615,0.000846830010957738,0.0007136024365064307,0.0019193768740303613
MAR08616,0.000846830010957738,0.0007136024365064307,0.0019193768740303613
MAR04064,0.0,0.0,0.0
MAR04065,0.0,0.0,0.0
MAR04066,0.0,0.0,0.0
MAR04067,0.0,0.0,0.0
MAR04068,0.0008468300109577377,0.0,0.0019193768740303609
MAR04069,0.0008468300109577378,0.0,0.001919376874030361
MAR04070,0.0,0.0,0.0
MAR04071,0.0,0.0,0.0
MAR08102,0.0,0.0,0.0
MAR08724,0.0,0.0,0.0
MAR08725,0.0,0.0,0.0
MAR02114,0.0,0.0,0.0
MAR02115,0.0,0.0,0.0
MAR02117,0.0,0.0,0.0
MAR02118,0.0,0.0,0.0
MAR02129,0.0004221877156079157,0.00035576701182349596,0.0009569067314006439
MAR02130,0.0,0.0,0.0
MAR02131,0.0004221877156079157,0.00035576701182349596,0.0009569067314006439
MAR02132,0.0,0.0,0.0
MAR02133,0.00042218771560791567,0.00035576701182349596,0.0009569067314006438
MAR02134,0.0004221877156079157,0.00035576701182349596,0.0009569067314006441
MAR02135,0.00042218771560791567,0.00035576701182349596,0.0009569067314006438
MAR02136,0.0004221877156079157,0.00035576701182349596,0.0009569067314006439
MAR02137,0.0004221877156079156,0.0,0.0
MAR02138,0.0004221877156079157,0.0007115340236469918,0.0019138134628012876
MAR02139,0.0004221877156079156,0.0003557670118234959,0.0009569067314006437
MAR02140,0.0,0.0,0.0
MAR02142,0.0004221877156079157,0.0003557670118234959,0.0009569067314006438
MAR02143,0.00042218771560791567,0.0003557670118234959,0.000956906731400644
MAR02144,0.0004221877156079157,0.00035576701182349596,0.0009569067314006438
MAR02145,0.0004221877156079156,0.00035576701182349585,0.0009569067314006439
MAR07996,0.0,0.0,0.0
MAR07999,0.0,0.0,0.0
MAR08003,0.0,0.0,0.0
MAR08004,0.0,0.0,0.0
MAR08005,0.0,0.0,0.0
MAR08006,0.0,0.0,0.0
MAR08008,0.0,0.0,0.0
MAR08011,0.0,0.0,0.0
MAR08012,0.0,0.0,0.0
MAR08013,0.0,0.0,0.0
MAR08014,0.0,0.0,0.0
MAR06423,0.0,0.0,0.0
MAR06426,0.0008468300109577377,0.0007136024365064305,0.0
MAR06427,0.0,0.0,0.0
MAR06428,0.0008468300109577377,0.0007136024365064307,0.0
MAR06429,0.0,0.0,0.0
MAR06432,0.0008468300109577378,0.0007136024365064306,0.0
MAR06433,0.0008468300109577379,0.0007136024365064306,0.0
MAR06434,0.0008468300109577378,0.0007136024365064306,0.0
MAR06435,0.0008468300109577379,0.0007136024365064307,0.0
MAR06436,0.0008468300109577379,0.0007136024365064307,0.001919376874030361
MAR06441,0.0008468300109577376,0.0007136024365064305,0.0
MAR06442,0.0,0.0,0.0
MAR06443,0.0008468300109577377,0.0007136024365064307,0.0
MAR06444,0.0,0.0,0.0
MAR06447,0.0008468300109577377,0.0007136024365064306,0.0
MAR06448,0.0008468300109577377,0.0007136024365064306,0.0
MAR06450,0.0008468300109577377,0.0007136024365064306,0.0
MAR06451,0.0008468300109577377,0.0007136024365064307,0.0
MAR06453,0.0008468300109577377,0.0007136024365064307,0.001919376874030361
MAR06456,261.4793475048999,230.4999942970263,302.6911658331667
MAR06457,0.0,0.0,0.0
MAR06458,0.0,0.0,0.0
MAR06459,261.4793475048999,230.49999429702626,302.6911658331667
MAR06460,-261.4793475048999,-230.49999429702623,-302.6911658331667
MAR06461,0.0,0.0,0.0
MAR06464,0.0,0.0,0.0019193768740303609
MAR06465,0.0,0.0,0.0
MAR06466,0.0,0.0,0.0019193768740303609
MAR06467,0.0,0.0,0.0
MAR06470,0.0,0.0,0.001919376874030361
MAR06471,0.0,0.0,0.0019193768740303609
MAR06472,0.0,0.0,0.001919376874030361
MAR06473,0.0,0.0,0.0019193768740303609
MAR06476,0.0,0.0,0.0
MAR06500,0.0,0.0,0.0
MAR06477,0.0,0.0,0.0019193768740303609
MAR06478,0.0,0.0,0.0
MAR06479,0.0,0.0,0.0019193768740303609
MAR06482,0.0,0.0,0.001919376874030361
MAR06484,0.0,0.0,0.0019193768740303609
MAR06486,0.0,0.0,0.001919376874030361
MAR06488,0.0,0.0,0.0019193768740303609
MAR06490,0.0,0.0,0.0
MAR06492,-0.0008468300109577378,-0.0007136024365064309,-0.0019193768740303613
MAR06495,0.0,0.0,0.0
MAR06496,0.0,0.0,0.0
MAR06501,0.0,0.0,0.0
MAR06992,0.0,0.0,0.0
MAR06993,0.0,0.0,0.0
MAR06994,0.0,0.0,0.0
MAR06995,0.0,0.0,0.0
MAR06996,0.0,0.0,0.0
MAR06997,0.0,0.0,0.0
MAR06998,0.0,0.0,0.0
MAR06999,0.0,0.0,0.0
MAR07000,0.0,0.0,0.0
MAR07001,0.0,0.0,0.0
MAR07002,0.0,0.0,0.0
MAR07003,0.0,0.0,0.0
MAR07004,0.0,0.0,0.0
MAR07005,0.0,0.0,0.0
MAR07006,0.0,0.0,0.0
MAR07007,0.0,0.0,0.0
MAR07008,0.0,0.0,0.0
MAR07009,0.0,0.0,0.0
MAR07010,0.0,0.0,0.0
MAR07011,0.0,0.0,0.0
MAR07012,0.0,0.0,0.0
MAR07013,0.0,0.0,0.0
MAR07014,0.0,0.0,0.0
MAR07015,0.0,0.0,0.0
MAR07016,0.0,0.0,0.0
MAR07017,0.0,0.0,0.0
MAR07018,0.0,0.0,0.0
MAR07019,0.0,0.0,0.0
MAR07020,0.0,0.0,0.0
MAR07021,0.0,0.0,0.0
MAR07022,0.0,0.0,0.0
MAR07023,0.0,0.0,0.0
MAR07024,0.0,0.0,0.0
MAR07025,0.0,0.0,0.0
MAR07026,0.0,0.0,0.0
MAR07027,0.0,0.0,0.0
MAR07028,0.0,0.0,0.0
MAR07029,0.0,0.0,0.0
MAR07030,0.0,0.0,0.0
MAR07031,0.0,0.0,0.0
MAR07032,0.0,0.0,0.0
MAR07033,0.0,0.0,0.0
MAR07034,0.0,0.0,0.0
MAR07035,0.0,0.0,0.0
MAR07036,0.0,0.0,0.0
MAR07037,0.0,0.0,0.0
MAR07038,0.0,0.0,0.0
MAR07039,0.0,0.0,0.0
MAR07040,0.0,0.0,0.0
MAR07041,0.0,0.0,0.0
MAR07042,0.0,0.0,0.0
MAR07043,0.0,0.0,0.0
MAR07044,0.0,0.0,0.0
MAR07045,0.0,0.0,0.0
MAR07046,0.0,0.0,0.0
MAR07047,0.0,0.0,0.0
MAR07048,0.0,0.0,0.0
MAR07049,0.0,0.0,0.0
MAR07050,0.0,0.0,0.0
MAR07051,0.0,0.0,0.0
MAR07052,0.0,0.0,0.0
MAR07053,0.0,0.0,0.0
MAR07054,0.0,0.0,0.0
MAR07055,0.0,0.0,0.0
MAR07056,0.0,0.0,0.0
MAR07057,0.0,0.0,0.0
MAR07058,0.0,0.0,0.0
MAR07059,0.0,0.0,0.0
MAR07060,0.0,0.0,0.0
MAR07061,0.0,0.0,0.0
MAR07062,0.0,0.0,0.0
MAR07063,0.0,0.0,0.0
MAR07064,0.0,0.0,0.0
MAR07065,0.0,0.0,0.0
MAR07066,0.0,0.0,0.0
MAR07067,0.0,0.0,0.0
MAR07068,0.0,0.0,0.0
MAR07069,0.0,0.0,0.0
MAR07070,0.0,0.0,0.0
MAR07071,0.0,0.0,0.0
MAR07072,0.0,0.0,0.0
MAR07073,0.0,0.0,0.0
MAR07074,0.0,0.0,0.0
MAR07075,0.0,0.0,0.0
MAR07076,0.0,0.0,0.0
MAR07077,0.0,0.0,0.0
MAR07078,0.0,0.0,0.0
MAR07079,0.0,0.0,0.0
MAR07080,0.0,0.0,0.0
MAR07081,0.0,0.0,0.0
MAR07082,0.0,0.0,0.0
MAR07083,0.0,0.0,0.0
MAR07084,0.0,0.0,0.0
MAR07085,0.0,0.0,0.0
MAR07086,0.0,0.0,0.0
MAR07087,0.0,0.0,0.0
MAR07088,0.0,0.0,0.0
MAR07089,0.0,0.0,0.0
MAR07090,0.0,0.0,0.0
MAR07091,0.0,0.0,0.0
MAR07092,0.0,0.0,0.0
MAR07093,0.0,0.0,0.0
MAR07094,0.0,0.0,0.0
MAR07095,0.0,0.0,0.0
MAR07096,0.0,0.0,0.0
MAR07097,0.0,0.0,0.0
MAR07098,0.0,0.0,0.0
MAR07099,0.0,0.0,0.0
MAR07100,0.0,0.0,0.0
MAR07103,0.0,0.0,0.0
MAR07104,0.0,0.0,0.0
MAR07106,0.0,0.0,0.0
MAR07688,0.0,0.0,0.0
MAR08032,0.0,0.0,0.0
MAR08034,0.0,0.0,0.0
MAR08036,0.0,0.0,0.0
MAR08037,0.0,0.0,0.0
MAR08038,0.0,2.685155365297907,0.0
MAR08040,0.0,0.0,0.0
MAR08043,0.0,0.0,0.0
MAR08046,0.0,0.0,0.0
MAR08049,0.0,0.0,0.0
MAR08052,0.0,0.0,0.0
MAR08055,0.0,0.0,0.0
MAR08059,0.0,0.0,0.0
MAR08596,0.0,0.0,0.0
MAR08598,0.0,0.0,0.0
MAR08601,0.0,0.0,0.0
MAR06535,0.0,0.0,0.0
MAR06536,0.0,0.0,0.0
MAR09569,0.0,0.0,0.0
MAR03955,0.0,0.0,0.0
MAR03984,0.0,0.0,1.9718728264907424
MAR04201,0.0,12.803962063472822,2.648195280388703
MAR04202,0.0,0.0,0.0
MAR05127,-1.52047418999039,-0.2810845970524615,-1.2411963458238455
MAR05128,0.0,0.0,0.0
MAR05363,0.0,0.0,0.0
MAR05406,0.0,0.0,0.0
MAR05409,0.055756630182881635,0.0,0.0
MAR07794,0.0,0.0,0.0
MAR08617,0.0008468300109577381,0.000713602436506431,0.0019193768740303615
MAR08749,0.0,0.0,0.0
MAR08750,0.0,0.0,-2.6645663946523013
MAR08751,0.0,0.0,2.6645663946523013
MAR08752,0.0,0.0,0.0
MAR07741,0.0,0.0,0.0
MAR09464,0.0,0.0,0.0
MAR09465,0.0,0.0,0.0
MAR09466,0.0,0.0,0.0
MAR09467,0.0,0.0,0.0
MAR09468,0.0,0.0,0.0
MAR09469,0.0,0.0,0.0
MAR09470,0.0,0.0,0.0
MAR09471,0.0,0.0,0.0
MAR09472,0.0,0.0,0.0
MAR09473,0.0,0.0,0.0
MAR09474,0.0,0.0,0.0
MAR09475,0.0,0.0,0.0
MAR09476,0.0,0.0,0.0
MAR09477,0.0,0.0,0.0
MAR09478,0.0,0.0,0.0
MAR09479,0.0,0.0,0.0
MAR09480,0.0,0.0,0.0
MAR09481,0.0,0.0,0.0
MAR09482,0.0,0.0,0.0
MAR09483,0.0,0.0,0.0
MAR09484,0.0,0.0,0.0
MAR09485,0.0,0.0,0.0
MAR09487,0.0,0.0,0.0
MAR09488,0.0,0.0,0.0
MAR09489,0.0,0.0,0.0
MAR09490,0.0,0.0,0.0
MAR09491,0.0,0.0,0.0
MAR09492,0.0,0.0,0.0
MAR09493,0.0,0.0,0.0
MAR09494,0.0,0.0,0.0
MAR09495,0.0,0.0,0.0
MAR09496,0.0,0.0,0.0
MAR09497,0.0,0.0,0.0
MAR09498,0.0,0.0,0.0
MAR09499,0.0,0.0,0.0
MAR09500,0.0,0.0,0.0
MAR09501,0.0,0.0,0.0
MAR09502,0.0,0.0,0.0
MAR09503,0.0,0.0,0.0
MAR09504,0.0,0.0,0.0
MAR09505,0.0,0.0,0.0
MAR09506,0.0,0.0,0.0
MAR09507,0.0,0.0,0.0
MAR09508,0.0,0.0,0.0
MAR09509,0.0,0.0,0.0
MAR09510,0.0,0.0,0.0
MAR09511,0.0,0.0,0.0
MAR09512,0.0,0.0,0.0
MAR09513,0.0,0.0,0.0
MAR09514,0.0,0.0,0.0
MAR09515,0.0,0.0,0.0
MAR09516,0.0,0.0,0.0
MAR09517,0.0,0.0,0.0
MAR09518,0.0,0.0,0.0
MAR09519,0.0,0.0,0.0
MAR09520,0.0,0.0,0.0
MAR09521,0.0,0.0,0.0
MAR09522,0.0,0.0,0.0
MAR09523,0.0,0.0,0.0
MAR09524,0.0,0.0,0.0
MAR09525,0.0,0.0,0.0
MAR09527,0.0,0.0,0.0
MAR09528,0.0,0.0,0.0
MAR09529,0.0,0.0,0.0
MAR09530,0.0,0.0,0.0
MAR09531,0.0,0.0,0.0
MAR09532,0.0,0.0,0.0
MAR09534,0.0,0.0,0.0
MAR09535,0.0,0.0,0.0
MAR09536,0.0,0.0,0.0
MAR09537,0.0,0.0,0.0
MAR09538,0.0,0.0,0.0
MAR09539,0.0,0.0,0.0
MAR09540,0.0,0.0,0.0
MAR09541,0.0,0.0,0.0
MAR09542,0.0,0.0,0.0
MAR09543,0.0,0.0,0.0
MAR09544,0.0,0.0,0.0
MAR09545,0.0,0.0,0.0
MAR09546,0.0,0.0,0.0
MAR09547,0.0,0.0,0.0
MAR09548,0.0,0.0,0.0
MAR09549,0.0,0.0,0.0
MAR09550,0.0,0.0,0.0
MAR09551,0.0,0.0,0.0
MAR09552,0.0,0.0,0.0
MAR09553,0.0,0.0,0.0
MAR09801,0.0,0.0,0.0
MAR09807,0.0,0.0,0.0
MAR09554,0.0,0.0,0.0
MAR09555,0.0,0.0,0.0
MAR09556,0.0,0.0,0.0
MAR09557,0.0,0.0,0.0
MAR09558,0.0,0.0,0.0
MAR09559,0.0,0.0,0.0
MAR09560,0.0,0.0,0.0
MAR09561,0.0,0.0,0.0
MAR09562,0.0,0.0,0.0
MAR09563,0.0,0.0,0.0
MAR09564,0.0,0.0,0.0
MAR09565,0.0,0.0,0.0
MAR09566,0.0,0.0,0.0
MAR09567,0.0,0.0,0.0
MAR09568,0.0,0.0,0.0
MAR09570,0.0,0.0,0.0
MAR09571,0.0,0.0,0.0
MAR09572,0.0,0.0,0.0
MAR09573,0.0,0.0,0.0
MAR09574,0.0,0.0,0.0
MAR09575,0.0,0.0,0.0
MAR09580,0.0,0.0,0.0
MAR09581,0.0,0.0,0.0
MAR09582,0.0,0.0,0.0
MAR09583,0.0,0.0,0.0
MAR09584,0.0,0.0,0.0
MAR09585,0.0,0.0,0.0
MAR09586,0.0,0.0,0.0
MAR09587,0.0,0.0,0.0
MAR09588,0.0,0.0,0.0
MAR09798,0.0,0.0,0.0
MAR09806,0.0,0.0,0.0
MAR00010,0.0,0.0,0.0
MAR00011,0.0,0.0,0.0
MAR00012,0.03739796797395913,4.735900317071412,5.431288897839105
MAR00013,0.0,0.0,0.0
MAR00014,0.0,0.0,0.0
MAR00477,0.0,0.0,0.0
MAR00545,0.0,0.0,0.0
MAR00546,0.0,0.0,0.0
MAR00547,0.0,0.0,0.0
MAR00548,0.0,0.0,0.0
MAR00549,0.0,0.0,0.0
MAR00550,0.0,0.0,0.0
MAR00551,0.0,0.0,0.0
MAR00552,0.0,0.0,0.0
MAR00553,0.0,0.0,0.0
MAR00555,0.0,0.0,0.0
MAR00556,0.0,0.0,0.0
MAR00557,0.0,0.0,0.0
MAR00558,0.0,0.0,0.0
MAR00559,0.0,0.0,0.0
MAR00560,0.0,0.0,0.0
MAR00561,0.0,0.0,0.0
MAR00685,0.0,0.0,0.0
MAR00686,0.0,0.0,0.0
MAR00687,0.0,0.0,0.0
MAR00688,0.0,0.0,0.0
MAR00689,0.0,0.0,0.0
MAR00690,0.0,0.0,0.0
MAR00691,0.0,0.0,0.0
MAR00692,0.0,0.0,0.0
MAR01185,0.0,0.0,0.0
MAR01227,0.0,0.0,0.0
MAR05233,0.0,0.0,0.0
MAR05234,0.0,0.0,0.0
MAR05238,0.0,0.0,0.0
MAR05239,0.0,0.0,0.0
MAR05243,0.0,0.0,0.0
MAR05244,0.0,0.0,0.0
MAR05247,0.0,0.0,0.0
MAR05257,0.0,0.0,0.0
MAR09022,0.0,0.0,0.0
MAR00004,0.0,0.0,0.0
MAR00006,0.0,0.0,0.0
MAR00007,0.0,0.0,0.0
MAR00008,0.0,0.0,0.0
MAR00009,0.0,0.0,0.0
MAR00015,0.023706020361467326,0.0,2.6493745159353708
MAR00016,0.0002995293545854239,0.023215197632703004,0.3125481863782136
MAR00017,0.0,0.0,0.0
MAR00018,0.0,0.0,0.0
MAR00019,0.05203299956218102,0.0438469052653396,0.11793504570431002
MAR00155,0.0,0.0,0.0
MAR00164,0.0,0.0,0.0
MAR00167,-1.4502281772332404,-0.8176959242544051,-19.66836087902625
MAR00170,-0.003040343144483143,0.0,0.0
MAR00173,0.0,0.0,0.0
MAR00176,0.0,0.0,0.0
MAR00179,0.0,0.0,0.0
MAR00183,0.0,0.0,0.0
MAR00187,1.6078534147848163e-05,0.007103856611069853,0.007644458307057069
MAR00190,0.0,0.0,0.0
MAR00191,0.0007801839538055962,0.0004712685119438726,0.002031633643305307
MAR00194,0.0,0.0,0.0
MAR00195,0.0005506897945637978,0.0,0.061938993976149694
MAR00198,0.0,0.0,0.0
MAR00199,0.0,0.0,0.0
MAR00202,0.0,0.0,0.0
MAR00203,0.0,0.0,0.0006830470668261627
MAR00207,0.0,0.0,0.0
MAR00208,0.0,0.0,0.0
MAR00211,0.0,0.0,0.0
MAR00212,0.0,0.0004712685119438726,0.002031633643305307
MAR00215,0.0,0.0,0.0
MAR00216,0.0022452322479316962,0.0,0.0
MAR00224,0.0,3.9909493715537625,0.0
MAR00225,0.0,0.0,0.0
MAR00231,0.0,3.9909493715537625,0.0
MAR00232,4.762516737908322e-06,0.0003691216423600591,0.0
MAR00235,0.0,0.0,0.0
MAR00236,0.00013646355788615445,0.000471268511943882,0.006094900929915926
MAR00239,0.0,0.0,0.0
MAR00240,1.6078534147848332e-05,0.0004712685119438726,0.0
MAR00243,0.0,0.0,0.0
MAR00244,1.6078534147848332e-05,0.0004712685119438726,0.0
MAR00247,0.0,0.0,0.0
MAR00248,0.0041460360766332706,2.6603943008456596,2.862849635992872
MAR00253,0.0,0.0,0.0
MAR00254,1.6078534147848332e-05,0.0004712685119438726,0.0
MAR00257,0.0,0.0,0.0
MAR00258,0.0,0.0,0.0
MAR00261,0.0,0.0,0.0
MAR00262,0.3013460521574115,0.19258282658650683,2.956735288387403
MAR00265,0.0,0.0,0.0
MAR00266,0.0,0.0,0.0
MAR00269,0.0,0.0,0.0
MAR00270,0.0007801839538055962,0.00047126851194386995,0.0
MAR00273,0.0,0.0,0.0
MAR00274,0.0,0.0,0.0
MAR00277,0.0,0.0,0.0
MAR00278,0.0007801839538055962,0.0004712685119438686,0.006094900929915924
MAR00281,0.0,0.0,0.0
MAR00282,2.9546842775883235e-05,0.000452696353837707,0.0
MAR00287,0.0,0.0,0.0
MAR00288,0.0,0.0,0.0
MAR00291,0.0,0.0,0.0
MAR00292,0.0,0.0,0.0
MAR00295,0.0,0.0,0.0
MAR00296,0.0007801839538055962,0.0004503748340744368,0.0
MAR00299,0.0,0.0,0.0
MAR00300,0.0,0.0,0.0020316336433053085
MAR00303,0.0,0.0,0.0
MAR00304,1.6078534147848332e-05,0.00047126851194386724,0.0020316336433053085
MAR00307,0.0,0.0,0.0
MAR00308,0.0007801839538055962,0.00047126851194386724,0.0
MAR00311,0.0,0.0,0.0
MAR00312,1.6078534147848332e-05,0.0004712685119438753,0.0
MAR00317,0.0,0.0,0.0
MAR00318,1.6078534147848332e-05,0.00046894699218060106,0.0
MAR00321,0.0,0.0,0.0
MAR00322,0.0007801839538055962,0.00047126851194386724,0.0
MAR00325,0.0,0.0,0.0
MAR00326,1.6078534147848332e-05,0.0004712685119438726,0.0
MAR00329,0.0,0.0,0.0
MAR00330,0.0,0.0,0.0
MAR00335,0.0,0.0,0.0
MAR00336,1.6078534147848332e-05,0.00047126851194356545,0.007644458307057069
MAR00339,0.0,0.0,0.0
MAR00340,0.0,0.0004712685119438726,0.0020316336433053085
MAR00343,0.0,0.0,0.0
MAR00344,1.6078534147848332e-05,0.0004712685119438726,0.0
MAR00347,0.0,0.0,0.0
MAR00348,0.00035372775125265917,0.04340081197433827,0.1605336244481984
MAR00351,0.0,0.0,0.0
MAR00352,6.080445897785494e-06,0.00047126851194387537,0.0
MAR00355,0.0,0.0,0.0
MAR00356,0.022430288671910888,0.013548969718386369,0.06044110088833289
MAR00359,0.0,0.0,0.0
MAR00360,8.454043227777389e-05,0.0,0.0
MAR00363,0.0,0.0,0.0
MAR00364,4.851165906505849e-05,0.00045269635383770864,0.0
MAR00367,0.0,0.0,0.0
MAR00368,1.6078534147848332e-05,0.0,0.007644458307057069
MAR00371,0.0,0.028066013178056216,0.0
MAR00372,1.6078534147848332e-05,0.0,0.0
MAR00375,0.0,0.0,0.0
MAR00376,0.0002620199271304756,0.019389333062833507,0.0
MAR00379,0.0,0.0,0.0
MAR00380,0.0,0.0,0.0
MAR00383,0.0,0.0,0.0
MAR00384,0.0007801839538055962,0.0004712685119438726,0.0
MAR00387,0.0,0.0,0.0
MAR00388,0.0,0.0004712685119438726,0.0
MAR00391,0.0,0.0,0.0
MAR00392,0.0,0.0,0.0
MAR00395,0.0,0.0,0.0
MAR00396,0.007376599562189545,0.22567087352792092,0.9726446067324162
MAR00399,0.0,0.0,0.0
MAR00400,0.000847358607811826,0.051502960430256435,0.0
MAR00403,0.0,0.0,0.08637899646755422
MAR00404,0.00013343197520691204,0.0,0.4108896340043174
MAR00407,0.0,0.0,0.0
MAR00408,0.0,0.0,0.0
MAR00411,0.0,0.0,0.0
MAR00412,0.0027306438383195865,0.01642707384490079,0.026755604074699738
MAR00415,0.0,0.0,0.0
MAR00416,0.0,0.0,0.0
MAR00419,0.0,0.0,0.0
MAR00420,0.0,0.0,0.0007768115227396106
MAR00423,0.0,0.0,0.0
MAR00424,0.00015274607440455637,0.0674866378051636,0.07262235391704214
MAR00427,0.0,0.0,0.0
MAR00428,0.0007801839538055962,0.0004201950771519243,0.004063267286610616
MAR00431,0.0,0.0,0.0
MAR00432,0.0,0.00047126851194386724,0.0
MAR00435,0.0007480268855098995,0.0,0.0
MAR00436,0.0007801839538055962,0.0,0.0020316336433053085
MAR00439,0.0,0.0,0.0
MAR00440,0.0,0.0,0.0
MAR00444,0.0,-0.480387060000112,0.2166458814553685
MAR00469,0.0,0.0,0.0
MAR00470,0.0,0.0,0.0
MAR00476,0.0,0.0,0.0
MAR00770,0.0,0.0,0.0
MAR00782,5.540724492182804,4.243515076537946,0.0
MAR01082,0.0,0.0,0.0
MAR01086,0.0,0.0,0.0
MAR01898,0.0,0.0,12.426654549401023
MAR01899,0.0,0.0,0.0
MAR01900,0.0,0.0,0.0
MAR01901,0.0,0.0,0.0
MAR01902,0.0,0.0,0.0
MAR01903,0.0,0.0,-0.6126180482370739
MAR01904,0.0,0.0,0.0
MAR01905,0.0,0.0,0.0
MAR01906,0.0,0.0,0.0
MAR01907,0.0,1.161574663186779,60.783687110689634
MAR01908,0.0,0.0,0.0
MAR01909,0.0,8.023313912133558,0.0
MAR01910,0.0,0.0,0.0
MAR01911,0.0,0.0,0.0
MAR01913,0.0,0.0,0.0
MAR01914,0.0,1.5598208198890084,0.0
MAR01919,0.0,0.0,0.0
MAR02013,0.0,0.0,0.0
MAR03858,0.0,0.0,0.0
MAR03916,0.0,0.0,4.824698864785401
MAR03951,0.0,0.0,456.5051695796831
MAR03959,-0.09223141312429689,0.0,0.0
MAR03964,0.0,0.0,0.0
MAR04062,0.0,0.0,0.0
MAR04063,0.0,-0.0007136024365064307,0.0
MAR04249,0.0,0.0,0.0
MAR04321,0.0,0.0,0.6177312955720444
MAR04432,0.0,0.0,0.0
MAR04433,0.0,0.0,0.0
MAR04434,-7.536467763369882,0.0,0.0
MAR04435,0.0,0.0,0.0
MAR04436,0.0,0.0,0.0
MAR04691,0.0,0.0,0.0
MAR04721,0.0,0.0,0.0
MAR04844,0.0,0.0,0.0
MAR04845,0.0,0.0,0.0
MAR04847,0.0,0.0,3.6454531759748003
MAR04848,0.0,0.0,3.6454531759748003
MAR04849,0.0,0.0,-3.6665716117913254
MAR04858,-5.963072367828405,-8.660481188880327,-15.701588380593845
MAR04861,0.0,-0.0007136024365064307,1.0470798354646569
MAR04873,-2.3221463886294416,0.0,0.0
MAR04875,0.0,0.0,0.0
MAR04882,0.0,0.0,0.0
MAR04885,-5.964093354746795,-8.690406739388763,-15.701588380593847
MAR04896,-25.928506139738747,-11.685142994145014,-2.28315704388214
MAR04910,0.0,0.0,0.0
MAR04911,0.0,0.0,0.0
MAR04912,0.0,0.0,0.0
MAR04919,0.0,4.42822598219209,92.17531366916093
MAR04928,0.0,0.0,0.0
MAR04931,0.0,0.0,0.0
MAR04932,0.0,0.0,0.0
MAR04933,0.0,0.0,0.0
MAR04934,0.0,0.0,0.0
MAR04935,0.0,0.0,0.0
MAR04938,0.0,0.0,0.0
MAR04939,0.0,0.0,0.0
MAR04946,0.0,0.0,0.0
MAR04947,-3.0266360116219007,-3.2532242855596163,-58.1079261396949
MAR04948,0.0,0.0,0.0
MAR04949,423.44737535011717,345.96437666790865,1000.0
MAR04952,0.0,0.0,0.0
MAR04954,0.0,0.0,0.0
MAR04956,0.0,0.0,0.0
MAR04958,-0.001977982175352977,-0.0016667960292312044,0.0
MAR04969,-0.038570652419380874,-0.03250252257004319,-0.08742205320094154
MAR04973,0.0015314803775825624,0.04488832576265394,0.0
MAR04975,0.0,0.0,0.0
MAR04976,0.0,0.0,0.0
MAR04980,0.0,0.0,-3.6454531759748003
MAR04982,0.0,0.0,0.0
MAR04983,0.0,0.0,1.8925545336882705
MAR04985,0.0,0.0,0.0
MAR04989,0.0,0.0,2.4153196259958603
MAR04990,-6.044425638120973,-0.28108459705246164,-1.2411963458238455
MAR04992,0.0,0.0,0.0
MAR04993,0.0,0.0,0.0
MAR04994,0.0,0.0,0.0
MAR04995,0.0,0.0,0.0
MAR04996,0.0,0.0,0.0
MAR04999,-7.536467763369882,0.0,0.0
MAR05000,0.0,0.0,-12.743354547008513
MAR05002,0.0,0.0,0.0
MAR05003,0.0,-3.6499066866687864,-0.016435625924822377
MAR05005,0.0,0.0,0.0
MAR05007,0.0,0.0,0.0
MAR05008,0.0,0.0,0.7998172387369826
MAR05009,0.0,0.0,0.0
MAR05010,-0.0008468300109577376,0.0,-0.0019193768740303607
MAR05011,0.0,0.0,0.0
MAR05013,0.0,0.0,0.0
MAR05018,0.0,0.0,0.0
MAR05020,0.0,0.0,0.0
MAR05021,0.0,0.0,0.0
MAR05023,0.0,0.0,0.0
MAR05029,0.0,0.0,0.0
MAR05032,0.0,3.2482173857790704,8.12197237425199
MAR05034,-0.1638431977722575,-0.1373529559310422,0.0
MAR05035,0.0,0.0,0.0
MAR05037,0.000988991087676489,-0.7857676374948714,0.0
MAR05038,0.0,0.0,0.0
MAR05039,0.0,0.0,0.0
MAR05040,0.0,0.0,0.0
MAR05041,0.11021778960251516,0.0,0.0
MAR05042,0.0,0.0,7.107680722598283
MAR05068,0.0,0.0,0.0
MAR05070,0.0,0.0,0.0
MAR05071,0.0,0.0,0.0
MAR05073,0.0,0.0,0.0
MAR05074,0.0,0.0,0.0
MAR05076,0.0,0.0,0.0
MAR05077,0.0009889910876764887,9.508387603603591,0.0
MAR05078,-9.755239491466291,0.0,-21.350762154111514
MAR05079,0.0,0.0,21.350762154111514
MAR05080,0.0,0.0,0.0
MAR05082,0.0,0.0,0.0
MAR05084,0.0,0.0,0.0
MAR05085,-16.202364224782656,-8.466323233773766,-21.350762154111514
MAR05087,0.0,0.0,0.0
MAR05088,0.0,0.0,0.0
MAR05089,0.0,0.0,0.0
MAR05091,0.0,0.0,0.0
MAR05092,0.0,0.0,0.0
MAR05094,0.0,0.0,0.0
MAR05129,0.0,0.0,0.0
MAR05198,0.0,0.0,0.0
MAR05200,0.0,0.0,0.0
MAR05202,0.0,0.0,0.0
MAR05206,0.0,0.0,0.0
MAR05213,0.0,0.0,0.0
MAR05215,0.0,0.0,0.0
MAR05216,0.0,0.0,0.0
MAR05219,0.0,0.0,0.0
MAR05221,0.0,0.0,0.0
MAR05231,0.0,0.0,0.0
MAR05232,0.0,0.0,0.0
MAR05236,0.0,0.0,0.0
MAR05237,0.0,0.0,0.0
MAR05240,0.0,0.0,0.0
MAR05241,0.0,0.0,0.0
MAR05246,0.0,0.0,0.0
MAR05295,0.0,0.0,0.0
MAR05296,0.0,-12.803962063472822,-2.6481952803887028
MAR05303,-919.3502075088429,-788.7515080986561,-1000.0000000000001
MAR05305,0.0,0.0,0.0
MAR05307,0.0,0.0,0.0
MAR05308,0.0,0.0,0.0
MAR05310,0.0,0.0,0.0
MAR05311,0.0,0.0,0.0
MAR05313,8.34725608945999,2.8389827759589967,6.67912832327924
MAR05314,0.0,0.0,0.0
MAR05315,0.0,0.0,0.0
MAR05316,0.0,0.0,0.0
MAR05317,0.0,0.0,0.0
MAR05318,0.0,0.0,0.0
MAR05319,0.0,0.0,0.0
MAR05320,0.0,0.0,0.0
MAR05322,0.0,0.0,0.0
MAR05324,0.0,0.0,0.0
MAR05326,0.0,0.0,0.0
MAR05328,2.7456577974532923,2.686470431777427,6.626598412391912
MAR05330,2.7456577974532923,2.686470431777427,0.0
MAR05332,0.0,0.0,0.0
MAR05333,0.0,0.0,0.0
MAR05335,0.0,0.0,0.0
MAR05413,0.0,0.0,0.0
MAR05429,0.0,0.0,0.0
MAR05430,0.0,0.0,0.0
MAR05432,0.0,0.0,0.0
MAR05433,0.0,0.0,0.0
MAR05435,0.0,0.0,0.0
MAR05436,0.0,0.0,0.0
MAR05437,0.0,0.0,0.0
MAR05438,0.0,0.0,0.0
MAR05439,0.0,0.0,0.0
MAR05440,0.0,0.0,0.0
MAR05441,0.0,0.0,0.0
MAR05442,0.0,0.0,0.0
MAR05443,0.0,0.0,0.0
MAR05444,0.0,0.0,0.0
MAR05445,0.0,0.0,0.0
MAR05446,0.0,0.0,0.0
MAR05447,0.0,0.0,0.0
MAR05448,0.0,0.0,0.0
MAR05450,0.0,0.0,4.941850364576354
MAR05451,0.0,0.0,0.0
MAR05454,0.0,0.0,0.0
MAR05455,0.0,0.0,0.0
MAR05457,0.0,0.0,0.0
MAR05458,0.0,-7.032881236309319,-0.0022415911077142024
MAR05459,0.0,0.0,0.0
MAR05460,19.15310231457394,5.252416331465566,45.51224660449121
MAR05461,0.0,0.0,0.0
MAR05462,0.0,0.0,0.0
MAR05463,3.2725685566046483,0.0,0.0
MAR05464,0.0,0.0,0.0
MAR05465,0.0,0.0,0.0
MAR05466,0.0,0.0,0.0
MAR05467,16.202364224782656,0.0,0.0
MAR05468,0.0,0.0,0.0
MAR05469,16.202364224782656,1.7829301845639294,15.722187045708065
MAR05470,0.0,0.0,0.0
MAR05471,0.0,0.0,0.0
MAR05472,0.0,0.0,0.0
MAR05473,0.0,0.0,0.0
MAR05474,0.0,0.0,0.0
MAR05475,0.0,0.0,0.0
MAR05476,0.0,0.0,0.0
MAR05477,0.0,0.0,0.0
MAR05478,0.0,0.0,0.0
MAR05479,0.0,0.0,0.0
MAR05480,0.0,0.0,0.0
MAR05481,0.0,0.0,0.0
MAR05482,0.0,0.0,0.0
MAR05483,0.0,0.0,0.0
MAR05484,0.0,0.0,0.0
MAR05485,0.0,0.0,0.0
MAR05486,0.0,0.0,0.0
MAR05487,0.0,0.0,45.51224660449121
MAR05488,0.0,0.0,0.0
MAR05489,0.0,0.0,0.0
MAR05490,0.0,0.0,0.0
MAR05491,0.0,0.0,0.0
MAR05492,0.0,0.0,0.0
MAR05493,0.0,0.0,0.0
MAR05494,0.0,0.0,0.0
MAR05495,0.0,0.0,0.0
MAR05496,0.0,0.0,0.0
MAR05497,0.0,0.0,0.0
MAR05498,0.0,0.0,0.0
MAR05499,0.0,0.17266283984044548,0.0
MAR05500,0.0,0.0,0.0
MAR05501,0.0,0.0,0.0
MAR05502,0.0,0.0,0.0
MAR05503,0.0,0.0,0.0
MAR05504,0.0,0.0,0.0
MAR05505,0.0,0.0,0.0
MAR05506,-0.8080237735161655,0.0,0.0
MAR05507,0.0,0.0,0.0
MAR05508,0.0,0.0,0.0
MAR05509,0.0,0.0,0.0
MAR05510,0.0,0.0,0.0
MAR05511,0.0,0.0,0.0
MAR05512,0.0,0.0,0.0
MAR05513,0.0,0.0,0.0
MAR05514,0.0,0.0,0.0
MAR05515,0.0,0.0,0.0
MAR05516,0.0,0.0,0.0
MAR05517,0.0,0.0,0.0
MAR05518,0.0,0.0,0.0
MAR05519,0.0,0.0,0.0
MAR05520,0.0,0.0,0.0
MAR05521,0.0,0.0,0.0
MAR05522,0.0,0.0,0.0
MAR05523,0.0,0.0,0.0
MAR05524,0.0,0.0,0.0
MAR05525,0.0,0.0,0.0
MAR05526,0.0,0.0,0.0
MAR05527,0.0,0.0,0.0
MAR05528,0.0,0.0,0.0
MAR05529,0.0,0.0,0.0
MAR05530,-1.162351567284867,0.0,0.0
MAR05531,0.0,0.0,0.0
MAR05532,0.0,0.0,0.0
MAR05533,0.0,0.0,0.0
MAR05534,0.0,0.0,0.0
MAR05535,0.0,0.0,0.0
MAR05536,0.0,0.0,0.0
MAR05537,0.0,0.0,0.0
MAR05538,3.9462404634180195,0.0,0.0
MAR05539,0.0,0.0,0.0
MAR05540,0.0,0.0,0.0
MAR05541,0.0,0.0,0.0
MAR05542,0.0,0.0,0.0
MAR05543,0.0,0.0,0.0
MAR05544,0.0,0.0,13.221773399551108
MAR05545,0.0,0.0,0.0
MAR05546,0.0,0.0,0.0
MAR05547,0.0,0.0,0.0
MAR05548,0.0,0.0,0.0
MAR05549,0.0,0.0,0.0
MAR05550,0.0,0.0,0.0
MAR05551,0.0,0.0,0.0
MAR05552,0.0,0.0,0.0
MAR05553,0.0,0.0,0.0
MAR05554,0.0,0.0,0.0
MAR05555,0.0,0.0,0.0
MAR05556,0.0,0.0,0.0
MAR05557,0.0,0.0,0.0
MAR05558,0.0,0.0,0.0
MAR05559,0.0,0.0,0.0
MAR05560,0.0,0.0,0.0
MAR05561,0.0,0.0,0.0
MAR05562,0.0,0.0,0.0
MAR05563,0.0,0.0,0.0
MAR05564,0.0,0.0,0.0
MAR05565,0.0,0.0,0.0
MAR05566,0.0,0.0,0.0
MAR05567,0.0,0.0,0.0
MAR05568,0.0,0.0,0.0
MAR05569,0.0,0.0,0.0
MAR05570,0.0,0.0,0.0
MAR05571,0.0,0.0,0.0
MAR05572,0.0,0.0,0.0
MAR05573,0.0,0.0,0.0
MAR05574,0.0,0.0,0.0
MAR05575,0.0,0.0,0.0
MAR05576,0.0,0.0,0.0
MAR05577,0.0,0.0,0.0
MAR05578,0.0,0.0,0.0
MAR05579,0.0,0.0,0.0
MAR05580,0.0,0.0,8.548342532087144
MAR05581,0.0,0.0,0.0
MAR05582,0.0,1.351662767756352,0.0
MAR05583,0.0,0.0,21.350762154111514
MAR05584,0.0,0.33710022796975725,0.0
MAR05585,0.0,0.0,6.78144319979537
MAR05586,0.0,0.0,0.0
MAR05587,0.0,0.0,0.0
MAR05588,0.0,0.0,0.0
MAR05589,0.0,0.0,0.0
MAR05590,0.0,0.0,0.0
MAR05591,0.0,0.0,0.0
MAR05592,0.0,0.0,0.0
MAR05593,0.0,0.0,0.0
MAR05594,0.0,0.0,0.0
MAR05595,0.0,0.0,0.0
MAR05596,0.0,0.0,0.0
MAR05597,0.0,0.0,0.0
MAR05598,0.0,0.0,0.0
MAR05599,0.0,0.0,0.0
MAR05600,0.0,0.0,0.0
MAR05601,0.0,0.0,0.0
MAR05602,0.0,0.0,0.0
MAR05603,0.0,0.0,0.0
MAR05604,0.0,0.0,0.0
MAR05605,0.0,0.0,0.0
MAR05606,0.0,0.0,0.0
MAR05607,0.0,0.0,0.0
MAR05608,0.0,0.0,0.0
MAR05609,0.0,0.0,0.0
MAR05610,0.0,0.0,0.0
MAR05611,0.0,0.0,0.0
MAR05612,0.0,0.0,0.0
MAR05613,0.0,0.0,0.0
MAR05614,0.0,0.0,0.0
MAR05615,0.0,0.0,0.0
MAR05616,0.0,0.0,0.0
MAR05617,0.0,0.0,0.0
MAR05618,0.0,0.0,0.0
MAR05619,0.0,0.0,0.0
MAR05620,0.0,0.0,0.0
MAR05621,0.0,0.0,0.0
MAR05622,0.0,0.0,0.0
MAR05623,0.0,0.0,0.0
MAR05624,0.0,0.0,0.0
MAR05625,0.0,0.0,0.0
MAR05626,0.0,0.0,0.0
MAR05627,0.0,0.0,0.0
MAR05628,0.0,0.0,0.0
MAR05629,0.0,0.0,0.0
MAR05630,0.0,0.0,0.0
MAR05631,0.0,0.0,0.0
MAR05632,0.0,0.0,21.350762154111514
MAR05633,0.0,0.0,0.0
MAR05634,0.0,0.0,0.0
MAR05635,0.0,0.0,0.0
MAR05636,0.0,0.0,0.0
MAR05637,0.0,0.0,0.0
MAR05638,0.0,0.0,0.0
MAR05639,0.0,0.0,0.0
MAR05640,0.0,0.0,0.5396501755671347
MAR05641,0.0,0.0,0.0
MAR05642,0.0,0.0,0.0
MAR05643,0.0,0.0,0.0
MAR05644,0.0,0.0,0.0
MAR05645,0.0,0.0,0.0
MAR05646,0.0,0.0,0.0
MAR05647,0.0,0.0,0.0
MAR05648,0.0,0.0,0.0
MAR05649,0.0,0.0,0.0
MAR05650,0.0,0.0,0.0
MAR05651,0.0,0.0,0.0
MAR05652,0.0,0.0,0.0
MAR05653,0.0,0.0,0.0
MAR05654,0.0,0.0,0.0
MAR05655,0.0,0.0,0.0
MAR05656,0.0,0.0,0.0
MAR05657,0.0,0.0,0.0
MAR05658,0.0,0.0,0.0
MAR05659,0.0,0.0,0.0
MAR05660,0.0,0.0,0.0
MAR05661,0.0,0.0,0.0
MAR05662,0.0,0.0,0.0
MAR05663,0.0,0.0,0.0
MAR05664,0.0,0.0,0.0
MAR05665,0.0,0.0,0.0
MAR05666,0.0,0.0,0.0
MAR05667,0.0,0.0,0.0
MAR05668,0.0,0.0,0.0
MAR05669,0.0,0.0,0.0
MAR05670,0.0,0.0,0.0
MAR05671,0.0,0.0,0.0
MAR05672,0.0,0.0,0.0
MAR05673,0.0,0.0,0.0
MAR05674,0.0,0.0,0.0
MAR05675,0.0,0.0,0.0
MAR05676,0.0,0.0,0.0
MAR05677,0.6736719068133716,0.0,0.0
MAR05678,0.0,0.0,0.0
MAR05679,0.0,0.0,0.0
MAR05680,0.0,0.0,0.0
MAR05681,0.0,0.0,0.0
MAR05682,0.0,0.0,0.0
MAR05683,0.0,0.0,0.0
MAR05684,0.0,0.0,0.0
MAR05685,0.0,0.0,0.0
MAR05686,0.0,0.0,0.0
MAR05687,0.0,0.0,0.0
MAR05688,0.0,0.0,0.0
MAR05689,0.0,0.0,0.0
MAR05690,0.0,0.0,0.0
MAR05691,0.0,0.0,0.0
MAR05692,0.0,0.0,0.0
MAR05693,0.0,0.0,0.0
MAR05694,0.0,0.0,0.0
MAR05695,0.0,0.0,0.0
MAR05696,0.0,0.0,0.0
MAR05697,0.0,0.0,0.0
MAR05698,0.0,0.0,0.0
MAR05699,0.0,0.0,0.0
MAR05700,0.0,0.0,0.0
MAR05701,0.0,0.0,0.0
MAR05702,0.0,0.0,0.0
MAR05703,0.0,0.0,0.0
MAR05704,0.0,0.0,0.0
MAR05705,0.0,0.0,0.0
MAR05706,0.0,0.0,0.0
MAR05707,0.0,0.0,0.0
MAR05708,0.0,0.0,0.0
MAR05709,0.0,0.0,0.0
MAR05710,0.0,0.0,0.0
MAR05711,0.0,0.0,0.0
MAR05712,0.0,0.0,0.0
MAR05713,0.0,0.0,0.0
MAR05714,0.0,0.0,0.0
MAR05715,0.0,0.0,0.0
MAR05716,0.0,0.0,0.0
MAR05717,0.0,0.0,0.0
MAR05718,0.0,0.0,0.0
MAR05719,0.0,0.0,0.0
MAR05720,0.0,0.0,0.0
MAR05721,0.0,0.0,0.0
MAR05722,0.0,0.0,0.0
MAR05723,0.0,0.0,0.0
MAR05724,0.0,0.0,0.0
MAR05725,0.0,0.0,0.0
MAR05726,0.0,0.0,0.0
MAR05727,0.0,0.0,0.0
MAR05728,0.0,0.0,0.0
MAR05729,0.0,0.0,0.0
MAR05730,0.0,0.0,0.0
MAR05731,0.0,0.0,0.0
MAR05732,0.0,0.0,0.0
MAR05733,0.0,0.0,0.0
MAR05734,0.0,0.0,0.0
MAR05735,0.0,0.0,0.0
MAR05736,0.0,0.0,0.0
MAR05737,0.0,0.0,0.0
MAR05738,0.0,0.0,0.0
MAR05739,0.0,0.0,0.0
MAR05740,0.0,0.0,3.6665716117913245
MAR05741,0.0,0.0,0.0
MAR05742,0.0,0.0,0.0
MAR05743,0.0,0.0,3.6665716117913245
MAR05744,0.0,0.0,0.0
MAR05745,0.0,0.0,0.0
MAR05746,0.0,0.0,0.0
MAR05747,0.0,0.0,0.0
MAR05748,0.0,0.0,0.0
MAR05749,0.0,0.0,0.0
MAR05750,0.0,0.0,0.0
MAR05751,0.0,0.0,0.0
MAR05752,0.0,0.0,0.0
MAR05753,0.0,0.0,0.0
MAR05754,0.0,0.0,0.0
MAR05755,0.0,0.0,0.0
MAR05756,0.0,0.0,0.0
MAR05757,0.0,0.0,0.0
MAR05758,0.0,0.0,0.0
MAR05759,0.0,0.0,0.0
MAR05760,0.0,0.0,0.0
MAR05761,0.0,0.0,0.0
MAR05762,0.0,0.0,0.0
MAR05763,0.0,0.0,0.0
MAR05764,0.0,0.0,0.0
MAR05765,0.0,0.0,0.0
MAR05766,0.0,0.0,0.0
MAR05767,0.6736719068133716,0.0,0.0
MAR05768,0.0,0.0,0.0
MAR05769,0.0,0.0,0.0
MAR05770,0.0,0.0,0.0
MAR05771,0.0,0.0,0.0
MAR05772,0.0,0.0,0.0
MAR05773,0.0,0.0,0.0
MAR05774,0.0,0.0,0.0
MAR05775,0.0,0.0,0.0
MAR05776,0.0,0.0,0.0
MAR05777,0.0,0.0,0.0
MAR05778,0.0,0.0,0.0
MAR05779,0.0,0.0,0.0
MAR05780,0.0,0.0,0.0
MAR05781,0.0,0.0,0.0
MAR05782,0.6736719068133716,0.0,0.0
MAR05783,0.0,0.0,0.0
MAR05784,0.0,0.0,0.0
MAR05785,3.6278879120677807,3.062738716259797,0.0
MAR05786,0.0,0.0,0.0
MAR05787,0.0,0.0,0.0
MAR05788,0.0,0.0,1.3588553467523738
MAR05789,0.0,0.0,0.0
MAR05790,0.0,0.0,0.0
MAR05791,0.0,0.0,0.0
MAR05792,0.0,0.0,0.0
MAR05793,0.0,0.0,0.0
MAR05794,0.0,0.0,0.0
MAR05795,0.0,0.0,0.0
MAR05796,0.0,0.0,0.0
MAR05797,0.0,0.0,0.0
MAR05798,0.0,0.0,0.0
MAR05799,0.0,0.0,0.0
MAR05800,0.0,0.0,0.0
MAR05801,0.0,0.0,0.0
MAR05802,0.0,0.0,0.0
MAR05803,0.0,0.0,0.0
MAR05804,0.0,0.0,0.0
MAR05805,0.0,0.0,0.0
MAR05806,0.0,0.0,0.0
MAR05807,0.0,0.0,0.0
MAR05808,0.0,0.0,0.0
MAR05809,0.0,0.0,0.0
MAR05810,0.0,0.0,0.0
MAR05811,0.0,0.0,0.0
MAR05812,0.0,0.0,0.0
MAR05813,0.0,0.0,0.0
MAR05814,0.0,0.0,0.0
MAR05815,0.0,0.0,0.0
MAR05816,0.0,0.0,0.0
MAR05817,0.0,0.0,0.0
MAR05818,0.0,0.0,0.0
MAR05819,0.0,0.0,0.0
MAR05820,0.0,0.0,0.0
MAR05821,0.0,0.0,0.0
MAR05822,0.0,0.0,0.0
MAR05823,0.0,0.0,0.0
MAR05824,0.0,0.0,0.0
MAR05825,0.0,1.0154927161797591,0.0
MAR05826,0.0,0.0,0.0
MAR05827,0.0,0.0,0.0
MAR05828,0.0,0.0,0.0
MAR05829,0.0,0.0,0.0
MAR05830,0.0,0.0,0.0
MAR05831,0.0,0.0,0.0
MAR05832,0.0,0.0,0.0
MAR05833,0.0,0.0,0.0
MAR05834,0.0,0.0,0.0
MAR05835,0.0,0.0,0.0
MAR05836,0.0,0.0,0.0
MAR05837,0.0,0.0,0.0
MAR05838,0.0,0.0,0.0
MAR05839,0.0,0.0,0.0
MAR05840,0.0,0.0,0.0
MAR05841,0.0,0.0,0.0
MAR05842,0.0,0.0,0.0
MAR05843,0.0,0.0,0.0
MAR05844,0.0,0.0,0.0
MAR05845,0.0,0.0,0.0
MAR05846,0.0,0.0,3.6665716117913245
MAR05847,0.0,0.0,0.0
MAR05848,0.0,0.0,0.0
MAR05849,0.0,0.0,0.0
MAR05850,0.0,0.0,0.0
MAR05851,0.0,0.0,0.0
MAR05852,0.0,0.0,0.0
MAR05853,0.0,0.0,0.0
MAR05854,0.0,0.0,0.0
MAR05855,0.0,0.0,0.0
MAR05856,0.0,0.0,0.0
MAR05857,0.0,0.0,0.0
MAR05858,0.0,0.0,0.0
MAR05859,0.0,0.0,0.0
MAR05860,0.0,0.0,0.0
MAR05861,0.0,0.0,0.0
MAR05862,0.0,0.0,0.0
MAR05863,0.0,0.0,0.0
MAR05864,0.0,0.0,0.0
MAR05865,0.0,0.0,0.0
MAR05866,0.0,0.0,0.0
MAR05867,0.0,0.0,0.0
MAR05868,0.0,0.0,0.0
MAR05869,0.0,0.0,0.0
MAR05870,0.0,0.0,0.0
MAR05871,0.0,0.0,0.0
MAR05872,0.0,0.0,0.0
MAR05873,0.0,0.0,0.0
MAR05874,0.0,0.0,0.0
MAR05875,0.0,0.0,0.0
MAR05876,0.0,0.0,0.0
MAR05877,0.0,0.0,0.0
MAR05878,0.0,0.0,0.0
MAR05879,0.0,0.0,3.6665716117913245
MAR05880,0.0,0.0,0.0
MAR05881,0.0,0.0,0.0
MAR05882,0.0,0.0,0.0
MAR05883,0.0,0.0,0.0
MAR05884,0.0,0.0,0.0
MAR05885,0.0,0.0,0.0
MAR05886,0.0,0.0,0.0
MAR05887,0.0,0.0,0.0
MAR05888,0.0,0.0,0.0
MAR05889,0.0,0.0,0.0
MAR05890,0.0,0.0,0.0
MAR05891,2.5832695044132745e-16,0.0,0.0
MAR05892,0.20104910101639603,0.0,0.0
MAR05893,0.0,1.0154927161797591,0.0
MAR05894,0.0,0.0,0.0
MAR05895,0.0,0.0,0.0
MAR05896,0.6736719068133716,1.0154927161797591,3.6665716117913245
MAR05897,0.0,0.0,0.0
MAR05898,0.0,0.0,0.0
MAR05899,0.0,0.0,0.0
MAR05900,0.0,0.0,0.0
MAR05901,0.0,0.0,0.0
MAR05902,0.0,0.0,0.0
MAR05903,0.6736719068133716,0.0,0.0
MAR05904,0.0,0.0,0.0
MAR05905,0.0,0.0,0.0
MAR05906,0.0,0.0,0.0
MAR05907,0.20104910101639603,0.0,0.0
MAR05908,0.0,0.0,0.0
MAR05909,0.0,0.0,0.0
MAR05910,0.0,0.0,0.0
MAR05911,0.0,0.0,0.0
MAR05912,0.0,0.0,0.0
MAR05913,0.0,0.0,3.6665716117913245
MAR05914,0.0,0.0,0.0
MAR05915,0.0,0.0,0.0
MAR05916,0.0,0.0,0.0
MAR05917,0.0,0.0,0.0
MAR05918,0.0,0.0,0.0
MAR05919,0.0,0.0,0.0
MAR05920,0.0,0.0,0.0
MAR05921,0.0,0.0,0.0
MAR05922,0.0,0.0,0.0
MAR05923,0.0,0.0,0.0
MAR05924,0.0,0.0,0.0
MAR05925,0.0,0.0,0.0
MAR05926,0.0,0.0,0.0
MAR05927,0.0,0.0,0.0
MAR05928,0.0,0.0,0.0
MAR05929,0.0,0.0,0.0
MAR05930,0.0,0.0,0.0
MAR05931,0.0,0.0,0.0
MAR05932,0.0,0.0,0.0
MAR05933,0.0,0.0,0.0
MAR05934,0.0,0.0,0.0
MAR05935,0.0,0.0,0.0
MAR05936,0.0,0.0,0.0
MAR05937,0.0,0.0,0.0
MAR05938,0.0,0.0,0.0
MAR05939,0.6736719068133716,0.0,0.0
MAR05940,0.0,0.0,0.0
MAR05941,0.0,0.0,0.0
MAR05942,0.6736719068133716,0.0,0.0
MAR05943,0.0,0.0,0.0
MAR05944,0.0,0.0,0.0
MAR05945,0.0,0.0,0.0
MAR05946,0.0,0.0,0.0
MAR05947,0.0,0.0,0.0
MAR05948,0.0,0.0,0.0
MAR05949,0.6736719068133716,0.0,0.0
MAR05950,0.0,0.0,0.0
MAR05951,0.0,0.0,0.0
MAR05952,0.0,0.0,0.0
MAR05953,0.0,0.0,0.0
MAR05954,0.0,0.0,0.0
MAR05955,0.0,0.0,0.0
MAR05956,0.0,0.0,0.0
MAR05957,0.0,0.0,0.0
MAR05958,0.0,0.0,0.0
MAR05959,0.0,0.0,0.0
MAR05960,0.0,0.0,0.0
MAR05961,0.0,0.0,0.0
MAR05962,0.0,0.0,0.0
MAR05963,0.0,0.0,0.0
MAR05964,0.0,0.0,0.0
MAR05965,0.0,0.0,0.0
MAR05966,0.0,0.0,0.0
MAR05967,0.0,0.0,0.0
MAR05968,0.0,0.0,0.0
MAR05969,0.0,0.0,0.0
MAR05970,0.0,0.0,0.0
MAR05971,0.6736719068133716,0.0,3.6665716117913245
MAR05972,0.0,0.0,0.0
MAR05973,0.0,0.0,0.0
MAR05974,0.0,0.0,0.0
MAR05975,0.0,0.0,0.0
MAR05976,0.0,0.0,0.0
MAR05977,0.0,0.0,0.0
MAR05978,0.0,0.0,0.0
MAR05979,0.0,0.0,0.0
MAR05980,0.0,0.0,0.0
MAR05981,0.0,0.0,0.0
MAR05982,0.0,0.0,0.0
MAR05983,0.0,0.0,0.0
MAR05984,0.0,0.0,0.0
MAR05985,0.0,0.0,0.0
MAR05986,0.0,0.0,0.0
MAR05987,0.0008468300109577379,0.0,0.0
MAR05989,0.0,0.0,0.0
MAR05990,0.0,0.0,0.0
MAR05992,0.0,0.0,0.0
MAR05993,0.0,0.0,11.879650157754371
MAR05994,0.0,0.0,0.0
MAR05995,0.0,0.0,0.0
MAR05996,0.0,0.0,0.0
MAR05997,0.0,0.0,0.0
MAR05998,0.0,0.0,0.0
MAR06000,0.0,0.0,-50.76723476366185
MAR06001,0.0,0.0,-32.42932085232131
MAR06002,0.0,0.0,0.0
MAR06003,-0.5082585245542335,-0.03731451933061165,0.0
MAR06004,0.0,0.0,0.0
MAR06005,2.955053411955113,5.134283879104119,31.6828136168526
MAR06006,0.0,0.0,11.47486116606483
MAR06007,-3.4990347917881195,0.0,-50.76723476366185
MAR06008,3.4990347917881195,0.0,50.76723476366185
MAR06009,0.0,0.0,0.0
MAR06010,0.0,0.0,-0.011516261244182164
MAR06011,0.0,0.0,0.0
MAR06012,0.0,0.0,0.0
MAR06013,0.0,0.0,0.0
MAR06014,0.0,0.0,0.0
MAR06015,0.0,0.0,-50.76723476366185
MAR06016,0.0,0.0,0.0
MAR06017,0.0,0.0,0.0
MAR06018,-2.627287050668923,-8.670756281911174,-50.76723476366185
MAR06019,-4.85845154539195,0.0,-50.76723476366185
MAR06020,0.0,0.0,0.0
MAR06021,-1.9046742529100218,-2.031206633898274,-47.94920811286315
MAR06022,0.0,0.0,0.0
MAR06023,0.0,0.0,0.0
MAR06024,0.0,0.0,0.0
MAR06025,0.0,0.0,0.0
MAR06026,0.0,0.0,0.0
MAR06027,0.0,0.0,0.0
MAR06028,0.0,0.0,0.0
MAR06029,0.0,0.0,0.0
MAR06030,0.0,0.0,0.0
MAR06031,0.0,0.0,0.0
MAR06032,0.0,0.0,0.0
MAR06033,0.0,11.637509483359299,36.058052154767694
MAR06034,0.0,0.0,0.0
MAR06035,0.0,0.0,0.0
MAR06036,0.0,0.0,50.76723476366185
MAR06037,0.0,0.0,0.0
MAR06038,0.0,0.0,0.0
MAR06039,0.0,0.0,0.0
MAR06040,0.0,0.0,0.0
MAR06041,0.0,0.0,0.0
MAR06042,0.0,0.0,0.0
MAR06043,0.0,0.0,0.0
MAR06044,0.0,0.0,0.0
MAR06045,0.0,0.0,0.0
MAR06046,0.0,0.0,0.0
MAR06047,0.0,0.0,0.0
MAR06048,0.0,0.0,0.0
MAR06049,0.0,0.0,0.0
MAR06050,0.0,0.0,0.0
MAR06051,0.0,0.0,0.0
MAR06052,0.0,0.0,0.0
MAR06053,0.0,0.0,0.0
MAR06054,0.0,0.0,0.0
MAR06055,0.0,0.0,0.0
MAR06056,0.0,0.0,0.0
MAR06057,0.0,0.0,0.0
MAR06058,0.0,0.0,0.0
MAR06059,0.0,0.0,0.0
MAR06060,0.0,0.0,-0.40524953713057016
MAR06061,0.0,0.0,0.0
MAR06062,0.0,0.0,0.0
MAR06063,0.0,0.0,0.0
MAR06064,0.0,0.0,0.0
MAR06065,0.0,0.0,0.0
MAR06066,0.0,0.0,0.0
MAR06067,0.0,0.0,0.0
MAR06068,0.0,0.0,0.0
MAR06069,0.0,-2.0685165147834184,-145.91473197274684
MAR06070,0.0,0.0,0.0
MAR06071,0.0,0.0,0.0
MAR06072,0.0,0.0,0.0
MAR06073,0.0,0.0,0.0
MAR06074,0.0,0.0,0.0
MAR06075,107.69300799249574,15.316489178353471,113.39355863602586
MAR06076,0.0,0.0,0.0
MAR06077,0.0,0.0,0.0
MAR06078,0.0,0.0,2.78366406076977
MAR06079,0.0,0.0,-2.7836640607697696
MAR06080,0.0,0.0,0.0
MAR06081,0.0,0.0,0.0
MAR06082,0.0,0.0,0.0
MAR06083,0.0,0.0,0.0
MAR06084,0.0,0.0,0.0
MAR06085,0.0,0.0,0.0
MAR06086,0.0,0.0,0.0
MAR06087,0.0,0.0,0.0
MAR06088,0.0,0.0,0.0
MAR06089,-33.244902105462835,0.0,0.0
MAR06090,0.0,0.0,0.0
MAR06091,0.0,46.57523658726603,0.0
MAR06092,0.0,0.0,0.0
MAR06093,0.0,0.0,0.0
MAR06094,0.0,0.0,0.0
MAR06095,-0.00021109385780395778,-0.00017788350591174798,-0.0004784533657003218
MAR06096,0.0,0.0,0.0
MAR06097,0.0,0.0,0.0
MAR06098,0.0,0.0,0.0
MAR06099,0.0,0.0,0.0
MAR06100,0.0,0.0,0.0
MAR06101,26.68611864512981,36.99798812099623,0.0
MAR06102,0.0,17.97903052547391,0.0
MAR06103,0.0,0.0,0.0
MAR06104,0.00021109385780395778,0.00017788350591174795,0.0
MAR06105,0.0,0.0,0.0
MAR06106,0.0,0.0,0.0
MAR06107,0.0,0.0,0.0
MAR06108,0.0,0.0,0.0
MAR06109,0.0,0.0,0.0
MAR06110,0.0,0.0,0.0
MAR06111,0.0,-1.161574663186779,-29.30748066456439
MAR06112,0.0,0.0,0.0
MAR06113,0.0,0.0,0.0
MAR06114,0.0,0.0,0.0
MAR06115,0.0,0.0,0.0
MAR06116,0.0,0.0,0.0
MAR06117,0.0,0.0,0.0
MAR06118,0.0,0.0,0.0
MAR06119,0.0,0.0,0.0
MAR06120,31.698220250501144,0.0,0.0
MAR06121,0.0,0.0,0.0
MAR06122,0.0,0.0,3.3962821090068447
MAR06123,0.0,0.0,0.0
MAR06124,0.0,0.038715985092058786,0.24837548324825454
MAR06125,0.0,0.0,0.0
MAR06126,0.0,0.0,0.0
MAR06127,-0.7210374868520972,0.0,0.0
MAR06128,0.0,0.0,0.0
MAR06129,7.543962988403597,0.0,0.0
MAR06130,0.0,0.0,0.0
MAR06131,-7.543962988403597,0.0,0.0
MAR06132,0.0,0.0,0.0
MAR06133,0.0,0.0,0.0
MAR06134,0.0,0.0,0.0
MAR06135,0.0,0.0,0.0
MAR06136,0.0,0.0,0.0
MAR06137,0.0,0.0,0.0
MAR06138,0.0,0.0,0.0
MAR06139,0.0,0.0,0.0
MAR06140,0.0,0.0,0.0
MAR06141,0.0,0.0,0.0
MAR06142,0.0,0.0,0.0
MAR06143,0.0,0.0,0.0
MAR06144,0.0,0.0,0.0
MAR06145,0.0,0.0,0.0
MAR06146,0.0,0.0,0.0
MAR06147,0.0,0.0,0.0
MAR06148,0.0,0.0,0.0
MAR06149,-11.924389233446918,0.0,0.0
MAR06150,0.0,0.0,0.0
MAR06151,0.0,0.0,0.0
MAR06152,0.0,0.0,0.0
MAR06153,0.0,0.0,0.0
MAR06154,0.0,0.0,-7.189613309669374
MAR06155,0.0,0.0,0.0
MAR06156,0.0,0.0,0.0
MAR06157,0.0,0.0,0.0
MAR06158,0.0,0.0,0.0
MAR06159,0.0,0.0,0.0
MAR06160,0.0,0.0,0.0
MAR06161,0.0,0.0,0.0
MAR06162,0.0,0.0,0.0
MAR06163,0.0,0.0,0.0
MAR06164,0.0,0.0,0.0
MAR06165,0.0,0.0,0.0
MAR06166,0.0,0.0,0.0
MAR06167,0.0,0.0,0.0
MAR06168,0.0,0.0,0.0
MAR06169,0.0,0.0,0.0
MAR06170,0.0,0.0,0.0
MAR06171,0.0,0.0,0.0
MAR06172,0.0,0.0,0.0
MAR06173,0.0,0.0,0.0
MAR06174,0.0,0.0,0.0
MAR06175,0.0,0.0,0.0
MAR06176,0.0,0.0,0.0
MAR06177,0.0,0.0,0.0
MAR06178,0.0,0.0,0.0
MAR06179,-79.5200141592321,-13.286688648662107,-7.224113893153935
MAR06180,0.0,-54.59855049939959,0.0
MAR06181,0.0,0.0,0.0
MAR06182,0.0,0.0,0.0
MAR06183,0.0,0.0,0.0
MAR06184,0.0,0.0,0.0
MAR06185,0.0,0.0,0.0
MAR06186,0.0,0.0,0.0
MAR06187,0.0,0.0,0.0
MAR06188,0.0,0.0,0.0
MAR06189,0.0,0.0,0.0
MAR06190,0.0,0.0,0.0
MAR06191,0.0,0.0,0.0
MAR06192,0.0,0.0,0.0
MAR06193,0.0,0.0,0.0
MAR06194,-0.02305785328107422,0.0,0.0
MAR06195,0.0,0.0,0.0
MAR06196,0.0,0.0,0.0
MAR06197,0.0,0.0,0.0
MAR06198,0.0,0.0,0.0
MAR06199,1.6264246119360548,0.0,0.0
MAR06200,0.0,0.0,0.0
MAR06201,0.0,0.0,0.0
MAR06202,0.0,0.0,0.0
MAR06203,0.0,0.0,0.0
MAR06204,0.0,0.0,0.0
MAR06205,0.0,0.0,0.0
MAR06206,0.0,0.0,0.0
MAR06207,0.0,0.0,0.0
MAR06208,0.0,0.0,0.0
MAR06209,0.0,0.0,0.0
MAR06210,0.0,0.0,0.0
MAR06211,0.0,0.0,0.0
MAR06212,0.0,0.0,0.0
MAR06213,0.0,0.0,0.0
MAR06214,0.0,0.0,0.0
MAR06215,0.0,0.0,0.0
MAR06216,0.0,0.0,0.0
MAR06217,0.0,0.0,0.0
MAR06218,0.0006299082166276287,0.0,0.0
MAR06219,0.0,0.0,0.0
MAR06220,0.0,0.0,0.0
MAR06221,0.0,-16.02798505295941,0.0
MAR06222,0.0,0.0,0.0
MAR06223,0.0,0.0,0.0
MAR06224,0.0,-2.1018905131599257,0.0
MAR06225,0.0,0.0,0.0
MAR06226,0.0,0.0,0.0
MAR06227,0.0,0.0,0.0
MAR06228,0.0,0.0,0.0
MAR06229,0.0,0.0,0.0
MAR06230,0.0,0.0,0.0
MAR06231,0.0,0.0,0.0
MAR06232,0.0,0.0,0.0
MAR06233,0.0,0.0,0.0
MAR06234,0.0,0.0,0.0
MAR06235,0.0,0.0,0.0
MAR06236,4.082024359376659,0.0,0.0
MAR06237,0.0,0.0,0.0
MAR06238,0.0,0.0,0.0
MAR06239,0.0,0.0,0.0
MAR06240,0.0,0.0,0.0
MAR06241,0.0,0.0,-0.9287846906476439
MAR06242,0.0,0.0,0.0
MAR06243,0.0,0.0,0.0
MAR06244,0.0,0.0,0.0
MAR06245,0.0,0.0,0.0
MAR06246,7.536467763369882,5.167748066943689,3.827831784147088
MAR06247,7.536467763369882,0.0,0.0
MAR06248,0.0,0.0,0.0
MAR06249,0.0,0.0,0.0
MAR06250,0.0,0.0,-0.00047845336570032174
MAR06251,0.0,0.0,0.0
MAR06252,0.0,0.0,0.0
MAR06253,0.0,0.0,0.0
MAR06254,0.0,0.0,0.0
MAR06255,0.0,0.0,0.0
MAR06256,-0.7210374868520972,0.0,-7.189613309669373
MAR06257,0.0,0.0,0.0
MAR06258,0.0,0.0,0.0
MAR06259,0.0,0.0,0.0
MAR06260,0.0,0.0,0.0
MAR06261,0.0,0.0,0.0
MAR06262,0.0,0.0,0.0
MAR06263,0.0,0.0,0.0
MAR06264,0.0,0.0,0.0
MAR06265,0.0,0.0,0.0
MAR06266,0.0,0.0,0.0
MAR06267,0.0,0.0,0.0
MAR06268,0.0,2.095584020439979,0.0
MAR06269,0.0,0.0,0.0
MAR06270,0.0,0.0,0.0
MAR06271,0.0,0.0,0.0
MAR06272,0.0,0.0,0.0
MAR06273,0.0,0.0,0.0
MAR06274,0.0,0.0,0.0
MAR06275,0.0,0.0,0.0
MAR06351,0.0,0.0,0.0
MAR06352,0.0,0.0,0.0
MAR06353,0.0,0.0,0.0
MAR06354,0.0,0.0,0.0
MAR06355,0.0,0.0,0.0
MAR06356,0.0,0.0,0.0
MAR06357,0.0,0.0,0.0
MAR06358,0.0,0.0,74.45204288739357
MAR06359,0.0,0.0,0.0
MAR06360,0.0,0.0,0.0
MAR06361,0.0,0.0,0.0
MAR06362,0.0,0.0,0.0
MAR06363,0.0,0.0,0.0
MAR06364,0.0,0.0,0.0
MAR06365,0.0,0.0,0.0
MAR06366,0.0,0.0,0.0
MAR06367,0.0,0.0,-0.5430261189459209
MAR06368,0.0,4.4224329022769835,0.0
MAR06369,0.0,0.0,0.0
MAR06370,0.0,0.0,0.0
MAR06371,0.0,0.0,0.0
MAR06372,0.0,0.0,0.0
MAR06373,0.0,0.0,0.0
MAR06374,0.0,0.0,8.365608057151503
MAR06375,0.0,0.0,68.395875729462
MAR06377,0.0,0.0,0.0
MAR06379,0.0,0.0,0.0
MAR06380,0.0,0.0,0.0
MAR06381,0.0,0.0,0.0
MAR06382,0.0,0.0,0.0
MAR06383,0.0,0.0,0.0
MAR06384,0.0,0.0,0.0
MAR06392,0.0,0.0,0.0
MAR06406,0.0008468300109577378,0.0007136024365064307,0.001919376874030361
MAR06424,-0.0008468300109577377,-0.0007136024365064306,0.0
MAR06439,0.0008468300109577375,0.0007136024365064305,0.0
MAR06462,0.0,4.568994969557309e-14,-0.001919376873968747
MAR06474,0.0,0.0,-0.0019193768740303609
MAR06505,-0.000846830010957738,-0.000713602436506431,-0.0019193768740303615
MAR06512,-0.0008468300109579327,-0.0007136024365094627,-0.001919376874033765
MAR06514,0.0,0.0,2.121071694394362
MAR06516,0.0,0.0,-2.1210716943943626
MAR06524,0.0,0.0,0.0
MAR06525,0.0,0.0,0.0
MAR06526,0.0,0.0,0.0
MAR06527,0.0,0.0,0.0
MAR06529,0.0,0.0,0.0
MAR06530,0.0,0.0,14.983611357843994
MAR06531,0.0,0.0,0.0
MAR06532,0.0,0.0,0.0
MAR06533,0.0,0.0,0.0
MAR06534,0.0,0.0,0.0
MAR06628,0.003804598599955054,0.00570054584061369,0.009580194136464585
MAR06732,0.0,-5.167748066943689,-0.9287846906476439
MAR06733,0.0,0.0,0.0
MAR06989,0.0,0.0,84.36980190762392
MAR06991,0.0,0.0,0.0
MAR07109,0.0,0.0,0.0
MAR07111,0.0,0.0,0.0
MAR07113,0.0,0.0,0.0
MAR07115,0.0,0.0,0.0
MAR07117,0.0,0.0,0.0
MAR07119,0.0,0.0,0.0
MAR07121,0.0,0.0,0.0
MAR07123,0.0,0.0,0.0
MAR07125,0.0,0.0,0.0
MAR07127,0.0,0.0,0.0
MAR07173,0.0,0.0,0.0
MAR07184,0.0,0.0,0.0
MAR07223,0.0,0.0,0.0
MAR07253,0.0,0.0,0.0
MAR07372,0.0,0.0,0.0
MAR07453,0.0,0.0,0.0
MAR07482,0.0,0.0,0.0
MAR07499,0.0,0.0,0.0
MAR07511,0.0,0.0,0.0
MAR07523,0.0,0.0,0.0
MAR07539,0.0,0.0,0.0
MAR07555,0.0,0.0,0.0
MAR07568,0.0,0.0,0.0
MAR07569,0.0,0.0,0.0
MAR07579,0.0,0.0,0.0
MAR07583,0.0,0.0,0.0
MAR07608,0.0,0.0,0.0
MAR07609,0.0,0.0,0.0
MAR07629,0.0,0.0,0.0
MAR07630,0.0,0.0,0.0
MAR07631,0.0,0.0,0.0
MAR07632,0.0,0.0,4.0313801892618955
MAR07633,0.0,0.0,0.0
MAR07634,0.0,0.0,0.0
MAR07635,0.0,0.0,0.0
MAR07636,0.0,0.0,0.0
MAR07637,0.0,0.0,0.0
MAR07639,0.0,0.0,0.0
MAR07643,0.0,0.0,35.21418850696255
MAR07644,-8.326341226305978,0.0,0.0
MAR07645,0.0,0.0,7.192608129401233
MAR07650,0.0,0.0,0.0
MAR07651,0.0,0.0,0.0
MAR07660,0.0,0.0,0.0
MAR07666,0.000846830010957738,0.000713602436506431,0.0019193768740303615
MAR07667,0.0,0.0,0.0
MAR07679,0.0,0.0,0.0
MAR07680,0.0,0.0,0.0
MAR07681,0.0,0.0,0.0
MAR07682,0.0,0.0,-6.603621243892019
MAR07683,0.0,0.0,0.0
MAR07684,0.0,0.0,0.0
MAR07685,0.0,0.0,0.0
MAR07686,0.0,0.0,0.0
MAR07687,0.0,0.0,0.0
MAR07690,0.0,0.0,0.0
MAR07691,0.0,0.0,0.0
MAR07692,0.0,0.0,0.0
MAR07699,0.0,0.0,0.0
MAR07700,0.0,0.0,0.0
MAR07734,1.2245919766230702,0.7937946708353778,0.0
MAR07735,0.0,-0.000713602436506431,-0.0019193768740303617
MAR07736,0.0,0.0,0.0
MAR07737,2.5179776895425916,0.0,0.0
MAR07738,0.0,0.0,0.0
MAR07739,0.0,0.0,0.0
MAR07774,0.0,0.0,0.0
MAR07781,918.429484420238,784.7274204309145,986.7583337651049
MAR07787,0.0,0.0,0.0
MAR07798,0.0,0.0,0.0
MAR07896,0.0,-2.109275119000006,0.0
MAR07898,0.0,0.0,-11.21929131647557
MAR07900,0.0,0.0,0.0
MAR07901,0.0,0.0,0.0
MAR07902,0.0,0.0,0.0
MAR07903,0.0,0.0,0.0
MAR07904,0.0,0.0,0.0
MAR07905,0.0,0.0,0.0
MAR07906,0.0,0.0,0.0
MAR07946,0.0,0.0,0.0
MAR07951,0.0,0.0,0.0
MAR07961,0.0,0.0,0.0
MAR07964,0.0,0.0,0.0
MAR07967,0.0,0.0,0.0
MAR07975,0.0,0.8183842461533721,0.0
MAR07977,0.0,0.0,0.0
MAR07979,0.0,0.0,0.0
MAR07982,0.0,0.0,0.0
MAR07986,0.0,0.0,0.0
MAR07990,0.0,0.0,0.0
MAR07994,0.0,0.0,0.0
MAR07997,0.0,0.0,0.0
MAR08002,0.0,0.0,0.0
MAR08007,0.0,0.0,0.0
MAR08010,-0.0012665631468237472,-0.0010673010354704878,-0.002870720194201932
MAR08015,0.0,0.0,0.0
MAR08023,0.0,0.0,0.0
MAR08031,0.0,0.0,0.0
MAR08033,0.0,0.0,0.0
MAR08035,0.0,0.0,0.0
MAR08039,0.0,0.0,0.0
MAR08041,0.0,0.0,0.0
MAR08042,0.0,0.0,0.0
MAR08044,0.0,0.0,0.0
MAR08045,0.0,0.0,0.0
MAR08047,0.0,0.0,0.0
MAR08048,0.0,0.0,0.0
MAR08050,0.0,0.0,0.0
MAR08051,0.0,0.0,0.0
MAR08053,0.0,0.0,0.0
MAR08054,0.0,0.0,0.0
MAR08056,0.0,0.0,0.0
MAR08057,0.0,0.0,0.0
MAR08061,0.0,0.0,0.0
MAR08073,0.0,-0.09275797468153821,0.0
MAR08075,0.0,0.0,0.0
MAR08076,0.0,0.0,0.0
MAR08077,0.0,0.0,0.0
MAR08079,0.0,0.0,0.0
MAR08080,0.0,0.0,0.0
MAR08081,0.0,-0.9566524929137271,0.0
MAR08090,0.0,0.0,0.0
MAR08095,0.0,0.0,0.0
MAR08100,0.0,0.0,0.0
MAR08101,0.0,0.0,0.0
MAR08103,0.0,0.0,0.0
MAR08104,0.0,-0.8183842461533721,0.0
MAR08154,0.0,0.0,0.0
MAR08158,0.0,0.0,0.0
MAR08161,0.0,0.0,0.0
MAR08164,0.0,0.0,0.0
MAR08214,0.0,0.0,0.0
MAR08223,0.0,0.0,0.0
MAR08225,0.0,0.0,0.0
MAR08229,0.0,0.0,0.0
MAR08231,0.0,0.0,0.0
MAR08240,0.0,0.0,0.0
MAR08247,0.0,0.0,0.0
MAR08253,0.0,0.0,0.0
MAR08266,0.0,0.0,0.0
MAR08270,0.0,0.0,0.0
MAR08273,0.0,0.0,0.0
MAR08283,0.0,0.0,0.0
MAR08290,0.0,0.0,0.0
MAR08297,0.0,0.0,0.0
MAR08300,0.0,0.0,0.0
MAR08304,0.0,0.0,0.0
MAR08311,0.0,0.0,0.0
MAR08313,0.0,0.0,0.0
MAR08315,0.0,0.0,0.0
MAR08321,0.0,0.0,0.0
MAR08324,0.0,0.0,0.0
MAR08329,0.0,0.0,0.0
MAR08336,0.0,0.0,0.0
MAR08339,0.0,0.0,0.0
MAR08340,0.0,0.0,0.0
MAR08343,0.0,0.0,0.0
MAR08354,0.0,0.0,8.365608057151503
MAR08364,0.0,0.0,0.0
MAR08374,0.0,0.0,0.0
MAR08408,-16.02559838537558,-35.732439716183485,-143.78164811276355
MAR08420,0.0,0.0,0.0
MAR08429,0.0,0.0,0.0
MAR08515,0.0,0.0,0.0
MAR08520,0.0,0.0,0.0
MAR08536,0.0,0.0,0.0
MAR08551,0.0,0.0,0.0
MAR08567,0.0,0.0,0.0
MAR08586,0.0,0.0,-0.6177312955720443
MAR08593,0.0,0.0,0.0
MAR08595,0.0,0.0,0.0
MAR08597,0.0,0.0,0.0
MAR08599,0.0,0.0,0.0
MAR08600,0.0,0.0,0.0
MAR08602,0.0,0.0,0.0
MAR08612,0.000846830010957738,0.0007136024365064307,0.0019193768740303613
MAR08618,0.0,0.0,0.0
MAR08629,0.0,0.0,0.0
MAR08631,0.0,0.0,0.0
MAR08632,0.0,0.0,0.0
MAR08633,0.0,0.0,0.0
MAR08635,0.0,0.0,0.0
MAR08636,0.0,0.0,0.0
MAR08656,0.0,0.0,0.0
MAR08658,0.0,0.0,0.0
MAR08659,0.0,3.6338864090089715,32.191209784373264
MAR08660,0.0,0.0,0.0
MAR08670,0.0,0.0,0.0
MAR08671,0.0,0.0,0.0
MAR08676,0.0,0.0,0.0
MAR08677,0.0,0.0,0.0
MAR08678,0.0,0.0,0.0
MAR08679,0.0,0.0,0.0
MAR08686,0.0,0.0,0.0
MAR08687,0.0,0.0,0.0
MAR08696,0.0,0.0,0.0
MAR08714,0.0,0.0,0.0
MAR08718,0.0,0.0,0.0
MAR08720,0.0,0.0,0.0
MAR08721,2.9504044379239427,5.132147208620319,0.0
MAR08723,0.0,0.0,0.0
MAR08730,0.0,0.0,0.0
MAR08732,0.0,0.0,0.0
MAR08733,0.0,0.0,0.0
MAR08734,0.0,0.0,0.0
MAR08735,0.0,0.0,0.0
MAR08736,0.0,0.0,0.0
MAR08760,3.0993315119985145,1.9817636276220774,0.0
MAR08797,0.0,0.0,0.0
MAR08798,0.0,0.0,0.0
MAR08846,0.0,0.0,0.0
MAR08847,0.0,0.818384246153372,0.0
MAR08849,0.0,0.0,0.0
MAR08850,0.0,0.0,0.0
MAR08852,0.0,0.8183842461533719,0.0
MAR08853,0.0,0.0,0.0
MAR08854,0.0,0.0,0.0
MAR08861,-422.8463263497485,-345.9238336710816,-994.8942924475592
MAR08863,0.0,0.0,0.0
MAR08864,0.0,0.0,0.0
MAR08865,0.0,2.685155365297907,0.0
MAR08866,0.0,0.0,0.0
MAR08867,0.0,0.0,0.0
MAR08869,0.0,0.0,0.0
MAR08870,0.0,0.0,0.0
MAR08872,0.0,0.0,0.0
MAR08873,0.0,0.0,0.0
MAR08876,0.0,0.0,0.0
MAR08877,0.0,0.0,0.0
MAR08878,0.0,0.0,0.0
MAR08879,0.0,0.0,0.0
MAR08881,0.0,0.0,0.0
MAR08883,0.0,0.0,0.0
MAR08884,0.0,0.0,0.0
MAR08889,0.0,0.0,0.0
MAR08892,0.0,0.0,0.0
MAR08893,0.0,0.0,0.0
MAR08896,0.0,0.0,0.0
MAR08898,0.0,0.0,0.0
MAR08899,0.0,0.0,0.0
MAR08901,0.0,0.0,0.0
MAR08903,0.0,0.0,0.0
MAR08905,0.0,0.0,0.0
MAR08907,0.0,0.0,0.0
MAR08911,0.0,0.0,0.0
MAR08912,0.0,0.0,0.0
MAR08913,0.0,0.0,0.0
MAR08917,0.0,0.0,0.0
MAR08922,0.0,0.0,0.0
MAR08923,0.0,0.0,0.0
MAR08924,0.0,0.0,0.0
MAR08925,0.0,0.0,0.0
MAR08927,0.0,0.0,0.0
MAR08929,0.0,0.0,0.0
MAR08930,0.0,0.0,0.0
MAR08931,0.0,0.0,0.0
MAR08932,0.0,0.0,0.0
MAR08933,0.0,0.0,0.0
MAR08934,0.0,0.0,0.0
MAR08935,0.0,0.0,0.0
MAR08936,0.0,0.0,0.0
MAR08937,0.0,0.0,0.0
MAR08938,0.0,0.0,0.0
MAR08939,0.0,0.0,1.2306966460592692
MAR08940,0.0,0.0,0.0
MAR08941,0.0,0.0,0.0
MAR08942,0.0,0.0,0.0
MAR08943,0.0,0.0,0.0
MAR08944,0.0,0.0,0.0
MAR08945,0.0,0.0,0.03408034943078904
MAR08946,3.2157068295696664e-05,0.00047126851194386995,0.0
MAR08947,0.0,0.0,0.0
MAR09173,0.0,0.0,-11.219291316475568
MAR09175,0.0,0.0,0.0
MAR09176,0.0,0.0,0.0
MAR09178,0.0,0.0,0.0
MAR09180,0.0,0.0,0.0
MAR09182,0.0,0.0,0.0
MAR09183,0.0,0.0,0.0
MAR09184,0.0,0.0,0.0
MAR09185,0.0,0.0,0.0
MAR09187,0.0,0.0,0.0
MAR09188,0.0,0.0,0.0
MAR09189,0.0,0.0,0.0
MAR09190,0.0,6.037031995522375,45.51224660449121
MAR09191,0.0,0.0,0.0
MAR09192,0.0,0.0,-0.612618048237074
MAR09193,0.0,0.0,0.0
MAR09195,0.0,0.0,0.0
MAR09196,0.0,0.0,0.0
MAR09197,0.0,0.0,0.0
MAR09198,0.0,0.0,0.0
MAR09590,0.0,0.0,0.0
MAR09591,0.0,0.0,0.0
MAR09592,0.0,0.0,0.0
MAR09593,0.0,0.0,0.0
MAR09594,0.0,0.0,0.0
MAR09595,0.0,0.0,0.0
MAR09596,0.0,0.0,0.0
MAR09597,0.0,0.0,0.0
MAR09598,0.0,0.0,0.0
MAR09599,0.0,0.0,0.0
MAR09600,0.0,0.0,0.0
MAR09601,0.0,0.0,0.0
MAR09602,0.0,0.0,0.0
MAR09603,0.0,0.0,0.0
MAR09604,0.0,0.0,0.0
MAR09605,0.0,0.0,0.0
MAR09606,0.0,14.068227752338814,0.0
MAR09607,0.0,0.0,0.0
MAR09608,0.0,0.0,0.0
MAR09609,0.0,0.0,0.0
MAR09610,0.0,0.0,0.0
MAR09611,0.0,0.0,1.0470798354646569
MAR09612,0.0,0.0,0.0
MAR09613,0.0,0.0,0.0
MAR09614,0.0,0.0,0.0
MAR09615,0.0,0.0,0.0
MAR09616,0.0,0.0,0.0
MAR09617,0.0,0.0,2.2220585641771313
MAR09618,0.0,0.0,0.0
MAR09619,0.0,0.0,0.0
MAR09620,0.0,0.0,0.0
MAR09621,33.74872337034724,0.0,181.65011121433798
MAR09622,0.0,0.0,0.0
MAR09623,0.0,0.0,0.0
MAR09624,0.0,0.0,0.0
MAR09635,0.0,0.0,0.0
MAR09636,0.0,0.0,0.0
MAR09637,0.0,0.0,0.0
MAR09638,0.0,0.0,0.0
MAR09639,0.0,0.0,0.0
MAR09640,0.0,0.0,0.0
MAR09641,0.0,14.105809780009906,19.769548299742628
MAR09642,0.0,0.0,0.0
MAR09643,0.0,0.0,0.0
MAR09644,0.0,0.0,0.0
MAR09645,0.0,0.0,0.0
MAR09646,0.0,0.0,0.0
MAR09647,0.0,0.0,0.0
MAR09648,0.0,0.0,0.0
MAR09649,0.0,0.0,0.0
MAR09650,1.0902142277347284,-0.5215141841515475,0.0
MAR09651,0.0,0.0,0.0
MAR09652,0.0,0.0,0.0
MAR09653,0.0,0.0,0.0
MAR09654,0.0,0.0,0.0
MAR09655,0.0,0.0,0.0
MAR09656,0.0,0.0,0.0
MAR09657,0.0,0.0,0.0
MAR09658,0.0,0.0,0.0
MAR09659,0.0,1.5486745787912026,0.0
MAR09660,0.0,0.0,0.0
MAR09661,0.0,0.0,0.0
MAR09662,0.0,0.0,0.0
MAR09663,0.0,0.0,0.0
MAR09720,0.0,0.0,0.0
MAR09728,-8.308752426353458,-7.0015775292007785,-18.832147010413834
MAR09731,0.0,0.0,0.0
MAR09737,0.0,0.0,2.732510386011204
MAR08071,0.0,0.0,32.92642287385155
MAR04312,0.0,0.0,-3.8238022899763964
MAR08428,0.0,0.0,0.0
MAR08430,0.0,0.0,0.0
MAR08022,0.0,0.0,0.0
MAR08070,0.0,0.0,0.0
MAR09015,0.0,0.0,0.0
MAR09019,0.19848406892849318,2.822678675779706e-17,0.0
MAR09020,1.9484993830100183e-16,3.031177545954872e-15,0.0
MAR00157,0.0,0.0,0.0
MAR00158,0.0,0.0,0.0
MAR00166,0.0,0.0,0.0
MAR00169,0.0,0.0,0.0
MAR00172,-0.0030403431444831434,0.0,0.0
MAR00175,0.0,0.0,0.0
MAR00178,0.0,0.0,0.0
MAR00182,0.0,0.0,0.0
MAR00185,0.0,0.0,0.0
MAR00446,2.2135858585363515,2.7920675894124787,0.0
MAR00578,0.3710179099216387,0.3126474984137259,0.4204640759892793
MAR00587,-0.09275447748040966,-0.07816187460343146,-0.21023203799463963
MAR00962,0.0,0.0,0.0
MAR01145,0.0,0.0,0.0
MAR01173,0.0,0.0,0.0
MAR01187,0.0,0.0,0.0
MAR01215,0.0,0.0,0.0
MAR01243,0.0,0.0,0.0
MAR01267,0.0,0.0,1.9334923405999493
MAR01284,0.0,0.0,-1.9334923405999493
MAR01572,-0.3644431764971222,0.0,-4.634996623196676
MAR01602,0.0,0.0,0.0
MAR01915,0.0,0.0,0.0
MAR01925,0.0,0.0,0.0
MAR01930,0.0,0.0,0.0
MAR01936,0.0,0.0,0.0
MAR01994,0.0,0.0,0.0
MAR01997,0.0,0.0,0.0
MAR02008,0.0,0.0,0.0
MAR02012,0.0,0.0,0.0
MAR02065,0.0,0.0,0.0
MAR02080,0.0,0.0,0.0
MAR02094,0.0,0.0,0.0
MAR02105,0.0,0.0,0.0
MAR02116,0.0,0.0,0.0
MAR02127,0.0004221877156079158,0.00035576701182349596,0.0009569067314006441
MAR02141,0.0004221877156079157,0.0003557670118234959,0.000956906731400644
MAR02590,0.0,0.0,0.0
MAR03746,0.0,0.0,0.0
MAR03762,0.0,0.0,0.0
MAR03789,0.3331970483914674,0.0,2.49359676392421
MAR03818,-2.8000128829627724,-1.4276265527467535,-8.220579140444706
MAR03825,0.0,0.0,11.450358218535962
MAR03863,0.0,0.0,0.35307784155611865
MAR03864,0.0,0.0,0.35307784155611865
MAR03921,0.0,0.0,0.0
MAR03946,0.0,0.0,0.0
MAR03949,0.0,0.0,0.0
MAR03950,0.0,0.011287193494069137,-7.27167157690336
MAR03952,0.0,0.0,0.0
MAR03954,0.0,0.0,0.0
MAR03971,1.3365305459622763,2.168266847785806,0.0
MAR04184,0.0,0.0,0.0
MAR04205,0.0,0.0,0.0
MAR04237,0.0,0.0,0.0
MAR04266,0.0,0.0,0.0
MAR04367,0.0,0.0,0.0
MAR04684,0.0,0.0,0.0
MAR04692,0.0,0.0,1.293131538786667
MAR04720,0.0,0.0,0.0
MAR04729,0.0,0.0,0.0
MAR04738,0.0,0.0,0.0
MAR04743,0.0,-2.577401032440992,0.0
MAR04754,0.000846830010957738,0.0,0.0
MAR04756,0.0,0.0,0.0
MAR04760,0.0,0.0007136024365064309,0.0019193768740303615
MAR04843,0.0,0.0,0.0
MAR04850,0.0,0.0,0.0
MAR04851,0.0,0.0,0.0
MAR04852,2.096593917798569,0.7138132763733769,0.0
MAR04854,0.8844009730927149,0.0,-0.37252506952984715
MAR04855,0.0,0.0,0.0
MAR04862,0.0,0.0,2.1210716943943626
MAR04863,0.0,0.0,2.1210716943943626
MAR04864,0.0,0.0,2.1210716943943626
MAR04865,0.0,0.0,2.1210716943943626
MAR04867,0.0,0.0,-2.1210716943943626
MAR04868,0.0,0.0,0.0
MAR04870,0.0,1.6436794416979748,2.4128888476542597e-16
MAR04871,0.0,0.0,0.0
MAR04872,0.0,-1.6436794416979748,-2.4128888476542597e-16
MAR04874,0.0,0.678392488210002,0.0
MAR04888,0.0,0.0,0.0
MAR04898,1.1499109518906896,1.2313093661102787,14.572213009613026
MAR04905,1.9563008674174935,1.065044077777838,11.156726878863743
MAR04914,0.0,-0.3184476576111672,0.0
MAR04922,0.0,0.0,-1.9425387875987576
MAR04926,0.0,0.0,0.0
MAR04940,0.0,0.0,0.0
MAR04944,0.0,0.0,0.0
MAR04951,-0.60104900036864,-0.0405429968270264,-5.10570755244066
MAR04953,0.0,0.0,0.0
MAR04959,0.0,0.0,0.0
MAR04963,0.0,0.0,0.059537171532863226
MAR04964,0.0,0.0,0.0
MAR04971,0.0,0.0,0.0
MAR04972,0.0,0.0,0.0
MAR04957,0.0,2.2277717087354905,0.0
MAR04977,0.0,0.0,2.818026650798692
MAR04979,0.0,0.0,0.0
MAR04997,0.0,0.0,0.0
MAR04998,0.0,1.064330475341326,0.0
MAR05006,0.0008468300109576714,0.0,0.0
MAR05014,0.0,0.0,0.0
MAR05015,0.0,0.0,2.8180266507986915
MAR05016,1.904674252910022,2.031206633898274,0.0
MAR05022,0.0,0.0,0.0
MAR05031,0.0,0.0,-11.154807501989715
MAR05033,-1.1076524767146712,0.0,0.0
MAR05036,0.0009889910876764887,0.0,17.29183386186236
MAR05043,0.0,0.0,1.7494434274015227
MAR05046,0.0,0.0,0.0
MAR05096,0.0,0.0,0.0
MAR05099,0.0,0.0,0.0
MAR05101,0.0,0.0,0.0
MAR05102,0.0,0.0,0.0
MAR05105,0.0,0.0,0.0
MAR05107,0.0,0.0,0.0
MAR05109,0.0,0.0,0.0
MAR05112,0.0,0.0,0.0
MAR05113,0.0,0.0,0.0
MAR05114,0.0,0.0,0.0
MAR05115,0.0,0.0,0.0
MAR05116,0.0,0.0,8.505265944157163
MAR05117,0.0,0.0,0.0
MAR05118,0.0,0.0,0.0
MAR05121,0.0,0.0,0.0
MAR05122,0.1779481621540187,0.0,0.0
MAR05124,0.0,2.577401032440992,11.757181053495009
MAR05125,0.0,0.0,0.0
MAR05126,2.6220647208087553,0.0,8.280116311977569
MAR05222,0.0,0.0,0.0
MAR05223,0.0,0.0,0.0
MAR05225,0.0,0.0,0.0
MAR05227,0.0,0.0,0.0
MAR05292,0.0,0.0,0.0
MAR05304,-0.8478015606918646,0.0,6.557623823003125
MAR05348,0.0,0.0,0.0
MAR05349,0.0,0.0,0.0
MAR05361,0.0,0.4940988237149864,-0.011516261244182164
MAR05411,0.0,0.0,0.0
MAR05420,0.0,0.0,0.0
MAR05426,-1.9046742529100218,-1.70703972806608,0.0
MAR06276,0.0,0.0,0.0
MAR06277,0.0,0.0,0.0
MAR06286,0.0,0.0,0.0
MAR06287,0.0,0.0,6.7357401527129355
MAR06288,0.0,0.0,26.77454641856983
MAR06289,0.0,0.0,0.0
MAR06290,0.0,0.0,0.0
MAR06291,0.0,0.0,0.0
MAR06292,0.0,0.0,0.0
MAR06293,0.0,0.0,24.990054002179495
MAR06294,0.0,0.0,0.0
MAR06295,0.8844009730927149,0.0,0.0
MAR06296,0.0,0.0,0.0
MAR06297,0.0,0.0,0.0
MAR06298,0.0,0.0,0.0
MAR06299,0.0,0.0,0.0
MAR06300,0.0,0.0,0.24011625712570475
MAR06301,0.0,0.0,0.0
MAR06302,0.0,0.0,0.0
MAR06303,0.0,0.0,0.0
MAR06304,0.0,0.0,0.0
MAR06305,0.0,0.0,0.0
MAR06306,0.0,0.0,0.0
MAR06307,0.0,0.0,0.0
MAR06308,0.0,0.0,0.0
MAR06309,0.0,0.0,0.0
MAR06310,0.0,0.0,0.0
MAR06311,0.0,0.0,0.0
MAR06312,0.0,0.0,0.0
MAR06313,0.0,0.0,0.0
MAR06314,0.0,0.0,0.0
MAR06315,0.0,0.0,0.0
MAR06316,0.0,0.0,0.0
MAR06317,2.0210157204401145,1.3516627677563522,3.114871588004045
MAR06318,0.0,0.0,0.0
MAR06321,0.0,0.0,0.0
MAR06323,0.0,0.0,0.0
MAR06324,0.0,0.0,0.0
MAR06325,0.0,0.0,0.0
MAR06326,0.0,0.0,0.0
MAR06327,0.0,0.0,0.0
MAR06328,0.0,0.0,117.86272779704953
MAR06330,0.0,0.0,0.0
MAR06331,0.0,0.0,1.784492416390334
MAR06332,0.0,0.0,0.0
MAR06333,0.0,0.0,0.0
MAR06334,0.0,0.0,0.0
MAR06335,0.0,0.0,0.0
MAR06336,0.0,0.0,0.0
MAR06337,0.9777270187032676,0.7626527768642797,0.0
MAR06338,0.0,0.0,0.0
MAR06339,0.0,0.0,0.0
MAR06340,0.0,0.0,0.0
MAR06341,0.0,0.3016776984770465,0.0
MAR06342,0.0,0.0,0.0
MAR06343,0.0,0.0,0.0
MAR06389,0.0,0.0,0.21023203799463963
MAR06391,0.0,0.0,0.0
MAR06408,0.0,0.0,0.0
MAR06431,0.0008468300109577377,0.0007136024365064307,0.0
MAR06438,-0.0008468300109577378,-0.0007136024365064307,-0.001919376874030361
MAR06446,0.0008468300109577377,0.0007136024365064307,0.0
MAR06454,0.0008468300109577377,0.0007136024365064309,0.001919376874030361
MAR06455,0.0,0.0,0.0
MAR06469,0.0,0.0,0.0019193768740303607
MAR06481,0.0,0.0,0.001919376874030361
MAR06513,-1.3150394345415057e-19,0.0,1.9904518693216862
MAR06517,0.0,0.0,2.1210716943943626
MAR06521,0.0,0.0,0.0
MAR06522,0.0,0.0,-2.1210716943943626
MAR06618,0.0,0.0,0.0
MAR06620,0.0,0.0,0.0
MAR06781,0.0,0.0,0.0
MAR06890,0.0,0.0,0.0
MAR06902,0.0,0.0,0.0
MAR07638,0.0,1.6691094726565703,15.263692023791553
MAR07708,0.0,0.0,0.0
MAR07719,0.0,0.0,-10.341456069564591
MAR07723,0.0,0.0,0.0
MAR07757,0.0,0.0,0.0
MAR07758,0.0,0.0,0.0
MAR07760,0.0,0.0,0.0
MAR07769,0.0,-1.2609983787193364,0.0
MAR07804,0.0,0.0,0.0
MAR07806,0.0009889910876764885,0.7626527768642797,5.367105019429619
MAR07808,0.9777270187032677,0.7626527768642797,0.0
MAR07810,0.0,0.0,0.0
MAR07812,0.0,0.0,-5.367105019429618
MAR07814,0.0,0.0,0.0
MAR07815,0.0,0.0,0.0
MAR07816,0.0,0.0,0.0
MAR07818,0.0,0.0,1.583272772868154
MAR07820,0.0,0.0,0.0
MAR07822,0.0,0.0,4.97435105013497
MAR07824,0.0,0.0,0.0
MAR07825,0.0,0.0,0.0
MAR07826,0.0,0.0,0.0
MAR07827,0.0,0.0,5.367105019429619
MAR07828,0.0,0.0,0.0
MAR07829,0.0,0.0,0.0
MAR07830,0.0,0.0,0.0
MAR07831,0.0,0.0,0.0
MAR07832,0.0,0.0,4.97435105013497
MAR07833,0.0,0.0,0.0
MAR07834,0.9777270187032677,0.0,0.0
MAR07835,0.0,0.0,5.367105019429619
MAR07836,0.0,0.0,0.4050108649842056
MAR07837,0.0,0.0,0.0
MAR07838,0.0,0.0,5.367105019429619
MAR07839,0.0,0.0,0.0
MAR07840,0.0,0.0,0.0
MAR07841,0.0,0.0,0.0
MAR07842,0.0,0.0,0.0
MAR07843,0.0,0.0,0.0
MAR07844,0.0,0.0,0.0
MAR07845,0.0,0.0,0.0
MAR07846,0.0,0.0,0.0
MAR07847,0.0,0.30167769847704645,0.0
MAR07848,0.0,0.7626527768642797,5.367105019429619
MAR07849,0.0,0.0,0.0
MAR07850,0.0,0.0,0.0
MAR07851,0.0,0.0,0.0
MAR07852,0.0,0.0,0.0
MAR07853,0.0,0.0,0.0
MAR07854,0.0,0.0,0.0
MAR07897,0.0,0.0,0.0
MAR07899,0.0,0.0,0.0
MAR07914,0.0,0.0,0.0
MAR07917,0.0,0.0,0.0
MAR07923,0.0,0.0,0.0
MAR07995,0.0,0.0,0.0
MAR07998,0.0,0.0,0.0
MAR08000,0.0,0.00035576701182349596,0.0009569067314006438
MAR08001,0.0,0.0,0.0
MAR08009,0.0004221877156079158,0.0007115340236469919,0.0019138134628012878
MAR08089,0.0,0.0,0.0
MAR08093,0.0,0.0,0.0
MAR08099,0.0,0.0,0.0
MAR08120,0.0,0.0,0.0
MAR08122,0.0,0.0,0.0
MAR08124,0.0,0.0,0.0
MAR08126,0.0,0.0,0.0
MAR08128,0.0,0.0,0.0
MAR08356,0.0,0.0,0.0
MAR08365,0.0,0.0,0.0
MAR08411,0.0,0.0,0.0
MAR08438,0.0,0.0,0.0
MAR08475,0.0,-4.422432902276984,0.0
MAR08505,0.0,0.0,0.0
MAR08510,0.0,0.0,0.0
MAR08513,0.0,0.0,0.0
MAR08528,0.0,0.42033279290644543,0.0
MAR08532,0.0,0.0,0.0
MAR08562,0.0,0.0,0.0
MAR08614,0.0008468300109577381,0.0007136024365064307,0.0019193768740303615
MAR08627,0.0,0.0,0.0
MAR08655,0.0,0.0,0.0
MAR08657,0.0,0.0,0.0
MAR08680,0.0,0.0,0.0
MAR08731,0.0,0.0,0.0
MAR08741,0.0,1.6436794416979748,0.0
MAR08742,0.0,0.0,0.0
MAR08745,0.0,0.0,0.0
MAR08747,0.0,0.0,0.0
MAR08776,0.0,0.0,0.0
MAR08785,0.0,0.0,0.0
MAR08848,0.0,0.0,2.1210716943943626
MAR08890,0.0,0.0,0.0
MAR08891,0.0,0.0,0.0
MAR08910,0.0,0.0,0.0
MAR09174,0.0,0.0,0.0
MAR09194,0.0,0.0,0.0
MAR09675,0.0,0.0,0.0
MAR09676,0.0,0.0,0.0
MAR09677,0.0,0.0,0.0
MAR09014,0.0,0.0,0.0
MAR00707,0.0,0.0,0.0
MAR00713,0.0,0.0,0.0
MAR01104,0.0,0.0,0.0
MAR01135,0.0,0.0,0.0
MAR01144,0.0,0.0,0.0
MAR01172,0.0,0.0,0.0
MAR01188,0.0,0.0,0.0
MAR01214,0.0,0.0,0.0
MAR01242,0.0,0.0,0.0
MAR01268,0.0,0.0,0.0
MAR01283,0.0,0.0,0.0
MAR01286,0.0,0.0,0.0
MAR01443,0.0,0.0,0.0
MAR02067,0.0,0.0,0.0
MAR02082,0.0,0.0,0.0
MAR02093,0.0,0.0,0.0
MAR02104,0.0,0.0,0.0
MAR02407,0.024483675254844715,0.0,0.0
MAR02509,0.0,0.0,0.0035811910204464523
MAR02547,0.0,0.0,0.0
MAR02575,0.0,0.0,0.0
MAR03007,0.0,0.0,0.0
MAR03008,0.0,0.0,0.0
MAR03011,0.0,0.0,0.0
MAR03013,0.0,0.0,0.0
MAR03014,0.0,0.0,0.0
MAR03017,0.0,0.0,0.0
MAR03018,0.0,0.0,0.0
MAR03019,0.0,0.0,0.0
MAR03020,0.0,0.0,0.0035811910204464528
MAR03021,0.0,0.0,0.0
MAR03022,0.0,0.0,0.0
MAR03023,0.0,0.0,0.0
MAR03024,0.0,0.0,0.0
MAR03025,0.0,0.0,0.0
MAR03026,0.0,0.0,0.0
MAR03473,0.0,0.0,0.0
MAR03848,0.0,0.0,0.0
MAR03850,0.0,0.0,0.0
MAR03867,0.0,0.0,0.0
MAR03947,-0.04896735050968943,-6.937658760980515,0.0
MAR03948,0.0,0.0,0.0
MAR04393,0.0,0.0,0.0
MAR04468,0.0,0.0,0.0
MAR04469,0.0,0.0,0.0
MAR04647,0.0,0.0,0.0
MAR04790,0.0,0.0,0.0
MAR04890,0.0,10.228489678553226,4.9807237425432245
MAR04900,0.04896735050968944,7.003724570403664,1.9718728264907432
MAR04908,0.0,0.0,0.0
MAR04915,0.0,4.156157561873447,0.0
MAR04924,0.0,0.0,0.0
MAR04930,0.048967350509689436,5.677466568419761,8.587107845686555
MAR04945,0.0,0.0,0.0
MAR04986,-0.07974275697435647,-9.034363295415618,-94.86948223917143
MAR05344,0.0,0.0,170.7574854103119
MAR05346,0.0,5.069038135819405,181.65011121433798
MAR05362,0.0,-0.033032904711573066,0.0
MAR05414,0.0,0.0,0.0
MAR05452,0.0,0.0,-86.78062897516655
MAR05453,0.0,0.0,86.78062897516655
MAR06928,0.0,0.0,0.0
MAR06937,0.0,0.0,0.0
MAR06986,0.0,0.0,0.0
MAR06987,0.0,0.0,0.0
MAR07590,0.0,0.0,0.0
MAR07596,0.0,0.0,0.0
MAR07640,0.0,0.0,0.0
MAR07646,0.0,0.0,0.0
MAR07705,0.0,0.0,0.0
MAR07707,0.0,0.0,0.0
MAR07771,0.0,-9.10207722069233e-16,-3.549765672333579e-14
MAR07775,0.0,0.0,0.0
MAR07777,0.0,0.03303290471157306,0.0
MAR07779,0.0,0.03303290471157305,0.0
MAR07782,0.0,0.0,0.0
MAR07783,0.0,5.069038135819405,181.65011121433795
MAR07785,0.0,-5.069038135819405,-181.65011121433795
MAR07788,0.0,0.03303290471157306,0.0
MAR07790,0.0,-0.03303290471157306,0.0
MAR07797,0.0,0.0,0.0
MAR08016,0.0,0.0,0.0
MAR08020,0.0,0.0,0.0
MAR08359,0.0,0.0,0.0
MAR08414,0.0,0.0,0.0
MAR08754,0.0,0.0,0.0
MAR08756,0.0,0.0,0.0
MAR08860,0.0,0.0,0.0
MAR08926,0.0,0.0,0.0
MAR09179,0.0,0.0,0.0
MAR09181,0.0,0.0,0.0
MAR09678,0.0,0.0,0.0
MAR09679,0.0,0.0,0.0
MAR09680,0.0,-1.2601921925607549,1.9395028146695126
MAR09017,0.0,0.0,0.0
MAR00984,0.0,0.0,0.0
MAR01089,0.0,0.0,0.0
MAR01090,0.0,0.0,0.0
MAR01094,0.0,0.0,0.0
MAR01095,-0.29855287808006253,-0.3487344081014036,-1.4290288590034184
MAR02564,0.02305785328107422,0.0,0.0
MAR02585,0.0,0.0,0.0
MAR04274,0.4138421444854336,0.3487344081014036,1.4290288590034181
MAR04275,-0.4138421444854336,-0.3487344081014036,-1.4290288590034181
MAR04277,0.0,0.0,0.0
MAR04535,0.0,0.0,0.0
MAR04538,0.0,0.0,0.0
MAR04893,0.0,0.0,0.0
MAR04904,0.0,0.0,0.0
MAR04916,0.0,0.0,0.0
MAR05422,-2.4314248730078356,-2.048900831464889,-7.747879356151096
MAR05423,0.6897369074757228,0.5812240135023393,2.3817147650056976
MAR05424,0.0,0.0,0.0
MAR06617,0.0,0.0,0.0
MAR06619,0.0,0.0,0.0
MAR07653,0.0,0.0,0.0
MAR07664,0.0,0.0,0.0
MAR07665,0.0,0.0,0.0
MAR07712,0.0,0.0,0.0
MAR07763,-0.04611570656214844,0.0,0.0
MAR07764,-0.023057853281074226,0.0,0.0
MAR07765,0.0,0.0,0.0
MAR07767,0.0,0.0,0.0
MAR07773,0.0,0.0,0.0
MAR07786,0.0,0.0,0.0
MAR07792,0.7817018284724859,0.6587205486359846,2.6992767336731247
MAR07795,0.0,0.0,0.0
MAR07796,0.41384214448543366,0.34873440810140355,1.4290288590034184
MAR07855,0.0,0.0,0.0
MAR07856,0.0,0.0,0.0
MAR07857,0.16384319777225795,0.13806655836754853,0.37135769954065684
MAR07858,0.0,0.0,0.0
MAR07859,0.0,0.0,0.0
MAR07860,0.10922879851483866,0.0920443722450324,0.24757179969377127
MAR07861,0.16384319777225795,0.13806655836754858,0.37135769954065684
MAR07862,0.10922879851483863,0.09204437224503238,0.24757179969377396
MAR07877,0.0,0.0,0.0
MAR08024,0.0,0.0,0.0
MAR08028,0.0,0.0,0.0
MAR08082,0.0,0.0,0.0
MAR08361,0.0,0.0,0.0
MAR08363,0.0,0.0,0.0
MAR08412,0.09223141312429689,0.0,0.0
MAR08447,0.0,0.0,0.0
MAR08476,0.0,0.0,0.0
MAR08789,0.0,0.0,0.0
MAR08828,-1.9193001223750538e-18,0.0,0.0
MAR08837,0.0,0.0,0.0
MAR08838,0.0,0.0,0.0
MAR08839,0.0,0.0,0.0
MAR08840,0.0,0.0,0.0
MAR08841,0.0,0.0,0.0
MAR08842,0.0,0.0,0.0
MAR08843,0.0,0.0,0.0
MAR08844,0.0,0.0,0.0
MAR08845,0.0,0.0,0.0
MAR08862,0.0,0.0,0.0
MAR08868,0.0,0.0,0.0
MAR08871,0.0,0.0,0.0
MAR08894,0.0,0.0,0.0
MAR08909,0.0,0.0,0.0
MAR08918,0.0,0.0,0.0
MAR09673,0.0,0.0,0.0
MAR09674,0.023057853281074223,0.0,0.0
MAR08638,0.0,0.0,0.0
MAR08642,0.0,0.0,0.0
MAR04314,0.0,0.0,0.0
MAR09016,0.0,0.0,0.0
MAR09018,0.0,0.0,0.0
MAR00769,0.0,0.0,0.0
MAR00791,0.0,0.8219791929363242,0.0
MAR00796,0.0,0.0,0.0
MAR00798,0.0,-0.8219791929363242,0.0
MAR00802,0.0,0.0,0.0
MAR00831,0.0,0.0,0.0
MAR00913,0.0,0.0,0.0
MAR00929,0.0,0.0,0.0
MAR01917,0.0,0.0,-0.7151022111541713
MAR02040,0.0,0.0,0.0
MAR02087,0.0,0.0,0.0
MAR02090,0.0,0.0,0.0
MAR02101,0.0,0.0,0.0
MAR03987,0.0,0.0,0.0
MAR04887,0.006125921510330248,1.8235116889232639,4.128714532119851
MAR04903,0.0,0.0,0.0
MAR04907,0.0,0.0,0.0
MAR04962,0.002041973836776733,0.059851101016871786,0.7151022111541713
MAR05047,0.0,0.0,1.983407898657337
MAR05048,0.0,0.0,0.0
MAR05049,0.0,0.0,0.0
MAR05050,0.0,0.0,0.0
MAR05051,0.0,0.0,0.0
MAR05052,0.0,0.0,0.0
MAR05053,0.0,0.0,0.0
MAR05054,0.0,0.0,0.0
MAR05055,0.0,0.0,0.0
MAR05056,0.0,0.0,0.0
MAR05057,0.0,0.0,0.0
MAR05058,0.0,0.0,0.0
MAR05059,0.0,0.0,0.0
MAR05060,0.0,0.0,0.0
MAR05061,0.0,0.0,0.0
MAR05062,0.0,0.0,0.0
MAR05063,0.0,0.0,0.0
MAR05064,0.0,0.0,0.0
MAR05065,0.0,0.0,0.0
MAR05066,0.0,0.0,0.0
MAR05067,0.0,0.0,0.0
MAR05197,0.0,0.0,0.0
MAR05199,0.0,0.0,0.0
MAR05201,0.0,0.0,0.0
MAR05204,0.0,0.0,0.0
MAR05212,0.0,0.0,0.0
MAR05214,0.0,0.0,0.0
MAR05217,0.0,0.0,0.0
MAR05218,0.0,0.0,0.0
MAR05220,0.0,0.0,0.0
MAR05224,0.0,0.0,0.0
MAR05226,0.0,0.0,0.0
MAR05228,0.0,0.0,0.0
MAR05230,0.0,0.0,0.0
MAR07196,-0.0010209869183883747,-0.02992555050843595,0.0
MAR07199,0.0,0.0,0.0
MAR07224,0.0,0.0,0.0
MAR07252,0.0,0.0,0.0
MAR07283,0.0,0.0,0.0
MAR07374,0.0,0.0,0.0
MAR07430,0.0015314803775825624,0.04488832576265394,0.0
MAR07454,0.0,0.0,0.0
MAR07470,0.0,0.0,0.0
MAR07483,0.0,0.0,0.0
MAR07500,0.0,0.0,0.0
MAR07512,0.0,0.0,0.0
MAR07524,0.0,0.0,0.0
MAR07540,0.0,0.0,0.0
MAR07556,0.0,0.0,0.0
MAR07570,0.0,0.0,0.3575511055770857
MAR07581,0.0,0.0,0.0
MAR07584,0.0,0.0,0.0
MAR07710,0.0,0.0,0.0
MAR07711,0.0,0.0,0.0
MAR07714,0.0,0.0,0.0
MAR07715,0.0,0.0,1.983407898657337
MAR07718,0.0,0.0,-1.983407898657337
MAR07720,0.0,0.0,0.0
MAR07722,0.0,0.0,0.0
MAR07724,0.0,0.0,0.0
MAR07726,0.0,0.0,0.0
MAR07727,0.0,0.0,0.0
MAR07729,0.0,0.0,0.0
MAR07730,0.0,0.0,0.0
MAR07732,0.0,0.0,0.0
MAR07762,0.0,0.0,0.0
MAR07770,0.0,0.0,0.0
MAR07799,0.0,0.0,0.0
MAR07907,0.0,0.0,0.0
MAR07915,0.0,0.0,0.0
MAR07918,0.0,0.0,0.0
MAR07924,0.0,0.0,0.0
MAR07927,0.0,0.0,0.0
MAR08118,0.0,0.0,0.0
MAR08119,0.0,0.0,0.0
MAR08121,0.0,0.0,0.0
MAR08123,0.0,0.0,0.0
MAR08125,0.0,0.0,0.0
MAR08127,0.0,0.0,0.0
MAR08131,0.0,0.0,0.0
MAR08134,0.0,0.0,0.0
MAR08196,0.0,0.0,0.0
MAR08200,0.0,0.0,0.0
MAR08202,0.0,0.0,0.0
MAR08203,0.0,0.0,0.0
MAR08208,0.0,0.0,0.0
MAR08216,0.0,0.0,0.0
MAR08244,0.0,0.0,0.0
MAR08355,0.0,0.0,0.0
MAR08370,0.0,0.0,0.0
MAR08490,0.0,0.0,0.0
MAR08491,0.0,0.0,0.0
MAR08492,0.0,0.0,0.0
MAR08531,0.0,0.0,0.0
MAR08588,0.0,0.0,0.0
MAR08590,0.0,0.0,0.0
MAR08688,0.0,0.0,0.0
MAR08753,0.0,0.0,0.0
MAR08763,0.0,0.0,0.0
MAR08765,0.0010209869183883749,0.029925550508435955,0.0
MAR08858,0.0,0.0,0.0
MAR08875,0.0,0.0,0.0
MAR08885,0.0,0.821979192936324,0.0
MAR08887,0.0,0.0,-0.7151022111541713
MAR08908,0.0,0.0,0.0
MAR08928,0.0,0.0,0.0
MAR09672,0.0,0.8219791929363243,0.0
MAR00612,0.0,0.0,0.0
MAR03597,0.05203299956218102,0.043846905265339596,0.11793504570431
MAR04961,0.0,0.0,0.0
MAR05045,0.0010209869183883749,0.029925550508435945,0.0
MAR05248,0.0,0.0,0.0
MAR05249,0.0,0.0,0.0
MAR05250,0.0,0.0,0.0
MAR05251,0.0,0.0,0.0
MAR05252,0.0,0.0,0.0
MAR05253,0.0,0.0,0.0
MAR05255,0.0,0.0,0.0
MAR07198,0.0,0.0,0.0
MAR07284,0.0,0.0,0.0
MAR09738,0.0,0.0,0.0
MAR09739,0.0,0.0,0.0
MAR09740,0.0,0.0,0.0
MAR09741,0.0,0.0,0.0
MAR09742,0.0,0.0,0.0
MAR09743,0.0,0.0,0.0
MAR09744,0.0,0.0,0.0
MAR09745,0.0,0.0,0.0
MAR09746,0.0,0.0,0.0
MAR09747,0.0,0.0,0.0
MAR09748,0.0,0.0,0.0
MAR09749,0.0,0.0,0.0
MAR09750,0.0,0.0,0.0
MAR09751,0.0,0.0,0.0
MAR09752,0.0,0.0,0.0
MAR09753,0.0,0.0,0.0
MAR09754,0.0,0.0,0.0
MAR09755,0.0,0.0,0.0
MAR09756,0.0,0.0,0.0
MAR09757,0.0,0.0,0.0
MAR09758,0.0,0.0,0.0
MAR09759,0.0,0.0,0.0
MAR09760,0.0,0.0,0.0
MAR09761,0.0,0.0,0.0
MAR09762,0.0,0.0,0.0
MAR09763,0.0,0.0,0.0
MAR09764,0.0,0.0,0.0
MAR09765,0.0,0.0,0.0
MAR09766,0.0,0.0,0.0
MAR09767,0.0,0.0,0.0
MAR09768,0.0010209869183883749,0.029925550508435945,0.12900873634988702
MAR09769,0.0,0.0,0.4972095029096772
MAR09770,0.0,0.0,0.0
MAR09771,0.0,0.0,0.0
MAR09772,0.0,0.0,0.0
MAR09773,0.0,0.0,0.0
MAR09774,0.0,0.0,0.08888397189460713
MAR09775,0.0,0.0,0.0
MAR09776,0.0,0.0,0.0
MAR09777,0.0,0.0,0.0
MAR09778,0.0,0.0,0.0
MAR09779,0.0,0.0,0.0
MAR09780,0.0,0.0,0.0
MAR09781,0.0,0.0,0.0
MAR09782,0.0,0.0,0.0
MAR09783,0.0,0.0,0.0
MAR09784,0.0,0.0,0.0
MAR09785,0.0,0.0,0.0
MAR09786,0.0,0.0,0.0
MAR09787,0.0,0.0,0.0
MAR09788,0.0,0.0,0.0
MAR09789,0.0,0.0,-1.3332022159714574e-17
MAR09790,0.0,0.0,0.0
MAR09791,0.0,0.0,0.0
MAR09792,0.0,0.0,0.0
MAR09793,0.0,0.0,0.0
MAR09794,0.0,0.0,0.0
MAR09795,0.0,0.0,0.0
MAR09796,0.0,0.0,0.0
MAR00652,0.0,0.0,0.0
MAR00717,0.0,0.0,0.0
MAR00731,0.0,0.0,0.0
MAR00732,0.0,0.0,0.0
MAR00734,0.0,0.0,0.0
MAR00917,0.0,0.0,0.0
MAR00918,0.0,0.0,0.0
MAR01916,0.0,0.0,0.0
MAR04125,0.0,0.0,0.0
MAR04892,0.0,0.0,0.0
MAR04902,0.0,0.0,0.0
MAR04955,0.0,0.0,0.0
MAR06577,0.0,0.0,0.0
MAR06578,0.0,0.0,0.0
MAR07201,0.0,0.0,0.0
MAR07204,0.0,0.0,0.0
MAR07331,0.0,0.0,0.0
MAR07431,0.0,0.0,0.0
MAR07433,0.0,0.0,0.0
MAR07434,0.0,0.0,0.0
MAR07435,0.0,0.0,0.0
MAR07437,0.0,0.0,0.0
MAR07675,0.0,0.0,0.0
MAR07693,0.0,0.0,0.0
MAR07694,0.0,0.0,0.0
MAR07695,0.0,0.0,0.0
MAR07733,0.0,0.0,0.0
MAR07740,0.0,0.0,0.0
MAR07743,0.0,0.0,0.0
MAR07759,0.0,0.0,0.0
MAR07761,0.0,0.0,0.0
MAR07793,0.0,0.0,0.0
MAR08084,0.0,0.0,0.0
MAR08086,0.0,0.0,0.0
MAR08145,0.0,0.0,0.0
MAR08146,0.0,0.0,0.0
MAR08153,0.0,0.0,0.0
MAR08157,0.0,0.0,0.0
MAR08160,0.0,0.0,0.0
MAR08163,0.0,0.0,0.0
MAR08193,0.0,0.0,0.0
MAR08195,0.0,0.0,0.0
MAR08199,0.0,0.0,0.0
MAR08205,0.0,0.0,0.0
MAR08207,0.0,0.0,0.0
MAR08213,0.0,0.0,0.0
MAR08215,0.0,0.0,0.0
MAR08222,0.0,0.0,0.0
MAR08230,0.0,0.0,0.0
MAR08232,0.0,0.0,0.0
MAR08241,0.0,0.0,0.0
MAR08243,0.0,0.0,0.0
MAR08252,0.0,0.0,0.0
MAR08259,0.0,0.0,0.0
MAR08265,0.0,0.0,0.0
MAR08269,0.0,0.0,0.0
MAR08272,0.0,0.0,0.0
MAR08282,0.0,0.0,0.0
MAR08289,0.0,0.0,0.0
MAR08296,0.0,0.0,0.0
MAR08299,0.0,0.0,0.0
MAR08303,0.0,0.0,0.0
MAR08310,0.0,0.0,0.0
MAR08312,0.0,0.0,0.0
MAR08314,0.0,0.0,0.0
MAR08320,0.0,0.0,0.0
MAR08323,0.0,0.0,0.0
MAR08328,0.0,0.0,0.0
MAR08335,0.0,0.0,0.0
MAR08338,0.0,0.0,0.0
MAR08496,0.0,0.0,0.0
MAR08524,0.0,0.0,0.0
MAR08527,0.0,0.0,0.0
MAR08661,0.0,0.0,0.0
MAR08673,0.0,0.0,0.0
MAR08793,0.0,0.0,0.0
MAR08834,0.0,0.0,0.0
MAR08856,0.0,0.0,0.0
MAR08857,0.0,0.0,0.0
MAR08874,0.0,0.0,0.0
MAR08880,0.0,0.0,0.0
MAR08882,0.0,0.0,0.0
MAR08895,0.0,0.0,0.0
MAR08897,0.0,0.0,0.0
MAR08900,0.0,0.0,0.0
MAR08902,0.0,0.0,0.0
MAR08904,0.0,0.0,0.0
MAR08920,0.0,0.0,0.0
MAR09199,0.0,0.0,0.0
MAR09664,0.0,0.0,0.0
MAR09665,0.0,0.0,0.0
MAR09666,0.0,0.0,0.0
MAR09667,0.0,0.0,0.0
MAR09668,0.0,0.0,0.0
MAR09669,0.0,0.0,0.0
MAR09670,0.0,0.0,0.0
MAR09671,0.0,0.0,0.0
MAR07182,0.0,0.0,0.0
MAR07330,0.0,0.0,0.0
MAR07432,0.0,0.0,0.0
MAR04313,0.0,0.0,0.0
MAR07307,0.0,0.0,0.0
MAR01809,0.0,0.0,0.0
MAR00020,-0.05203299956218101,-0.04384690526533959,-0.11793504570431
MAR00461,0.0,0.0,-0.006301613071107859
MAR00462,0.0,0.0,0.0
MAR00464,0.0,0.0,0.0063016130711078585
MAR00466,0.0,0.0,0.0
MAR00467,0.0,0.0,0.0
MAR00664,0.0,0.0,0.0
MAR00730,0.0,0.0,0.0
MAR00768,0.0,0.0,0.0
MAR00771,0.0,0.0,0.0
MAR00966,0.0,0.0,0.0
MAR01035,0.0,0.0,0.0
MAR01143,0.0,0.0,0.0
MAR01189,0.0,0.0,0.0
MAR01240,0.0,0.0,0.0
MAR01252,0.0,0.0,0.0
MAR01269,0.0,0.0,0.0
MAR01306,0.0,0.0,0.0
MAR01309,0.0,0.0,0.0
MAR01311,0.0,0.0,0.0
MAR01316,0.0,0.0,0.0
MAR01331,0.0,0.0,0.0
MAR01392,0.0,0.006306492719946639,0.0
MAR01530,0.0,0.0,0.0
MAR01672,0.0,-0.02992555050843594,0.0
MAR01937,0.0,0.0,0.0
MAR01998,0.0,0.0,0.0
MAR02039,0.0,0.0,0.0
MAR02066,0.0,0.0,0.0
MAR02081,0.0,0.0,0.0
MAR02092,0.0,0.0,0.0
MAR02103,0.0,0.0,0.0
MAR02554,0.0,0.0,0.0
MAR02569,0.0,0.04686864040761929,0.0
MAR02777,0.0,0.0,0.0
MAR03953,0.00633527031386064,0.0,0.019631668994945856
MAR04123,0.0,0.0,0.0
MAR04126,0.0,0.0,0.0
MAR04765,-0.0002110938578039578,-0.000177883505911748,-0.00047845336570032185
MAR04846,0.0,0.0,-0.004063267286610596
MAR04856,0.0,0.0,0.0
MAR04860,0.0,0.0,0.0
MAR04876,0.0,0.0,0.0
MAR04877,-0.006335270313860643,0.0,-0.019631668994945856
MAR04878,0.0,0.0,0.0
MAR04879,0.0,0.0,0.0
MAR04880,5.011392722532209e-20,0.0,2.0045570890128835e-19
MAR04881,0.0,0.0,0.0
MAR04883,0.0,0.0,-0.023229218970768857
MAR04894,0.0061080979219088356,0.04520263205969471,0.01628966807872724
MAR04906,0.0010209869183883749,0.011361576008340854,0.0
MAR04913,0.0,0.0,0.0
MAR04917,-0.010005295024208131,-0.03550706439927839,-0.023694936281556472
MAR04941,0.0,0.0,0.0
MAR04942,0.0,0.0,0.0
MAR04960,0.0,0.0,0.0
MAR05004,0.0,0.0,0.0
MAR05012,0.0,0.0,0.0
MAR05027,0.0,0.0,0.0
MAR05203,0.0,0.0,0.0
MAR05205,0.0,0.0,0.0
MAR05207,0.0,0.0,0.0
MAR05209,0.0,0.0,0.0
MAR05210,0.0,0.0,0.0
MAR05211,0.0,0.0,0.0
MAR05245,0.0,0.0,0.0
MAR05342,0.0,0.0,0.0
MAR05347,0.0,0.07458524372224881,-0.004063267286610591
MAR05354,0.0,0.0,0.0
MAR06385,0.0,0.0,0.0
MAR06386,0.0,0.0,0.0
MAR06387,0.0,0.0,0.0
MAR06388,0.0,0.0,0.0
MAR06425,0.0,0.0,0.0
MAR06430,0.0,0.0,0.0
MAR06440,0.0,0.0,0.0
MAR06445,0.0,0.0,0.0
MAR06463,0.0,0.0,0.0
MAR06468,0.0,0.0,0.0
MAR06475,0.0,0.0,0.001919376874030361
MAR06480,0.0,0.0,0.001919376874030361
MAR06629,0.0016887508624316625,0.003203971519270902,0.004784533657003218
MAR06797,0.0,0.0,0.0
MAR06990,0.0,0.0,0.0
MAR07257,0.0,0.0,0.0
MAR07272,0.0,0.0,0.0
MAR07273,0.0,0.0,0.0
MAR07649,0.0,0.0,0.0
MAR07766,0.0,0.0,0.018904839213323577
MAR07768,0.0,0.0,-0.018904839213323577
MAR07772,0.0,0.0,0.0
MAR07776,0.0,0.0,0.0
MAR07778,-8.479569446332147e-19,0.05693669784478481,-5.986576029110497e-16
MAR07780,0.0,0.05693669784478475,0.0
MAR07784,0.0,-1.3332022159714572e-17,-1.6665027699643217e-17
MAR07789,0.0,0.0,0.0
MAR07791,0.0,0.0,0.0
MAR07929,0.0,0.0,0.0
MAR07933,0.0,0.0,0.0
MAR07944,0.0,0.0,0.0
MAR07947,0.0,0.0,0.0
MAR07949,0.0,0.0,0.0
MAR07953,0.0,0.0,0.0
MAR07956,0.0,0.0,0.0
MAR07960,0.0,0.0,0.0
MAR07963,0.0,0.0,0.0
MAR07966,0.0,0.0,0.0
MAR07969,0.0,0.0,0.0
MAR07981,0.0,0.0,0.0
MAR07983,0.0,0.0,0.0
MAR07985,0.0,0.0,0.0
MAR07988,0.0,0.0,0.0
MAR07989,0.0,0.0,0.0
MAR08030,0.0,0.0,0.0
MAR08058,0.0,0.0,0.0
MAR08060,0.0,0.0,0.0
MAR08234,0.0066783542041240675,0.0,0.0
MAR08236,0.0,0.0,0.0
MAR08239,0.0,0.0,0.0
MAR08347,0.0,0.0,0.0
MAR08350,0.0,0.0,0.0
MAR08351,0.0,0.0,0.0
MAR08358,0.0,0.0,0.0
MAR08369,0.0,0.0,0.0
MAR08382,0.0,0.0,0.0
MAR08526,0.0,0.0,0.0
MAR08553,0.0,0.0,0.0
MAR08594,0.0,0.0,0.0
MAR08651,0.0,0.0,0.0
MAR08681,0.0,0.0,0.0
MAR08715,0.0,0.0,0.0
MAR08716,0.002113393157781485,0.0,0.0038331903368043463
MAR08719,0.0,0.0,0.0
MAR08722,0.0,0.0,0.0
MAR08737,0.0,0.0,0.0
MAR08851,0.0,0.0,0.0
MAR08855,0.0,0.0,0.0
MAR08859,0.0,0.0,2.0045570890128835e-19
MAR08886,0.0,0.0,0.0
MAR08888,0.0,0.0,0.0
MAR08906,0.0,0.0,0.0
MAR08914,0.0,0.0,0.0
MAR08915,0.0,0.0,0.0
MAR08919,0.0,0.0,0.0
MAR08921,0.0,0.0,0.0
MAR09177,0.0,0.0,0.0
MAR09200,0.0,0.0,0.0
MAR09625,0.0,0.0,0.0
MAR09626,0.0,0.0,0.0
MAR09627,0.0,0.0,0.0
MAR09628,0.0,0.0,0.0
MAR09629,0.0,0.0,0.0
MAR09630,0.0,0.0,0.0
MAR09631,0.0,0.0,0.0
MAR09632,0.0,0.0,0.0
MAR09633,0.0,0.0,0.0
MAR09634,0.006678354204124068,0.0,0.0
MAR09716,0.0,0.0,0.0
MAR09724,0.0,0.0,0.0
MAR09732,0.0,0.0,0.0
MAR07108,0.0,0.0,0.0
MAR07110,0.0,0.0,0.0
MAR07112,0.0,0.0,0.0
MAR07114,0.0,0.0,0.0
MAR07116,0.0,0.0,0.0
MAR07118,0.0,0.0,0.0
MAR07120,0.0,0.0,0.0
MAR07122,0.0,0.0,0.0
MAR07124,0.0,0.0,0.0
MAR07126,0.0,0.0,0.0
MAR09023,0.0,0.0,0.0
MAR09024,0.0,0.0,0.0
MAR09032,0.0,0.0,0.0
MAR09808,0.5082585245542335,0.03731451933061165,0.011516261244182164
MAR09809,0.0,0.0,0.0
MAR09810,0.0,0.0,0.0
MAR09811,1.4502281772332404,0.8176959242544051,19.66836087902625
MAR09812,0.003040343144483143,0.0,0.0
MAR09813,0.0,0.0,0.0
MAR09814,0.0,0.0,0.0
MAR09815,0.0,0.0,0.0
MAR09816,0.0,0.0,0.0
MAR09033,-0.023706020361467326,0.0,-2.6493745159353708
MAR09034,0.0,0.0,0.0
MAR09035,0.0,0.49763807455491665,0.0
MAR09036,0.0,0.0,-0.11152268109067193
MAR09037,0.0,0.0,0.0
MAR09038,0.0,0.0,-6.020976422229002
MAR09039,-2.5561633684913936,-1.1881555560202046,-8.225049301469989
MAR09040,-16.20236422478266,-8.466323233773766,-33.825499641184024
MAR09041,0.0,0.0,-12.214914143878469
MAR09042,0.0,0.0,0.0
MAR09043,0.0,0.0,0.0
MAR09044,-6.338632393995787,-4.078231432439556,-5.025426958543699
MAR09045,1.1623515672848668,0.0,0.0
MAR09046,-20.82227659501405,-1.7829301845639292,-15.722187045708063
MAR09047,0.0,0.0,0.0
MAR09048,-9.902907754363167,0.0,0.0
MAR09049,0.0,0.0,0.0
MAR09050,0.0,0.0,0.0
MAR09051,0.0,0.0,0.0
MAR09052,0.0,0.0,0.0
MAR09053,0.0,0.0,0.0
MAR09054,0.0,0.0,0.0
MAR09055,0.0,0.0,0.0
MAR09056,0.00029952935458542383,0.023215197632703004,0.3125481863782136
MAR09058,0.0,4.428225982192091,92.17531366916094
MAR09061,0.0,-16.540435441898293,0.0
MAR09062,-8.34725608945999,-2.8389827759589967,-6.679128323279241
MAR09063,-9.755239491466291,0.17266283984044548,-11.052704056582856
MAR09064,0.0,0.0,-13.221773399551108
MAR09065,0.0,0.0,0.0
MAR09066,0.6736719068133716,2.704255711905868,21.350762154111514
MAR09067,74.2800822507609,0.0,86.25400900720985
MAR09068,0.0,0.0,0.0
MAR09069,-14.04351872217662,-2.1896776152057686,-211.02715147938608
MAR09070,-2.7456577974532923,-2.686470431777427,-3.894088026380709
MAR09071,-19.944183995513022,-4.186749401991445,-22.28834230970198
MAR09072,503.7011261514383,453.8046333763241,636.5321462912106
MAR09073,-2.3221463886294416,0.0,4.0313801892618955
MAR09074,0.5038212648844066,0.0,0.0
MAR09075,0.0,0.0,0.0
MAR09076,12.68220653452848,0.0,0.0
MAR09077,0.0,0.0,0.0
MAR09078,0.0,0.0,5.329132789304586
MAR09079,0.0,0.0,-200.80807760138288
MAR09080,0.0,0.0,0.0
MAR09081,0.0,0.0,0.0
MAR09082,0.0,0.0,0.0
MAR09083,0.0,0.0,0.0
MAR09084,0.0,-2.1092751190000065,0.0
MAR09085,0.0,-0.9607741200002239,0.433291762910737
MAR09086,-2.2744428151650493,-10.84371481252392,0.0
MAR09087,-2.0210157204401145,-1.3516627677563522,-3.1148715880040454
MAR09088,0.0,0.0,2.1210716943944155
MAR09089,0.0,0.0,0.0
MAR09090,0.0,0.0,0.0
MAR09091,0.0,0.0,-1.2931315387866673
MAR09092,0.0,-14.352636642264024,-62.325089849574354
MAR09093,0.0,0.0,-13.355439240048668
MAR09094,0.0,0.0,0.0
MAR09095,0.0,0.0,-0.6126180482370741
MAR09096,-12.683053364539434,0.0,0.0
MAR09097,0.0,0.0,0.0
MAR09098,-8.326341226305978,-6.037031995522375,-17.49066622692989
MAR09099,0.0,0.0,-12.743354547008513
MAR09100,0.0,0.0,0.0
MAR09101,0.0,0.0,0.0
MAR09102,0.0,0.0,0.0
MAR09103,-6.044425638120972,-0.2810845970524616,-1.2411963458238455
MAR09104,0.0,0.0,0.0
MAR09105,0.0,0.0,0.0
MAR09106,0.0,0.0,0.0
MAR09107,0.0,-0.0007136024365064309,-0.0019193768740303617
MAR09108,-143.34500389370612,-118.62947404710195,-409.2570597737837
MAR09109,-0.000846830010957738,-0.0007136024365064311,-0.0019193768740303617
MAR09110,0.0,0.0,0.0
MAR09111,0.0,0.0,0.0
MAR09113,0.0,0.0,0.0
MAR09114,0.0,0.0,0.0
MAR09115,0.0,0.0,0.0
MAR09116,0.0,0.0,0.0
MAR09117,0.0,0.0,0.0
MAR09118,0.0,0.0,0.0
MAR09119,0.0,0.0,0.0
MAR09120,0.0,0.0,0.0
MAR09121,0.0,0.0,0.0
MAR09122,0.0,0.0,-0.3575511055770857
MAR09123,0.0,0.0,0.0
MAR09124,0.0,0.0,0.0
MAR09125,0.0,0.0,0.0
MAR09126,0.0,0.0,0.0
MAR09127,0.0,0.0,0.0
MAR09128,0.0,0.0,0.0
MAR09129,0.0,0.0,0.0
MAR09130,0.0,0.0,0.0
MAR09131,0.0,0.0,0.0
MAR09132,2.446794887400879,5.0969693597735075,1.8700385394472219
MAR09133,12.889447640759014,10.701962915809448,301.78538193117237
MAR09134,-1.9046742529100218,-2.031206633898274,2.818026650798694
MAR09135,-2.2729962851202243,3.2507185557352036,-14.70918260889415
MAR09136,0.0,0.0,0.0
MAR09137,0.0015314803775825624,0.04488832576265394,0.0
MAR09138,0.0,0.0,0.0
MAR09139,0.0,0.0,0.6177312955720444
MAR09140,0.001020986918388292,0.029925550508435435,0.0
MAR09141,0.0,0.0,0.0
MAR09142,0.0,0.0,2.4153196259958603
MAR09143,-0.000846830010957738,-0.000713602436506431,-0.0019193768740303615
MAR09144,0.0,0.0,0.0
MAR09145,0.0,0.0,0.0
MAR09146,-0.000846830010957654,0.0,1.7770030022325647
MAR09147,-0.0038045985999550537,-0.005700545840613689,-0.009580194136464583
MAR09148,0.0,0.0,-84.36980190762391
MAR09149,261.4793475048999,230.49999429702626,302.69116583316674
MAR09150,0.0,0.0,-1.27154296583446e-15
MAR09151,0.0,0.0,-0.0019193768740303607
MAR09152,-0.0008468300109577377,-0.0007136024365064306,0.0
MAR09153,0.0,4.568994969557309e-14,-0.001919376873968747
MAR09154,-0.0008468300109577375,-0.0007136024365064305,0.0
MAR09155,0.0,0.0,-11.21929131647557
MAR09156,0.0,0.0,0.0
MAR09157,0.0,0.0,0.0
MAR09158,-6.341526682269718,0.0,0.0
MAR09159,-0.000846830010957738,-0.000713602436506431,-0.0019193768740303613
MAR09160,0.0,0.0,-2.1210716943943626
MAR09161,0.0,0.0,0.0
MAR09162,0.0,0.0,0.0
MAR09163,-0.7210374868520972,0.0,-7.189613309669372
MAR09164,0.0,0.0,0.0
MAR09165,0.0,0.0,0.0
MAR09166,0.0,0.0,0.0
MAR09167,-0.0008468300109577379,-0.0007136024365064307,-0.001919376874030361
MAR09168,0.0,0.0,0.0
MAR09169,0.0,0.0,0.0
MAR09171,0.0,0.0,-220.7890772980745
MAR09172,0.0,0.0,0.0
MAR09201,2.5832695044132745e-16,0.678392488210002,-5.051077140696289e-16
MAR09202,0.0,0.0,0.0
MAR09203,0.0,0.0,0.0
MAR09204,0.0,0.0,0.0
MAR09205,0.0,0.0,0.0
MAR09206,0.0,0.0,0.0
MAR09207,0.0,0.0,0.0
MAR09208,0.0,0.0,0.0
MAR09209,0.0,0.0,0.0
MAR09210,0.0,0.0,0.0
MAR09211,0.0,0.0,0.0
MAR09212,0.0,0.0,0.0
MAR09213,0.0,0.0,0.0
MAR09214,0.0,0.0,0.0
MAR09215,-0.0012665631468237472,-0.0010673010354704878,-0.002870720194201932
MAR09216,0.0,0.0,11.46334490482064
MAR09217,0.0,0.0,0.0
MAR09218,0.0,0.0,0.0
MAR09219,0.0,-0.9566524929137272,0.0
MAR09220,0.0,0.0,0.0
MAR09221,0.0,0.0,0.0
MAR09222,0.0,0.0,0.0
MAR09223,0.0,0.0,0.0
MAR09224,0.0,0.0,0.0
MAR09225,0.0,0.0,0.0
MAR09226,0.0,0.0,0.0
MAR09227,0.0,0.0,0.0
MAR09228,0.0,0.0,0.0
MAR09229,0.0,-0.8183842461533722,0.0
MAR09230,0.0,0.0,0.0
MAR09231,0.0,0.8183842461533721,0.0
MAR09232,0.0,0.0,0.0
MAR09233,0.0,0.0,0.0
MAR09234,0.0,0.0,4.8246988647854
MAR09235,0.0,0.0,0.0
MAR09236,0.0,0.0,0.0
MAR09237,0.0,0.0,0.0
MAR09238,0.0,0.0,0.0
MAR09239,0.0,0.0,0.0
MAR09240,0.0,0.0,0.0
MAR09241,0.0,0.0,0.0
MAR09242,0.0,0.0,0.0
MAR09243,0.0,0.0,0.0
MAR09244,0.0,0.0,0.0
MAR09245,0.0,0.0,0.0
MAR09246,0.0,0.0,0.0
MAR09247,-1.2245919766230702,-0.7937946708353779,0.0
MAR09248,0.0,0.0,0.0
MAR09249,0.0,0.0,0.0
MAR09250,0.0,0.0,0.0
MAR09251,0.0,0.0,0.0
MAR09252,0.0,0.0,0.0
MAR09253,0.0,0.0,3.6454531759748003
MAR09254,0.0,3.2482173857790704,7.509354326014916
MAR09255,925.1780286009316,791.3840616852192,986.7583337651048
MAR09256,0.0,0.0,0.0
MAR09257,0.0,0.0,0.0
MAR09258,0.0,0.0,220.78907729807452
MAR09259,0.0,0.0,0.0
MAR09260,0.0,0.0,0.0
MAR09261,0.0,0.0,0.0
MAR09262,0.0,0.0,0.0
MAR09263,0.0,0.0,0.0
MAR09264,0.0,0.0,0.0
MAR09265,0.0,0.0,0.0
MAR09266,0.0,0.0,0.0
MAR09267,0.0,0.0,0.0
MAR09268,0.0,0.0,0.0
MAR09269,-0.000846830010957738,-0.0007136024365064307,-0.0019193768740303613
MAR09270,0.0,0.0,0.0
MAR09271,-0.00021109385780395778,-0.00017788350591174795,-0.00047845336570032174
MAR09272,0.0,0.0,0.0
MAR09273,0.00021109385780395778,0.00017788350591174798,0.0004784533657003218
MAR09275,0.0,0.0,0.0
MAR09276,0.0,0.0,0.0
MAR09277,0.0,0.0,0.0
MAR09278,0.0,0.0,0.0
MAR09279,0.0,0.0,0.0
MAR09280,-0.4240785079100501,-3.6338864090089715,-32.191209784373264
MAR09281,0.0,0.0,0.0
MAR09282,0.42407850791005014,0.0,0.0
MAR09283,0.0,0.0,0.0
MAR09284,0.0,0.0,0.0
MAR09285,0.0010209869183883747,0.0,0.0
MAR09286,0.0,0.0,-11.87965015775437
MAR09287,0.0,0.0,0.0
MAR09288,0.0,0.0,0.0
MAR09289,0.0,0.0,0.0
MAR09290,0.0,0.0,0.0
MAR09291,0.0,0.0,0.0
MAR09292,0.0008802997445946901,4.01675132258269,0.1112319419709656
MAR09293,0.0,0.0,0.0
MAR09294,0.0,0.0,0.0
MAR09295,1.0008686914984242,-3.6499066866687864,-0.016435625924822377
MAR09296,0.0,4.4224329022769835,0.0
MAR09297,0.0,0.0,-0.5430261189459209
MAR09298,0.0,0.0,0.0
MAR09299,0.0,0.0,0.0
MAR09300,-0.11021778960251516,0.0,0.0
MAR09301,6.341526682269717,0.0,0.0
MAR09302,0.0,-0.818384246153372,0.0
MAR09303,0.0,0.0,0.0
MAR09304,0.0,0.0,0.0
MAR09305,0.0,0.0,0.0
MAR09306,0.0,0.0,0.0
MAR09307,0.0,0.0,0.0
MAR09308,0.0,0.0,0.0
MAR09309,0.0,-0.09275797468153821,0.0
MAR09310,0.0,0.0,0.7998172387369826
MAR09311,0.0,0.0,0.0
MAR09312,0.0,0.0,0.0
MAR09313,0.0,0.0,0.0
MAR09314,0.0,0.0,0.0
MAR09315,0.0,0.0,0.0
MAR09316,0.0,0.0,0.0
MAR09317,0.0,0.0,0.0
MAR09318,0.0,0.0,0.0
MAR09319,0.0,0.0,0.0
MAR09320,0.0,0.0,0.0
MAR09321,0.0,0.0,0.0
MAR09322,0.0,0.0,0.0
MAR09323,0.0,0.0,0.0
MAR09324,0.0,0.0,0.0
MAR09325,0.0,0.0,0.0
MAR09326,0.0,0.0,0.0
MAR09327,0.0,0.0,0.0
MAR09328,0.0,0.0,0.0
MAR09329,0.0,0.0,0.0
MAR09330,0.0,0.0,0.0
MAR09331,0.0,0.0,0.0
MAR09332,0.0,0.0,0.0
MAR09333,0.0,0.0,0.0
MAR09334,0.0,0.0,0.0
MAR09335,0.0,0.0,0.0
MAR09336,0.0,0.0,0.0
MAR09337,0.0,0.0,0.0
MAR09338,0.0,0.0,0.0
MAR09339,0.0,0.0,0.0
MAR09340,0.0,0.0,0.0
MAR09341,0.0,0.0,0.0
MAR09342,0.0,0.0,0.0
MAR09343,0.0,0.0,0.0
MAR09344,0.0,0.0,0.0
MAR09345,0.0,0.0,0.0
MAR09346,0.0,0.0,0.0
MAR09347,0.0,0.0,0.0
MAR09348,0.000988991087676489,-0.7857676374948714,17.29183386186236
MAR09349,0.0,0.0,0.0
MAR09350,0.0,0.0,0.0
MAR09351,4.082654267593287,-0.15084504064542445,-0.40572799049627045
MAR09352,0.0,0.0,0.0
MAR09353,0.0,0.0,0.0
MAR09354,0.0,-24.047296722038467,-143.61956276327578
MAR09355,0.0,0.0,0.0
MAR09356,0.0,0.0,0.0
MAR09357,0.0,0.0,0.0
MAR09358,0.0,0.0,3.645453175974801
MAR09359,0.0,0.0,0.0
MAR09360,0.0,0.0,0.0
MAR09361,0.0,-0.0007136024365064307,0.0
MAR09362,0.0,0.0,7.107680722598283
MAR09363,-0.0009889910876764887,-0.0008333980146156022,-0.002241591107714202
MAR09364,11.924389233446918,16.02798505295941,0.0
MAR09365,0.0,0.0,0.0
MAR09366,0.7210374868520973,0.0,0.0
MAR09367,0.0,0.0,0.0
MAR09368,0.0,0.0,7.189613309669374
MAR09369,0.0,0.0,0.0
MAR09370,0.0,0.0,0.0
MAR09371,0.0,0.0,0.0
MAR09372,0.0,-12.803962063472822,-2.6481952803887028
MAR09373,0.0,0.0,13.968057288285742
MAR09374,0.0,0.0,0.0
MAR09375,0.0,0.0,0.0
MAR09376,0.0,0.0,0.0
MAR09377,0.0,0.0,0.0
MAR09378,-0.03857065241938088,-0.03250252257004319,-0.08742205320094154
MAR09379,0.0,0.0,0.0
MAR09380,0.0,0.0,0.0
MAR09381,0.0,0.0,0.0
MAR09382,0.0,0.0,0.0
MAR09383,-32.14342818387546,-23.37028598829003,-4.566314087764279
MAR09384,0.0,0.0,0.0
MAR09385,0.0,0.0,0.0
MAR09386,0.0,0.0,0.0
MAR09387,0.0,0.0,0.0
MAR09388,0.0,0.0,0.0
MAR09389,0.0,0.0,0.0
MAR09390,0.0,0.0,0.0
MAR09391,0.0,0.0,0.0
MAR09392,0.0,0.0,0.0
MAR09393,0.0,0.0,0.0
MAR09394,0.0,0.0,0.0
MAR09395,0.0,0.0,0.0
MAR09396,0.0,-2.095584020439979,0.0
MAR09397,-65.92080665900083,-60.14476671341384,-7.224113893153934
MAR09398,-13.244916734682594,0.0,0.0
MAR09399,-0.0008468300109577377,0.0,-0.0019193768740303604
MAR09400,0.0,0.0,0.0
MAR09401,0.0,0.0,0.0
MAR09404,-0.004648974031170025,-0.0021366704837994257,-31.6828136168526
MAR09405,0.0,0.0,0.0
MAR09406,-0.0019779821753529775,-0.0016667960292312042,0.0
MAR09407,0.0,0.0,0.0
MAR09408,0.0,0.0,32.92642287385155
MAR09409,0.0,0.0,0.0
MAR09410,0.0,0.0,0.0
MAR09411,5.540724492182804,4.243515076537946,0.0
MAR09412,0.0,0.0,0.0
MAR09413,0.0,0.0,0.0
MAR09414,0.0,0.0,0.0
MAR09415,0.0,0.0,0.0
MAR09416,0.0,0.0,0.0
MAR09417,-3.0993315119985145,-1.9817636276220774,0.0
MAR09418,0.07974275697435647,50.50752884215067,181.65011121433798
MAR09419,0.0,0.0,0.0
MAR09420,0.0,0.0,0.0
MAR09421,0.0,0.0,0.0
MAR09422,0.0,0.0,-3.6454531759748003
MAR09423,-0.1638431977722575,-0.1373529559310422,-1.8925545336882705
MAR09424,0.0,1.161574663186779,29.30748066456439
MAR09425,0.0,0.0,0.0
MAR09426,0.0,0.0,0.0
MAR09427,0.0,0.0,0.0
MAR09428,0.0,0.0,0.0
MAR09429,0.0,0.8183842461533719,0.0
MAR09430,0.0,0.0,0.0
MAR09431,0.0,0.0,0.0
MAR09432,0.0,0.0,-2.1210716943943626
MAR09433,0.0,0.0,0.0
MAR09434,0.0,0.0,0.0
MAR09435,0.0,0.0,0.0
MAR09436,0.0,0.0,0.0
MAR09437,0.0,0.0,0.0
MAR09438,0.6010490003686864,0.04054299682703,5.105707552440822
MAR09439,0.04988053767684084,1.0634970773267105,43.79551765416357
MAR09440,-3.026636011621901,-3.253224285559617,-58.107926139694904
MAR09441,0.0,0.0,0.0
MAR09442,0.0,0.0,0.0
MAR09443,0.0,0.0,0.0
MAR09444,0.0,0.0,0.0
MAR09445,0.0,2.685155365297907,0.0
MAR09446,0.0,0.0,0.0
MAR09447,0.0,0.0,0.0
MAR09448,0.0,0.0,-0.6177312955720443
MAR09449,0.0,0.0,0.0
MAR09450,0.0,0.0,-11.219291316475568
MAR09451,0.0,0.0,0.0
MAR09452,0.0,0.0,0.0
MAR09453,0.0,0.0,0.0
MAR09454,0.0,0.0,0.0
MAR09455,0.0,0.0,0.0
MAR09456,0.0,0.0,0.0
MAR09457,0.0,0.0,0.0
MAR09458,0.0,0.0,0.0
MAR09460,0.0,0.0,0.0
MAR09461,0.0,0.0,0.0
MAR09462,0.0,0.0,0.0
MAR09463,0.0,0.0,0.0
MAR09681,0.0,0.0,0.0
MAR09682,0.0,0.0,0.0
MAR09683,0.0,0.0,0.0
MAR09684,0.0,0.0,0.0
MAR09685,0.0,0.0,-3.823802289976396
MAR09686,0.0,0.0,0.0
MAR09687,0.0,0.0,0.0
MAR09688,0.0,0.0,0.0
MAR09689,0.0,0.0,0.0
MAR09690,0.861810106574279,1.5002789702140193,22.288342309701985
MAR09691,0.0,-0.0007136024365064307,0.0
MAR09692,0.0,0.0,0.0
MAR09693,0.0,0.0,0.0
MAR09694,0.0,0.0,0.0
MAR09695,0.0,0.0,0.0
MAR09696,0.0,0.0,0.0
MAR09697,0.0,0.0,0.0
MAR09698,0.0,0.0,0.0
MAR09699,0.0,0.0,0.0
MAR09700,0.0,0.0,0.0
MAR09701,0.0,0.0,0.0
MAR09702,0.004333276365264582,-0.5215141841515475,0.0
MAR09703,0.0,0.0,0.0
MAR09704,0.0,0.0,0.0
MAR09705,0.0,0.0,0.0
MAR09706,0.0,0.0,0.0
MAR09707,0.0,0.0,0.0
MAR09708,0.0,1.5486745787912024,0.0
MAR09709,0.0,0.0,0.0
MAR09710,0.0,0.0,0.0
MAR09711,0.0,0.0,0.0
MAR09712,0.0,0.0,0.0
MAR09713,0.0,0.0,0.0
MAR09714,0.0,0.0,0.0
MAR09715,0.0,0.0,0.0
MAR09721,0.0,0.0,0.0
MAR09729,-8.308752426353458,-7.001577529200779,-18.832147010413838
MAR09730,0.0,0.0,0.0
MAR09725,-0.02305785328107422,0.0,0.0
MAR00031,0.0,0.0,0.0
MAR00032,0.0,0.0,0.0
MAR00021,0.0,0.0,0.0
MAR00022,0.0,0.0,0.0
MAR00023,0.0,0.0,0.0
MAR00033,0.0,0.0,0.0
MAR00034,0.0,0.0,0.0
MAR00035,0.0,0.0,0.0
MAR00036,0.0,0.0,0.0
MAR00037,0.0,0.0,0.0
MAR00038,0.0,-0.011287193494069137,0.0
MAR00039,0.0,0.0,0.0
MAR00040,0.0,0.0,0.0
MAR00041,0.0,0.0,0.0
MAR00042,0.0,0.0,0.0
MAR00043,0.0,0.0,0.0
MAR00044,0.0,0.0,0.0
MAR00045,0.0,0.0,0.0
MAR00046,0.0,0.0,0.0
MAR00047,0.0,0.0,0.0
MAR00048,0.0,0.0,0.0
MAR00049,0.0,0.0,0.0
MAR00050,0.0,0.0,-6.60362124389202
MAR00051,0.0,0.0,0.0
MAR00052,0.0,0.0,0.0
MAR00053,0.0,0.0,0.0
MAR00054,0.0,0.0,0.0
MAR00055,0.0,0.0,0.0
MAR00056,-0.5421206344908575,-3.3899296317074272,-4.688065190245918
MAR00057,0.0003209986610928092,0.0,0.0
MAR00058,0.0,0.0,0.0
MAR00059,0.0,0.0,0.0
MAR00060,-0.005113137134042122,-0.4382141327223937,-0.10245692695799694
MAR00061,0.0,0.0,0.0
MAR00062,0.0,0.0,0.0
MAR00063,0.0,0.0,0.014326796915954848
MAR00064,0.0,0.0,0.0
MAR00065,0.0,0.0,0.0
MAR00066,0.0,0.0,0.0
MAR00067,0.0,0.0,0.0
MAR00068,0.0,0.0,0.0
MAR00069,0.0,0.0,0.0
MAR00070,0.0,0.0,0.0
MAR00071,0.0,0.0,0.0
MAR00072,0.0,0.0,0.0
MAR00073,0.0,0.0,0.0
MAR00074,0.0,0.0,0.0
MAR00075,0.0,0.0,0.0
MAR00076,0.0,0.0,0.0
MAR00077,0.0,0.0,0.0
MAR00078,0.0,-0.002474159687705315,0.0
MAR00079,0.6010490003686398,0.04054299682702639,5.345823809566364
MAR00080,0.0,0.0,0.0
MAR00081,0.0,0.0,0.0
MAR00082,0.0,0.0,0.0
MAR00083,0.0,0.0,0.0
MAR00084,0.0,0.0,0.0
MAR00085,0.0,0.0,0.0
MAR00086,0.0,0.0,0.0
MAR00087,0.0,0.0,0.0
MAR00088,0.0,0.0,0.0
MAR00089,0.00021109385780395775,0.00017788350591174795,0.0004784533657003217
MAR00090,0.0,0.0,0.0
MAR00091,0.0,0.0,0.0
MAR00092,0.0,0.0,0.0
MAR00093,0.0,0.0,0.0
MAR00094,0.0,0.0,0.0
MAR00095,0.0,0.0,0.0
MAR00096,0.0,0.0,0.0
MAR00097,0.0,0.0,0.0
MAR00098,0.0,0.0,0.0
MAR00099,0.0,0.0,0.0
MAR00100,0.0,0.0,0.0
MAR00101,0.0,0.0,0.0
MAR00102,0.0,0.0,0.0
MAR00103,0.0,0.0,0.0
MAR00104,0.0,0.009508358434951654,-0.0020316336433053085
MAR00105,1.6078534147848356e-05,-0.00010214686958381318,0.0
MAR00106,1.6078534147848356e-05,0.00047126851194387374,0.0013485865764791456
MAR00107,0.0,0.0,0.0
MAR00108,0.2935730500229444,0.0,2.1679535263741174
MAR00109,0.0,0.0,0.0
MAR00110,0.0,0.0,0.0
MAR00111,0.0,0.0,0.0
MAR00112,0.0,0.0,0.0
MAR00113,0.0,0.0,0.0
MAR00114,0.0,0.0,0.0
MAR00115,0.0,0.0,0.0
MAR00116,0.0,0.0,0.0
MAR00117,0.0,0.0,0.0
MAR00118,0.0,0.0,0.0
MAR00119,0.0,0.0,0.0
MAR00120,-0.19848406892849332,0.0,0.0
MAR00121,0.0,0.0,0.0
MAR00122,0.19848406892849332,0.0,0.0
MAR00123,0.0,0.0,0.0
MAR00124,-2.021015720440115,-0.6732702795463505,-3.1148715880040454
MAR00125,0.0,1.9287812041427501,0.0
MAR00126,0.0,0.0,0.0
MAR00127,0.0,0.0,0.0
MAR00128,0.0,0.0,0.0
MAR00129,0.0,0.0,0.0
MAR00130,0.0,0.0,0.0
MAR00131,0.0,0.0,0.0
MAR00132,0.0,0.0,0.0
MAR00133,0.0,0.0,0.0
MAR00134,0.0,0.0,0.0
MAR00135,0.0,0.0,0.0
MAR00136,0.5462703646932074,0.0,0.0
MAR00137,0.0,0.0,0.0
MAR00138,0.0,0.0,0.0
MAR00139,0.0,0.0,0.0
MAR00140,0.0,0.0,0.0
MAR00141,-0.02305785328107422,0.0,0.0
MAR00142,-0.023057853281074223,0.0,0.0
MAR00143,0.0,0.0,0.0
MAR00144,0.0,0.0,0.0
MAR00145,0.0,0.0,0.012697710270658169
MAR00146,0.0,0.0,0.0
MAR00147,3.215706829569671e-05,0.0009425370238877517,0.0020316336433053085
MAR00148,0.0,0.0,0.0
MAR00149,0.0,0.0,0.0
MAR00150,3.215706829569671e-05,0.0009425370238877517,0.0020316336433053085
MAR00151,0.0,0.0,0.0
MAR00152,0.0,0.0,0.0
MAR00181,0.0,0.0,0.0
MAR00186,0.0,0.0,0.0
MAR00205,0.0,0.0,0.0
MAR00218,0.0,0.0,0.0
MAR00219,0.0,0.0,0.0
MAR00220,0.0,0.0,0.0
MAR00221,0.0,0.0,0.0
MAR00222,0.0,0.0,0.0
MAR00227,0.0,0.0,0.0
MAR00228,0.0,0.0,0.0
MAR00229,-0.0008468300109577379,0.0,7.271671576903361
MAR00251,0.0,0.0,0.0
MAR00252,0.0,0.0,0.0
MAR00285,0.0,0.0,0.0
MAR00286,0.0,0.0,0.0
MAR00315,0.0,0.0,0.0
MAR00316,0.0,0.0,0.0
MAR00333,0.0,0.0,0.0
MAR00334,0.0,0.0,0.0
MAR00441,0.0,0.0,0.0
MAR00442,0.0,0.0,0.0
MAR00443,0.0,0.0,0.0
MAR00445,0.0,0.0,0.0
MAR00447,0.0,0.0,0.0
MAR00451,0.0,0.0,0.0
MAR00452,0.0,0.0,0.0
MAR00455,0.0,0.0,0.0
MAR00465,0.0,0.0,0.0
MAR00471,0.0,0.0,0.0
MAR00472,0.0,0.0,0.0
MAR00473,0.0,0.0,0.0
MAR00474,0.0,0.0,0.0
MAR00475,0.0,0.0,0.0
MAR00480,0.0,0.0,0.0
MAR00485,0.0,0.0,0.0
MAR00554,0.0,0.0,0.0
MAR00562,0.0,0.0,0.0
MAR00563,0.0,0.0,0.0
MAR00564,0.0,0.0,0.0
MAR00565,0.0,0.0,0.0
MAR00566,-0.002686843430391364,-0.015972055971299814,-0.02195857705692827
MAR00567,0.0,0.0,0.0031761474895724263
MAR00568,0.0,0.0,-0.16913647916818816
MAR00569,-926.0987516895365,-795.4081493529607,-1000.0
MAR00570,0.0,0.0,0.0
MAR00571,0.0,0.0,0.005295647102320723
MAR00572,0.5462703646932074,0.0,0.0
MAR00573,0.0,0.0,0.0
MAR00574,0.023057853281074223,0.0,0.0
MAR00575,-0.00014666562850647227,-0.06701536929321972,-0.0718455423943025
MAR00576,0.0,0.009423048719114147,-0.3940599711101951
MAR00577,-0.022424298084819178,-0.013084665765732308,-0.05975805382150673
MAR00583,6.0804458980841024e-06,0.00047126851194387076,0.0007768115227396262
MAR00585,0.0,0.0,0.0
MAR00595,0.0,0.0,0.0
MAR00603,0.0,0.0,193.16554025637382
MAR00606,0.0,0.0,0.0
MAR00608,0.0,0.0,0.0
MAR00609,0.0,0.0,0.0
MAR00611,0.01594693712674743,5.413070591177409,1.1106880608040404
MAR00617,0.0026862757709365105,0.2204950452157093,0.34168277692746263
MAR00618,1.556285404267103e-05,-1.7769936843669147e-18,-0.00019507231419153395
MAR00619,1.128203686602799e-15,0.0,0.0
MAR00620,0.0,-1.1223118006527883e-17,0.009253470430468242
MAR00621,0.0,0.0,0.0016594898469632258
MAR00624,6.0804458980841024e-06,0.00047126851194387076,0.0007768115227396262
MAR00626,-0.0007299796779566796,-0.05104097799736564,0.09948284894063882
MAR00628,0.0,0.0,-5.317022564373941
MAR00631,-3.2652745573099615,-0.6318007125098398,0.0
MAR00637,-5.256884177470761e-06,0.0,-0.006337771881130367
MAR00639,0.0,-2.4439659778752594,-2.3590190379243205
MAR00650,-0.2782308963612039,1.6156907043804685,0.0
MAR00655,0.0,0.0,0.0
MAR00656,-2.1909770072642374,-2.0844197493186756,-2.8295936210533954
MAR00658,-0.04343624311277719,-0.036602633960631306,-0.30868216310432445
MAR00659,0.0,-1.4569228169427448e-15,0.0
MAR00661,0.0,0.0,0.0
MAR00662,7.368969339891473e-05,-8.821775100427305e-05,0.005240680867409683
MAR00666,0.0,0.0,0.0
MAR00693,0.0,0.0,0.0
MAR00694,0.0,0.0,0.0
MAR00695,0.0,0.0,0.0007768115227396262
MAR00696,0.0,0.0,0.0
MAR00697,-9.998088249764226e-06,0.00047126851194387076,0.0007768115227396262
MAR00698,-9.998088249764226e-06,0.028537281690000086,-0.0068676467843174415
MAR00699,6.0804458980841024e-06,0.00047126851194387076,0.0
MAR00700,6.0804458980841024e-06,0.00047126851194387076,0.0007768115227396262
MAR00701,0.0,0.004715006639201979,0.010448744561969456
MAR00702,0.0013737583717750564,0.15926089879986913,0.1856766830485456
MAR00704,0.0,0.0,-0.005567916660738109
MAR00711,0.0,0.0,0.0
MAR00714,-0.05203299956218102,-0.0438469052653396,-0.11793504570431
MAR00720,0.0,0.0,0.0
MAR00721,0.0,0.0,0.0
MAR00722,0.0,0.0,0.0
MAR00723,0.0,0.0,0.0
MAR00724,0.0,0.0,0.0
MAR00725,0.0,0.0,0.0
MAR00726,0.0,0.0,0.0
MAR00727,0.0,0.0,0.0
MAR00728,0.0,0.0,0.0
MAR00729,0.0,0.0,0.0
MAR00737,0.0,0.0,0.0
MAR00739,0.0,0.0,0.0
MAR00740,0.0,1.4569228169427448e-15,0.0
MAR00742,0.0,0.0,0.0
MAR00743,0.0,0.0,0.0
MAR00745,0.0,0.0,0.0
MAR00747,0.0,0.0,0.0
MAR00749,0.0,0.0,0.0
MAR00751,0.0,0.0,0.0
MAR00752,0.0,0.0,0.0
MAR00755,0.0,0.0,0.0
MAR00756,0.0,0.0,0.0
MAR00757,0.0,0.0,0.0
MAR00759,0.0,0.0,0.0
MAR00764,0.0,0.0,0.0
MAR00772,0.0,0.0,0.0
MAR00774,0.0,0.0,0.0
MAR00776,0.0,0.0,0.0
MAR00777,0.0,6.937658760980517,2.093876302001814
MAR00778,0.0,0.0,0.0
MAR00780,0.0,0.0,0.0
MAR00784,0.0015465897857128684,0.0,0.0
MAR00785,0.0,0.0,0.0
MAR00788,0.0,0.0,0.0
MAR00789,0.0,0.0,0.0
MAR00799,0.0,0.0,0.0
MAR00800,0.0,0.0,0.0
MAR00818,0.0,0.0,0.0
MAR00833,0.0,0.0,0.4613211363727902
MAR00869,0.0,0.0,0.0
MAR00872,0.0,0.0,0.0
MAR00874,0.0,0.0,0.0
MAR00916,0.0,0.0,0.0
MAR00922,0.0008251996277661931,0.0,0.0
MAR00923,0.0,0.002474159687705329,0.0
MAR00927,0.0,0.0,0.46132113637279015
MAR00930,0.0,0.0,0.0
MAR00952,0.0,0.0,0.0
MAR00965,0.0,0.06300958694169684,0.0
MAR00968,0.024483675254844718,0.0,0.0676486312215966
MAR00970,0.0,0.0,0.0
MAR00972,0.0,0.0,0.3936725051511938
MAR00974,0.0,0.0,0.0
MAR00975,0.0,0.0,0.003581191020446453
MAR00977,0.0,0.0,0.0
MAR00978,0.0,0.0,0.0
MAR00982,0.024483675254844715,0.0,0.0
MAR01001,0.0,0.0,0.0035811910204464528
MAR01005,0.0,0.0,0.0
MAR01009,0.0,0.0,0.0
MAR01012,0.0,0.0,0.0
MAR01019,0.0,0.0,0.0
MAR01024,0.0,0.006632588099125981,0.005612824663751762
MAR01031,0.0,0.0,0.0
MAR01032,0.0,0.0,0.0
MAR01036,0.0,0.0,0.0
MAR01038,2.2089327337806073,1.3275245509693834,0.0
MAR01044,0.000846830010957738,0.0,0.0
MAR01046,0.0008468300109577378,0.0,0.0
MAR01047,0.0,0.0,-6.603621243892019
MAR01051,0.0,0.0,0.0
MAR01052,0.0,0.0,0.0
MAR01056,0.0,0.0,0.0
MAR01060,0.0,0.0,0.0
MAR01076,0.0,0.0,0.0
MAR01078,0.0,0.0,0.0
MAR01083,0.0,0.0,0.0
MAR01118,0.0,0.0,0.0
MAR01141,0.0,0.0,0.0
MAR01169,0.0,0.0,0.0
MAR01314,0.0,0.0,0.0
MAR01340,0.0,0.0,0.0
MAR01348,0.0,0.0,0.0
MAR01349,0.0,0.0,0.0
MAR01351,0.0,0.0,0.0
MAR01353,0.0,0.0,0.0
MAR01354,0.0,0.0,0.0
MAR01368,0.0,0.0,0.0
MAR01369,0.0,0.0,0.0
MAR01371,0.0,0.0,0.0
MAR01372,0.0,0.0,0.0
MAR01377,0.0,0.0,0.0
MAR01378,0.0,0.0,0.0
MAR01380,0.0,0.0,1.9551208843775107
MAR01381,0.0,0.0,0.0
MAR01385,0.0,0.0,193.16554025637384
MAR01386,0.0,0.0,0.0
MAR01396,0.0,0.0,0.0
MAR01397,0.0,0.0,0.0
MAR01399,0.0,0.0,0.0
MAR01400,0.0,0.0,0.0
MAR01435,0.43075686211417413,0.0,0.0
MAR01438,0.0,0.0,0.0
MAR01439,0.0,0.0,0.0
MAR01441,0.0,0.0,0.0
MAR01442,0.0,0.0,0.0
MAR01444,0.0,0.0,0.0
MAR01446,0.0,0.0,0.0
MAR01447,0.3644431764971222,0.0,2.411200825738285
MAR01449,0.5421206344908575,3.3899296317074277,4.688065190245918
MAR01450,0.0,0.0,0.0
MAR01452,0.0,0.0,0.0
MAR01453,0.0,0.0,96.58277012818692
MAR01455,0.0,0.0,0.0
MAR01456,0.0,0.0,0.0
MAR01458,0.0,0.03303290471157306,0.0
MAR01461,0.0,0.0,0.0
MAR01462,0.5038212648844065,0.0,0.0
MAR01463,0.0,0.0,0.0
MAR01464,0.0,0.0,0.0
MAR01466,0.0,0.0,0.0
MAR01468,0.0,0.0,0.0
MAR01469,0.0,0.0,0.0
MAR01471,0.0,0.0,0.0
MAR01472,2.2089327337806073,1.3275245509693836,0.0
MAR01474,0.0,0.0,0.0
MAR01475,0.0,0.0,0.0
MAR01476,0.0,0.0,0.0
MAR01480,0.0,0.0,0.0
MAR01481,0.0,0.0,0.0
MAR01482,0.0,0.0,0.0
MAR01483,0.0,0.0,0.0
MAR01485,0.0,0.0,0.0
MAR01486,0.0,0.0,0.0
MAR01487,0.0,0.0,0.0
MAR01488,0.0,0.0,0.10110834038151789
MAR01489,0.0,0.0,0.10110834038151792
MAR01491,0.0,0.0,0.10110834038151789
MAR01492,0.0,0.0,0.0
MAR01497,0.0,0.0,0.0
MAR01498,0.0,0.0,0.0
MAR01499,0.0,0.0,5.317022564373941
MAR01501,0.0,0.0007136024365064306,0.0
MAR01506,0.0,0.0,0.0
MAR01507,0.0,0.0,0.0
MAR01508,0.0,0.0,0.0
MAR01510,0.0,0.0,0.0
MAR01511,0.0,0.0,0.0
MAR01513,0.0,0.0,0.0
MAR01514,3.2652745573099615,0.6318007125098398,0.0
MAR01515,0.0,0.0,0.0
MAR01517,0.0,0.0,0.0
MAR01518,0.0,0.0,0.0
MAR01520,0.0,0.0,0.0
MAR01521,0.0,0.0,0.0
MAR01522,0.0,0.0,0.0
MAR01523,0.0,0.0,0.0
MAR01524,0.0,0.0,0.0
MAR01525,1.8824914616780217,0.0,-1.2940503917771966
MAR01527,0.0,0.0,0.0
MAR01528,0.0,0.0,0.0
MAR01529,0.0,0.0,0.0
MAR01534,0.0,0.0,0.0
MAR01537,0.0,0.0,0.0
MAR01541,0.0,0.0,0.0
MAR01542,0.03857065241938088,0.032502522570043185,0.08742205320094153
MAR01554,0.0,0.0,0.0
MAR01555,0.0,0.0,0.0
MAR01556,0.0,0.0,0.0
MAR01559,0.0,0.0,0.0
MAR01560,0.0,0.0,0.0
MAR01561,0.0,0.0,0.0
MAR01562,0.0,0.0,0.0
MAR01563,0.0,0.0,0.0
MAR01564,0.0,0.0,0.0
MAR01566,0.0,0.0,0.0
MAR01567,0.0,0.0,0.0
MAR01569,0.0,0.0,0.0
MAR01571,0.0,0.0,0.0
MAR01574,0.0,0.0,0.0
MAR01575,0.0,0.0,0.0
MAR01578,0.0,0.0,0.0
MAR01579,0.0,0.0,0.0
MAR01580,0.0,0.0,0.0
MAR01582,0.02305785328107422,0.0,0.0
MAR01583,0.0,0.4203327929064454,0.0
MAR01586,0.0,0.0,0.0
MAR01587,0.0,0.0,0.0
MAR01588,0.0,0.0,0.0
MAR01591,0.0,0.0,0.0
MAR01594,0.0,0.0,0.0
MAR01596,0.0,0.0,0.0
MAR01597,0.0,0.0,0.0
MAR01600,0.0,0.0,0.0
MAR01601,2.190977007264237,2.0844197493186756,2.8295936210533954
MAR01603,0.0,0.4203327929064455,0.0
MAR01606,0.0,0.0,0.0063016130711078585
MAR01607,0.04343624311277719,0.03660263396063131,0.3086821631043245
MAR01612,0.0,0.0,0.0
MAR01615,0.0,0.0,0.0
MAR01616,0.0,0.0,-8.505265944157163
MAR01617,0.0,1.4569228169427448e-15,0.0
MAR01618,0.0,0.0,0.0
MAR01621,0.0010209869183883747,0.16053206345283852,0.0
MAR01626,0.0,0.0,-170.7574854103119
MAR01628,0.0,0.0,0.0
MAR01633,0.0,-6.937658760980517,0.0
MAR01634,0.0,0.0,0.0
MAR01636,0.0,0.0,0.0
MAR01640,0.0,0.0,0.0
MAR01641,0.0,0.0,0.0
MAR01643,0.000423415005478869,0.0,0.0
MAR01645,0.0,0.0,0.0
MAR01647,0.0,0.0,0.0
MAR01648,0.0,0.0,0.0
MAR01649,0.0,0.0,0.0
MAR01650,0.0,0.0,0.0
MAR01654,0.0,0.0,0.0
MAR01655,0.0,0.0,0.0
MAR01657,0.0,0.0,0.0
MAR01658,0.0,0.0,0.0
MAR01661,0.0,0.0,0.0
MAR01664,0.0,0.0,0.0
MAR01669,0.0,0.0,0.0
MAR01671,0.0,0.0,0.0
MAR01674,0.0,0.0,0.0
MAR01675,0.0,0.0,0.0
MAR01677,0.0,0.0,0.0
MAR01680,0.0,0.0,0.0
MAR01683,0.0,0.0,0.0
MAR01686,0.0,0.0,0.0
MAR01688,0.0,0.0,0.0
MAR01690,0.0,0.0,0.0
MAR01698,0.0,0.0,0.0
MAR01705,0.0,0.0,0.0
MAR01707,0.0,0.0,0.0
MAR01709,0.0,0.0,0.0
MAR01711,0.0,0.0,0.0
MAR01712,0.0,0.0,0.0
MAR01713,0.0,0.0,0.0
MAR01714,0.0,0.0,0.0
MAR01715,0.0,0.0,0.0
MAR01719,0.0,6.937658760980518,2.093876302001814
MAR01721,0.0,0.0,0.0
MAR01724,0.0,0.0,0.0
MAR01728,0.0,0.0,0.0
MAR01731,0.0,0.0,0.0
MAR01732,0.42407850791005014,0.0,0.0
MAR01733,0.0,0.0,0.0
MAR01734,0.0,0.0,0.0
MAR01736,0.0,0.0,0.0
MAR01755,0.0,0.0,0.0
MAR01757,0.0,0.0,0.0
MAR01763,0.0,0.0,0.0
MAR01773,0.0,0.0,0.0
MAR01775,0.0,0.0,0.0
MAR01779,0.0,0.0,0.0
MAR01780,0.0,0.0,0.0
MAR01782,0.0,0.0,-6.603621243892019
MAR01788,0.0,0.0,0.0
MAR01789,0.0,0.0,0.0
MAR01791,0.0,0.0,0.0
MAR01793,0.0,0.0,0.0
MAR01795,-0.024483675254844718,0.0,0.0
MAR01799,0.0,-0.0605354272539915,0.0
MAR01801,0.0,0.0,0.0
MAR01808,0.0,0.0,0.0
MAR01812,0.0,0.0,0.0
MAR01814,0.0,0.0,0.0
MAR01816,0.0,0.0,0.0
MAR01818,0.0,0.0,0.0
MAR01820,-0.0004221877156079156,-0.00035576701182349596,-0.0009569067314006435
MAR01821,0.0,0.0,0.0
MAR01822,0.0,0.0,0.0
MAR01823,0.0,0.0,0.0
MAR01824,0.0,0.0,0.0
MAR01825,0.0,0.0,0.0
MAR01826,0.0,0.0,0.0
MAR01827,0.0,0.0,0.0
MAR01828,0.0,0.0,0.0
MAR01829,0.0,0.0,0.0
MAR01849,0.0,0.0,0.0
MAR01851,0.0,0.0,0.0
MAR01856,0.0,0.0,0.0
MAR01858,0.0,0.0,0.0
MAR01860,0.0,0.0,0.0
MAR01869,0.0,0.0,0.0
MAR01871,143.3450038937061,118.62947404710194,409.2570597737836
MAR01873,0.0,0.0,0.0
MAR01912,0.0,0.0,0.0
MAR01918,0.0,0.0,0.0
MAR01921,-6.748544180693614,-6.656641254304568,0.0
MAR01922,0.0,0.0,-243.79544716626316
MAR01923,0.0,0.0,0.0
MAR01938,0.0,0.0,0.0
MAR01939,-0.0008468300109579328,-0.0007136024365094627,-0.001919376874033765
MAR01946,0.0,0.0,0.0
MAR01947,0.0,0.0,0.0
MAR01954,0.0,0.0,0.0
MAR01955,0.0,0.0,0.0
MAR01956,0.0,0.0,0.0
MAR01957,0.0,0.0,0.0
MAR01961,0.0,0.0,0.0
MAR01964,0.0,0.0,0.0
MAR01965,0.0,0.0,0.0
MAR01966,0.0,0.0,0.0
MAR01972,0.0,0.0,0.0
MAR01975,0.0,0.0,0.0
MAR01984,0.0,0.0,0.0
MAR01986,0.0,0.0,0.0
MAR02006,0.0,0.0,0.0
MAR02021,0.0,0.0,0.0
MAR02023,0.0,0.0,0.0
MAR02026,0.0,0.0,0.0
MAR02027,-1.5204741899903902,-0.2810845970524616,-1.2411963458238455
MAR02028,0.0,-0.009508358434951656,2.194984642383332
MAR02035,0.0,0.0,0.0
MAR02119,0.0,0.0,0.0
MAR02120,0.0,0.0,0.0
MAR02121,0.0,0.0,2.093876302001814
MAR02122,0.0,0.0,0.0
MAR02123,0.0,0.0,0.0
MAR02124,0.0,0.0,0.0
MAR02125,0.0,0.0,0.0
MAR02126,0.0,0.0,0.0
MAR02128,0.0,0.0,0.0
MAR02146,-0.3331970483914674,0.0,-1.7613019043411513
MAR02147,0.0,0.0,0.0
MAR02148,0.0,0.0,0.0
MAR02149,0.0,0.0,0.0
MAR02183,0.0,0.0,2.1929530087400266
MAR02184,0.0,0.02992555050843595,0.0
MAR02185,0.0,0.0,0.0
MAR02186,-143.34500389370612,-118.62947404710197,-409.2570597737837
MAR02187,0.0,0.0,0.0
MAR02188,0.0,0.0,0.0
MAR02189,0.0,0.0,0.0
MAR02192,0.0,0.0,0.0
MAR02195,0.0,0.0,0.0
MAR02196,0.0,0.0,0.0
MAR02197,0.0,0.0,0.0
MAR02198,0.0,0.0,0.0
MAR02199,0.0,0.0,0.0
MAR02200,0.0,0.0,0.0
MAR02206,0.0,0.0,0.0
MAR02207,-0.0015465897857128686,0.0,0.0
MAR02216,0.0,0.0,0.0
MAR02220,0.0,0.0,0.0
MAR02221,0.0010209869183883747,0.0,0.0
MAR02222,0.0,0.0,0.0
MAR02223,0.0,0.0,0.0
MAR02224,0.0,0.0,0.0
MAR02225,0.0,-0.19196881616491035,-5.3291327893046025
MAR02226,0.0,0.0,0.0
MAR02271,0.0,0.0,0.0
MAR02272,0.0,0.0,0.0
MAR02273,0.0,0.0,0.0
MAR02274,0.0,0.0,0.0
MAR02275,0.4240785079100501,-0.03303290471157306,0.0
MAR02276,0.0,0.0,0.0
MAR02277,0.0,0.0,0.0
MAR02278,0.0,0.0,2.0938763020018145
MAR02279,0.0,0.0,0.0
MAR02280,0.0,0.0,0.0
MAR02283,0.0,0.0,0.0
MAR02285,0.0,0.0,0.0
MAR02290,0.0,0.0,0.0
MAR02291,0.0,0.0,0.0
MAR02297,0.0,0.0,0.0
MAR02298,0.0,0.0,0.0
MAR02299,0.0,0.0,0.0
MAR02300,0.0,0.0,0.0
MAR02301,0.0,0.0,0.0
MAR02302,0.0,0.0,0.0
MAR02303,0.0,0.0,0.0
MAR02304,0.0,0.0,0.0
MAR02306,0.0,0.0,0.0
MAR02308,0.0,0.0,0.0
MAR02310,0.0,0.0,0.0
MAR02312,0.0,0.0,0.0
MAR02313,0.0,0.0,0.0
MAR02314,0.0,0.03303290471157306,0.10110834038151786
MAR02316,0.0,0.0,0.0
MAR02318,0.0,0.0,0.0
MAR02320,0.0,0.0,1.3332022159714574e-17
MAR02322,0.0,0.0,0.0
MAR02323,0.0,0.0,0.0
MAR02325,0.0,0.0,0.0
MAR02327,0.0,0.0,0.0
MAR02329,0.0,0.0,0.0
MAR02331,-0.00032099866109280844,0.0,0.0
MAR02333,0.0,0.0,0.0
MAR02335,0.0,0.0,0.0
MAR02337,0.0,0.0,0.0
MAR02339,0.0,0.0,0.0
MAR02340,-0.005080980065746425,-0.498380438334025,0.0
MAR02341,0.0,0.0,0.0
MAR02346,0.0,0.0,0.0
MAR02351,924.4635004102392,802.1089882202973,1000.0
MAR02352,0.0,0.0,0.0
MAR02357,0.0009889910876764885,0.0,17.291833861862365
MAR02358,0.0009889910876764887,0.0,27.633289931426958
MAR02360,0.0,0.0,0.0
MAR02366,0.0,0.0,0.0
MAR02367,0.0,0.0,0.0
MAR02369,0.0,0.0,0.0
MAR02370,0.0,0.0,0.0
MAR02372,0.0,0.0,0.0
MAR02373,0.0,0.0,0.0
MAR02375,0.0007307892352399283,0.0,0.0
MAR02377,0.0015465897857128686,0.010081773816479145,0.0
MAR02379,0.0,0.0,0.0
MAR02381,0.0,0.0,0.0
MAR02382,0.0,0.0,0.0
MAR02384,0.0,0.0,0.0
MAR02385,0.0,0.0,0.0
MAR02386,0.0,0.0,0.0
MAR02388,0.0,0.0,0.0
MAR02390,0.0,0.0,0.0
MAR02392,0.0,0.0,0.0
MAR02394,0.0,0.0,0.0
MAR02396,0.0,0.0,0.0
MAR02398,0.0,0.0,0.0
MAR02400,0.0,0.0,0.0
MAR02402,0.0,0.0,0.0
MAR02404,0.0,0.0,0.0
MAR02405,0.5254708030101859,0.0,21.706850511190677
MAR02406,0.0,0.0,0.0
MAR02413,0.0,0.0,0.0
MAR02414,0.0,0.0,0.0
MAR02416,0.0,0.0,0.0
MAR02418,0.8844009730927148,0.0,0.0
MAR02420,0.0,0.0,0.0
MAR02422,0.0,0.0,24.990054002179495
MAR02424,0.0,0.0,0.0
MAR02425,0.0,0.0,0.0
MAR02427,0.0,0.002474159687705315,0.0
MAR02429,0.0,0.0,0.0
MAR02431,0.0,0.0,0.0
MAR02432,0.000730789235239928,-0.0024741596877053285,0.0
MAR02471,0.0,0.0,0.0
MAR02473,0.0,0.0,0.0
MAR02474,0.0,0.0,0.0
MAR02476,0.0,0.0,-1.3332022159714574e-17
MAR02477,0.0007307892352399281,0.0,0.0
MAR02479,0.0,-0.03303290471157306,-0.10110834038151786
MAR02481,0.0,0.0,0.0
MAR02483,0.0,0.0,0.0
MAR02485,0.0,0.0,0.0
MAR02487,0.0,0.0,0.0
MAR02488,0.0,0.0,0.0
MAR02490,0.0,0.0,0.0
MAR02492,0.0,0.0,0.0
MAR02494,0.0,0.0,0.0
MAR02496,0.0,0.0,0.0
MAR02498,0.0,0.0,0.0
MAR02500,0.0,0.0,0.0
MAR02502,0.0,0.0,0.0
MAR02504,0.0,0.0,0.0
MAR02506,0.0,0.0,0.0
MAR02507,0.0,0.0,0.0
MAR02508,0.0,0.0,0.0
MAR02517,0.0,0.0,0.0
MAR02519,0.0,0.0,0.0
MAR02521,0.0,0.0,0.0
MAR02523,0.0,0.0,0.0
MAR02525,0.0,0.0,0.0
MAR02527,0.0,0.0,0.0
MAR02529,0.0,0.0,2.121071694394362
MAR02531,0.0,0.0,0.0
MAR02532,0.0,0.0,0.0
MAR02534,0.0,0.0,0.0
MAR02536,0.0,0.0,0.0
MAR02538,0.0,0.0,0.0
MAR02539,0.0,0.0,0.0
MAR02589,0.0,0.0,0.0
MAR02595,0.0,0.0,0.0
MAR02597,0.0,0.0,0.0
MAR02615,0.0,0.0,0.0
MAR02617,0.0,0.0,0.0
MAR02619,0.0,0.0,0.0
MAR02627,0.0,0.0,0.0
MAR02628,0.0,0.0,0.0
MAR02631,0.0,0.0,0.0
MAR02632,0.0,0.0,0.0
MAR02637,0.0,0.0,0.0
MAR02639,0.0,0.0,0.0
MAR02641,0.0,0.0,0.0
MAR02643,0.0,0.0,0.0
MAR02645,0.0,0.0,0.0
MAR02647,0.0,0.0,0.0
MAR02694,0.0,0.0,0.0
MAR02696,0.0,0.0,0.0
MAR02698,0.0,0.0,0.0
MAR02721,0.0,0.0,0.0
MAR02723,0.0,0.0,0.0
MAR02725,0.0,0.0,0.0
MAR02728,0.0,0.0,0.0
MAR02743,0.0,0.0,0.0
MAR02747,0.0,0.0,0.0
MAR02749,0.0,0.0,0.0
MAR02751,0.0,0.0,0.0
MAR02756,0.0,0.0,0.0
MAR02763,0.0,0.0,0.0
MAR02765,0.0,0.0,0.0
MAR02767,0.0004221877156079157,0.000355767011823496,0.0009569067314006441
MAR02779,0.0,0.0,3.823802289976396
MAR02781,0.0,0.0,0.0
MAR02782,0.0,0.0,0.0
MAR02784,0.0,0.0,0.0
MAR02786,0.0,0.0,0.0
MAR02802,0.0,0.0,0.0
MAR02804,0.0,0.0,0.0
MAR02808,0.0,0.0,0.0
MAR02810,0.0,0.0,0.0
MAR02818,0.0,0.0,0.0
MAR02820,0.0,0.0,0.0
MAR02826,0.0,0.0,0.0
MAR02828,0.0,0.0,0.0
MAR02858,0.0,0.0,0.0
MAR02860,0.0,0.0,0.0
MAR02881,0.0,0.0,0.0
MAR02883,0.0,0.0,0.0
MAR02885,0.0,0.0,0.0
MAR02887,0.0,0.0,0.0
MAR02889,0.0,0.0,0.0
MAR02891,0.0,0.0,-3.082494729242083
MAR02893,0.0,0.0,0.0
MAR02895,0.0,0.0,0.0
MAR02933,0.0,0.0,0.0
MAR02934,0.0,0.0,0.0
MAR02935,0.0,0.0,0.0
MAR02936,0.0,0.0,0.0
MAR02937,0.0,0.0,0.0
MAR02938,0.0,0.0,0.0
MAR02939,0.0,0.0,0.0
MAR02940,0.0,0.0,0.0
MAR02941,0.5038212648844065,0.0,0.0
MAR02950,0.0,0.0,0.0
MAR02953,0.0,0.0,0.0
MAR02958,0.0,0.0,0.0
MAR02960,0.0,0.0,0.0
MAR02993,0.0,0.0,0.0
MAR02995,0.0,0.0,0.0
MAR02997,0.0,0.0,0.0
MAR03004,0.0,0.0,0.0
MAR03005,0.0,0.0,0.0
MAR03006,0.0,0.0,0.0
MAR03010,0.0,0.0,0.0
MAR03012,0.0,0.0,0.0
MAR03016,0.0,0.0,0.0
MAR03031,0.0,0.0,0.0
MAR03036,0.0,0.0,0.0
MAR03038,0.0,0.0,0.0
MAR03039,0.0,0.0,0.0
MAR03040,0.0,0.0,0.0
MAR03041,0.0,0.0,0.0
MAR03042,0.0,0.0,-13.014387662639635
MAR03043,0.0,0.0,0.0
MAR03044,0.0,0.0,0.0
MAR03045,0.0,0.0,0.0
MAR03046,0.0,0.0,0.0
MAR03047,0.0,0.0,0.0
MAR03048,0.0,0.0,0.0
MAR03049,0.0,0.0,0.0
MAR03050,0.0,0.0,0.0
MAR03051,0.0,0.0,0.0
MAR03052,0.0,0.0,0.0
MAR03061,0.0,0.0,0.0
MAR03119,0.0,0.0,0.0
MAR03120,0.0,0.0,0.0
MAR03124,0.0,0.0,0.0
MAR03126,0.0,0.0,0.0
MAR03127,0.0,0.0,0.0
MAR03131,0.0,0.0,0.0
MAR03133,0.0,0.0,0.0
MAR03134,0.0,0.0,0.0
MAR03138,0.0,0.0,0.0
MAR03140,0.0,0.0,0.0
MAR03141,0.0,0.0,0.0
MAR03145,0.0,0.0,0.0
MAR03147,0.0,0.0,0.0
MAR03148,0.0,0.0,0.0
MAR03152,0.0,0.0,0.0
MAR03154,0.0,0.0,0.0
MAR03155,0.0,0.0,0.0
MAR03159,0.0,0.0,0.0
MAR03161,0.0,0.0,0.0
MAR03162,0.0,0.0,0.0
MAR03165,0.0,0.0,0.0
MAR03167,0.0,0.0,0.0
MAR03168,0.0,0.0,0.0
MAR03169,0.0,0.0,0.0
MAR03207,0.0,0.0,0.0
MAR03209,0.0,0.0,0.0
MAR03210,0.0,0.0,0.0
MAR03214,0.0,0.0,0.0
MAR03216,0.0,0.0,0.0
MAR03217,0.0,0.0,0.0
MAR03238,0.1726259352690292,14.624663404347128,0.0
MAR03248,0.0,0.0,0.0
MAR03249,0.0,0.0,0.0
MAR03251,0.0,0.0,0.0
MAR03253,0.0,0.0,0.0
MAR03255,0.0,0.0,0.0
MAR03257,0.0,0.0,0.0
MAR03259,0.0,0.0,0.0
MAR03261,0.0,0.0,0.0
MAR03263,0.0,0.0,0.0
MAR03265,0.0,0.0,0.0
MAR03266,0.0,0.0,0.0
MAR03267,0.0,0.0,0.0
MAR03268,0.0,0.0,0.0
MAR03269,0.0,0.0,0.0
MAR03270,0.0,0.0,0.0
MAR03271,0.0,0.0,0.0
MAR03273,0.0,0.0,0.0
MAR03274,0.0,0.0,0.0
MAR03276,0.0,0.0,0.0
MAR03289,0.0,0.0,0.0
MAR03291,0.0,0.0,0.0
MAR03295,0.0,0.0,0.0
MAR03297,0.0,0.0,0.0
MAR03299,0.0,0.0,0.0
MAR03300,0.0,0.0,0.0
MAR03303,0.0,0.0,0.0
MAR03308,0.0,0.0,0.0
MAR03313,0.0,0.0,0.0
MAR03318,0.0,0.0,0.0
MAR03324,0.0,0.0,0.0
MAR03325,0.0,0.0,0.0
MAR03354,0.0,0.0,0.0
MAR03366,0.0,0.0,0.0
MAR03371,0.0,0.0,0.0
MAR03374,0.0,0.0,0.0
MAR03376,0.0,0.0,0.0
MAR03377,0.0,0.0,0.0
MAR03378,0.0,0.0,0.0
MAR03379,0.0,0.0,0.0
MAR03380,0.0,0.0,0.0
MAR03381,0.0,0.0,0.0
MAR03382,0.0,0.0,0.0
MAR03383,0.0,0.0,0.0
MAR03384,0.0,0.0,0.0
MAR03385,0.0,0.0,0.0
MAR03386,0.0,0.0,0.0
MAR03387,0.0,0.0,0.0
MAR03388,0.0,0.0,0.0
MAR03389,0.0,6.915415591662765e-16,0.0
MAR03390,0.0,0.0,0.0
MAR03391,0.0,0.0,0.0
MAR03392,0.0,0.0,0.0
MAR03393,0.0,0.0,0.0
MAR03394,0.0,0.0,0.0
MAR03395,0.000730789235239928,0.0,0.0
MAR03399,0.0007307892352399281,0.0,0.0
MAR03400,0.0,0.0,0.0
MAR03401,0.0007307892352399281,0.0,0.0
MAR03402,0.000730789235239928,0.0,0.0
MAR03403,0.0,0.0355070643992784,0.0
MAR03404,0.0,0.0355070643992784,0.0
MAR03405,0.0,0.0355070643992784,0.0
MAR03410,0.0,0.03550706439927839,0.0
MAR03412,0.0,0.0,0.0
MAR03415,0.0,0.0,0.0
MAR03417,0.0,0.0,0.0
MAR03418,0.0,0.0,0.0
MAR03419,0.0,0.0,0.0
MAR03420,0.0,0.0,0.0
MAR03434,0.0,0.0,0.0
MAR03435,0.0,0.0,0.0
MAR03436,0.0,0.0,0.0
MAR03437,0.0,0.0,0.0
MAR03438,0.0,-0.013363828517265622,0.0
MAR03439,0.0,0.0,0.0
MAR03440,0.0,0.0,0.0
MAR03441,0.0,0.0,0.0
MAR03442,0.0,0.0,0.0
MAR03443,0.0,0.0,0.0
MAR03451,0.0,0.0,0.0
MAR03465,0.0,0.0,0.0
MAR03474,0.0,0.0,0.0
MAR03479,0.0,0.0,0.0
MAR03483,0.0,0.0,-0.01432679691595485
MAR03485,0.0,0.0,0.0
MAR03487,0.0,0.0,0.0
MAR03490,0.0,0.0,0.0
MAR03492,0.0,0.0,0.0
MAR03494,0.0,0.0,0.0
MAR03495,0.0,0.0,0.0
MAR03496,0.0,0.0,0.0
MAR03497,0.0,0.0,0.0
MAR03499,0.0,0.0,0.0
MAR03500,0.0,0.0,0.0
MAR03502,0.0,0.0,0.0
MAR03504,0.0,0.0,0.0
MAR03507,1.607853414784838e-05,0.0,0.0
MAR03516,1.607853414784838e-05,0.0,0.0
MAR03518,1.607853414784838e-05,0.0,0.0
MAR03535,1.607853414784838e-05,0.0,0.0
MAR03536,0.0,0.0,0.0
MAR03598,0.0,0.0,0.0
MAR03599,0.0,0.0,0.0
MAR03600,0.0,0.0,0.0
MAR03601,0.0,0.0,0.0
MAR03602,0.0,0.0,0.0
MAR03603,0.0,0.0,0.0
MAR03604,0.0,0.0,0.004063267286610617
MAR03605,0.0,0.0,0.0
MAR03606,0.0,0.0,0.0
MAR03607,0.0,0.0,0.004063267286610617
MAR03608,0.0,0.0,0.004063267286610617
MAR03609,0.0,0.0,0.004063267286610617
MAR03610,0.0,0.0,0.0
MAR03611,0.0,0.0,0.0
MAR03612,0.0,0.0,0.0
MAR03613,0.0,0.0,0.0
MAR03614,0.0,0.0,0.0
MAR03615,0.0,0.0,0.0
MAR03616,0.0,0.0,0.0
MAR03617,0.0,0.0,0.0
MAR03618,0.0,0.0,0.0
MAR03619,0.0,0.0,0.0
MAR03620,0.0,0.0,0.0
MAR03621,0.0,0.0,0.0
MAR03623,0.0,0.0,0.0
MAR03624,0.0,0.0,0.0
MAR03745,0.0,0.0,0.0
MAR03749,0.0,0.0,0.0
MAR03754,0.0,0.0,0.0
MAR03756,0.0,0.0,0.0
MAR03758,0.0,0.0,0.0
MAR03760,0.0,0.0,0.0
MAR03764,0.0,0.0,0.0
MAR03766,0.0,0.0,0.0
MAR03768,0.0,0.0,0.0
MAR03774,0.0,0.0,0.0
MAR03776,0.0,0.0,0.0
MAR03779,0.0,0.0,0.0
MAR03781,0.0,0.0,0.0
MAR03786,0.0,0.0,0.0
MAR03788,0.0,0.0,0.0
MAR03791,0.0,0.0,0.0
MAR03798,0.0,0.0,0.0
MAR03801,0.0,0.0,0.0
MAR03803,0.0,0.0,0.0
MAR03805,0.0,0.0,0.0
MAR03808,0.0,0.0,0.0
MAR03810,0.0,0.0,0.0
MAR03812,0.0,0.0,0.0
MAR03814,0.0,0.0,0.0
MAR03815,0.0,0.0,0.0
MAR03817,0.0,0.0,0.0
MAR03821,0.0,0.0,0.0
MAR03824,0.0,0.0,0.0
MAR03826,0.0,0.0,0.0
MAR03828,0.0,0.0,0.0
MAR03830,0.0,0.0,0.0
MAR03834,0.0,0.0,0.0
MAR03836,0.0,0.0,0.0
MAR03840,0.0,0.0,0.0
MAR03842,0.0,0.0,0.0
MAR03844,0.0,0.0,0.0
MAR03846,0.0,0.0,-1.9334923405999496
MAR03872,0.0,0.0,0.0
MAR03874,0.0,0.0,0.0
MAR03876,0.0,0.0,0.0
MAR03878,0.0,0.0,0.0
MAR03880,0.0,0.0,0.0
MAR03882,0.0,0.0,0.0
MAR03884,0.0,0.0,0.0
MAR03886,0.0,0.0,0.0
MAR03887,0.0,0.0,0.0
MAR03888,0.0,0.0,0.0
MAR03891,0.0,0.0,0.0
MAR03893,0.0,0.0,0.0
MAR03894,0.0,0.0,0.0
MAR03896,0.0,0.0,0.0
MAR03898,0.0,0.0,0.0
MAR03900,0.0,0.0,0.0
MAR03902,0.0,0.0,0.0
MAR03904,0.0,0.0,0.0
MAR03906,0.0,0.0,0.0
MAR03909,0.0,0.0,0.0
MAR03913,0.0,0.0,0.0
MAR03914,0.0,0.0,0.0
MAR03918,0.0,0.0,0.0
MAR03924,0.0,0.0,0.0
MAR03926,0.0,0.0,0.0
MAR03927,0.0,0.0,0.0
MAR03930,0.0,0.0,0.0
MAR03932,0.0,0.0,0.0
MAR03934,0.0,0.0,0.0
MAR03936,0.0,0.0,0.0
MAR03938,0.0,0.0,0.0
MAR03941,0.0,0.0,0.0
MAR03942,0.0,0.0,0.0
MAR03943,0.0,0.0,0.0
MAR03945,0.0,0.0,0.0
MAR03961,0.0,0.0,0.0
MAR03962,0.0,0.0,0.0
MAR03963,0.0,0.0,0.0
MAR03973,0.0,0.0,0.0
MAR03976,0.0,0.0,0.0
MAR03978,0.0,0.0,0.0
MAR03981,0.0,0.0,0.0
MAR03983,0.0,0.0,0.0
MAR03985,0.0,0.0,0.0
MAR03990,0.0,0.0,0.0
MAR03994,0.0,0.0,0.0
MAR03997,0.0,0.0,0.0
MAR04001,0.0,0.0,0.0
MAR04003,0.0,0.0,0.0
MAR04005,0.0,0.0,0.0
MAR04007,0.0,0.0,0.0
MAR04009,0.0,0.0,0.0
MAR04011,0.0,0.0,0.0
MAR04013,0.0,0.0,0.0
MAR04015,0.0,0.0,0.0
MAR04017,0.0,0.0,0.0
MAR04019,0.0,0.0,0.0
MAR04021,0.0,0.0,0.0
MAR04023,0.0,0.0,0.0
MAR04025,0.0,0.0,0.0
MAR04027,0.0,0.0,0.0
MAR04029,0.0,0.0,0.0
MAR04031,0.0,0.0,0.0
MAR04033,0.0,0.0,0.0
MAR04035,0.0,0.0,0.0
MAR04037,0.0,0.0,0.0
MAR04039,0.0,0.0,0.0
MAR04041,0.0,0.0,0.0
MAR04043,0.0,0.0,0.0
MAR04045,0.0,0.0,0.0
MAR04047,0.0,0.0,0.0
MAR04049,0.0,0.0,0.0
MAR04051,0.0,0.0,0.0
MAR04053,0.0,0.0,0.0
MAR04055,0.0,0.0,0.0
MAR04057,0.0,0.0,0.0
MAR04074,0.0,0.0,0.0
MAR04076,0.0,0.0,0.0
MAR04088,0.0,0.0,0.0
MAR04090,0.0,0.0,0.0
MAR04092,0.0,0.0,0.0
MAR04094,0.0,0.0,0.0
MAR04096,0.0,0.0,0.0
MAR04098,0.0,0.0,0.0
MAR04100,0.0,0.0,0.0
MAR04102,0.0,0.0,0.0
MAR04104,0.0,0.0,0.0
MAR04110,0.0,0.0,0.0
MAR04117,0.0,0.0,0.0
MAR04119,0.0,0.0,0.0
MAR04129,0.0,0.0,0.0
MAR04138,0.0,0.0,0.0
MAR04140,0.0,0.0,0.0
MAR04142,0.0,0.0,0.0
MAR04144,0.0,0.0,0.0
MAR04146,0.0,0.0,0.0
MAR04148,-107.69300799249575,-15.316489178353473,-113.39355863602587
MAR04150,0.0,0.0,0.0
MAR04151,0.0,0.0,0.0
MAR04153,0.0,0.0,0.0
MAR04154,0.0,0.0,0.0
MAR04155,0.0,0.0,0.0
MAR04157,0.0,0.0,0.0
MAR04161,0.0,0.0,0.0
MAR04164,71.16531189263728,20.396889041956953,146.31998150987744
MAR04173,0.0,0.0,0.0
MAR04178,0.0,0.0,0.0
MAR04181,-0.5038212648844046,-46.575236587266026,-181.65011121433795
MAR04195,0.0,0.0,0.0
MAR04203,0.0,2.1018905131599257,0.0
MAR04213,0.0,0.0,0.0
MAR04215,0.0,0.0,0.0
MAR04217,0.0,0.0,0.0
MAR04221,0.0,0.0,0.0
MAR04223,79.5200141592321,67.88523914806171,7.224113893153935
MAR04226,0.0,0.0,0.0
MAR04229,0.0,0.0,0.0
MAR04230,0.02305785328107422,0.0,0.0
MAR04234,0.0,0.0,0.0
MAR04236,0.0,0.0,0.0
MAR04238,0.0,0.0,0.0
MAR04240,0.0,0.0,0.0
MAR04247,0.0,0.0,0.0
MAR04256,0.0,0.0,0.0
MAR04258,0.0,0.0,0.0
MAR04272,0.0,0.0,0.0
MAR04273,0.0,0.0,0.0
MAR04286,0.0,0.0,0.0
MAR04289,0.0,0.0,2.1210716943943617
MAR04292,0.0,0.0,0.0
MAR04293,0.0,0.0,0.0
MAR04294,0.0,0.0,0.0
MAR04298,0.0,0.0,0.0
MAR04305,0.0,0.0,0.0
MAR04307,0.0,0.0,0.0
MAR04309,0.0,0.0,0.0
MAR04311,0.0,0.0,0.0
MAR04322,0.0,0.0,0.0
MAR04325,0.0,0.0,0.0
MAR04327,0.0,0.0,0.0
MAR04334,0.0,0.0,0.0
MAR04337,0.0,0.0,0.0
MAR04339,0.0,0.0,0.0
MAR04341,0.0,0.0,13.014387662639635
MAR04349,0.0,0.0,-13.014387662639635
MAR04353,0.0,0.0,0.0
MAR04357,0.0,0.0,0.0
MAR04359,0.0,0.0,0.0
MAR04361,0.0,0.0,0.0
MAR04362,0.0,0.0,0.0
MAR04364,0.0,0.0,0.0
MAR04366,0.0,0.0,0.0
MAR04369,0.0,0.0,0.0
MAR04374,0.0,0.0,0.0
MAR04376,0.0,0.0,0.0
MAR04378,0.0,0.0,0.0
MAR04380,0.0,0.0,0.0
MAR04382,0.0,0.0,0.0
MAR04384,0.0,0.0,0.0
MAR04389,0.0,0.0,0.0
MAR04392,0.0,0.0,0.0
MAR04395,0.0,0.0,0.0
MAR04397,0.0,0.0,0.0
MAR04405,0.0,0.0,0.0
MAR04407,0.0,0.0,0.0
MAR04409,0.0,0.0,0.0
MAR04411,-9.272637422317377,-7.584067297332707,-25.361748942354897
MAR04413,0.0,0.0,0.0
MAR04438,0.0,0.0,-4.485509476591648
MAR04439,0.0,0.0,0.0
MAR04441,0.0,0.0,0.0
MAR04443,0.0,0.0,0.0
MAR04445,0.0,0.0,0.0
MAR04447,0.0,0.0,0.0
MAR04455,0.0,0.0,0.0
MAR04457,0.0,0.0,0.0
MAR04462,0.0,0.0,0.0
MAR04463,0.0,0.0,0.0
MAR04475,0.0,0.0,0.0
MAR04478,0.0,0.0,0.0
MAR04479,0.0,0.0,0.0
MAR04491,0.0,0.0,0.0
MAR04502,0.0,0.0,0.0
MAR04504,0.0,0.0,0.0
MAR04506,0.0,0.0,0.0
MAR04508,0.0,0.0,0.0
MAR04509,0.0,0.0,0.0
MAR04511,0.0,0.0,0.0
MAR04515,0.0,0.0,0.0
MAR04517,0.0,0.0,0.0
MAR04522,0.0,0.0,0.0
MAR04562,0.0,0.0,0.0
MAR04566,0.0,0.0,0.0
MAR04569,0.0,0.0,0.0
MAR04571,0.0,0.0,0.0
MAR04576,0.0,0.0,0.0
MAR04578,0.0,0.0,0.0
MAR04581,0.0,0.0,0.0
MAR04598,0.0,0.0,0.0
MAR04609,0.0,0.0,0.0
MAR04610,0.0,0.0,2.192953008740027
MAR04613,0.0,0.0,0.0
MAR04616,0.0,0.0,0.0
MAR04620,0.0,0.0,0.0
MAR04622,0.0,0.0,0.0
MAR04624,0.0,0.0,0.0
MAR04626,0.0,0.0,0.0
MAR04634,0.0,0.0,0.0
MAR04636,0.0,0.0,0.0
MAR04638,0.0,0.0,0.0
MAR04639,0.0,0.0,0.0
MAR04645,0.0,0.0,-0.10245692695799694
MAR04653,0.0,0.0,0.0
MAR04659,0.0,0.0,0.10245692695799694
MAR04661,0.0,0.0,0.0
MAR04669,0.0,0.0,0.0
MAR04671,0.0,0.0,0.0
MAR04674,0.0,0.0,0.10245692695799694
MAR04677,0.0,0.0,0.0
MAR04678,0.0,0.0,0.10245692695799694
MAR04707,0.0,0.0,0.0
MAR04711,0.0,0.0,-4.485509476591648
MAR04713,0.0,0.0,0.0
MAR04719,0.0,0.0,0.0
MAR04722,0.0,0.0,0.0
MAR04724,0.0,0.0,0.0
MAR04726,0.0,0.0,0.0
MAR04728,0.0,0.0,0.0
MAR04745,0.0,0.0,0.0
MAR04747,0.0,0.0,0.0
MAR04749,0.0,0.0,0.0
MAR04751,0.0,0.0,0.0
MAR04753,0.0,0.0,0.0
MAR04759,0.0,0.0,0.0
MAR04761,0.0,0.0,0.0
MAR04782,0.0,0.0,0.0
MAR04783,0.0,0.0,0.0
MAR04793,0.0,0.0,0.0
MAR04794,0.0,0.0,0.0
MAR04795,0.0,0.0,0.0
MAR04798,0.0,0.0,0.0
MAR04800,0.0,0.0,0.0
MAR04801,0.0,0.0,0.0
MAR04803,0.0,0.0,0.0
MAR04805,0.0,0.0,0.0
MAR04807,0.0,0.0,0.0
MAR04809,0.0,0.0,0.0
MAR04811,0.0,0.0,0.0
MAR04813,0.0,0.0,0.0
MAR04815,0.0,0.0,0.0
MAR04820,0.0,0.0,0.0
MAR04821,0.0,0.0,0.0
MAR04822,0.0,0.0,0.0
MAR04823,0.0,0.0,0.0
MAR04824,0.0,0.0,0.0
MAR04825,0.0,0.0,0.0
MAR04826,0.0,0.0,0.0
MAR04827,0.0,0.0,0.0
MAR04828,0.0,0.0,2.192953008740027
MAR04829,0.0,0.0,0.0
MAR04830,0.0,0.0,0.0
MAR04853,0.0,0.0,0.0
MAR04857,0.0,0.0,0.0
MAR04859,0.0,0.0,0.0
MAR04866,0.0,0.0,0.0
MAR04869,0.0,0.0,0.0
MAR04884,0.0,0.0,0.0
MAR04886,0.0,0.0,-0.07949854953248298
MAR04889,-0.29845970157128227,0.0,0.10245692695799694
MAR04891,0.0,0.0,0.0
MAR04895,0.0,0.0,-4.485509476591649
MAR04897,0.0,0.0,0.0
MAR04899,0.0,0.0,0.0
MAR04901,0.0,0.0,0.0
MAR04909,0.0,0.0,0.0
MAR04918,0.0,0.0,0.0
MAR04920,0.0,0.0,0.0
MAR04921,0.0,0.0,0.0
MAR04923,0.0,0.0,0.0
MAR04925,0.0,0.0,0.0
MAR04927,-7.657439149076037e-06,0.0,0.001010494155695342
MAR04929,4.195571031657624e-06,-2.3215197632746965e-06,0.0023351814136630274
MAR04936,0.0,0.0,0.0
MAR04943,0.0,0.0,0.0
MAR04950,0.0,0.0,0.0
MAR04965,0.0,0.0,0.0
MAR04966,0.0,0.0,0.0
MAR04967,0.0,0.0,0.0
MAR04968,0.0,0.0,0.0
MAR04970,0.0,0.0,0.0
MAR04974,0.0,0.0,0.0
MAR04978,0.0,0.0,0.0
MAR04981,0.0,0.0,0.0
MAR04984,0.0,0.0,0.0
MAR04987,0.0,0.0,0.0
MAR04988,0.0,0.0,0.0
MAR04991,0.0,0.0,0.0
MAR05001,0.0,0.0,0.0
MAR05017,0.0,0.0,0.0
MAR05019,0.0,0.0,0.0
MAR05024,0.0,0.0,0.0
MAR05025,0.0,0.0,0.0
MAR05026,0.0,0.0,0.0
MAR05028,0.0,0.0,0.0
MAR05030,0.0030403431444831434,0.0,0.0
MAR05044,0.0,0.0,0.0
MAR05069,0.0,0.0,0.0
MAR05072,0.0,0.0,0.0
MAR05075,0.0,0.0,0.0
MAR05081,0.0,0.0,0.0
MAR05083,0.0,0.0,0.0
MAR05086,0.0,0.0,0.0
MAR05090,0.0,0.0,0.0
MAR05093,0.0,0.0,0.0
MAR05095,0.0,0.0,0.0
MAR05097,0.0,0.0,0.0
MAR05098,0.0,0.0,0.0
MAR05100,0.0,0.0,0.0
MAR05103,0.0,0.0,0.0
MAR05104,0.0,0.0,0.0
MAR05106,0.0,0.0,0.0
MAR05108,0.0,0.0,0.0
MAR05110,0.0030403431444831434,0.0,0.0
MAR05111,0.0,0.0,0.0
MAR05119,0.0,0.0,0.0035811910204464528
MAR05120,0.0,0.0,0.0
MAR05123,0.0,0.0,0.0
MAR05175,0.0,0.0,0.0
MAR05176,0.0,0.0,0.0
MAR05177,0.0,0.0,0.0
MAR05178,0.0,0.0,0.0
MAR05179,0.0,0.0,0.0
MAR05180,0.0,0.0,0.0
MAR05181,0.0,0.0,0.0
MAR05182,0.0,0.0,0.0
MAR05183,0.0,0.0,0.0
MAR05184,0.0,0.0,0.0
MAR05185,0.0022762377248253954,0.0,0.0
MAR05186,0.0,0.0,0.0
MAR05187,0.0,0.0,0.0
MAR05188,0.0,0.0,0.0
MAR05189,0.0,0.0,0.0035811910204464523
MAR05190,0.0,0.0,0.0
MAR05191,0.0,0.0,0.0
MAR05192,0.0,0.0,0.0
MAR05193,0.0,0.0,0.0
MAR05194,0.0,0.0,0.0
MAR05195,0.0,0.0,0.0
MAR05196,0.0,0.0,0.0
MAR05208,0.0,0.0,0.0
MAR05229,0.0,0.0,0.0
MAR05235,0.0,0.0,0.0
MAR05242,0.0,0.0,0.0
MAR05256,0.0,0.0,0.0
MAR05293,0.0,0.0,0.0
MAR05298,0.0,0.0,0.0
MAR05300,0.0,0.0,0.0
MAR05302,0.0,0.0,0.0
MAR05306,0.0,0.0,0.0
MAR05309,0.0,0.0,0.0
MAR05312,0.0,0.0,0.0
MAR05321,0.0,0.0,0.0
MAR05323,0.0,0.0,0.0
MAR05325,0.0,0.009508358434951656,0.0
MAR05327,0.0,0.0,0.0
MAR05329,0.0,0.0,0.0
MAR05331,0.0,0.0,0.0
MAR05334,0.0,0.0,0.0
MAR05341,0.0,0.0,0.0
MAR05343,0.0022923162589732434,0.0,0.0
MAR05345,0.0,0.0,0.0
MAR05350,0.0,0.0,0.0
MAR05355,0.0,0.0,0.0
MAR05356,0.0,0.0,0.0
MAR05357,0.0,0.0,0.0
MAR05358,0.0,0.0,0.0
MAR05359,0.0,0.0,0.0
MAR05360,0.0,0.0,0.0
MAR05364,0.0,0.0,0.0
MAR05365,0.0,0.0,0.0
MAR05366,0.0,0.0,0.0
MAR05367,0.0,0.0,0.0
MAR05368,0.0,0.0,0.0
MAR05369,0.0,0.0,0.0
MAR05370,0.0,0.0,0.0
MAR05371,0.0,0.0,0.0
MAR05372,0.0,0.0,0.0
MAR05373,0.0,0.0,0.0
MAR05374,0.0,0.0,0.0
MAR05375,0.0,0.0,0.0
MAR05376,0.0,0.0,0.0
MAR05377,0.0,0.0,0.0
MAR05378,0.0,0.0,0.0
MAR05379,0.0,0.0,0.0
MAR05380,0.0,0.0,0.0
MAR05382,0.0,0.0,0.0
MAR05383,0.0,0.0,0.0
MAR05402,0.0,0.0,0.0
MAR05403,0.0,0.0,0.0
MAR05404,0.0,0.0,0.0
MAR05405,0.0,0.0,0.0
MAR05408,0.0,0.0,0.0
MAR05410,0.0,0.0,0.0
MAR05412,0.0,0.0,0.0
MAR05421,0.0,0.0,0.0
MAR05425,0.0,0.0,0.0
MAR05427,0.0,0.0,0.0
MAR05428,0.0,0.0,0.0
MAR05431,0.0,0.0,0.0
MAR05434,0.0,0.0,-0.07949854953248298
MAR05449,0.30000629135699514,0.0,0.0
MAR05456,0.0,0.0,0.0
MAR05988,0.0,0.0,0.0
MAR05991,0.0,0.0,0.0
MAR05999,0.0,0.0,0.0
MAR06278,0.0,0.0,0.0
MAR06279,0.0015465897857128686,0.0,0.0
MAR06280,0.0,0.0,0.46490232739323667
MAR06281,0.0,0.0,0.0
MAR06282,0.0,0.0,0.0
MAR06283,0.0,0.0,0.0
MAR06284,0.0,0.0,0.0
MAR06285,0.0,0.0,0.0
MAR06319,0.0,0.0,0.0
MAR06320,0.0,0.0,0.0
MAR06322,0.0,0.0,0.0
MAR06329,0.0015465897857128686,0.0,0.0
MAR06344,0.0,0.0,0.0
MAR06345,0.0,0.0,0.0
MAR06346,0.0,0.0,0.0
MAR06347,0.0030403431444831434,0.0,0.0
MAR06348,0.0,0.0,0.0
MAR06349,0.0,0.0,0.0
MAR06350,0.0,0.0,0.0
MAR06376,0.0,0.0,0.0
MAR06378,0.0,0.0,0.0
MAR06390,0.0,0.0,0.0
MAR06407,0.0,0.0,0.0
MAR06418,0.0,0.0,0.0
MAR06437,0.0,0.0,0.0
MAR06449,0.0,0.0,0.0
MAR06452,0.0,0.0,0.0
MAR06483,0.0,0.0,0.0
MAR06485,0.0,0.0,0.0
MAR06487,0.0,0.0,0.0
MAR06489,0.0,0.0,0.0
MAR06491,0.0,0.0,0.0
MAR06493,0.0,0.0,0.0
MAR06494,0.0,0.0,0.0
MAR06497,0.0,0.0,0.0
MAR06498,0.0,0.0,0.0
MAR06499,0.0,0.0,0.0
MAR06502,0.0,0.0,0.0
MAR06503,0.0,0.0,0.0
MAR06504,0.0,0.0,0.0
MAR06528,0.0,0.0,0.0
MAR06538,0.0,0.0,0.0
MAR06541,0.0,0.0,0.0
MAR06582,0.0,0.0,0.0
MAR06586,0.0,0.0,2.192953008740027
MAR06590,0.0,0.0,2.192953008740027
MAR06593,0.0,0.0,0.0
MAR06594,0.0,0.0,0.0
MAR06596,0.0,0.0,0.0
MAR06597,0.0,0.0,0.0
MAR06598,0.0,0.0,0.0
MAR06599,0.0,0.0,0.0
MAR06600,0.0,0.0,0.0
MAR06604,0.0,0.0,0.0
MAR06688,0.0,0.0,0.0
MAR06689,0.0,0.0,0.0
MAR06696,0.0,0.0,0.0
MAR06698,0.0,0.0,0.0
MAR06706,0.0,0.0,0.0
MAR06724,0.0,0.0,0.0
MAR06769,0.0,0.0,0.0
MAR06773,0.0,0.0,0.0
MAR06775,0.0,0.0,0.0
MAR06777,0.0,0.0,0.0
MAR06779,0.0,0.0,0.0
MAR06804,0.0,0.0,0.0
MAR06805,0.0,0.0,0.0
MAR06809,0.0,0.0,0.0
MAR06810,0.0,0.0,0.0
MAR06812,0.0,0.0,0.0
MAR06816,0.0,0.0,0.0
MAR06821,0.0,0.0,0.0
MAR06825,0.0,0.0,0.0
MAR06832,0.0,0.0,0.0
MAR06833,0.0,0.0,0.0
MAR06846,0.0,0.0,0.0
MAR06847,0.0,0.0,0.0
MAR06852,0.0,0.0,0.0
MAR06853,0.0,0.0,0.0
MAR06856,0.0,0.0,0.0
MAR06857,0.0,0.0,0.0
MAR06858,0.0,0.0,0.0
MAR06859,0.0,0.0,0.0
MAR06860,0.0,0.0,0.0
MAR06861,0.0,0.0,0.0
MAR06862,0.0,0.0,0.0
MAR06863,0.0,0.0,0.0
MAR06864,0.0,0.0,0.0
MAR06865,0.0,0.0,0.0
MAR06866,0.0,0.0,0.0
MAR06867,0.0,0.0,0.0
MAR06868,0.0,0.0,0.0
MAR06869,0.0,0.0,0.0
MAR06870,0.0,0.0,0.0
MAR06871,0.0,0.0,0.0
MAR06872,0.0,0.0,0.0
MAR06873,0.0,0.0,0.0
MAR06884,0.0,0.0,0.0
MAR06887,0.0,0.0,0.0
MAR06891,0.0009889910876764885,0.000833398014615602,0.0022415911077142015
MAR06892,0.0,0.0,0.0
MAR06893,0.3705872697761674,0.0,0.0
MAR06894,0.0,0.0,0.0
MAR06895,0.0,0.0,0.0
MAR06896,0.0,0.0,0.0
MAR06897,0.0,0.0,0.0
MAR06898,-2.2421825602430787,0.0,0.0
MAR06899,0.0,0.0,0.0
MAR06900,0.0,0.0,0.0
MAR06913,0.0,0.0,0.0
MAR06915,0.0,0.0,0.0
MAR06917,0.0,0.0,0.0
MAR06919,0.0,0.0,0.0
MAR06920,0.0,0.0,0.0
MAR06922,0.0,0.0,0.0
MAR07101,0.0,0.0,0.0
MAR07102,0.0,0.0,0.0
MAR07105,0.0,0.0,0.0
MAR07107,0.0,0.0,0.0
MAR07148,0.0,0.0,0.0
MAR07149,0.0,0.0,0.0
MAR07150,0.0,0.0,0.0
MAR07151,0.0,0.0,0.0
MAR07152,0.0,0.0,0.0
MAR07153,0.0,0.0,0.0
MAR07154,0.0,0.0,0.0
MAR07155,0.0,0.0,0.0020316336433053085
MAR07156,0.0,0.0,0.0
MAR07157,0.0,0.0,0.0
MAR07158,0.0,0.0,0.0
MAR07159,0.0,0.0,0.0
MAR07176,0.0,0.0,0.0
MAR07177,0.0,0.0,0.0
MAR07178,0.0,0.0,0.0
MAR07179,0.0,0.0,0.0
MAR07189,0.0,0.0,0.0
MAR07190,0.21203925395502504,0.0,0.05055417019075894
MAR07191,0.0,0.0,0.0
MAR07192,0.0,0.0,0.0
MAR07193,0.0,0.0,0.0
MAR07194,0.0,0.0,0.0
MAR07195,0.0,0.0,0.0
MAR07255,0.0,0.0,0.0
MAR07439,0.0,0.0,0.0
MAR07441,0.0,0.0,0.0
MAR07589,0.0,0.0,0.0
MAR07592,0.0,0.0,0.0
MAR07593,0.0,0.0,0.0
MAR07595,0.0,0.0,0.0
MAR07657,0.0,0.0,0.0
MAR07658,0.0,0.0,0.0
MAR07659,0.0,0.0,0.0
MAR07742,0.0,0.0,0.0
MAR07750,0.0,0.0,0.0
MAR07751,0.0,0.0,0.0
MAR07752,0.0,0.0,0.0
MAR07753,0.0,0.0,0.0
MAR07754,0.0,0.0,0.0
MAR07803,0.0,0.0,0.0
MAR07805,0.0,0.0,0.0
MAR07807,0.0,0.0,0.0
MAR07809,0.0,0.0,0.0
MAR07811,0.0,0.0,0.0
MAR07813,0.0,0.0,0.0
MAR07817,0.0,0.0,0.0
MAR07819,0.0008468300109576844,0.0007136024365064311,0.0019193768740303613
MAR07821,0.000988991087676491,0.0,10.73421003885924
MAR07823,0.0,0.0,0.0
MAR07926,0.0,0.0,10.34145606956459
MAR08111,1.9353224260951227,2.557581965602184,0.0
MAR08204,0.0,0.0,0.0
MAR08218,0.0,0.0,0.0
MAR08274,0.0,0.0,0.0
MAR08301,0.0,0.0,0.0
MAR08386,0.0,0.0,0.0
MAR08400,0.0,0.0,0.0
MAR08422,0.0,0.0,0.0
MAR08423,0.0,0.0,0.0
MAR08644,0.0,0.0,0.0
MAR08646,0.0,-1.3959369102143182,32.191209784373264
MAR08647,0.0,0.0,0.0
MAR08649,0.0,0.0,0.0
MAR08650,0.0,0.0,0.0
MAR08701,0.0,0.0,0.0
MAR08705,0.0,0.0,0.0
MAR08707,0.0,0.0,0.0
MAR08708,0.0,0.0,0.0
MAR08832,0.0,0.0,0.0
MAR08916,0.0,0.0,0.0
MAR08948,0.0,0.0,0.0
MAR08949,0.0,0.0,0.0
MAR08950,0.0,0.0,0.0
MAR08951,0.0,0.0,0.0
MAR08952,0.0,0.0,0.0
MAR08953,0.0,0.0,0.0
MAR08954,0.0,0.0,0.0
MAR08955,0.0,0.0,0.0
MAR08956,0.0,0.0,0.0
MAR08957,0.0,0.0,0.0
MAR08958,0.0,0.0,0.0
MAR08959,0.0,-3.93229225488464,0.0
MAR08960,0.0,0.0,0.0
MAR08961,0.0,0.0,0.0
MAR08962,0.0,0.0,0.0
MAR08963,0.0,0.0,0.0
MAR08964,0.0,0.0,0.0
MAR08965,0.0,0.0,0.0
MAR08966,-0.0008468300109576844,-0.0007136024365064311,-0.0019193768740303613
MAR08967,0.0,0.0,0.0
MAR08968,0.0,0.0,0.0
MAR08969,0.0,0.0,0.0
MAR08970,0.0,0.0,0.0
MAR08971,0.0,0.0,0.0
MAR08972,16.33671609148545,0.0,0.0
MAR08974,0.0,0.0,0.0
MAR08975,0.0,0.0,0.0
MAR08976,0.0,0.0,0.0
MAR08977,0.048967350509689436,5.677466568419762,8.587107845686555
MAR08978,0.0,0.0,0.0
MAR08979,0.0,0.0,0.0
MAR08980,0.0,1.2601921925607547,-1.9395028146695124
MAR08981,0.0,-1.2601921925607547,1.9395028146695126
MAR08982,-3.088113508224614e-16,-5.50176943636391e-16,-5.698116118193289e-16
MAR08983,0.0,0.0,0.0
MAR08984,0.0,0.0,0.0
MAR08985,0.0,0.0,0.0
MAR08986,0.0,0.0,0.0
MAR08987,-0.39330815400984775,-0.16417337600843365,1.7021471569909756
MAR08988,0.0,0.0,0.0
MAR08989,0.0,0.0,0.0
MAR08990,0.0,0.0,0.0
MAR08991,0.0,0.0,0.0
MAR08992,0.0,0.0,0.0
MAR08993,0.0,0.0,0.0
MAR08994,0.0,0.0,0.0
MAR08995,0.07974275697435647,50.50752884215067,181.65011121433798
MAR08996,0.0,0.0,0.0
MAR08997,0.0,0.0,0.0
MAR08998,0.0008468300109576843,0.0007136024365064309,0.001919376874030361
MAR08999,0.0,0.0,0.0
MAR09000,0.0,0.0,0.0
MAR09001,0.0,0.0,0.0
MAR09002,0.0,0.0,0.0
MAR09003,0.0,0.0,0.0
MAR09004,0.0,0.0,0.0
MAR09005,0.0,0.0,0.0
MAR09006,0.0,-3.2481384478774395e-16,0.0
MAR09007,0.0,0.0,0.0
MAR09008,0.0,0.0,0.0
MAR09009,0.04252661677008901,0.0,0.09638841763171069
MAR09010,0.0,0.0,0.0
MAR09011,0.0,0.0,0.0
MAR09012,0.0,0.0,0.0
MAR09013,0.0,0.0,0.0
MAR09021,0.0,0.0,0.0
MAR09025,0.0,0.0,0.0
MAR09026,0.0,3.2481384478774395e-16,0.0
MAR09027,0.0,0.0,0.0
MAR09028,0.0,0.0,0.0
MAR09029,-0.042526616770089,0.0,-0.09638841763171069
MAR09030,0.0,0.0,0.0
MAR09031,-0.8618101065742789,-1.5002789702140191,-22.28834230970198
MAR09057,0.0,0.0,0.0
MAR09059,0.0,0.0,0.0
MAR09060,0.0,0.0,-2.0146751677435654e-16
MAR09112,0.0,0.0,-479.6980456990036
MAR09170,0.0,0.0,0.0
MAR09186,-3.984576683952319,-4.072117887677674,-36.900924679830574
MAR09274,0.0,0.0,0.0
MAR09402,0.0,0.0,4.322389092304613
MAR09403,0.0,0.0,0.0
MAR09459,0.0,0.0,-15.166783620311824
MAR09526,0.0,0.0,0.0
MAR09533,0.0,0.0,15.166783620311824
MAR09576,0.0,0.0,0.0
MAR09589,0.0,0.0,-4.322389092304612
MAR09723,0.0,0.0,0.0
MAR09736,0.0,0.0,0.0
MAR09819,0.0,1.5598208198890084,26.237335559581247
MAR09820,0.0,0.0,0.0
MAR09821,0.0,0.0,0.0
MAR09822,0.0,0.0,-3.082494729242083
MAR09823,0.0,0.0,0.0
MAR09824,0.0,0.0,0.0
MAR09825,6.748544180693615,6.656641254304568,243.79544716626313
MAR09826,0.0,0.0,0.0
MAR09827,0.07928921028991415,0.07244271304708283,3.0824947292420823
MAR09828,-0.6522633432795552,0.0,-0.3097605185138495
MAR09829,0.0,0.0,0.0
MAR09830,0.0008468300109577379,0.0,-0.7131828342801408
MAR09831,0.001977982175352977,1.7433536015398705,0.004483182215428404
MAR09832,0.0,0.0,0.0
MAR09833,0.8232394541548981,0.0,7.176838664175095
MAR09834,0.0,0.0,0.0
MAR09835,0.0,0.0,0.0
MAR09836,0.0,0.0,-152.89044228308478
MAR09837,0.006356134241666846,0.2531854565950049,0.014406453377685856
MAR09838,0.0,0.0,0.0
MAR09839,0.0,0.0,0.0
MAR09840,0.0,-1.5598208198890084,-23.82201593358539
MAR09841,0.861810106574279,1.5002789702140193,22.288342309701985
MAR09842,0.0,0.0,0.0
MAR09843,0.0,0.0,0.0
MAR09844,0.0,0.0,0.0
MAR09845,0.0,0.0,3.082494729242083
MAR09846,0.0,0.0,0.0
MAR09847,0.0,0.0,0.0
MAR09848,0.0,0.0,0.0
MAR09849,-0.07928921028991415,-0.07244271304708283,-3.0824947292420823
MAR09850,0.0,0.0,0.0
MAR09851,0.0,0.0,2.0146751677435654e-16
MAR09852,3.984576683952319,4.072117887677674,36.900924679830574
MAR09853,0.0,0.0,0.0
MAR09854,-0.001977982175352977,-1.7433536015398705,-0.004483182215428404
MAR09855,0.0,0.0,4.322389092304612
MAR09856,0.0,0.0,0.0
MAR09857,0.0,0.0,-4.322389092304612
MAR09858,0.0,0.0,-479.6980456990036
MAR09859,0.0,-1.5598208198890084,-26.237335559581247
MAR09860,0.0,0.0,0.0
MAR09861,0.0,0.0,0.0
MAR09862,0.0,0.0,152.89044228308478
MAR09863,0.0,0.0,0.0
MAR09864,-0.006356134241666846,-0.2531854565950049,-0.014406453377685854
MAR09865,0.0,0.0,0.0
MAR09866,0.0,1.5598208198890084,23.82201593358539
MAR09867,-0.861810106574279,-1.5002789702140193,-22.288342309701985
MAR09868,0.0,0.0,0.0
MAR09869,0.0,0.0,0.0
MAR09870,0.0,0.0,0.0
MAR09871,0.0,0.0,0.0
MAR09872,0.0,0.0,0.0
MAR09873,0.0,0.0,0.0
MAR09874,0.0,0.0,0.0
MAR09875,0.0,0.0,0.0
MAR09876,0.0,0.0,0.0
MAR09877,0.0,0.0,0.0
MAR09878,0.0,0.0,0.612618048237074
MAR09879,0.0,0.0,0.0
MAR09880,0.0,0.0,0.0
MAR09881,0.0,0.0,0.0
MAR09882,0.0,0.0,0.0
MAR09883,0.0,0.0,0.0
MAR09884,0.17062421649293918,0.0,323.7382520513302
MAR09885,-0.5403646562581489,0.0,-318.9116338096708
MAR09886,0.0,0.0,-7.0724765183648355
MAR09887,0.0,0.0,0.0
MAR09888,0.0,0.0,0.0
MAR09889,0.0,0.0,-17.291833861862358
MAR09890,0.0,0.480387060000112,-0.2166458814553685
MAR09891,1.8824914616780217,0.0,8.225049301469989
MAR09892,0.0,0.0,0.0
MAR09893,0.0,0.0,0.0
MAR09894,0.0,0.0,0.0020316336433053085
MAR09895,0.0,0.0,0.0
MAR09896,0.0,0.0,0.0
MAR09897,0.0,0.0,0.0
MAR09898,0.0,0.0,0.0
MAR09899,0.0,0.0,0.0
MAR09900,0.0,0.0,0.0
MAR09901,0.0,0.0,0.0
MAR09902,0.0,0.0,0.0
MAR09903,0.0033848654640890453,0.0,0.0
MAR09904,0.0,0.0,0.0
MAR09905,0.0,0.0,0.612618048237074
MAR09906,0.0,0.0,0.0
MAR09907,0.0,0.0,0.0
MAR09908,0.0,0.0,0.0
MAR09909,0.0,0.0,0.0
MAR09910,0.0,0.0,0.0
MAR09911,0.0,0.0,0.0
MAR09912,0.0,0.0,0.0
MAR09913,0.0,0.0,0.0
MAR09914,0.0,0.0,0.0
MAR09915,0.0,0.0,0.0
MAR09916,0.0,0.0,0.0
MAR09917,0.0,0.0,0.0
MAR09918,0.0,0.0,0.0
MAR09919,0.0,0.0,0.0
MAR09920,0.005434135795134932,0.4382141327223937,0.0
MAR09921,0.0,0.0,0.0
MAR09922,0.0,0.0,0.0
MAR09923,0.2935730500229445,0.0,2.1598269918008968
MAR09924,-0.0018940637214034486,-4.4547365207177,0.0
MAR09925,0.0,0.0,0.0
MAR09926,-1.6078534147848356e-05,-0.00047126851194387374,-0.0013485865764791454
MAR09927,-3.984576683952319,-4.072117887677673,-36.900924679830574
MAR09928,0.0,0.0,0.0
MAR09929,0.0,0.0,0.0
MAR09930,0.0,0.0,0.0
MAR09931,0.0,0.0,0.0
MAR09932,0.0,0.0,0.0
MAR09933,0.0,0.0,0.0
MAR09934,-0.3542907655486984,-0.2839653542870771,0.0
MAR09935,0.0,0.0,0.0
MAR09936,0.0,0.0,0.0
MAR09937,0.0,0.0,0.0
MAR09938,1.6078534147848332e-05,0.00047126851194387266,0.0
MAR09939,0.0,0.0,0.0
MAR09940,0.0,0.0,0.0
MAR09941,0.0,0.0,0.0
MAR09942,0.0,0.0,0.0
MAR09943,0.0,0.0,0.0
MAR09944,0.0010209869183883747,0.029925550508435945,0.12900873634988702
MAR09945,0.0,0.0,0.08888397189460713
MAR09946,0.0,0.0,0.0
MAR09947,0.0,0.0,0.4972095029096772
MAR09948,0.0,0.0,0.0
MAR09949,-0.9901814720381626,-0.6210139928051183,-19.139345377605697
MAR09950,0.0,0.0,0.0
MAR09951,0.0,0.0,0.0
MAR09952,0.0,0.0,0.0
MAR09953,0.0,0.0,0.0
MAR09954,0.0,0.0,0.0
MAR09955,0.0,0.0,0.0
MAR09956,0.0,0.0,0.0
MAR09957,-1.6078534147848356e-05,-0.0004712685119438737,0.0
MAR09958,0.0,0.0,0.0
MAR09959,-0.0003209986610928084,0.0,0.0
MAR09960,0.0,0.0,0.0
MAR09961,0.0,0.0,-0.0020316336433053085
MAR09962,0.0,0.0,0.0
MAR09963,0.0,0.0,0.0
MAR09964,-0.3542907655486985,-0.2839653542870771,0.0
MAR09965,0.0,0.0,0.0
MAR09966,0.0,0.0,0.0
MAR09967,0.0,0.0,0.0
MAR09968,0.0,0.0,-13.207242487784038
MAR09969,0.0,0.0,0.0
MAR09970,0.0,0.0,0.0
MAR09971,0.0,0.0,0.0
MAR09972,0.0,0.0,0.0
MAR09973,0.0,0.0,0.0
MAR09974,0.0,0.0,0.0
MAR09975,0.0,0.0,0.0
MAR09976,0.0,0.0,-24.263252700052924
MAR09977,0.0,0.0,14.21724396613239
MAR09978,0.0,0.0,0.0
MAR09979,0.0,0.0,0.0
MAR09980,0.0,0.0,0.0
MAR09981,0.0,0.0,0.0
MAR09982,0.0,0.0,0.0
MAR09983,0.0,0.0,0.0
MAR09984,0.0,-0.0007136024365064309,0.0
MAR09985,0.0,0.0,0.0
MAR09986,0.0,0.0,0.0
MAR09987,-11.924389233446929,-16.02798505295941,0.0
MAR09988,0.0,0.0,0.0
MAR09989,12.717331927968583,-0.4403754398388456,49.220798988185386
MAR09990,0.0,0.0,0.0
MAR09991,0.0,0.0,0.0
MAR09992,0.0,0.0,0.0
MAR09993,0.0,0.0,0.0
MAR09994,0.0,0.0,0.0
MAR09995,0.0,0.0,0.0
MAR09996,0.0,0.0,0.0
MAR09997,0.0,0.0,0.0
MAR09998,0.0,0.0,0.0
MAR09999,0.0,0.0,0.0
MAR10000,0.0,0.0,0.0
MAR10001,0.0,0.0,0.0
MAR10002,0.0,0.0,0.0
MAR10003,0.0,0.0,0.0
MAR10004,0.0,0.0,0.0
MAR10005,0.0,0.0,0.0
MAR10006,0.0,0.0,0.0
MAR10007,0.0,0.0,0.0
MAR10008,0.0,0.0,0.0
MAR10009,0.0,0.0,0.0
MAR10010,0.0,0.0,0.0
MAR10011,71.16531189263728,18.32837252717354,0.0
MAR10012,0.0,0.0,0.0
MAR10013,0.5038212648844066,9.034363295415618,181.65011121433798
MAR10014,0.0,0.0,0.0
MAR10015,0.0,-1.3959369102143182,32.191209784373264
MAR10016,0.0,0.0,0.0
MAR10017,0.0,0.0,0.0
MAR10018,0.0,0.0,0.0
MAR10019,0.0,0.0,0.0
MAR10020,0.0,0.0,0.0
MAR10021,0.0,-3.9322922548846395,0.0
MAR10022,0.0,0.0,0.0
MAR10032,0.0,0.0,0.0
MAR10133,0.0,0.0,0.0
MAR10134,0.0,0.0,0.0
MAR10135,0.0,0.0,0.0
MAR10136,0.0,0.0,0.0
MAR10137,0.0,0.0,0.0
MAR10138,0.0,0.0,0.0
MAR10139,0.02305785328107422,0.0,0.0
MAR10140,0.0,2.109275119000006,0.0
MAR10141,0.0,0.0,0.0
MAR10142,0.0,0.0,0.0
MAR10143,0.0,0.0,0.0
MAR10144,0.0,0.0,0.0
MAR10145,0.0,0.0,0.0
MAR10146,0.0,0.0,0.0
MAR10147,0.0,0.0,0.0
MAR10148,0.0,0.0,0.0
MAR10149,0.0,0.0,0.0
MAR10150,0.0,0.0,0.0
MAR10151,0.0,0.0,0.0
MAR10152,0.0,0.0,0.0
MAR10153,0.0,0.0,0.0
MAR10154,0.0,0.0,0.0
MAR10155,0.0,0.0,0.0
MAR10156,0.0,0.0,0.0
MAR10157,0.0,0.0,0.0
MAR10158,0.0,0.0,0.0
MAR10159,3.9908798978173055,11.908164455455111,223.0177269411019
MAR10160,0.0,0.0,0.0
MAR10161,0.0,0.0,0.0
MAR10162,0.0,0.0,0.0
MAR10163,0.0,0.0,0.0
MAR10164,0.0,0.0,0.0
MAR10165,0.0,0.0,0.0
MAR10166,0.0,0.0,0.0
MAR10167,0.0,0.0,0.0
MAR10168,0.0,0.0,0.0
MAR10169,0.0,0.0,0.0
MAR10170,0.0,0.0,0.0
MAR10171,0.0,0.0,0.0
MAR10172,0.0,0.0,0.0
MAR10173,0.0,0.0,0.0
MAR10174,0.0,0.0,0.0
MAR10175,0.0,0.0,0.0
MAR10176,0.0,0.0,0.0
MAR10177,0.0,0.0,0.0
MAR10178,0.0,0.0,0.0
MAR10179,0.0,0.0,0.0
MAR10180,0.0,0.0,0.0
MAR10181,-0.3542907655486985,-0.2839653542870771,0.0
MAR10182,0.0,0.0,0.0
MAR10183,0.0,0.0,0.0
MAR10184,0.0,0.0,-13.20724248778404
MAR10185,0.0,0.0,0.0
MAR10186,0.0,0.0,0.0
MAR10187,0.0,0.0,0.0
MAR10188,0.0,0.0,0.0
MAR10189,0.0,0.0,14.217243966132388
MAR10190,0.0,0.0,0.0
MAR10191,0.0,0.0,0.0
MAR10192,0.0,0.0,0.0
MAR10193,0.0,-0.0007136024365064309,0.0
MAR10194,-11.924389233446929,-16.02798505295941,0.0
MAR10195,12.717331927968583,-0.44037543983884553,49.220798988185386
MAR10196,0.0,0.0,0.0
MAR10197,0.0,0.0,0.0
MAR10198,0.0,0.0,0.0
MAR10199,0.0,0.0,0.0
MAR10200,0.0,0.0,0.0
MAR10201,0.0,0.0,0.0
MAR10202,0.0,0.0,0.0
MAR10203,0.0,0.0,0.0
MAR10204,0.0,0.0,0.0
MAR10205,0.0,0.0,0.0
MAR10206,0.0,0.0,0.0
MAR10207,0.0,0.0,0.0
MAR10208,0.0,0.0,0.0
MAR10209,0.0,0.0,0.0
MAR10210,0.0,0.0,0.0
MAR10211,0.0,0.0,0.0
MAR10212,0.0,0.0,0.0
MAR10213,0.0,2.109275119000006,0.0
MAR10214,0.0,0.0,0.0
MAR10215,0.0,0.0,0.0
MAR10216,0.0,0.0,0.0
MAR10217,0.0,0.0,0.0
MAR10218,0.0,0.0,0.0
MAR10219,0.0,0.0,0.0
MAR10220,0.0,0.0,0.0
MAR10221,0.0,0.0,0.0
MAR10222,3.9908798978173055,11.908164455455111,223.01772694110193
MAR10223,0.0,0.0,0.0
MAR10224,0.0,0.0,0.0
MAR10225,0.0,0.0,0.0
MAR10226,0.0,0.0,0.0
MAR10227,0.0,0.0,0.0
MAR10228,0.0,0.0,0.0
MAR10229,0.0,0.0,0.0
MAR10230,0.0,0.0,0.0
MAR10231,0.0,0.0,0.0
MAR10232,0.0,0.0,0.0
MAR10233,0.0,0.0,0.0
MAR10234,0.0,0.0,0.0
MAR10235,0.0,0.0,0.0
MAR10236,0.0,0.0,0.0
MAR10237,0.0,0.0,0.0
MAR10238,0.0,0.0,0.0
MAR10239,0.0,0.0,0.0
MAR10240,0.0,0.0,0.0
MAR10241,-1.6078534147848356e-05,-0.00047126851194387374,0.0
MAR10242,0.0,0.0,0.0
MAR10243,-0.33319704839146735,0.0,-2.493596763924241
MAR10244,0.0,0.0,0.0
MAR10245,0.0,0.0,0.0
MAR10246,0.0,0.0,0.0
MAR10247,0.0,0.0,0.0
MAR10248,0.0,0.0,0.0
MAR10249,0.0,0.0,0.0
MAR10250,-0.23340189669165312,-0.19668193144928678,-0.5290155014205534
MAR10251,0.0,0.0,0.0
MAR10252,0.0,0.0,0.0
MAR10253,0.0,0.0,0.0
MAR10254,-0.0003209986610928084,0.0,0.0
MAR10255,0.0,0.0,0.0
MAR10256,-13.239924227919182,0.0,-49.690174844757124
MAR10257,0.0,0.0,0.0
MAR10258,0.0,0.0,0.0
MAR10259,0.0,0.0,0.0
MAR10260,0.0,0.0,0.0
MAR10261,0.0,0.0,0.0
MAR10262,0.0,0.0,0.0
MAR10263,-0.12362388595956107,-0.10584154785618163,0.0
MAR10264,0.0,0.0,0.0
MAR10265,-18.204263805385033,-14.241762338542728,-43.08136016347766
MAR10266,0.0,0.0,0.0
MAR10267,0.0,0.0,0.0
MAR10268,0.0,0.0,0.0
MAR10269,0.0,0.0,0.0
MAR10270,0.0,0.0,0.0
MAR10271,0.0,0.0,0.0
MAR10272,0.0,0.0,0.0
MAR10273,0.0,0.0,0.0
MAR10274,0.0,0.0,0.0
MAR10275,0.0,0.0,0.0
MAR10276,0.0,0.0,0.0
MAR10277,0.0,0.0,0.0
MAR10278,0.0,0.0,0.0
MAR10279,0.0,0.0,0.0
MAR10280,0.0,0.0,0.0
MAR10281,0.0,0.0,0.0
MAR10282,0.0,0.0,0.0
MAR10283,0.0,0.0,0.0
MAR10284,0.0,0.0,0.0
MAR10285,0.0,0.0,0.0
MAR10286,0.0,0.0,0.0
MAR10287,0.0,0.0,0.0
MAR10288,0.0,0.0,0.0
MAR10289,0.0,0.0,0.0
MAR10290,0.0,0.0,0.0
MAR10291,0.0,0.0,0.0
MAR10292,0.0,0.0,0.0
MAR10293,0.0,0.0,0.0
MAR10294,0.0,0.0,0.0
MAR10295,0.0,0.0,0.0
MAR10296,0.0,0.0,0.0
MAR10297,0.0,0.0,0.0
MAR10298,0.0,0.0,0.0
MAR10299,0.0,0.0,0.0
MAR10300,0.0,0.0,0.0
MAR10301,0.0,0.0,0.0
MAR10302,0.0,0.0,0.0
MAR10303,0.0,0.0,0.0
MAR10304,0.0,0.0,0.0
MAR10305,0.0,0.0,0.0
MAR10306,0.0,0.0,0.0
MAR10307,0.0,0.0,0.0
MAR10308,0.0,0.0,0.0
MAR10309,0.0,0.0,0.0
MAR10310,0.0,0.0,0.0
MAR10311,0.0,0.0,0.0
MAR10312,0.0,0.0,0.0
MAR10313,0.0,0.0,0.0
MAR10314,0.0,0.0,0.0
MAR10315,0.0,0.0,0.0
MAR10316,0.0,0.0,0.0
MAR10317,0.0,0.0,0.0
MAR10318,0.0,0.0,0.0
MAR10319,0.0,0.0,0.0
MAR10320,0.0,0.0,0.24011625712570475
MAR10321,0.0,0.0,0.0
MAR10322,0.0,0.0,0.0
MAR10323,0.0,0.0,0.0
MAR10324,0.0,0.0,0.0
MAR10325,0.0,0.0,0.0
MAR10326,0.0,0.0,0.0
MAR10327,0.0,0.0,0.0
MAR10328,0.0,0.0,0.0
MAR10329,0.0,0.0,0.0
MAR10330,0.0,0.0,0.0
MAR10331,0.0,0.0,0.0
MAR10332,0.0,0.0,0.0
MAR10333,0.0,0.0,0.0
MAR10334,0.0,0.0,0.0
MAR10335,0.0,0.0,0.0
MAR10336,0.0,0.0,0.0
MAR10337,0.0,0.0,0.0
MAR10338,0.0,0.0,0.0
MAR10339,0.0,0.0,0.0
MAR10340,0.0,0.0,0.0
MAR10341,0.0,0.0,0.0
MAR10342,0.0,0.0,0.0
MAR10343,0.0,0.0,0.0
MAR10344,0.0,0.0,0.0
MAR10345,0.0,0.0,-0.0020316336433053085
MAR10346,0.0,0.0,0.0
MAR10347,0.0,0.0,0.0
MAR10348,0.0,0.0,0.0
MAR10349,-0.0010209869183883747,-0.029925550508435945,-0.12900873634988702
MAR10350,0.0,0.0,0.0
MAR10351,0.0,0.0,0.0
MAR10352,0.0,0.0,0.0
MAR10353,0.0,0.0,-0.0888839718946071
MAR10354,0.0,0.0,-0.49720950290967725
MAR10355,0.0,0.0,0.0
MAR10356,0.0,0.0,0.0
MAR10357,0.0,0.0,0.0
MAR10358,0.0,0.0,0.0
MAR10359,0.0,0.0,0.0
MAR10360,0.0063352703138606446,0.0,0.0
MAR10361,0.0,0.0,0.0
MAR10362,0.0,0.0,0.0
MAR10363,0.0,0.0,454.3840978852887
MAR10364,-0.33319704839146735,0.0,379.94281032659944
MAR10365,0.0,0.0,2.1210716943943626
MAR10366,0.0,0.0,-838.9415766702067
MAR10367,0.0,0.0,0.0
MAR10368,0.0,0.0,0.0
MAR10369,0.0,0.0,0.0
MAR10370,0.0,0.0,0.0
MAR10371,0.0,0.0,0.0
MAR10372,0.0,0.0,0.0
MAR10373,0.0,0.0,0.0
MAR10374,0.0,0.0,0.0
MAR10375,-0.23340189669165312,-0.19668193144928678,-0.5290155014205534
MAR10376,0.22664480850342472,0.0,0.0
MAR10377,-0.22664480850342472,0.0,0.0
MAR10378,0.0,0.0,0.0
MAR10379,0.0,0.0,0.0
MAR10380,0.0,0.0,0.0
MAR10381,0.0,0.0,0.0
MAR10382,0.0,0.0,0.0
MAR10383,0.0,0.0,0.0
MAR10384,0.0,0.0,0.0
MAR10385,0.0,0.0,0.0
MAR10386,0.0,0.0,0.0
MAR10387,-13.239924227919182,0.0,-49.690174844757124
MAR10388,0.0,0.0,0.0
MAR10389,0.12362388595956109,0.10584154785618166,0.0
MAR10390,0.0,0.0,0.0
MAR10391,-18.204263805385033,-14.24176233854273,-43.08136016347767
MAR10392,0.4918451060291853,0.0,1.939502814669513
MAR10393,0.0,0.0,0.0
MAR10394,0.0,0.0,0.0
MAR10395,0.0,0.0,0.0
MAR10396,-0.024724777191912215,-0.02083495036539005,-0.05603977769285506
MAR10397,0.0,0.0,-0.24011625712570475
MAR10398,0.0,0.0,0.24011625712570475
MAR10399,0.0,0.0,0.0
MAR10400,0.0,0.0,0.0
MAR10401,0.0,0.0,0.0
MAR10402,0.0,0.0,0.0
MAR10403,0.0,0.0,0.0
MAR10404,0.0,0.0,0.0
MAR10405,0.0,0.0,0.0
MAR10406,0.0,0.0,0.0
MAR10407,0.0,0.0,0.0
MAR10408,0.0,0.0,0.0
MAR10409,0.0,0.0,0.0
MAR10410,0.0,0.0,0.0
MAR10411,0.0,0.0,0.0
MAR10412,0.0,0.0,0.0
MAR10413,0.0,0.0,0.0
MAR10414,0.0,0.0,0.0
MAR10415,0.0,0.0,0.0
MAR10416,0.0,0.0,0.0
MAR10417,0.0,0.0,0.0
MAR10418,0.0,0.0,0.0
MAR10419,0.0,0.0,0.0
MAR10420,0.0,0.0,0.0
MAR10421,0.0,0.0,0.0
MAR10422,0.0,0.0,0.0
MAR10423,0.0,0.0,0.0
MAR10424,0.0,0.0,0.0
MAR10425,0.0,0.0,0.0
MAR10426,0.0,0.0,0.0
MAR10427,0.0,0.0,-24.263252700052924
MAR10428,-0.04144085100977736,0.0,-25.71074939111442
MAR10429,0.0,0.0,0.0
MAR10430,0.0,0.0,0.0
MAR10431,0.0,0.0,0.0
MAR10432,4.7325638024496966e-06,0.0003668001225967074,-0.0006296553159623349
MAR10433,0.0,0.0,0.0
MAR10434,6.643460281556557e-05,-0.006771879284922201,0.0
MAR10435,0.0,0.0,0.0
MAR10436,0.0063352703138606446,0.0,0.0
MAR10437,0.0,0.0,0.0
MAR10438,0.4918451060291853,0.0,1.939502814669513
MAR10439,0.0,0.0,0.0
MAR10440,0.0,0.0,0.0
MAR10441,-0.024724777191912215,-0.02083495036539005,-0.05603977769285506
MAR10442,5.421481317996171e-06,0.0004201950771519243,8.920551270755638e-05
MAR10443,0.0,0.0,0.0
MAR10444,0.0,0.0,0.0
MAR10445,0.0,0.0,0.0
MAR10446,0.0,0.0,0.0
MAR10447,0.0,0.0,0.0
MAR10448,0.0,0.0,0.0
MAR10449,0.0,0.0,0.0
MAR10450,0.0,0.0,0.0
MAR10451,0.0,0.0,0.0
MAR10452,0.0,0.0,0.0
MAR10453,0.0,0.0,0.0
MAR10454,0.0,0.0,0.0
MAR10455,0.0,0.0,0.0
MAR10456,0.0,0.0,0.0
MAR10457,0.0,0.0,0.0
MAR10458,0.0,0.0,0.0
MAR10459,0.0,0.0,0.0
MAR10460,0.0,0.0,0.0
MAR10461,0.0,0.0,0.0
MAR10462,0.0,0.0,0.0
MAR10463,0.0,0.0,0.0
MAR10464,0.0,0.0,0.0
MAR10465,0.0,0.0,0.0
MAR10466,0.0,0.0,0.0
MAR10467,0.0,0.0,0.0
MAR10468,0.0,0.0,0.0
MAR10469,0.0,0.0,0.0
MAR10470,0.0,0.0,0.0
MAR10471,0.0,0.0,0.0
MAR10472,0.0,0.0,0.0
MAR10473,0.0,0.0,0.0
MAR10474,0.0,0.0,0.0
MAR10475,0.0,0.0,0.0
MAR10476,0.0,0.0,0.0
MAR10477,0.0,0.0,0.0
MAR10478,0.0,0.0,0.0
MAR10479,0.0,0.0,0.0
MAR10480,0.0,0.0,-13.96805728828574
MAR10481,0.0,0.0,0.0
MAR10482,0.0,0.0,0.0
MAR10483,0.0,-0.0021387388966598534,31.66556147863127
MAR10484,0.001977982175352977,0.0012500970219234031,0.6177312955720443
MAR10485,0.0,0.0,0.0
MAR10486,4.022034368101643,0.0,0.0
MAR10487,0.0,0.0,0.0
MAR10488,-0.000846830010957738,-0.0007136024365064309,-0.0019193768740309032
MAR10489,0.0,0.0,0.0
MAR10490,0.0,0.0,0.0
MAR10491,0.0,0.0,0.0
MAR10492,-0.0033848654640890453,-0.0021387388966598534,31.66556147863127
MAR10493,-0.001977982175352977,-0.0012500970219234031,-0.6177312955720443
MAR10494,0.0,0.0,0.0
MAR10495,-0.0008468300109577381,-0.0007136024365064309,-0.0019193768740309034
MAR10496,0.0,0.0,0.0
MAR10497,0.0,0.0,0.9803811878249259
MAR10498,0.0,0.0,0.0
MAR10499,0.0,0.0,0.0
MAR10500,2.2421825602430787,2.9633076311929525,0.0
MAR10501,0.0,0.0,0.0
MAR10502,0.0,0.0,0.0
MAR10503,0.0,0.0,0.0
MAR10504,0.0,0.0,0.0
MAR10505,0.0,0.0,0.0
MAR10506,0.0,0.0,0.0
MAR10507,2.2421825602430783,0.0,0.0
MAR10508,0.0,0.0,0.0
MAR10509,0.0,2.9633076311929525,0.0
MAR10510,0.0,0.0,0.0
MAR10511,0.0,0.0,0.0
MAR10512,0.0,0.0,0.0
MAR10513,2.242182560243079,0.0,0.0
MAR10514,0.0,0.0,0.0
MAR10515,0.0,0.0,0.0
MAR10516,0.0,0.0,0.0
MAR10517,0.0,0.0,0.0
MAR10518,0.0,0.0,0.0
MAR10519,0.0,0.8473818453091088,0.0
MAR10520,0.0,0.0,0.0
MAR10521,0.0,0.0,0.0
MAR10522,0.0,0.0,0.0
MAR10523,0.0,0.0,0.0
MAR10524,0.0,0.0,0.0
MAR10525,0.0,-0.6210660118586679,-0.6666044678571871
MAR10526,0.0,0.0,0.0
MAR10527,0.0,0.0,0.0
MAR10528,0.0,0.0,-0.9803811878249259
MAR10529,0.0,0.0,0.0
MAR10530,0.0,0.0,0.0
MAR10531,0.0,0.0,0.0
MAR10532,0.0,0.0,0.0
MAR10533,0.0,0.0,0.0
MAR10534,-2.242182560243079,0.0,0.9803811878249259
MAR10535,0.0,0.0,0.9803811878249259
MAR10536,0.0,0.0,0.0
MAR10537,0.0,0.0,0.0
MAR10538,0.0,0.0,0.0
MAR10539,0.0,-2.2121663593160035,0.0
MAR10540,0.0,0.0,0.0
MAR10541,0.0,0.0,-0.9803811878249259
MAR10542,-2.2421825602430787,0.0,0.0
MAR10543,0.0,0.0,0.0
MAR10544,0.0,0.0,0.0
MAR10545,0.0,-1.9628970119040978,0.0
MAR10546,0.0,0.0,0.0
MAR10547,0.0,0.0,0.0
MAR10548,0.0,0.0,0.9803811878249259
MAR10549,0.0,0.0,0.0
MAR10550,0.0,0.0,-0.9803811878249259
MAR10551,-0.2181541938997326,-1.1633176222443344,-0.9803811878249259
MAR10552,0.0,0.0,0.0
MAR10553,0.0,0.0,0.0
MAR10554,0.0,0.0,0.0
MAR10555,0.0,0.0,0.0
MAR10556,0.0,0.0,0.0
MAR10557,0.0,0.0,0.0
MAR10558,0.0,0.0,0.0
MAR10559,0.0,0.0,0.0
MAR10560,0.0,0.0,-0.9803811878249259
MAR10561,0.0,0.0,0.0
MAR10562,0.0,0.0,0.0
MAR10563,2.2421825602430787,-1.428991708949122,-0.9803811878249259
MAR10564,0.0,0.0,-0.9803811878249259
MAR10565,2.242182560243079,0.0,0.0
MAR10566,0.0,0.0,-0.6745538073690719
MAR10567,-2.2421825602430787,0.0,0.0
MAR10568,0.0,0.0,-0.9803811878249259
MAR10569,0.0,0.0,0.0
MAR10570,0.0,0.0,0.0
MAR10571,1.9990433322817034,0.0,0.0
MAR10572,0.0,0.0,0.0
MAR10573,0.0,0.0,0.0
MAR10574,0.0,0.0,0.0
MAR10575,0.871711065128529,0.0,-0.9803811878249259
MAR10576,2.2421825602430787,0.0,0.0
MAR10577,0.0,0.0,0.9803811878249259
MAR10578,0.0,0.0,0.0
MAR10579,0.0,0.0,0.0
MAR10580,0.0,0.0,0.0
MAR10581,0.0,0.0,0.0
MAR10582,0.0,0.0,0.0
MAR10583,0.0,0.0,0.0
MAR10584,0.0,0.0,0.0
MAR10585,0.0,0.0,0.0
MAR10586,-2.1416634411850426,0.0,0.0
MAR10587,0.0,0.0,0.0
MAR10588,-0.12818379771872535,0.0,0.0
MAR10589,0.0,0.0,0.0
MAR10590,0.0,0.0,0.0
MAR10591,0.0,0.0,0.0
MAR10592,0.0,0.0,0.0
MAR10593,0.0,2.9633076311929525,0.0
MAR10594,-2.2421825602430787,0.0,0.0
MAR10595,0.0,0.0,-0.8177892763450784
MAR10596,0.0,0.0,0.0
MAR10597,0.0,0.0,0.0
MAR10598,0.0,0.0,0.0
MAR10599,0.0,0.0,0.0
MAR10600,0.0,0.0,0.0
MAR10601,0.0,0.0,0.0
MAR10602,0.0,0.0,0.0
MAR10603,0.0,0.0,0.0
MAR10604,0.0,0.0,0.9803811878249259
MAR10605,0.0,0.0,0.0
MAR10606,0.0,0.0,0.0
MAR10607,0.0,0.0,0.0
MAR10608,0.0,0.0,0.0
MAR10609,0.0,0.0,0.0
MAR10610,0.0,0.0,0.0
MAR10611,0.0,0.0,0.0
MAR10612,0.0,0.0,0.0
MAR10613,-0.8754131549981883,0.0,-0.9803811878249259
MAR10614,2.242182560243079,0.0,0.0
MAR10615,0.0,0.0,0.0
MAR10616,0.0,0.0,0.0
MAR10617,0.0,0.0,0.0
MAR10618,0.0,0.0,-0.9803811878249259
MAR10619,0.0,0.0,0.0
MAR10620,-2.2421825602430787,-2.9633076311929525,-0.9803811878249259
MAR10621,0.0,0.0,0.9803811878249259
MAR10622,0.0,0.0,-0.9803811878249259
MAR10623,0.0,-1.4635866062370222,0.0
MAR10624,0.0,0.0,0.0
MAR10625,0.0,0.0,0.0
MAR10626,2.2421825602430787,0.0,0.0
MAR10627,0.0,0.0,0.0
MAR10628,0.0,0.0,0.0
MAR10629,0.0,0.0,0.0
MAR10630,0.0,0.0,0.0
MAR10631,0.0,0.0,0.0
MAR10632,-2.2421825602430787,0.0,-0.9803811878249259
MAR10633,0.0,0.0,0.0
MAR10634,0.0,0.0,0.0
MAR10635,0.0,0.0,0.0
MAR10636,0.0,0.0,0.0
MAR10637,0.3042676512086328,0.0,0.0
MAR10638,0.0,0.0,0.0
MAR10639,0.0,0.0,0.0
MAR10640,0.0,0.0,-0.9803811878249259
MAR10641,0.0,0.0,0.0
MAR10642,0.0,0.0,-0.9803811878249259
MAR10643,0.0,0.0,-0.9803811878249259
MAR10644,0.0,0.0,0.0
MAR10645,0.0,0.0,0.0
MAR10646,0.0,0.0,0.0
MAR10647,0.0,0.0,0.0
MAR10648,0.0,0.0,-0.9803811878249259
MAR10649,0.0,0.0,-0.9803811878249259
MAR10650,-2.2421825602430787,0.0,-0.9803811878249259
MAR10651,0.0,0.0,0.0
MAR10652,0.0,0.0,0.0
MAR10653,0.0,0.0,0.0
MAR10654,0.0,0.0,0.0
MAR10655,0.0,0.0,0.0
MAR10656,-1.9960533045930593,0.0,0.9803811878249259
MAR10657,0.0,0.0,0.0
MAR10658,0.0,-1.2076842162406085,0.0
MAR10659,0.0,0.0,0.0
MAR10660,0.0,0.0,0.9803811878249259
MAR10661,0.0,0.0,0.0
MAR10662,0.0,0.0,0.0
MAR10663,0.0,0.0,0.0
MAR10664,0.0,0.0,0.0
MAR10665,0.0,0.0,-0.25977009900944037
MAR10666,2.2421825602430787,-2.9633076311929525,0.9803811878249259
MAR10667,0.0,0.0,0.0
MAR10668,0.0,0.0,0.0
MAR10669,0.0,0.0,0.0
MAR10670,2.2421825602430787,0.0,-0.9803811878249259
MAR10671,0.0,-2.9633076311929525,0.0
MAR10672,0.0,0.0,-0.9803811878249259
MAR10673,0.0,0.0,0.0
MAR10674,0.0,0.0,0.0
MAR10675,0.0,0.0,0.0
MAR10676,0.0,0.0,-0.9803811878249259
MAR10677,0.0,-2.0145773391500565,-0.9803811878249259
MAR10678,0.0,0.0,0.0
MAR10679,0.0,0.0,0.0
MAR10680,0.0,0.0,0.0
MAR10681,0.11389896510410777,0.0,0.0
MAR10682,0.0,0.0,0.0
MAR10683,0.0,0.0,0.0
MAR10684,0.0,0.0,-0.9803811878249259
MAR10685,0.0,0.0,0.0
MAR10686,0.0,0.0,0.0
MAR10687,0.0,0.0,0.0
MAR10688,0.0,0.0,0.0
MAR10689,0.0,0.0,0.0
MAR10690,0.0,0.0,0.0
MAR10691,0.0,0.0,0.0
MAR10692,0.0,0.0,0.0
MAR10693,0.0,0.0,0.0
MAR10694,0.0,0.0,0.0
MAR10695,0.0,0.0,0.0
MAR10696,0.0,-0.9099465271886713,0.0
MAR10697,0.0,0.0,0.0
MAR10698,0.0,0.0,0.0
MAR10699,0.0,0.0,0.0
MAR10700,0.0,0.0,0.0
MAR10701,0.0,0.0,0.0
MAR10702,0.0,0.0,-0.9803811878249259
MAR10703,0.0,0.0,0.0
MAR10704,0.0,0.0,0.0
MAR10705,0.0,0.0,0.0
MAR10706,0.0,0.0,0.0
MAR10707,0.0,0.0,0.0
MAR10708,0.0,0.0,0.0
MAR10709,0.0,0.0,0.0
MAR10710,0.0,0.0,-0.9803811878249259
MAR10711,0.0,0.0,0.0
MAR10712,0.0,0.0,0.0
MAR10713,0.0,0.0,0.0
MAR10714,0.0,0.0,-0.9803811878249259
MAR10715,-2.2421825602430787,0.0,0.0
MAR10716,0.0,0.0,0.0
MAR10717,0.0,0.0,0.0
MAR10718,0.0,0.0,0.0
MAR10719,0.0,0.0,-0.9803811878249259
MAR10720,0.0,0.0,-0.9803811878249259
MAR10721,0.0,0.0,-0.9803811878249259
MAR10722,0.0,0.0,0.0
MAR10723,0.0,0.0,-0.9803811878249259
MAR10724,0.0,0.0,-0.9803811878249259
MAR10725,0.0,0.0,-0.9803811878249259
MAR10726,0.0,0.0,0.0
MAR10727,0.0,0.0,0.0
MAR10728,2.2421825602430787,0.0,0.0
MAR10729,0.0,0.0,0.0
MAR10730,2.2421825602430787,0.0,0.0
MAR10731,0.0,0.0,-0.9803811878249259
MAR10732,2.2421825602430787,0.0,0.0
MAR10733,0.0,0.0,0.0
MAR10734,0.0,0.0,0.0
MAR10735,0.0,0.0,0.0
MAR10736,0.0,0.0,0.0
MAR10737,0.0,0.0,0.0
MAR10738,0.0,0.0,0.0
MAR10739,0.0,0.0,-0.9803811878249258
MAR10740,0.0,0.0,0.0
MAR10741,0.0,0.0,0.0
MAR10742,-2.2421825602430787,-2.963307631192952,0.0
MAR10743,0.0,0.0,0.0
MAR10744,0.0,0.0,0.0
MAR10745,0.0,0.0,0.0
MAR10746,0.0,0.0,0.0
MAR10747,0.0,0.0,0.0
MAR10748,0.0,0.0,0.0
MAR10749,-2.2421825602430787,0.0,0.0
MAR10750,0.0,0.0,0.0
MAR10751,0.0,-2.963307631192952,0.0
MAR10752,0.0,0.0,0.0
MAR10753,0.0,0.0,0.0
MAR10754,0.0,0.0,0.0
MAR10755,-2.2421825602430787,0.0,0.0
MAR10756,0.0,0.0,0.0
MAR10757,0.0,0.0,0.0
MAR10758,0.0,0.0,0.0
MAR10759,0.0,0.0,0.0
MAR10760,0.0,0.0,0.0
MAR10761,0.0,-0.8473818453091088,0.0
MAR10762,0.0,0.0,0.0
MAR10763,0.0,0.0,0.0
MAR10764,0.0,0.0,0.0
MAR10765,0.0,0.0,0.0
MAR10766,0.0,0.0,0.0
MAR10767,0.0,0.6210660118586679,0.6666044678571871
MAR10768,0.0,0.0,0.0
MAR10769,0.0,0.0,0.0
MAR10770,0.0,0.0,0.9803811878249258
MAR10771,0.0,0.0,0.0
MAR10772,0.0,0.0,0.0
MAR10773,0.0,0.0,0.0
MAR10774,0.0,0.0,0.0
MAR10775,0.0,0.0,0.0
MAR10776,2.2421825602430787,0.0,-0.9803811878249258
MAR10777,0.0,0.0,-0.9803811878249258
MAR10778,0.0,0.0,0.0
MAR10779,0.0,0.0,0.0
MAR10780,0.0,0.0,0.0
MAR10781,0.0,2.212166359316003,0.0
MAR10782,0.0,0.0,0.0
MAR10783,0.0,0.0,0.9803811878249258
MAR10784,2.2421825602430787,0.0,0.0
MAR10785,0.0,0.0,0.0
MAR10786,0.0,0.0,0.0
MAR10787,0.0,1.9628970119040978,0.0
MAR10788,0.0,0.0,0.0
MAR10789,0.0,0.0,0.0
MAR10790,0.0,0.0,-0.9803811878249258
MAR10791,0.0,0.0,0.0
MAR10792,0.0,0.0,0.9803811878249258
MAR10793,0.21815419389973256,1.1633176222443344,0.9803811878249258
MAR10794,0.0,0.0,0.0
MAR10795,0.0,0.0,0.0
MAR10796,0.0,0.0,0.0
MAR10797,0.0,0.0,0.0
MAR10798,0.0,0.0,0.0
MAR10799,0.0,0.0,0.0
MAR10800,0.0,0.0,0.0
MAR10801,0.0,0.0,0.0
MAR10802,0.0,0.0,0.9803811878249258
MAR10803,0.0,0.0,0.0
MAR10804,0.0,0.0,0.0
MAR10805,-2.2421825602430787,1.428991708949122,0.9803811878249258
MAR10806,0.0,0.0,0.9803811878249258
MAR10807,-2.2421825602430787,0.0,0.0
MAR10808,0.0,0.0,0.6745538073690718
MAR10809,2.2421825602430787,0.0,0.0
MAR10810,0.0,0.0,0.9803811878249258
MAR10811,0.0,0.0,0.0
MAR10812,0.0,0.0,0.0
MAR10813,-1.9990433322817032,0.0,0.0
MAR10814,0.0,0.0,0.0
MAR10815,0.0,0.0,0.0
MAR10816,0.0,0.0,0.0
MAR10817,-0.871711065128529,0.0,0.9803811878249258
MAR10818,-2.2421825602430787,0.0,0.0
MAR10819,0.0,0.0,-0.9803811878249258
MAR10820,0.0,0.0,0.0
MAR10821,0.0,0.0,0.0
MAR10822,0.0,0.0,0.0
MAR10823,0.0,0.0,0.0
MAR10824,0.0,0.0,0.0
MAR10825,0.0,0.0,0.0
MAR10826,0.0,0.0,0.0
MAR10827,0.0,0.0,0.0
MAR10828,2.1416634411850426,0.0,0.0
MAR10829,0.0,0.0,0.0
MAR10830,0.12818379771872532,0.0,0.0
MAR10831,0.0,0.0,0.0
MAR10832,0.0,0.0,0.0
MAR10833,0.0,0.0,0.0
MAR10834,0.0,0.0,0.0
MAR10835,0.0,-2.963307631192952,0.0
MAR10836,2.2421825602430787,0.0,0.0
MAR10837,0.0,0.0,0.8177892763450784
MAR10838,0.0,0.0,0.0
MAR10839,0.0,0.0,0.0
MAR10840,0.0,0.0,0.0
MAR10841,0.0,0.0,0.0
MAR10842,0.0,0.0,0.0
MAR10843,0.0,0.0,0.0
MAR10844,0.0,0.0,0.0
MAR10845,0.0,0.0,0.0
MAR10846,0.0,0.0,-0.9803811878249258
MAR10847,0.0,0.0,0.0
MAR10848,0.0,0.0,0.0
MAR10849,0.0,0.0,0.0
MAR10850,0.0,0.0,0.0
MAR10851,0.0,0.0,0.0
MAR10852,0.0,0.0,0.0
MAR10853,0.0,0.0,0.0
MAR10854,0.0,0.0,0.0
MAR10855,0.8754131549981883,0.0,0.9803811878249258
MAR10856,-2.2421825602430787,0.0,0.0
MAR10857,0.0,0.0,0.0
MAR10858,0.0,0.0,0.0
MAR10859,0.0,0.0,0.0
MAR10860,0.0,0.0,0.9803811878249258
MAR10861,0.0,0.0,0.0
MAR10862,2.2421825602430787,2.963307631192952,0.9803811878249258
MAR10863,0.0,0.0,-0.9803811878249258
MAR10864,0.0,0.0,0.9803811878249258
MAR10865,0.0,1.4635866062370222,0.0
MAR10866,0.0,0.0,0.0
MAR10867,0.0,0.0,0.0
MAR10868,-2.2421825602430787,0.0,0.0
MAR10869,0.0,0.0,0.0
MAR10870,0.0,0.0,0.0
MAR10871,0.0,0.0,0.0
MAR10872,0.0,0.0,0.0
MAR10873,0.0,0.0,0.0
MAR10874,2.2421825602430787,0.0,0.9803811878249258
MAR10875,0.0,0.0,0.0
MAR10876,0.0,0.0,0.0
MAR10877,0.0,0.0,0.0
MAR10878,0.0,0.0,0.0
MAR10879,-0.3042676512086328,0.0,0.0
MAR10880,0.0,0.0,0.0
MAR10881,0.0,0.0,0.0
MAR10882,0.0,0.0,0.9803811878249258
MAR10883,0.0,0.0,0.0
MAR10884,0.0,0.0,0.9803811878249258
MAR10885,0.0,0.0,0.9803811878249258
MAR10886,0.0,0.0,0.0
MAR10887,0.0,0.0,0.0
MAR10888,0.0,0.0,0.0
MAR10889,0.0,0.0,0.0
MAR10890,0.0,0.0,0.9803811878249258
MAR10891,0.0,0.0,0.9803811878249258
MAR10892,2.2421825602430787,0.0,0.9803811878249258
MAR10893,0.0,0.0,0.0
MAR10894,0.0,0.0,0.0
MAR10895,0.0,0.0,0.0
MAR10896,0.0,0.0,0.0
MAR10897,0.0,0.0,0.0
MAR10898,1.9960533045930593,0.0,-0.9803811878249258
MAR10899,0.0,0.0,0.0
MAR10900,0.0,1.2076842162406085,0.0
MAR10901,0.0,0.0,0.0
MAR10902,0.0,0.0,-0.9803811878249258
MAR10903,0.0,0.0,0.0
MAR10904,0.0,0.0,0.0
MAR10905,0.0,0.0,0.0
MAR10906,0.0,0.0,0.0
MAR10907,0.0,0.0,0.25977009900944037
MAR10908,-2.2421825602430787,2.963307631192952,-0.9803811878249258
MAR10909,0.0,0.0,0.0
MAR10910,0.0,0.0,0.0
MAR10911,0.0,0.0,0.0
MAR10912,-2.2421825602430787,0.0,0.9803811878249258
MAR10913,0.0,2.963307631192952,0.0
MAR10914,0.0,0.0,0.9803811878249258
MAR10915,0.0,0.0,0.0
MAR10916,0.0,0.0,0.0
MAR10917,0.0,0.0,0.0
MAR10918,0.0,0.0,0.9803811878249258
MAR10919,0.0,2.0145773391500565,0.9803811878249258
MAR10920,0.0,0.0,0.0
MAR10921,0.0,0.0,0.0
MAR10922,0.0,0.0,0.0
MAR10923,-0.11389896510410775,0.0,0.0
MAR10924,0.0,0.0,0.0
MAR10925,0.0,0.0,0.0
MAR10926,0.0,0.0,0.9803811878249258
MAR10927,0.0,0.0,0.0
MAR10928,0.0,0.0,0.0
MAR10929,0.0,0.0,0.0
MAR10930,0.0,0.0,0.0
MAR10931,0.0,0.0,0.0
MAR10932,0.0,0.0,0.0
MAR10933,0.0,0.0,1.1102230246251565e-16
MAR10934,0.0,0.0,0.0
MAR10935,0.0,0.0,0.0
MAR10936,0.0,0.0,0.0
MAR10937,0.0,0.0,0.0
MAR10938,0.0,0.9099465271886713,0.0
MAR10939,0.0,0.0,0.0
MAR10940,0.0,0.0,0.0
MAR10941,0.0,0.0,0.0
MAR10942,0.0,0.0,0.0
MAR10943,0.0,0.0,0.0
MAR10944,0.0,0.0,0.9803811878249258
MAR10945,0.0,0.0,0.0
MAR10946,0.0,0.0,0.0
MAR10947,0.0,0.0,0.0
MAR10948,0.0,0.0,0.0
MAR10949,0.0,0.0,0.0
MAR10950,0.0,0.0,0.0
MAR10951,0.0,0.0,0.0
MAR10952,0.0,0.0,0.9803811878249258
MAR10953,0.0,0.0,0.0
MAR10954,0.0,0.0,0.0
MAR10955,0.0,0.0,0.0
MAR10956,0.0,0.0,0.9803811878249258
MAR10957,2.2421825602430787,0.0,0.0
MAR10958,0.0,0.0,0.0
MAR10959,0.0,0.0,0.0
MAR10960,0.0,0.0,0.0
MAR10961,0.0,0.0,0.9803811878249258
MAR10962,0.0,0.0,0.9803811878249258
MAR10963,0.0,0.0,0.9803811878249258
MAR10964,0.0,0.0,0.0
MAR10965,0.0,0.0,0.9803811878249258
MAR10966,0.0,0.0,0.9803811878249258
MAR10967,0.0,0.0,0.9803811878249258
MAR10968,0.0,0.0,0.0
MAR10969,0.0,0.0,0.0
MAR10970,-2.2421825602430787,0.0,0.0
MAR10971,0.0,0.0,0.0
MAR10972,-2.2421825602430787,0.0,0.0
MAR10973,0.0,0.0,0.9803811878249258
MAR10974,-2.2421825602430787,0.0,0.0
MAR10975,0.0,0.0,0.0
MAR10976,0.0,0.0,0.0
MAR10977,0.0,0.0,0.0
MAR10978,0.0,0.0,0.0
MAR10979,0.0,0.0,0.0
MAR10980,0.0,0.0,0.0
MAR10981,0.0,0.0,-0.9803811878249258
MAR10982,0.0,0.0,0.0
MAR10983,0.0,0.0,0.0
MAR10984,-2.2421825602430783,-2.9633076311929516,0.0
MAR10985,0.0,0.0,0.0
MAR10986,0.0,0.0,0.0
MAR10987,0.0,0.0,0.0
MAR10988,0.0,0.0,0.0
MAR10989,0.0,0.0,0.0
MAR10990,0.0,0.0,0.0
MAR10991,-2.2421825602430783,0.0,0.0
MAR10992,0.0,0.0,0.0
MAR10993,0.0,-2.9633076311929516,0.0
MAR10994,0.0,0.0,0.0
MAR10995,0.0,0.0,0.0
MAR10996,0.0,0.0,0.0
MAR10997,2.2421825602430787,0.0,0.0
MAR10998,0.0,0.0,0.0
MAR10999,0.0,0.0,0.0
MAR11000,0.0,0.0,0.0
MAR11001,0.0,0.0,0.0
MAR11002,0.0,0.0,0.0
MAR11003,0.0,-0.8473818453091086,0.0
MAR11004,0.0,0.0,0.0
MAR11005,0.0,0.0,0.0
MAR11006,0.0,0.0,0.0
MAR11007,0.0,0.0,0.0
MAR11008,0.0,0.0,0.0
MAR11009,0.0,0.6210660118586679,0.666604467857187
MAR11010,0.0,0.0,0.0
MAR11011,0.0,0.0,0.0
MAR11012,0.0,0.0,0.9803811878249258
MAR11013,0.0,0.0,0.0
MAR11014,0.0,0.0,0.0
MAR11015,0.0,0.0,0.0
MAR11016,0.0,0.0,0.0
MAR11017,0.0,0.0,0.0
MAR11018,2.242182560243079,0.0,-0.9803811878249258
MAR11019,0.0,0.0,-0.9803811878249257
MAR11020,0.0,0.0,0.0
MAR11021,0.0,0.0,0.0
MAR11022,0.0,0.0,0.0
MAR11023,0.0,2.212166359316003,0.0
MAR11024,0.0,0.0,0.0
MAR11025,0.0,0.0,0.9803811878249258
MAR11026,2.2421825602430787,0.0,0.0
MAR11027,0.0,0.0,0.0
MAR11028,0.0,0.0,0.0
MAR11029,0.0,1.962897011904098,0.0
MAR11030,0.0,0.0,0.0
MAR11031,0.0,0.0,0.0
MAR11032,0.0,0.0,-0.9803811878249259
MAR11033,0.0,0.0,0.0
MAR11034,0.0,0.0,0.9803811878249259
MAR11035,0.21815419389973256,1.1633176222443342,0.9803811878249259
MAR11036,0.0,0.0,0.0
MAR11037,0.0,0.0,0.0
MAR11038,0.0,0.0,0.0
MAR11039,0.0,0.0,0.0
MAR11040,0.0,0.0,0.0
MAR11041,0.0,0.0,0.0
MAR11042,0.0,0.0,0.0
MAR11043,0.0,0.0,0.0
MAR11044,0.0,0.0,0.9803811878249258
MAR11045,0.0,0.0,0.0
MAR11046,0.0,0.0,0.0
MAR11047,-2.2421825602430787,1.428991708949122,0.9803811878249259
MAR11048,0.0,0.0,0.9803811878249257
MAR11049,-2.2421825602430787,0.0,0.0
MAR11050,0.0,0.0,0.6745538073690718
MAR11051,2.2421825602430876,0.0,0.0
MAR11052,0.0,0.0,0.9803811878249259
MAR11053,0.0,0.0,0.0
MAR11054,0.0,0.0,0.0
MAR11055,-1.9990433322817032,0.0,0.0
MAR11056,0.0,0.0,0.0
MAR11057,0.0,0.0,0.0
MAR11058,0.0,0.0,0.0
MAR11059,-0.871711065128529,0.0,0.9803811878249258
MAR11060,-2.2421825602430787,0.0,0.0
MAR11061,0.0,0.0,-0.9803811878249258
MAR11062,0.0,0.0,0.0
MAR11063,0.0,0.0,0.0
MAR11064,0.0,0.0,0.0
MAR11065,0.0,0.0,0.0
MAR11066,0.0,0.0,0.0
MAR11067,0.0,0.0,0.0
MAR11068,0.0,0.0,0.0
MAR11069,0.0,0.0,0.0
MAR11070,2.1416634411850426,0.0,0.0
MAR11071,0.0,0.0,0.0
MAR11072,0.12818379771872532,0.0,0.0
MAR11073,0.0,0.0,0.0
MAR11074,0.0,0.0,0.0
MAR11075,0.0,0.0,0.0
MAR11076,0.0,0.0,0.0
MAR11077,0.0,-2.9633076311929516,0.0
MAR11078,2.2421825602430787,0.0,0.0
MAR11079,0.0,0.0,0.8177892763450784
MAR11080,0.0,0.0,0.0
MAR11081,0.0,0.0,0.0
MAR11082,0.0,0.0,0.0
MAR11083,0.0,0.0,0.0
MAR11084,0.0,0.0,0.0
MAR11085,0.0,0.0,0.0
MAR11086,0.0,0.0,0.0
MAR11087,0.0,0.0,0.0
MAR11088,0.0,0.0,-0.9803811878249258
MAR11089,0.0,0.0,0.0
MAR11090,0.0,0.0,0.0
MAR11091,0.0,0.0,0.0
MAR11092,0.0,0.0,0.0
MAR11093,0.0,0.0,0.0
MAR11094,0.0,0.0,0.0
MAR11095,0.0,0.0,0.0
MAR11096,0.0,0.0,0.0
MAR11097,0.8754131549981883,0.0,0.9803811878249258
MAR11098,-2.2421825602430787,0.0,0.0
MAR11099,0.0,0.0,0.0
MAR11100,0.0,0.0,0.0
MAR11101,0.0,0.0,0.0
MAR11102,0.0,0.0,0.9803811878249257
MAR11103,0.0,0.0,0.0
MAR11104,2.2421825602430783,2.9633076311929516,0.9803811878249256
MAR11105,0.0,0.0,-0.9803811878249256
MAR11106,0.0,0.0,0.9803811878249256
MAR11107,0.0,1.463586606237022,0.0
MAR11108,0.0,0.0,0.0
MAR11109,0.0,0.0,0.0
MAR11110,-2.242182560243082,0.0,0.0
MAR11111,0.0,0.0,0.0
MAR11112,0.0,0.0,0.0
MAR11113,0.0,0.0,0.0
MAR11114,0.0,0.0,0.0
MAR11115,0.0,0.0,0.0
MAR11116,2.2421825602430783,0.0,0.9803811878249256
MAR11117,0.0,0.0,0.0
MAR11118,0.0,0.0,0.0
MAR11119,0.0,0.0,0.0
MAR11120,0.0,0.0,0.0
MAR11121,-0.3042676512086328,0.0,0.0
MAR11122,0.0,0.0,0.0
MAR11123,0.0,0.0,0.0
MAR11124,0.0,0.0,0.9803811878249257
MAR11125,0.0,0.0,0.0
MAR11126,0.0,0.0,0.9803811878249258
MAR11127,0.0,0.0,0.9803811878249258
MAR11128,0.0,0.0,0.0
MAR11129,0.0,0.0,0.0
MAR11130,0.0,0.0,0.0
MAR11131,0.0,0.0,0.0
MAR11132,0.0,0.0,0.9803811878249258
MAR11133,0.0,0.0,0.9803811878249258
MAR11134,2.2421825602430787,0.0,0.9803811878249258
MAR11135,0.0,0.0,0.0
MAR11136,0.0,0.0,0.0
MAR11137,0.0,0.0,0.0
MAR11138,0.0,0.0,0.0
MAR11139,0.0,0.0,0.0
MAR11140,1.996053304593059,0.0,-0.9803811878249257
MAR11141,0.0,0.0,0.0
MAR11142,0.0,1.2076842162406083,0.0
MAR11143,0.0,0.0,0.0
MAR11144,0.0,0.0,-0.9803811878249257
MAR11145,0.0,0.0,0.0
MAR11146,0.0,0.0,0.0
MAR11147,0.0,0.0,0.0
MAR11148,0.0,0.0,0.0
MAR11149,0.0,0.0,0.25977009900944037
MAR11150,-2.2421825602430787,2.9633076311929516,-0.9803811878249257
MAR11151,0.0,0.0,0.0
MAR11152,0.0,0.0,0.0
MAR11153,0.0,0.0,0.0
MAR11154,-2.2421825602430787,0.0,0.9803811878249258
MAR11155,0.0,2.963307631192952,0.0
MAR11156,0.0,0.0,0.9803811878249257
MAR11157,0.0,0.0,0.0
MAR11158,0.0,0.0,0.0
MAR11159,0.0,0.0,0.0
MAR11160,0.0,0.0,0.9803811878249259
MAR11161,0.0,2.0145773391500565,0.9803811878249258
MAR11162,0.0,0.0,0.0
MAR11163,0.0,0.0,0.0
MAR11164,0.0,0.0,0.0
MAR11165,-0.11389896510410775,0.0,0.0
MAR11166,0.0,0.0,0.0
MAR11167,0.0,0.0,0.0
MAR11168,0.0,0.0,0.9803811878249258
MAR11169,0.0,0.0,0.0
MAR11170,0.0,0.0,0.0
MAR11171,0.0,0.0,0.0
MAR11172,0.0,0.0,0.0
MAR11173,0.0,0.0,0.0
MAR11174,0.0,0.0,0.0
MAR11175,0.0,0.0,0.0
MAR11176,0.0,0.0,0.0
MAR11177,0.0,0.0,0.0
MAR11178,0.0,0.0,0.0
MAR11179,0.0,0.0,0.0
MAR11180,0.0,0.9099465271886712,0.0
MAR11181,0.0,0.0,0.0
MAR11182,0.0,0.0,0.0
MAR11183,0.0,0.0,0.0
MAR11184,0.0,0.0,0.0
MAR11185,0.0,0.0,0.0
MAR11186,0.0,0.0,0.9803811878249256
MAR11187,0.0,0.0,0.0
MAR11188,0.0,0.0,0.0
MAR11189,0.0,0.0,0.0
MAR11190,0.0,0.0,0.0
MAR11191,0.0,0.0,0.0
MAR11192,0.0,0.0,0.0
MAR11193,0.0,0.0,0.0
MAR11194,0.0,0.0,0.9803811878249256
MAR11195,0.0,0.0,0.0
MAR11196,0.0,0.0,0.0
MAR11197,0.0,0.0,0.0
MAR11198,0.0,0.0,0.9803811878249258
MAR11199,2.2421825602430787,0.0,0.0
MAR11200,0.0,0.0,0.0
MAR11201,0.0,0.0,0.0
MAR11202,0.0,0.0,0.0
MAR11203,0.0,0.0,0.9803811878249259
MAR11204,0.0,0.0,0.9803811878249259
MAR11205,0.0,0.0,0.9803811878249258
MAR11206,0.0,0.0,0.0
MAR11207,0.0,0.0,0.9803811878249258
MAR11208,0.0,0.0,0.9803811878249258
MAR11209,0.0,0.0,0.9803811878249256
MAR11210,0.0,0.0,0.0
MAR11211,0.0,0.0,0.0
MAR11212,-2.2421825602430783,0.0,0.0
MAR11213,0.0,0.0,0.0
MAR11214,-2.2421825602430787,0.0,0.0
MAR11215,0.0,0.0,0.9803811878249258
MAR11216,-2.2421825602430783,0.0,0.0
MAR11217,0.0,0.0,0.0
MAR11218,0.0,0.0,0.0
MAR11219,0.0,0.0,0.0
MAR11220,0.0,0.0,0.0
MAR11221,0.0,0.0,0.0
MAR11222,0.0,0.0,0.0
MAR11223,0.0,0.0,0.0
MAR11224,0.0,0.0,0.0
MAR11225,0.0,0.0,0.0
MAR11226,0.0,0.0,0.0
MAR11227,0.0,0.0,0.0
MAR11228,0.0,0.0,0.0
MAR11229,0.0010209869183883747,0.029925550508435945,0.12900873634988702
MAR11230,0.0,0.0,0.0888839718946071
MAR11231,0.0,0.0,0.0
MAR11232,0.0,0.0,0.4972095029096772
MAR11233,0.0,0.0,0.0
MAR11234,0.0,0.0,0.0
MAR11235,0.0,0.0,0.0
MAR11236,0.0,0.0,0.0
MAR11237,0.0,0.0,0.0
MAR11238,0.0,0.0,0.0
MAR11239,0.0,0.0,0.0
MAR11240,0.0,0.0,0.0
MAR11241,0.0,0.0,0.0
MAR11242,0.0,0.0,0.0
MAR11243,0.0,0.0,0.0
MAR11244,0.0,0.0,0.0
MAR11245,0.0,0.0,0.0
MAR11246,0.0,0.0,0.0
MAR11247,0.0,0.0,0.0
MAR11248,0.0,0.0,0.0
MAR11249,0.0,0.0,0.0
MAR11250,-0.005434135795134932,-0.4382141327223936,0.0
MAR11251,0.0,0.0,0.0
MAR11252,0.0,0.0,0.0
MAR11253,0.0,0.0,0.0
MAR11254,0.0,0.0,0.0
MAR11255,0.0,0.0,0.0
MAR11256,0.0,0.0,0.07949854953248298
MAR11257,0.29845970157128227,0.0,0.0
MAR11258,0.0,0.0,0.0
MAR11259,0.0,0.0,4.485509476591648
MAR11260,0.0,0.0,0.0
MAR11261,0.0,0.0,0.0
MAR11262,0.0,0.0,0.0
MAR11263,0.0,0.0,0.0
MAR11264,0.0,0.0,0.0
MAR11265,0.0,0.0,0.0
MAR11266,0.0,0.0,0.0
MAR11267,0.0,0.0,0.0
MAR11268,0.0,0.0,0.0
MAR11270,1.6078534147848356e-05,0.00047126851194387374,0.0013485865764791456
MAR11271,0.0,0.0,0.0
MAR11272,0.0,0.0,0.0
MAR11274,-0.2935730500229445,0.0,-2.1598269918008963
MAR11276,0.0,0.0,0.0
MAR11277,0.0018940637214034486,4.4547365207177,0.0
MAR11278,0.0,0.0,0.0
MAR11279,0.0,0.0,0.0
MAR11280,0.0,0.0,0.0
MAR11281,0.0,0.0,0.0
MAR11282,0.0,0.0,0.0
MAR11283,0.0,0.0,0.0
MAR11284,0.0010209869183883747,0.029925550508435945,0.12900873634988702
MAR11285,0.0,0.0,0.08888397189460712
MAR11286,0.0,0.0,0.0
MAR11287,0.0,0.0,0.4972095029096772
MAR11288,0.0,0.0,0.0
MAR11289,0.0,0.0,0.0
MAR11290,0.0,0.0,0.0
MAR11291,-0.22664480850342475,0.0,0.0
MAR11292,-1.2168262805415875,-0.6210139928051183,-19.139345377605697
MAR11293,-1.2168262805415873,-0.6210139928051183,-19.139345377605697
MAR11294,1.6078534147848332e-05,0.0004712685119438726,0.0
MAR11295,0.0,0.0,0.0
MAR11296,0.0,0.0,0.0
MAR11297,0.0,0.0,0.0
MAR11298,0.0,0.0,0.0
MAR11299,0.0,0.0,0.0
MAR11300,0.0,0.0,0.0
MAR11301,0.0,0.0,0.0
MAR11302,0.0,0.0,0.0
MAR11303,-0.0008802997445946901,-4.01675132258269,-0.1112319419709656
MAR11304,0.0,0.0,0.0
MAR11305,0.0,0.0,0.0
MAR11306,0.0,0.0,0.0
MAR11307,0.04144085100977736,0.0,25.710749391114422
MAR11308,0.5112124048366089,0.34359031607480534,0.0
MAR11309,0.0,0.0,0.0
MAR11310,0.0,0.0,0.0
MAR11311,0.0,0.0,4.0313801892618955
MAR11312,0.0,0.0,0.0
MAR11313,0.0,0.0,0.0
MAR11314,0.0,0.0,0.0
MAR11315,0.0,0.0,0.0
MAR11316,0.0,0.5215141841515475,0.0
MAR11317,0.0,0.0,0.0
MAR11318,0.0,0.0,0.0
MAR11319,0.0,0.0,6.603621243892019
MAR11320,0.000846830010957738,0.0007136024365064309,0.0019193768740303615
MAR11321,0.0,0.0,0.0
MAR11322,0.0,0.0,0.0
MAR11323,0.0,0.0,0.7151022111541713
MAR11324,0.0,0.0,0.0
MAR11325,0.0,0.0,0.0
MAR11326,0.0,0.0,0.0
MAR11327,0.0,0.0,0.0
MAR11328,0.0,0.0,0.0
MAR11329,0.0,0.0,0.0
MAR11330,0.0,0.0,0.0
MAR11331,0.0,0.0,0.0
MAR11332,0.0,0.0,0.0
MAR11333,0.0,0.0,0.0
MAR11334,0.0005104934591941873,0.014962775254217976,0.0
MAR11335,0.0,0.0,0.0
MAR11336,0.0,0.0,0.0
MAR11337,0.0,0.0,0.0
MAR11338,0.0,0.0,0.0
MAR11339,0.0,0.0,0.0
MAR11340,0.0,0.0,0.0
MAR11341,0.0,0.0,0.0
MAR11342,0.0,0.0,0.0
MAR11343,0.0,0.0,0.0
MAR11344,-0.0005104934591941873,-0.014962775254217976,0.0
MAR11345,0.0,0.0,0.0
MAR11346,0.0,0.0,0.0
MAR11347,0.0,0.0,0.0
MAR11348,-0.5112124048366088,-0.34359031607480534,0.7151022111541712
MAR11349,-3.984576683952319,-4.072117887677673,-36.900924679830574
MAR11350,0.0,0.0,0.0
MAR11351,0.0,0.0,0.0
MAR11352,0.0,0.0,0.0
MAR11353,0.0,0.0,0.0
MAR11354,0.0,0.0,0.0
MAR11355,0.0,0.0,0.0
MAR11356,0.0,0.0,0.0
MAR11357,0.0,0.0,0.0
MAR11358,0.0,0.0,0.0
MAR11359,0.0,0.0,0.0
MAR11360,0.0,0.0,0.0
MAR11361,0.0,0.0,0.0
MAR11362,0.0,0.0,0.0
MAR11363,0.0,0.0,0.0
MAR11364,0.0,0.0,0.0
MAR11365,0.5038212648844065,9.034363295415616,181.65011121433795
MAR11366,0.0,0.0,0.0
MAR11367,0.0,0.0,0.0
MAR11368,0.0,0.0,0.0
MAR11369,0.0,0.0,0.0
MAR11370,0.0,0.0,0.0
MAR11371,0.0,0.0,-0.21023203799463958
MAR11372,0.0,0.0,0.0
MAR11373,0.0,0.0,0.0
MAR11374,0.0,0.0,0.0
MAR11375,-0.5038212648844065,0.0,0.0
MAR11376,-0.5038212648844065,0.0,0.0
MAR11377,0.0,0.0,0.0
MAR11378,0.0,-0.03303290471157306,0.0
MAR11379,0.0,-0.033032904711573066,0.0
MAR11380,0.0,0.0,0.0
MAR11381,0.0,0.0,0.0
MAR11382,0.0,0.0,0.0
MAR11383,0.0,0.0,0.0
MAR11384,0.0,0.02992555050843595,0.0
MAR11385,0.0,0.029925550508435945,0.0
MAR11386,0.0,0.0,0.0
MAR11387,0.0,0.0,0.0
MAR11388,0.0,0.0,0.0
MAR11389,0.0,0.0,0.0
MAR11390,0.0,0.0,0.0
MAR11391,0.0,0.0,-11.46334490482064
MAR11392,0.0,0.0,0.0
MAR11393,-0.006335270313860641,0.0,7.935682514638783
MAR11394,0.0,0.0,0.0
MAR11395,0.0,0.0,0.612618048237074
MAR11396,-4.85845154539195,0.0,-50.76723476366185
MAR11397,-1.000868691498424,0.0,0.0
MAR11398,0.0,0.0,0.0
MAR11399,0.0,0.0,0.0
MAR11400,0.6522633432795552,0.0,0.3097605185138495
MAR11401,0.0,0.0,0.0
MAR11402,0.0,0.0,0.0
MAR11403,4.022034368101643,0.0,0.0
MAR11404,0.0,0.0,0.0
MAR11405,0.0,0.0,0.0
MAR11406,0.0,0.0,0.0
MAR11407,0.0,0.0,0.0
MAR11408,0.0,0.0,0.0
MAR11409,0.0,0.0,0.0
MAR11410,-5.964093354746795,-8.690406739388763,-15.701588380593847
MAR11411,0.0,0.0,0.0
MAR11412,0.0,0.0,0.0
MAR11413,0.0,0.0,0.0
MAR11414,-4.022034368101643,0.0,0.0
MAR11415,0.0,0.0,0.0
MAR11416,0.0,0.0,0.0
MAR11417,0.0,0.0,0.0
MAR11418,-0.049880537676840836,-1.0634970773267103,-118.24756054155714
MAR11419,0.0,0.0,0.0
MAR11420,0.0,0.0,0.0
MAR11421,0.4918451060291853,0.2706549720958099,0.0
MAR11422,0.0,0.0,0.0
MAR11423,0.0,0.0,0.0
MAR11424,-0.0008468300109577379,0.0,0.7131828342801408
MAR11425,0.0,0.0,0.0
MAR11426,0.0,0.0,0.0
MAR11427,0.0,0.0,0.0
MAR11428,-0.8232394541548981,0.0,-7.176838664175095
MAR11429,0.0,0.0,0.0
MAR11430,0.0,0.0,0.0
MAR11431,0.0,0.0,0.0
MAR11432,0.0,0.0,0.0
MAR11433,0.0,0.0,0.0
MAR11434,0.0,0.0,0.0
MAR11435,0.0,0.0,0.0
MAR11436,0.0,0.0,0.0
MAR11437,0.0,0.0,0.0
MAR11438,-0.10087709094300183,-0.08500659749079141,-8.733908237144012
MAR11439,0.0,0.0,0.0
MAR11440,0.0,0.0,0.0
MAR11441,0.0,0.0,0.0
MAR11442,0.10087709094300182,0.08500659749079141,8.733908237144012
MAR11443,0.0,0.0,-8.505265944157163
MAR11444,0.0,0.0,0.0
MAR11445,0.0,0.0,0.0
MAR11446,0.0,0.0,0.0
MAR11447,0.0,0.0,0.0
MAR11448,0.0,0.0,0.0
MAR11449,0.0,0.0,4.4855094765916474
MAR11450,0.0,0.0,4.4855094765916474
MAR11451,0.0,0.0,4.4855094765916474
MAR11452,0.0,0.0,0.0
MAR11453,0.0,0.0,0.0
MAR11454,0.0,0.0,0.0
MAR11455,0.0,0.0,0.0
MAR11456,0.0,0.0,0.0
MAR11457,0.0,0.0,0.0
MAR11458,0.0,0.0,0.0
MAR11459,0.0,0.0,0.0
MAR11460,0.0,0.0,0.0
MAR11461,0.0,0.0,0.0
MAR11462,0.0,0.0,0.0
MAR11463,0.0,0.0,0.0
MAR11464,0.0,0.0,0.0
MAR11465,0.0,0.0,0.0
MAR11466,0.0,0.0,0.0
MAR11467,0.0,0.0,0.0
MAR11468,0.0,0.0,0.0
MAR11469,0.0,0.0,0.0
MAR11470,0.0,0.0,0.0
MAR11471,0.0,0.0,0.0
MAR11472,0.0,0.0,0.0
MAR11473,0.0,0.0,0.0
MAR11474,0.0,0.0,0.0
MAR11475,0.0,0.0,0.0
MAR11476,0.0,0.0,0.0
MAR11477,0.0,0.0,0.0
MAR11478,0.0,0.0,0.0
MAR11479,0.0,0.0,0.0
MAR11480,0.0,0.0,0.0
MAR11481,0.0,0.0,0.0
MAR11482,0.0,0.0,0.0
MAR11483,0.0,0.0,0.0
MAR11484,0.0,0.0,0.0
MAR11485,0.0,0.0,0.0
MAR11486,0.0,0.0,0.0
MAR11487,0.0,0.0,0.0
MAR11488,0.0,0.0,0.0
MAR11489,0.0,0.0,0.0
MAR11490,0.0,0.0,0.0
MAR11491,0.0,0.0,0.0
MAR11492,0.0,0.0,0.0
MAR11493,0.0,0.0,0.0
MAR11494,0.0,0.0,0.0
MAR11495,0.0,0.0,0.0
MAR11496,0.0,0.0,0.0
MAR11497,0.0,0.0,0.0
MAR11498,0.0,0.0,0.0
MAR11499,0.0,0.0,0.0
MAR11500,0.0,0.0,0.0
MAR11501,0.0,0.0,0.0
MAR11502,0.0,0.0,0.0
MAR11503,0.0,0.0,0.0
MAR11504,0.0,0.0,0.0
MAR11505,0.0,0.0,0.0
MAR11506,0.0,0.0,2.223795797458391
MAR11507,0.0,0.0,2.223795797458391
MAR11508,0.0,0.0,2.223795797458391
MAR11509,0.0,0.0,0.0
MAR11510,0.0,0.0,0.0
MAR11511,0.0,0.0,0.0
MAR11512,0.0,0.0,0.0
MAR11513,0.0,0.0,0.0
MAR11514,0.0,0.0,0.0
MAR11515,0.0,0.0,0.0
MAR11516,0.0,0.0,0.0
MAR11517,0.0,0.0,0.0
MAR11518,0.0,0.0,0.0
MAR11519,0.0,0.0,0.0
MAR11520,0.0,0.0,0.0
MAR11521,0.0,0.0,0.0
MAR11522,0.0,0.0,0.0
MAR11523,0.0,0.0,0.0
MAR11524,0.0,0.0,0.0
MAR11525,0.0,0.0,0.0
MAR11526,0.0,0.0,0.0
MAR11527,0.0,0.0,0.0
MAR11528,0.0,0.0,0.0
MAR11529,0.0,0.0,0.0
MAR11530,0.0,0.0,0.0
MAR11531,0.0,0.0,0.0
MAR11532,0.0,0.0,0.0
MAR11533,0.0,0.0,0.0
MAR11534,0.0,0.0,0.0
MAR11535,0.0,0.0,0.0
MAR11536,0.0,0.0,0.0
MAR11537,0.0,0.0,0.0
MAR11538,0.0,0.0,0.0
MAR11539,0.0,0.0,0.0
MAR11540,0.0,0.0,0.0
MAR11541,0.0,0.0,0.0
MAR11542,0.0,0.0,0.0
MAR11543,0.0,0.0,0.0
MAR11544,0.0,0.0,0.0
MAR11545,0.0,0.0,0.0
MAR11546,0.0,0.0,0.0
MAR11547,0.0,0.0,0.0
MAR11548,0.0,0.0,0.0
MAR11549,0.0,0.0,0.0
MAR11550,0.0,0.0,0.0
MAR11551,0.0,0.0,0.0
MAR11552,0.0,0.0,0.0
MAR11553,0.0,0.0,0.0
MAR11554,0.0,0.0,0.0
MAR11555,0.0,0.0,0.0
MAR11556,0.0,0.0,0.0
MAR11557,0.0,0.0,0.0
MAR11558,0.0,0.0,0.0
MAR11559,0.0,0.0,0.0
MAR11560,0.0,0.0,0.0
MAR11561,0.0,0.0,0.0
MAR11562,0.0,0.0,0.0
MAR11563,0.0,0.0,0.0
MAR11564,0.0,0.0,0.0
MAR11565,0.0,0.0,1.2931315387866673
MAR11566,0.0,0.0,1.2931315387866673
MAR11567,0.0,0.0,1.293131538786667
MAR11568,0.0,0.0,1.293131538786667
MAR11569,0.0,0.0,0.0
MAR11570,0.0,0.0,0.0
MAR11571,0.0,0.0,0.0
MAR11572,0.0,0.0,0.0
MAR11573,0.0,0.0,0.0
MAR11574,0.0,0.0,0.0
MAR11575,0.0,0.0,0.0
MAR11576,0.0,7.456507080360796,0.0
MAR11577,0.0,0.0,0.0
MAR11578,0.0,0.0,0.0
MAR11579,0.0,0.0,0.0
MAR11580,0.0,0.0,0.0
MAR11581,0.0,0.0,0.0
MAR11582,0.0,0.0,0.0
MAR11583,0.0,0.0,0.0
MAR11584,0.0,0.0,0.0
MAR11585,0.0,0.0,0.0
MAR11586,0.0,0.0,0.0
MAR11587,0.0,0.0,0.0
MAR11588,0.0,0.0,0.0
MAR11589,0.0,0.0,0.0
MAR11590,0.0,0.0,0.0
MAR11591,0.0,0.0,0.0
MAR11592,0.0,0.0,0.0
MAR11593,0.0,0.0,0.0
MAR11594,0.0,0.0,0.0
MAR11595,0.0,0.0,0.0
MAR11596,0.0,0.0,0.0
MAR11597,0.0,0.0,0.0
MAR11598,0.0,0.0,0.0
MAR11599,0.0,0.0,0.0
MAR11600,0.0,0.0,0.0
MAR11601,0.0,0.0,0.0
MAR11602,0.0,0.0,0.0
MAR11603,0.0,0.0,0.0
MAR11604,0.0,0.0,0.0
MAR11605,0.0,0.0,0.0
MAR11606,0.0,0.0,0.0
MAR11607,0.0,0.0,0.0
MAR11608,0.0,0.0,0.0
MAR11609,0.0,0.0,0.0
MAR11610,0.0,0.0,0.0
MAR11611,0.0,0.0,0.0
MAR11612,0.0,0.0,0.0
MAR11613,0.0,0.0,0.0
MAR11614,0.0,0.0,0.0
MAR11615,0.0,0.0,0.0
MAR11616,0.0,0.0,0.0
MAR11617,0.0,0.0,0.0
MAR11618,0.0,0.0,0.0
MAR11619,0.0,0.0,0.0
MAR11620,0.0,0.0,0.0
MAR11621,0.0,0.0,0.0
MAR11622,0.0,0.0,0.0
MAR11623,0.0,0.0,0.0
MAR11624,0.0,0.0,0.0
MAR11625,0.0,0.0,0.0
MAR11626,0.0,0.0,0.0
MAR11627,0.0,0.0,0.0
MAR11628,0.0,0.0,0.0
MAR11629,0.0,0.0,0.0
MAR11630,0.0,0.0,0.0
MAR11631,0.0,0.0,0.0
MAR11632,0.0,0.0,0.0
MAR11633,0.0,0.0,0.0
MAR11634,0.0,0.0,0.0
MAR11635,0.0,0.0,0.0
MAR11636,0.0,0.0,0.0
MAR11637,0.0,0.0,0.0
MAR11638,0.0,0.0,0.0
MAR11639,0.0,0.0,0.0
MAR11640,0.0,0.0,0.0
MAR11641,0.0,0.0,0.0
MAR11642,0.0,0.0,0.0
MAR11643,0.0,0.0,0.0
MAR11644,0.0,0.0,0.0
MAR11645,0.0,0.0,0.0
MAR11646,0.0,0.0,0.0
MAR11647,0.0,0.0,0.0
MAR11648,0.0,0.0,0.0
MAR11649,0.3131029191046022,0.2638439864662173,0.7096613184989783
MAR11650,0.0,0.0,0.0
MAR11651,0.0,0.0,0.0
MAR11652,0.0,0.0,0.0
MAR11653,0.0,0.0,0.0
MAR11654,0.0,0.0,0.0
MAR11655,0.0,0.0,0.0
MAR11656,0.0,0.0,0.0
MAR11657,0.0,0.0,0.0
MAR11658,0.0,0.0,0.0
MAR11659,0.0,0.0,0.0
MAR11660,0.0,0.0,0.0
MAR11661,0.0,0.0,0.0
MAR11662,0.0,0.0,0.0
MAR11663,0.0,0.0,0.0
MAR11664,0.0,0.0,0.0
MAR11665,0.0,0.0,0.0
MAR11666,0.0,0.0,0.0
MAR11667,0.0,0.0,0.0
MAR11668,0.0,0.0,0.0
MAR11669,0.0,0.0,0.0
MAR11670,0.0,0.0,0.0
MAR11671,0.0,0.0,0.0
MAR11672,0.0,0.0,0.0
MAR11673,0.0,0.0,0.0
MAR11674,0.0,0.0,0.0
MAR11675,0.0,0.0,0.0
MAR11676,0.0,0.0,0.0
MAR11677,0.0,0.0,0.0
MAR11678,0.0,0.0,0.0
MAR11679,0.0,0.0,0.0
MAR11680,0.0,0.0,0.0
MAR11681,0.0,0.0,0.0
MAR11682,0.0,0.0,0.0
MAR11683,0.0,0.0,0.0
MAR11684,0.0,0.0,0.0
MAR11685,0.0,0.0,0.0
MAR11686,0.0,0.0,0.0
MAR11687,0.0,0.0,0.0
MAR11688,0.0,0.0,0.0
MAR11689,0.0,0.0,0.0
MAR11690,0.0,0.0,0.0
MAR11691,0.0,0.0,0.0
MAR11692,0.0,0.0,0.0
MAR11693,0.0,0.0,0.0
MAR11694,0.0,0.0,0.0
MAR11695,0.0,0.0,0.0
MAR11696,0.0,0.0,0.0
MAR11697,0.0,0.0,0.0
MAR11698,0.0,0.0,0.0
MAR11699,0.0,0.0,0.0
MAR11700,0.0,0.0,0.0
MAR11701,0.0,0.0,0.0
MAR11702,0.0,0.0,0.0
MAR11703,0.0,0.0,0.0
MAR11704,0.0,0.0,0.0
MAR11705,0.0,0.0,0.0
MAR11706,0.0,0.0,0.0
MAR11707,0.0,0.0,0.0
MAR11708,0.0,0.0,0.0
MAR11709,0.0,0.0,0.0
MAR11710,0.0,0.0,0.0
MAR11711,0.0,0.0,0.0
MAR11712,0.0,0.0,0.0
MAR11713,0.0,0.0,0.0
MAR11714,0.0,0.0,0.0
MAR11715,0.0,0.0,0.0
MAR11716,0.0,0.0,0.0
MAR11717,0.0,0.0,0.0
MAR11718,0.0,0.0,0.0
MAR11719,0.0,0.0,0.0
MAR11720,0.0,0.0,0.0
MAR11721,0.0,0.0,0.0
MAR11722,0.0,0.0,0.0
MAR11723,0.0,0.0,0.0
MAR11724,0.0,0.0,0.0
MAR11725,0.0,0.0,0.0
MAR11726,0.0,0.0,0.0
MAR11727,0.0,0.0,0.0
MAR11728,0.0,0.0,0.0
MAR11729,0.0,0.0,0.0
MAR11730,0.0,0.0,0.0
MAR11731,0.0,0.0,0.0
MAR11732,0.0,0.0,0.0
MAR11733,0.0,0.0,0.0
MAR11734,0.0,0.0,0.0
MAR11735,0.0,0.0,0.0
MAR11736,0.0,0.0,0.0
MAR11737,0.0,0.0,0.0
MAR11738,0.0,0.0,0.0
MAR11739,0.0,0.0,0.0
MAR11740,0.0,0.0,0.0
MAR11741,0.0,0.0,0.0
MAR11742,0.0,0.0,0.0
MAR11743,0.0,0.0,0.0
MAR11744,0.0,0.0,0.0
MAR11745,0.0,0.0,0.0
MAR11746,0.0,0.0,0.0
MAR11747,0.0,0.0,0.0
MAR11748,0.0,0.0,0.0
MAR11749,0.0,0.0,0.0
MAR11750,0.0,0.0,0.0
MAR11751,0.0,0.0,0.0
MAR11752,0.0,0.0,0.0
MAR11753,0.0,0.0,0.0
MAR11754,0.0,0.0,0.0
MAR11755,0.0,0.0,0.0
MAR11756,0.0,0.0,13.207242487784038
MAR11757,0.0,0.0,0.0
MAR11758,0.0,0.0,0.0
MAR11759,0.0,0.0,0.0
MAR11760,0.0,0.0,0.0
MAR11761,0.0,0.0,0.0
MAR11762,0.0,0.0,0.0
MAR11763,0.0,0.0,0.0
MAR11764,0.0,0.0,0.0
MAR11765,0.0,0.0,0.0
MAR11766,0.0,0.0,0.0
MAR11767,0.0,0.0,0.0
MAR11768,0.0,0.0,0.0
MAR11769,0.0,0.0,0.0
MAR11770,0.0,0.0,0.0
MAR11771,0.0,0.0,0.0
MAR11772,0.0,0.0,0.0
MAR11773,0.0,0.0,0.0
MAR11774,0.0,0.0,0.0
MAR11775,0.0,0.0,0.0
MAR11776,0.0,0.0,0.0
MAR11777,0.0,0.0,0.0
MAR11778,0.0,0.0,0.0
MAR11779,0.0,0.0,0.0
MAR11780,0.0,0.0,0.0
MAR11781,0.0,0.0,0.0
MAR11782,0.0,0.0,0.0
MAR11783,0.0,0.0,23.650634651815846
MAR11784,0.0,0.0,0.0
MAR11785,0.0,0.0,11.463344904820639
MAR11786,0.0,0.5215141841515475,0.0
MAR11787,0.0,0.0007136024365064311,0.0
MAR11788,0.0,0.0,0.0
MAR11789,0.0,0.0,0.0
MAR11790,0.0,0.0,0.612618048237074
MAR11791,0.0,0.0,0.0
MAR11792,0.0,0.0,0.0
MAR11793,0.0,0.0,0.0
MAR11794,0.0,0.0,0.0
MAR11795,0.0,0.0,0.0
MAR11796,0.0,0.0,0.0
MAR11797,0.0,0.0,0.0
MAR11798,1.085880951369464,0.0,0.0
MAR11799,0.0,0.0,0.0
MAR11800,0.0,0.0,0.0
MAR11801,0.0,0.0,0.0
MAR11802,0.0,0.0,0.0
MAR11803,0.0,0.0,0.0
MAR11804,0.0,0.0,0.0
MAR11805,0.0,0.0,6.603621243892019
MAR11806,0.0,0.0,0.0
MAR11807,0.0,0.0,0.0
MAR11808,2.739455155778823e-05,0.0,0.0
MAR11809,0.0,0.0,0.0
MAR11810,0.0,0.0,0.0
MAR11811,0.0,0.0,0.0
MAR11812,0.0,0.0,0.0
MAR11813,0.0,0.0,0.0
MAR11814,0.0,0.0,0.0
MAR11815,0.0004221877156079157,0.0003557670118234959,0.000956906731400644
MAR11816,0.0,0.0,0.0
MAR11817,0.0,0.0,0.0
MAR11818,0.0,0.0,0.0
MAR11819,0.0,0.0,0.0
MAR11820,0.0,0.0,0.0
MAR11821,0.0,0.0,0.0
MAR11822,0.0,0.0,0.0
MAR11823,0.0,0.0,13.207242487784038
MAR11824,0.0,0.0,0.0
MAR11825,0.0,0.0,0.0
MAR11826,0.0,0.0,0.0
MAR11827,0.0,0.0,0.0
MAR11828,0.0,0.011361576008340856,0.0
MAR11829,0.0,0.011361576008340854,0.0
MAR11830,0.0,0.011361576008340854,0.0
MAR11831,0.0,0.0,0.0
MAR11832,0.0,0.0,0.0
MAR11833,0.0,0.0,0.0
MAR11834,0.0,0.0,0.0
MAR11835,0.0,0.0,0.0
MAR11836,0.0,0.0,0.0
MAR11837,0.0,0.0,0.0
MAR11838,0.0,0.0,0.0
MAR11839,0.0,0.0,0.0
MAR11840,0.0,0.0,0.0
MAR11841,0.0,0.0,0.0
MAR11842,0.0,0.0,0.0
MAR11843,0.0,0.0,0.0
MAR11844,0.0,0.0,0.0
MAR11845,0.0,0.0,0.0
MAR11846,0.0,0.0,0.0
MAR11847,0.0,0.0,0.0
MAR11848,0.0,0.0,0.0
MAR11849,0.0,0.0,0.0
MAR11850,0.0,0.0,0.0
MAR11851,0.0,0.0,0.0
MAR11852,0.0,0.0,0.0
MAR11853,0.0,0.0,0.0
MAR11854,0.0,0.0,0.0
MAR11855,0.0,0.0,0.0
MAR11856,0.0,0.0,0.0
MAR11857,0.0,0.0,0.0
MAR11858,0.0,0.0,0.0
MAR11859,0.0,0.0,0.0
MAR11860,0.0,0.0,0.0
MAR11861,0.0,0.0,0.0
MAR11862,0.0,0.0,0.0
MAR11863,0.0,0.0,0.0
MAR11864,0.0,0.0,0.0
MAR11865,0.0,0.0,0.0
MAR11866,0.0,0.0,0.0
MAR11867,0.0,0.0,0.0
MAR11868,0.0,0.0,0.0
MAR11869,0.0,0.0,0.0
MAR11870,0.0,0.0,0.0
MAR11871,0.0,0.0,0.0
MAR11872,0.0,0.0,0.0
MAR11873,0.0,0.0,0.0
MAR11874,0.0,0.0,0.0
MAR11875,0.0,0.0,0.0
MAR11876,0.0,0.0,0.0
MAR11877,0.0,0.0,0.0
MAR11878,0.0,0.0,0.0
MAR11879,0.0,0.0,0.0
MAR11880,0.0,0.0,0.0
MAR11881,0.0,0.0,0.0
MAR11882,0.0,0.0,0.0
MAR11883,0.0,0.0,0.0
MAR11884,0.0,0.0,0.0
MAR11885,0.0,0.0,0.0
MAR11886,0.0,0.0,0.0
MAR11887,0.0,0.0,0.0
MAR11888,0.0,0.0,0.0
MAR11889,0.0,0.0,0.0
MAR11890,0.0,0.0,-32.86012075063369
MAR11891,0.0,0.0,-32.86012075063368
MAR11892,0.0,-2.3231493263735574,0.0
MAR11893,0.0,-2.3231493263735574,0.0
MAR11894,0.0,0.0,0.0
MAR11895,0.0,0.0,0.0
MAR11896,0.0,0.0,0.0
MAR11897,0.0,0.0,0.0
MAR11898,0.0,0.0,0.0
MAR11899,0.0,0.0,0.0
MAR11900,0.0,0.0,0.0
MAR11901,0.0,0.0,0.0
MAR11902,0.0,0.0,0.0
MAR11903,0.0,0.0,1.571219253879132
MAR11904,0.0,0.0,1.571219253879132
MAR11905,-261.4793475048999,-230.49999429702623,-302.6911658331666
MAR11906,-261.4793475049,-230.49999429702626,-302.6911658331667
MAR11907,0.0,0.0,0.0
MAR11908,0.0,0.0,0.0
MAR11909,0.0,0.0,0.0
MAR11910,0.0,0.0,0.0
MAR11911,0.0,0.0,0.0
MAR11912,0.0,0.0,0.0
MAR11913,0.0,0.0,0.0
MAR11914,0.0,0.0,0.0
MAR11915,0.0,0.0,0.0
MAR11916,0.0,0.0,0.0
MAR11917,0.0,0.0,0.0
MAR11918,0.0,0.0,0.0
MAR11919,0.0,0.0,0.0
MAR11920,0.0,0.0,0.0
MAR11921,0.0,0.0,0.0
MAR11922,0.0,0.0,0.0
MAR11923,0.0,0.0,0.0
MAR11924,0.0,0.0,0.0
MAR11925,0.0,0.0,0.0
MAR11926,0.0,0.0,24.26325270005292
MAR11927,0.0,0.0,0.0
MAR11928,0.0,0.32217512905512397,6.410840990444786
MAR11929,0.0,0.32217512905512397,6.410840990444786
MAR11930,0.0,0.0,0.0
MAR11931,0.0,0.0,-12.787989266221937
MAR11932,0.0,0.0,-12.787989266221937
MAR11933,0.0,0.0,0.0
MAR11934,0.0,0.0,0.0
MAR11935,0.0,0.0,0.0
MAR11936,0.0,0.0,0.0
MAR11937,0.0,0.0,0.0
MAR11938,0.0,0.0,0.0
MAR11939,0.0,0.0,0.0
MAR11940,0.0,0.0,0.0
MAR11941,0.0,0.0,4.128706249937328
MAR11942,0.0,0.0,4.128706249937328
MAR11943,-0.006335270313860641,0.0,7.935682514638783
MAR11944,0.0,-7.456507080360795,0.0
MAR11945,0.0,-7.456507080360795,0.0
MAR11946,0.0,0.0,0.0
MAR11947,0.0,14.105809780009906,19.769548299742624
MAR11948,0.0,0.0,0.0
MAR11949,-2.739455155778823e-05,0.0,0.0
MAR11950,0.0,0.0,0.0
MAR11951,0.0,0.0,0.0
MAR11952,0.0,0.0,0.0
MAR11953,0.0,-0.0007136024365064311,-6.60362124389202
MAR11954,0.0,0.5215141841515476,0.0
MAR11955,0.0,0.0,0.0
MAR11956,0.0,0.0,0.0
MAR11957,0.0,0.0,0.0
MAR11958,6.371031721789848,18.58304792548397,20.398193369453423
MAR11959,-6.371031721789848,-18.58304792548397,-20.398193369453423
MAR11960,0.0,0.0,0.0
MAR11961,0.0,0.0,0.0
MAR11962,0.0,0.0,0.0
MAR11963,-0.003723354903902215,-2.149144358835388,0.0
MAR11964,0.0,0.0,0.0
MAR11965,-0.0004221877156079157,-0.0003557670118234959,-0.0009569067314006441
MAR11966,0.0,0.0,0.0
MAR11967,0.0,0.0,0.0
MAR11968,0.0,0.0,0.0
MAR11969,0.0,0.0,0.0
MAR11970,0.0,0.0,0.0
MAR11971,0.0,0.0,0.0
MAR11972,0.0,0.0,0.0
MAR11973,-0.9774299939334383,-0.7275781019388671,-1.8710986429793635
MAR11974,-0.9774299939334383,-0.7275781019388671,-1.8710986429793635
MAR11975,0.0,0.0,0.0
MAR11976,0.0,0.0,0.0
MAR11977,0.0,0.0,0.0
MAR11978,0.0,0.0,0.0
MAR11979,0.0,0.0,0.0
MAR11980,0.0,0.0,0.0
MAR11981,0.0,0.0,0.0
MAR11982,0.0,0.0,0.0
MAR11983,0.0,0.0,0.0
MAR11984,0.0,0.0,0.0
MAR11985,0.0,0.0,0.0
MAR11986,0.0,0.0,0.0
MAR11987,0.0,0.0,0.0
MAR11988,0.0,0.0,0.0
MAR11989,0.0,0.0,0.0
MAR11990,0.0,0.0,0.0
MAR11991,0.0,0.0,0.0
MAR11992,0.0,0.0,0.0
MAR11993,0.0,0.0,0.0
MAR11994,0.0,0.0,0.0
MAR11995,0.0,0.0,0.0
MAR11996,0.0,0.0,0.0
MAR11997,0.0,0.0,0.0
MAR11998,0.0,0.0,0.0
MAR11999,0.0,0.0,0.0
MAR12000,0.0,0.0,0.0
MAR12001,0.0,0.0,0.0
MAR12002,0.0,0.0,0.0
MAR12003,0.0,0.0,0.0
MAR12004,0.0,0.0,0.0
MAR12005,0.0,0.0,0.0
MAR12006,0.0,0.0,0.0
MAR12007,0.0,0.0,0.0
MAR12008,0.0,0.0,0.0
MAR12009,0.0,0.0,0.0
MAR12010,0.0,0.0,0.0
MAR12011,0.0,0.0,0.0
MAR12012,0.0,0.0,0.0
MAR12013,0.0,0.0,0.0
MAR12014,0.0,0.0,0.0
MAR12015,0.0,0.0,0.0
MAR12016,0.0,0.0,0.0
MAR12017,0.0,0.0,0.0
MAR12018,0.0,0.0,0.0
MAR12019,0.0,0.0,6.249454213254171
MAR12020,0.0,0.0,0.0
MAR12021,0.0,0.0,6.249454213254171
MAR12022,0.0,0.0,0.0
MAR12023,0.0,0.0,0.0
MAR12024,0.0,0.7743372893956011,0.0
MAR12025,0.0,0.0,0.0
MAR12026,0.0,0.0,0.0
MAR12027,0.0,0.0,0.0
MAR12028,0.0,0.0,0.0
MAR12029,0.0,0.0,0.0
MAR12030,0.0,0.0,0.0
MAR12031,0.0,12.80396206347282,0.0
MAR12032,0.0,12.80396206347282,0.0
MAR12033,0.0,0.0,62.325089849574354
MAR12034,0.0,0.0,62.325089849574354
MAR12035,0.0,0.0,0.0
MAR12036,0.0,0.0,0.0
MAR12037,0.0,0.0,0.0
MAR12038,0.0,0.0,0.0
MAR12039,0.0,0.0,0.0
MAR12040,0.0,0.0,0.0
MAR12041,0.0,0.0,0.0
MAR12042,0.0,0.0,0.0
MAR12043,0.0,0.0,0.0
MAR12044,0.0,0.0,0.0
MAR12045,0.0,0.0,0.0
MAR12046,0.0,0.0,0.0
MAR12047,0.0,0.0,0.0
MAR12048,0.0,0.0,0.0
MAR12049,0.0,0.0,0.0
MAR12050,0.0,0.0,0.0
MAR12051,0.0,0.0,0.0
MAR12052,0.0,0.0,0.0
MAR12053,0.0,0.0,0.0
MAR12054,0.0,0.0,0.0
MAR12055,0.0,0.0,0.0
MAR12056,0.0,0.0,0.0
MAR12057,0.0,0.0,0.0
MAR12058,0.0,0.0,0.0
MAR12059,0.0,0.0,0.0
MAR12060,0.0,0.0,0.0
MAR12061,0.0,0.0,0.0
MAR12062,0.0,0.0,0.0
MAR12063,0.0,0.0,0.0
MAR12064,0.0,0.0,0.0
MAR12065,0.0,0.0,0.0
MAR12066,0.0,0.0,0.0
MAR12067,0.0,0.0,0.0
MAR12068,0.0,0.0,0.0
MAR12069,0.0,0.0,0.0
MAR12070,0.0,0.0,0.0
MAR12071,0.0,0.0,0.0
MAR12072,0.0,0.0,0.0
MAR12073,0.0,0.0,0.0
MAR12074,0.0,0.0,0.0
MAR12075,0.0,0.0,0.0
MAR12076,0.0,0.0,0.0
MAR12077,0.0,0.0,0.0
MAR12078,0.0,0.0,0.0
MAR12079,0.0,0.0,0.0
MAR12080,0.0,0.0,0.0
MAR12081,0.0,0.0,0.0
MAR12082,0.0,0.0,0.0
MAR12083,0.0,0.0,0.0
MAR12084,0.0,0.0,0.0
MAR12085,0.0,0.0,0.0
MAR12086,0.0,0.0,0.0
MAR12087,0.0,0.0,0.0
MAR12088,-261.4793475048999,-230.4999942970263,-302.6911658331667
MAR12089,0.0,0.0,0.0
MAR12090,0.0,0.0,0.0
MAR12091,0.0,0.0,0.0
MAR12092,0.0,0.0,0.0
MAR12093,0.0,0.0,0.0
MAR12094,0.0,0.0,0.0
MAR12095,0.0,0.0,0.0
MAR12096,0.0,0.0,0.0
MAR12097,0.0,0.0,0.0
MAR12098,0.0,0.0,0.0
MAR12099,0.0,0.0,0.0
MAR12100,0.0,0.0,0.0
MAR12101,0.0,0.0,0.0
MAR12102,0.0,0.0,0.0
MAR12103,0.0,0.0,0.0
MAR12104,0.0,0.0,0.0
MAR12105,0.0,0.0,0.0
MAR12106,0.0,0.0,0.0
MAR12107,0.0,0.0,0.0
MAR12108,0.0,0.0,0.0
MAR12109,0.0,0.0,0.0
MAR12110,0.0,0.0,0.0
MAR12111,0.0,0.0,0.0
MAR12112,0.0,0.0,0.0
MAR12113,0.0,0.0,0.0
MAR12114,0.0,0.0,0.0
MAR12115,0.0,0.0,0.0
MAR12116,0.0,0.0,0.0
MAR12117,0.0,0.0,0.0
MAR12118,0.0,0.0,0.0
MAR12119,0.0,0.0,0.0
MAR12120,0.0,0.0,0.0
MAR12121,0.0,0.0,0.0
MAR12122,0.0,0.0,0.0
MAR12123,0.0,0.0,0.0
MAR12124,0.0,0.0,0.0
MAR12125,0.0,0.0,0.0
MAR12126,0.0005104934591941873,0.014962775254217978,0.0
MAR12127,-0.3131029191046022,-0.2638439864662173,-0.7096613184989783
MAR12128,0.0,-7.456507080360796,0.0
MAR12129,0.0,0.0,0.0
MAR12130,0.0,0.0,0.0
MAR12131,0.0,0.0,0.0
MAR12132,0.0,0.0,0.0
MAR12133,0.0,0.0,0.0
MAR12134,0.0,0.0,0.0
MAR12135,0.0,0.0,0.0
MAR12136,0.0,0.0,0.0
MAR12137,0.0,0.0,0.0
MAR12138,0.0,0.0,0.0
MAR12139,0.0,0.0,0.0
MAR12140,0.0,0.0,0.0
MAR12141,0.0,0.0,0.0
MAR12142,0.0,0.0,0.0
MAR12143,0.0,0.0,0.0
MAR12144,0.0,0.0,0.0
MAR12145,0.0,3.6669193137205447,0.0
MAR12146,0.0,0.0,0.0
MAR12147,0.0,0.0,0.0
MAR12148,0.0,0.0,0.0
MAR12149,0.0,0.0,0.0
MAR12150,0.0,0.0,0.0
MAR12151,0.0,-3.6669193137205442,0.0
MAR12152,0.0,0.0,0.0
MAR12153,0.0,0.0,0.0
MAR12154,0.0,0.0,0.0
MAR12155,0.0,0.0,0.0
MAR12156,0.0,0.0,0.0
MAR12157,0.0,0.0,0.0
MAR12158,37.031517364742875,0.0,0.0
MAR12159,-37.031517364742875,0.0,0.0
MAR12160,0.0,0.0,0.0
MAR12161,0.0,0.0,0.0
MAR12162,0.0,0.0,0.0
MAR12163,0.0,0.0,0.0
MAR12164,0.0,0.0,0.0
MAR12165,0.0,0.0,0.0
MAR12166,0.0,0.0,0.0
MAR12167,0.0,0.0,0.0
MAR12168,0.0,0.0,0.0
MAR12169,0.0,0.0,0.0
MAR12170,0.0,0.0,0.0
MAR12171,0.0,0.0,0.0
MAR12172,0.0,0.0,0.0
MAR12173,0.0,0.0,0.0
MAR12174,0.0,0.0,0.0
MAR12175,0.0,0.0,0.0
MAR12176,0.0,0.0,0.0
MAR12177,0.0,0.0,0.0
MAR12178,0.0,0.0,0.0
MAR12179,0.0,0.0,0.0
MAR12180,0.0,0.0,0.0
MAR12181,0.0,0.0,0.0
MAR12182,0.0,0.0,0.0
MAR12183,0.0,0.0,0.0
MAR12184,0.0,0.0,0.0
MAR12185,0.0,0.0,0.0
MAR12186,0.0,0.0,0.0
MAR12187,0.0,0.0,0.0
MAR12188,0.0,0.0,0.0
MAR12189,0.0,0.0,0.0
MAR12190,0.0,0.0,0.0
MAR12191,0.0,0.0,0.0
MAR12192,0.0,0.0,0.0
MAR12193,0.0,0.0,0.0
MAR12194,0.0,0.0,0.0
MAR12195,0.0,5.328229165098959,0.0
MAR12196,0.0,0.0,0.0
MAR12197,0.0,5.328229165098958,0.0
MAR12198,0.0,0.0,0.0
MAR12199,0.0,0.0,0.0
MAR12200,0.0,3.666919313720545,0.0
MAR12201,0.0,0.0,0.0
MAR12202,37.03151736474288,0.0,0.0
MAR12203,0.0,0.0,0.0
MAR12204,0.0,0.0,0.0
MAR12205,0.0,0.0,0.0
MAR12206,0.0,0.0,0.0
MAR12207,0.0,0.0,0.0
MAR12208,0.0,0.0,0.0
MAR12209,0.0,0.0,0.0
MAR12210,0.0,0.0,0.0
MAR12211,0.0,0.0,0.0
MAR12212,0.0,5.328229165098959,0.0
MAR12213,0.0,0.0,0.0
MAR12214,0.0,0.0,0.0
MAR12215,0.0,0.0,0.0
MAR12216,0.0,0.0,0.0
MAR12217,0.0,0.0,0.0
MAR12218,0.0,0.0,0.0
MAR12219,0.0,0.0,0.0
MAR12220,0.0,0.0,0.0
MAR12221,0.0,0.0,0.0
MAR12222,0.0,0.0,0.0
MAR12223,0.0,0.0,0.0
MAR12224,0.0,0.12391465074774394,0.0
MAR12225,0.0,0.12391465074774394,0.0
MAR12226,0.0,41.24700742216707,148.72368834048643
MAR12227,0.0,0.0,0.0
MAR12228,0.0,0.0,0.0
MAR12229,0.0,0.0,0.0
MAR12230,0.0,0.0,0.0
MAR12231,0.0,0.0,0.0
MAR12232,0.0,0.0,0.0
MAR12233,0.0,0.0,0.0
MAR12234,0.0,0.0,0.0
MAR12235,0.0,0.0,0.0
MAR12236,0.0,0.0,0.0
MAR12237,0.0,0.0,0.0
MAR12238,0.0,0.0,0.0
MAR12239,0.0,0.0,0.0
MAR12240,0.0,0.0,0.0
MAR12241,0.0,0.0,0.0
MAR12242,0.0,0.0,0.0
MAR12243,0.0,0.0,0.0
MAR12244,0.0,0.0,0.0
MAR12245,0.0,0.0,0.0
MAR12246,0.0,0.0,0.0
MAR12247,0.0,0.0,0.0
MAR12248,0.0,0.0,0.0
MAR12249,0.0,0.0,0.0
MAR12250,0.0,0.0,0.0
MAR12251,0.0,0.0,0.0
MAR12252,0.0,0.0,0.0
MAR12253,0.0,0.0,0.0
MAR12254,0.0,0.0,0.0
MAR12255,0.0,0.0,0.0
MAR12256,0.0,0.0,0.0
MAR12257,0.0,0.0,0.0
MAR12258,0.0,0.0,0.0
MAR12259,0.0,0.0,0.0
MAR12260,0.0,0.0,0.0
MAR12261,0.0,0.0,0.0
MAR12262,0.0,0.0,0.0
MAR12263,0.0,0.0,0.0
MAR12264,0.0,0.0,0.0
MAR12265,0.0,0.0,0.0
MAR12266,0.0,0.0,0.0
MAR12267,0.0,0.0,0.0
MAR12268,0.0,0.0,0.0
MAR12269,0.0,0.0,0.0
MAR12270,0.0,0.0,0.0
MAR12271,0.0,0.0,0.0
MAR12272,0.0,0.12391465074774392,0.0
MAR12273,0.0,0.0,0.0
MAR12274,0.0,0.12391465074774394,0.0
MAR12275,0.0,0.0,0.0
MAR12276,0.0,0.12391465074774392,0.0
MAR12277,0.0,0.0,0.0
MAR12278,0.0,0.12391465074774394,0.0
MAR12279,0.0,0.0,0.0
MAR12280,0.0,0.0,0.0
MAR12281,0.0,-41.24700742216707,-148.7236883404864
MAR12282,0.0,41.24700742216707,148.72368834048643
MAR12283,0.0,0.0,0.0
MAR12284,0.0,0.0,0.0
MAR12285,0.0,0.0,0.0
MAR12286,0.0,0.0,0.0
MAR12287,0.0,0.0,0.0
MAR12288,0.0,0.0,0.0
MAR12289,0.0,0.0,0.0
MAR12290,0.0,0.0,0.0
MAR12291,0.0,0.0,0.0
MAR12292,0.0,0.0,0.0
MAR12293,0.0,0.0,0.0
MAR12294,0.0,0.0,0.0
MAR12295,0.0,0.0,0.0
MAR12296,0.0,0.0,0.0
MAR12297,0.0,0.0,0.0
MAR12298,0.0,0.0,0.0
MAR12299,0.0,0.0,0.0
MAR12300,0.0,0.0,0.0
MAR12301,0.0,0.0,0.0
MAR12302,0.0,0.0,0.0
MAR12303,0.0,0.0,0.0
MAR12304,0.0,0.0,0.0
MAR12305,0.0,0.0,0.0
MAR12306,0.0,0.0,0.0
MAR12307,0.0,0.0,0.0
MAR12308,0.0,0.0,0.0
MAR12309,0.0,0.0,0.0
MAR12310,0.0,0.0,0.0
MAR12311,0.0,0.0,0.0
MAR12312,0.0,0.0,0.0
MAR12313,0.0,0.0,0.0
MAR12314,0.0,0.0,0.0
MAR12315,0.0,0.0,0.0
MAR12316,0.0,0.0,0.0
MAR12317,0.0,0.0,0.0
MAR12318,0.0,0.0,0.0
MAR12319,0.0,0.0,0.0
MAR12320,0.0,0.0,0.0
MAR12321,0.0,0.0,0.0
MAR12322,0.0,0.0,0.0
MAR12323,0.0,0.0,0.0
MAR12324,0.0,0.0,0.0
MAR12325,0.0,0.0,0.0
MAR12326,0.0,0.0,0.0
MAR12327,0.0,0.0,0.0
MAR12328,0.0,0.0,0.0
MAR12329,0.0,0.0,0.0
MAR12330,0.0,0.0,0.0
MAR12331,0.0,0.0,0.0
MAR12332,0.0,0.0,0.0
MAR12333,0.0,0.0,0.0
MAR12334,0.0,0.0,0.0
MAR12335,0.0,0.0,0.0
MAR12336,0.0,0.0,0.0
MAR12337,0.0,0.0,0.0
MAR12338,0.0,0.0,0.0
MAR12339,0.0,0.0,0.0
MAR12340,0.0,0.0,0.0
MAR12341,0.0,0.0,0.0
MAR12342,0.0,0.0,0.0
MAR12343,0.0,0.0,0.0
MAR12344,0.0,0.0,0.0
MAR12345,0.0,-0.818384246153372,0.0
MAR12346,0.0,-0.818384246153372,0.0
MAR12347,0.0,0.0,0.0
MAR12348,0.0,0.0,0.0
MAR12349,0.0,0.0,0.0
MAR12350,0.0,0.0,0.0
MAR12351,0.0,-0.8183842461533719,0.0
MAR12352,0.0,-0.818384246153372,0.0
MAR12353,0.0,0.0,0.0
MAR12354,0.0,0.0,0.0
MAR12355,0.0,0.0,0.0
MAR12356,0.0,0.0,0.0
MAR12357,0.0,0.0,0.0
MAR12358,0.0,0.0,0.0
MAR12359,0.0,0.0,0.0
MAR12360,0.0,0.0,0.0
MAR12361,0.0,0.0,0.0
MAR12362,0.0,0.0,0.0
MAR12363,0.0,0.0,0.0
MAR12364,0.0,0.0,0.0
MAR12365,0.0,0.0,0.0
MAR12366,0.0,0.0,0.0
MAR12367,0.0,0.0,0.0
MAR12368,0.0,0.0,0.0
MAR12369,0.0,0.0,0.0
MAR12370,0.0,0.0,0.0
MAR12371,0.0,0.0,0.0
MAR12372,0.0,0.0,0.0
MAR12373,0.0,0.0,0.0
MAR12374,0.0,0.0,0.0
MAR12375,0.0,0.0,0.0
MAR12376,0.0,0.0,0.0
MAR12377,0.0,-0.818384246153372,0.0
MAR12378,0.0,-0.818384246153372,0.0
MAR12379,0.0,0.0,0.0
MAR12380,0.0,0.0,0.0
MAR12381,0.0,0.0,0.0
MAR12382,0.0,0.0,0.0
MAR12383,0.0,0.0,0.0
MAR12384,0.0,0.0,0.0
MAR12385,0.0,0.0,0.0
MAR12386,0.0,0.0,0.0
MAR12387,0.0,0.0,0.0
MAR12388,0.0,0.0,0.0
MAR12389,0.0,0.0,0.0
MAR12390,0.0,0.0,0.0
MAR12391,0.0,0.0,0.0
MAR12392,0.0,0.0,0.0
MAR12393,0.0,0.0,0.0
MAR12394,0.0,0.0,0.0
MAR12395,0.0,0.0,0.0
MAR12396,0.0,0.0,0.0
MAR12397,0.0,0.0,0.0
MAR12398,0.0,0.0,0.0
MAR12399,0.0,0.0,0.0
MAR12400,0.0,0.0,0.0
MAR12401,0.0,0.0,0.0
MAR12402,0.0,0.0,0.0
MAR12403,0.0,0.0,0.0
MAR12404,0.0,0.0,0.0
MAR12405,0.0,0.0,0.0
MAR12406,0.0,0.0,0.0
MAR12407,0.0,0.0,0.0
MAR12408,0.0,0.0,0.0
MAR12409,0.0,0.0,0.0
MAR12410,0.0,0.0,0.0
MAR12411,0.0,0.0,0.0
MAR12412,0.0,0.0,0.0
MAR12413,0.0,0.0,0.0
MAR12414,0.0,0.0,0.0
MAR12415,0.0,0.0,0.0
MAR12416,0.0,0.0,0.0
MAR12417,0.0,0.0,0.0
MAR12418,0.0,0.0,0.0
MAR12419,0.0,0.0,0.0
MAR12420,0.0,0.0,0.0
MAR12421,0.0,0.0,0.0
MAR12422,0.0,0.0,0.0
MAR12423,0.0,0.0,0.0
MAR12424,0.0,0.0,0.0
MAR12425,0.0,0.0,0.0
MAR12426,0.0,0.0,0.0
MAR12427,0.0,0.0,0.0
MAR12428,0.0,0.0,0.0
MAR12429,0.0,-0.8183842461533719,-7.621913160822768
MAR12430,0.0,0.0,0.0
MAR12431,0.0,-0.818384246153372,-7.621913160822767
MAR12432,0.0,0.0,0.0
MAR12433,0.0,0.0,0.0
MAR12434,0.0,0.0,0.0
MAR12435,0.0,0.0,0.0
MAR12436,0.0,0.0,0.0
MAR12437,0.0,0.0,0.0
MAR12438,0.0,0.0,0.0
MAR12439,0.0,0.0,0.0
MAR12440,0.0,0.0,0.0
MAR12441,0.0,0.0,0.0
MAR12442,0.0,0.0,0.0
MAR12443,0.0,0.0,0.0
MAR12444,0.0,0.0,0.0
MAR12445,0.0,0.0,0.0
MAR12446,0.0,0.0,0.0
MAR12447,0.0,0.0,0.0
MAR12448,0.0,0.0,0.0
MAR12449,0.0,0.0,0.0
MAR12450,0.0,0.0,0.0
MAR12451,0.0,0.0,0.0
MAR12452,0.0,0.0,0.0
MAR12453,0.0,0.0,0.0
MAR12454,0.0,0.0,0.0
MAR12455,0.0,0.0,0.0
MAR12456,0.0,0.0,0.0
MAR12457,0.0,0.0,0.0
MAR12458,0.0,0.0,0.0
MAR12459,0.0,0.0,0.0
MAR12460,0.0,0.0,0.0
MAR12461,0.0,0.0,0.0
MAR12462,0.0,0.0,0.0
MAR12463,0.0,0.0,0.0
MAR12464,0.0,0.0,0.0
MAR12465,0.0,0.0,0.0
MAR12466,0.0,0.0,0.0
MAR12467,0.0,0.0,0.0
MAR12468,0.0,0.0,0.0
MAR12469,0.0,0.0,0.0
MAR12470,0.0,0.0,0.0
MAR12471,0.0,0.0,0.0
MAR12472,0.0,0.0,0.0
MAR12473,0.0,0.0,0.0
MAR12474,0.0,0.0,0.0
MAR12475,0.0,0.0,0.0
MAR12476,0.0,0.0,0.0
MAR12477,0.0,0.0,0.0
MAR12478,0.0,0.0,0.0
MAR12479,0.0,0.0,0.0
MAR12480,0.0,0.0,0.0
MAR12481,0.0,0.0,0.0
MAR12482,0.0,0.0,0.0
MAR12483,0.0,0.0,0.0
MAR12484,0.0,0.0,0.0
MAR12485,0.0,0.0,0.0
MAR12486,0.0,0.0,0.0
MAR12487,0.0,0.0,0.0
MAR12488,0.0,0.0,0.0
MAR12489,0.0,0.0,0.0
MAR12490,0.0,0.0,0.0
MAR12491,0.0,0.0,0.0
MAR12492,0.0,0.0,0.0
MAR12493,0.0,0.0,0.0
MAR12494,0.0,0.0,0.0
MAR12495,0.0,0.0,0.0
MAR12496,0.0,0.0,0.0
MAR12497,0.0,0.0,0.0
MAR12498,0.0,0.0,0.0
MAR12499,0.0,0.0,0.0
MAR12500,0.0,0.0,0.0
MAR12501,0.0,0.0,0.0
MAR12502,0.0,0.0,0.0
MAR12503,0.0,0.0,0.0
MAR12504,0.0,0.0,0.0
MAR12505,0.0,0.0,0.0
MAR12506,0.0,0.0,0.0
MAR12507,0.0,0.0,0.0
MAR12508,0.0,0.0,0.0
MAR12509,0.0,0.0,0.0
MAR12510,0.0,0.0,0.0
MAR12511,0.0,0.0,0.0
MAR12512,0.0,0.0,0.0
MAR12513,0.0,0.0,0.0
MAR12514,0.0,0.0,0.0
MAR12515,0.0,0.0,0.0
MAR12516,0.0,0.0,0.0
MAR12517,0.0,0.0,0.0
MAR12518,0.0,0.0,0.0
MAR12519,0.0,0.0,0.0
MAR12520,0.0,0.0,0.0
MAR12521,0.0,0.0,0.0
MAR12522,0.0,0.0,0.0
MAR12523,0.0,0.0,0.0
MAR12524,0.0,0.0,0.0
MAR12525,0.0,0.0,0.0
MAR12526,0.0,0.0,0.0
MAR12527,0.0,0.0,0.0
MAR12528,0.0,0.0,0.0
MAR12529,0.0,0.0,0.0
MAR12530,0.0,0.0,0.0
MAR12531,0.0,0.0,0.0
MAR12532,0.0,0.0,0.0
MAR12533,0.0,0.0,0.0
MAR12534,0.0,0.0,0.0
MAR12535,0.0,0.0,0.0
MAR12536,0.0,0.0,0.0
MAR12537,0.0,0.0,0.0
MAR12538,0.0,0.0,0.0
MAR12539,0.0,0.0,0.0
MAR12540,0.0,0.0,0.0
MAR12541,0.0,0.0,0.0
MAR12542,0.0,0.0,0.0
MAR12543,0.0,0.0,0.0
MAR12544,0.0,0.0,0.0
MAR12545,0.0,0.0,0.0
MAR12546,0.0,0.0,0.0
MAR12547,0.0,0.0,0.0
MAR12548,0.0,0.0,0.0
MAR12549,0.0,0.0,0.0
MAR12550,0.0,0.0,0.0
MAR12551,0.0,0.0,0.0
MAR12552,0.0,0.0,0.0
MAR12553,0.0,0.0,0.0
MAR12554,0.0,0.0,0.0
MAR12555,0.0,0.0,0.0
MAR12556,0.0,0.0,0.0
MAR12557,0.0,0.0,0.0
MAR12558,0.0,0.0,0.0
MAR12559,0.0,0.0,0.0
MAR12560,0.0,0.0,0.0
MAR12561,0.0,0.0,0.0
MAR12562,0.0,0.0,0.0
MAR12563,0.0,0.0,0.0
MAR12564,0.0,0.0,0.0
MAR12565,0.0,0.0,0.0
MAR12566,0.0,0.0,0.0
MAR12567,0.0,0.0,0.0
MAR12568,0.0,0.0,0.0
MAR12569,0.0,0.0,0.0
MAR12570,0.0,0.0,0.0
MAR12571,0.0,0.0,0.0
MAR12572,0.0,0.0,0.0
MAR12573,0.0,0.0,0.0
MAR12574,0.0,0.0,0.0
MAR12575,0.0,0.0,0.0
MAR12576,0.0,0.0,0.0
MAR12577,0.0,0.0,0.0
MAR12578,0.0,0.0,0.0
MAR12579,0.0,0.0,0.0
MAR12580,0.0,0.0,0.0
MAR12581,0.0,0.0,0.0
MAR12582,0.0,0.0,0.0
MAR12583,0.0,0.0,0.0
MAR12584,0.0,0.0,0.0
MAR12585,0.0,0.0,0.0
MAR12586,0.0,0.0,0.0
MAR12587,0.0,0.0,0.0
MAR12588,0.0,0.0,0.0
MAR12589,0.0,0.0,0.0
MAR12590,0.0,0.0,0.0
MAR12591,0.0,0.0,0.0
MAR12592,0.0,0.0,0.0
MAR12593,0.0,0.0,0.0
MAR12594,0.0,0.0,0.0
MAR12595,0.0,0.0,0.0
MAR12596,0.0,0.0,0.0
MAR12597,0.0,0.0,0.0
MAR12598,0.0,0.0,0.0
MAR12599,0.0,0.0,0.0
MAR12600,0.0,0.0,0.0
MAR12601,0.0,0.0,0.0
MAR12602,0.0,0.0,0.0
MAR12603,0.0,0.0,0.0
MAR12604,0.0,0.0,0.0
MAR12605,0.0,0.0,0.0
MAR12606,0.0,0.0,0.0
MAR12607,0.0,0.0,0.0
MAR12608,0.0,0.0,0.0
MAR12609,0.0,0.0,0.0
MAR12610,0.0,0.0,0.0
MAR12611,0.0,0.0,0.0
MAR12612,0.0,0.0,0.0
MAR12613,0.0,0.0,0.0
MAR12614,0.0,0.0,0.0
MAR12615,0.0,0.0,0.0
MAR12616,0.0,0.0,0.0
MAR12617,0.0,0.0,0.0
MAR12618,0.0,0.0,0.0
MAR12619,0.0,0.0,0.0
MAR12620,0.0,0.0,0.0
MAR12621,0.0,0.0,0.0
MAR12622,0.0,0.0,0.0
MAR12623,0.0,0.0,0.0
MAR12624,0.0,0.0,0.0
MAR12625,0.0,0.0,0.0
MAR12626,0.0,0.0,0.0
MAR12627,0.0,0.0,0.0
MAR12628,0.0,0.0,0.0
MAR12629,0.0,0.0,0.0
MAR12630,0.0,0.0,0.0
MAR12631,0.0,0.0,0.0
MAR12632,0.0,0.0,0.0
MAR12633,0.0,0.0,0.0
MAR12634,0.0,0.0,0.0
MAR12635,0.0,0.0,0.0
MAR12636,0.0,0.0,0.0
MAR12637,0.0,0.0,0.0
MAR12638,0.0,0.0,0.0
MAR12639,0.0,0.0,0.0
MAR12640,0.0,0.0,0.0
MAR12641,0.0,0.0,0.0
MAR12642,0.0,0.0,0.0
MAR12643,0.0,0.0,0.0
MAR12644,0.0,0.0,0.0
MAR12645,0.0,0.0,0.0
MAR12646,0.0,0.0,0.0
MAR12647,0.0,0.0,0.0
MAR12648,0.0,0.0,0.0
MAR12649,0.0,0.0,0.0
MAR12650,0.0,0.0,0.0
MAR12651,0.0,0.0,0.0
MAR12652,0.0,0.0,0.0
MAR12653,0.0,0.0,0.0
MAR12654,0.0,0.0,0.0
MAR12655,0.0,0.0,0.0
MAR12656,0.0,0.0,0.0
MAR12657,0.0,0.0,0.0
MAR12658,0.0,0.0,0.0
MAR12659,0.0,0.0,0.0
MAR12660,0.0,0.0,0.0
MAR12661,0.0,0.0,0.0
MAR12662,0.0,0.0,0.0
MAR12663,0.0,0.0,0.0
MAR12664,0.0,0.0,0.0
MAR12665,0.0,0.0,0.0
MAR12666,0.0,0.0,0.0
MAR12667,0.0,0.0,0.0
MAR12668,0.0,0.0,0.0
MAR12669,0.0,0.0,0.0
MAR12670,0.0,0.0,0.0
MAR12671,0.0,0.0,0.0
MAR12672,0.0,0.0,0.0
MAR12673,0.0,0.0,0.0
MAR12674,0.0,0.0,0.0
MAR12675,0.0,0.0,0.0
MAR12676,0.0,0.0,0.0
MAR12677,0.0,0.0,0.0
MAR12678,0.0,0.0,0.0
MAR12679,0.0,0.0,0.0
MAR12680,0.0,0.0,0.0
MAR12681,0.0,0.0,0.0
MAR12682,0.0,0.0,0.0
MAR12683,0.0,0.0,0.0
MAR12684,0.0,0.0,0.0
MAR12685,0.0,0.0,0.0
MAR12686,0.0,0.0,0.0
MAR12687,0.0,0.0,0.0
MAR12688,0.0,0.0,0.0
MAR12689,0.0,0.0,0.0
MAR12690,0.0,0.0,0.0
MAR12691,0.0,0.0,0.0
MAR12692,0.0,0.0,0.0
MAR12693,0.0,0.0,0.0
MAR12694,0.0,0.0,0.0
MAR12695,0.0,0.0,0.0
MAR12696,0.0,0.0,0.0
MAR12697,0.0,0.0,0.0
MAR12698,0.0,0.0,0.0
MAR12699,0.0,0.0,0.0
MAR12700,0.0,0.0,0.0
MAR12701,0.0,0.0,0.0
MAR12702,0.0,0.0,0.0
MAR12703,0.0,0.0,0.0
MAR12704,0.0,0.0,0.0
MAR12705,0.0,0.0,0.0
MAR12706,0.0,0.0,0.0
MAR12707,0.0,0.0,0.0
MAR12708,0.0,0.0,0.0
MAR12709,0.0,0.0,0.0
MAR12710,0.0,0.0,0.0
MAR12711,0.0,0.0,0.0
MAR12712,0.0,0.0,0.0
MAR12713,0.0,0.0,0.0
MAR12714,0.0,0.0,0.0
MAR12715,0.0,0.0,0.0
MAR12716,0.0,0.0,0.0
MAR12717,0.0,0.0,0.0
MAR12718,0.0,0.0,0.0
MAR12719,0.0,0.0,0.0
MAR12720,0.0,0.0,0.0
MAR12721,0.0,0.0,0.0
MAR12722,0.0,0.0,0.0
MAR12723,0.0,0.0,0.0
MAR12724,0.0,0.0,0.0
MAR12725,0.0,0.0,0.0
MAR12726,0.0,0.0,0.0
MAR12727,0.0,0.0,0.0
MAR12728,0.0,0.0,0.0
MAR12729,0.0,0.0,0.0
MAR12730,0.0,0.0,0.0
MAR12731,0.0,0.0,0.0
MAR12732,0.0,0.0,0.0
MAR12733,0.0,0.0,0.0
MAR12734,0.0,0.0,0.0
MAR12735,0.0,0.0,0.0
MAR12736,0.0,0.0,0.0
MAR12737,0.0,0.0,0.0
MAR12738,0.0,0.0,0.0
MAR12739,0.0,0.0,0.0
MAR12740,0.0,0.0,0.0
MAR12741,0.0,0.0,0.0
MAR12742,0.0,0.0,0.0
MAR12743,0.0,0.0,0.0
MAR12744,0.0,0.0,0.0
MAR12745,0.0,0.0,0.0
MAR12746,0.0,0.0,0.0
MAR12747,0.0,0.0,0.0
MAR12748,0.0,0.0,0.0
MAR12749,0.0,0.0,0.0
MAR12750,0.0,0.0,0.0
MAR12751,0.0,0.0,0.0
MAR12752,0.0,0.0,0.0
MAR12753,0.0,0.0,0.0
MAR12754,0.0,0.0,0.0
MAR12755,0.0,0.0,0.0
MAR12756,0.0,0.0,0.0
MAR12757,0.0,0.0,0.0
MAR12758,0.0,0.0,0.0
MAR12759,0.0,0.0,0.0
MAR12760,0.0,0.0,0.0
MAR12761,0.0,0.0,0.0
MAR12762,0.0,0.0,0.0
MAR12763,0.0,0.0,0.0
MAR12764,0.0,0.0,0.0
MAR12765,0.0,0.0,0.0
MAR12766,0.0,0.0,0.0
MAR12767,0.0,0.0,0.0
MAR12768,0.0,0.0,0.0
MAR12769,0.0,0.0,0.0
MAR12770,0.0,0.0,0.0
MAR12771,0.0,0.0,0.0
MAR12772,0.0,0.0,0.0
MAR12773,0.0,0.0,0.0
MAR12774,0.0,0.0,0.0
MAR12775,0.0,0.0,0.0
MAR12776,0.0,0.0,0.0
MAR12777,0.0,0.0,0.0
MAR12778,0.0,0.0,0.0
MAR12779,0.0,0.0,0.0
MAR12780,0.0,0.0,0.0
MAR12781,0.0,0.0,0.0
MAR12782,0.0,0.0,0.0
MAR12783,0.0,0.0,0.0
MAR12784,0.0,0.0,0.0
MAR12785,0.0,0.0,0.0
MAR12786,0.0,0.0,0.0
MAR12787,0.0,0.0,0.0
MAR12788,0.0,0.0,0.0
MAR12789,0.0,0.0,0.0
MAR12790,0.0,0.0,0.0
MAR12791,0.0,0.0,0.0
MAR12792,0.0,0.0,0.0
MAR12793,0.0,0.0,0.0
MAR12794,0.0,0.0,0.0
MAR12795,0.0,0.0,0.0
MAR12796,0.0,0.0,0.0
MAR12797,0.0,0.0,0.0
MAR12798,0.0,0.0,0.0
MAR12799,0.0,0.0,0.0
MAR12800,0.0,0.0,0.0
MAR12801,0.0,0.0,0.0
MAR12802,0.0,0.0,0.0
MAR12803,0.0,0.0,0.0
MAR12804,0.0,0.0,0.0
MAR12805,0.0,0.0,0.0
MAR12806,0.0,0.0,0.0
MAR12807,0.0,0.0,0.0
MAR12808,0.0,0.0,0.0
MAR12809,0.0,0.0,0.0
MAR12810,0.0,0.0,0.0
MAR12811,0.0,0.0,0.0
MAR12812,0.0,0.0,0.0
MAR12813,0.0,0.0,0.0
MAR12814,0.0,0.0,0.0
MAR12815,0.0,0.0,0.0
MAR12816,0.0,0.0,0.0
MAR12817,0.0,0.0,0.0
MAR12818,0.0,0.0,0.0
MAR12819,0.0,0.0,0.0
MAR12820,0.0,0.0,0.0
MAR12821,0.0,0.0,0.0
MAR12822,0.0,0.0,0.0
MAR12823,0.0,0.0,0.0
MAR12824,0.0,0.0,0.0
MAR12825,0.0,0.0,0.0
MAR12826,0.0,0.0,0.0
MAR12827,0.0,0.0,0.0
MAR12828,0.0,0.0,0.0
MAR12829,0.0,0.0,0.0
MAR12830,0.0,0.0,0.0
MAR12831,0.0,0.0,0.0
MAR12832,0.0,0.0,0.0
MAR12833,0.0,0.0,0.0
MAR12834,0.0,0.0,0.0
MAR12835,0.0,0.0,0.0
MAR12836,0.0,0.0,0.0
MAR12837,0.0,0.0,0.0
MAR12838,0.0,0.0,0.0
MAR12839,0.0,0.0,0.0
MAR12840,0.0,0.0,0.0
MAR12841,0.0,0.0,0.0
MAR12842,0.0,0.0,0.0
MAR12843,0.0,0.0,0.0
MAR12844,0.0,0.0,0.0
MAR12845,0.0,0.0,0.0
MAR12846,0.0,0.0,0.0
MAR12847,0.0,0.0,0.0
MAR12848,0.0,0.0,0.0
MAR12849,0.0,0.0,0.0
MAR12850,0.0,0.0,0.0
MAR12851,0.0,0.0,0.0
MAR12852,0.0,0.0,0.0
MAR12853,0.0,0.0,0.0
MAR12854,0.0,0.0,0.0
MAR12855,0.0,0.0,0.0
MAR12856,0.0,0.0,0.0
MAR12857,0.0,0.0,0.0
MAR12858,0.0,0.0,0.0
MAR12859,0.0,0.0,0.0
MAR12860,0.0,0.0,0.0
MAR12861,0.0,0.0,0.0
MAR12862,0.0,0.0,0.0
MAR12863,0.0,0.0,0.0
MAR12864,0.0,0.0,0.0
MAR12865,0.0,0.0,0.0
MAR12866,0.0,0.0,0.0
MAR12867,0.0,0.0,0.0
MAR12868,0.0,0.0,0.0
MAR12869,0.0,0.0,0.0
MAR12870,0.0,0.0,0.0
MAR12871,0.0,0.0,0.0
MAR12872,0.0,0.0,0.0
MAR12873,0.0,0.0,0.0
MAR12874,0.0,0.0,0.0
MAR12875,0.0,0.0,0.0
MAR12876,0.0,0.0,0.0
MAR12877,0.0,0.0,0.0
MAR12878,0.0,0.0,0.0
MAR12879,0.0,0.0,0.0
MAR12880,0.0,0.0,0.0
MAR12881,0.0,0.0,0.0
MAR12882,0.0,0.0,0.0
MAR12883,0.0,0.0,0.0
MAR12884,0.0,0.0,0.0
MAR12885,0.0,0.0,0.0
MAR12886,0.0,0.0,0.0
MAR12887,0.0,0.0,0.0
MAR12888,0.0,0.0,0.0
MAR12889,0.0,0.0,0.0
MAR12890,0.0,0.0,0.0
MAR12891,0.0,0.0,0.0
MAR12892,0.0,0.0,0.0
MAR12893,0.0,0.0,0.0
MAR12894,0.0,0.0,0.0
MAR12895,0.0,0.0,0.0
MAR12896,0.0,0.0,0.0
MAR12897,0.0,0.0,0.0
MAR12898,0.0,0.0,0.0
MAR12899,0.0,0.0,0.0
MAR12900,0.0,0.0,0.0
MAR12901,0.0,0.0,0.0
MAR12902,0.0,0.0,0.0
MAR12903,0.0,0.0,0.0
MAR12904,0.0,0.0,0.0
MAR12905,0.0,0.0,0.0
MAR12906,0.0,0.0,0.0
MAR12907,0.0,0.0,0.0
MAR12908,0.0,0.0,0.0
MAR12909,0.0,0.0,0.0
MAR12910,0.0,0.0,0.0
MAR12911,0.0,0.0,0.0
MAR12912,0.0,0.0,0.0
MAR12913,0.0,0.0,0.0
MAR12914,0.0,0.0,0.0
MAR12915,0.0,0.0,0.0
MAR12916,0.0,0.0,0.0
MAR12917,0.0,0.0,0.0
MAR12918,0.0,0.0,0.0
MAR12919,0.0,0.0,0.0
MAR12920,0.0,0.0,0.0
MAR12921,0.0,0.0,0.0
MAR12922,0.0,0.0,0.0
MAR12923,0.0,0.0,0.0
MAR12924,0.0,0.0,0.0
MAR12925,0.0,0.0,0.0
MAR12926,0.0,0.0,0.0
MAR12927,0.0,0.0,0.0
MAR12928,0.0,0.0,0.0
MAR12929,0.0,0.0,0.0
MAR12930,0.0,0.0,0.0
MAR12931,0.0,0.0,0.0
MAR12932,0.0,0.0,0.0
MAR12933,0.0,0.0,0.0
MAR12934,0.0,0.0,0.0
MAR12935,0.0,0.0,0.0
MAR12936,0.0,0.0,0.0
MAR12937,0.0,0.0,0.0
MAR12938,0.0,0.0,0.0
MAR12939,0.0,0.0,0.0
MAR12940,0.0,0.0,0.0
MAR12941,0.0,0.0,0.0
MAR12942,0.0,0.0,0.0
MAR12943,0.0,0.0,0.0
MAR12944,0.0,0.0,0.0
MAR12945,0.0,0.0,0.0
MAR12946,0.0,0.0,0.0
MAR12947,0.0,0.0,0.0
MAR12948,0.0,0.0,0.0
MAR12949,0.0,0.0,0.0
MAR12950,0.0,0.0,0.0
MAR12951,0.0,0.0,0.0
MAR12952,0.0,0.0,0.0
MAR12953,0.0,0.0,0.0
MAR12954,0.0,0.0,0.0
MAR12955,0.0,0.0,0.0
MAR12956,0.0,0.0,0.0
MAR12957,0.0,0.0,0.0
MAR12958,0.0,0.0,0.0
MAR12959,0.0,0.0,0.0
MAR12960,0.0,0.0,0.0
MAR12961,0.0,0.0,0.0
MAR12962,0.0,0.0,0.0
MAR12963,0.0,0.0,0.0
MAR12964,0.0,0.0,0.0
MAR12965,0.0,0.0,0.0
MAR12966,0.0,0.0,0.0
MAR12967,0.0,0.0,0.0
MAR12968,0.0,0.0,0.0
MAR12969,0.0,0.0,0.0
MAR12970,0.0,0.0,0.0
MAR12971,0.0,0.0,0.0
MAR12972,0.0,0.0,0.0
MAR12973,0.0,0.0,0.0
MAR12974,0.0,0.0,0.0
MAR12975,0.0,0.0,0.0
MAR12976,0.0,0.0,0.0
MAR12977,0.0,0.0,0.0
MAR12978,0.0,0.0,0.0
MAR12979,0.0,0.0,0.0
MAR12980,0.0,0.0,0.0
MAR12981,0.0,0.0,0.0
MAR12982,0.0,0.0,0.0
MAR12983,0.0,0.0,0.0
MAR12984,0.0,0.0,0.0
MAR12985,0.0,0.0,0.0
MAR12986,0.0,0.0,0.0
MAR12987,0.0,0.0,0.0
MAR12988,0.0,0.0,0.0
MAR12989,0.0,0.0,0.0
MAR12990,0.0,0.0,0.0
MAR12991,0.0,0.0,0.0
MAR12992,0.0,0.0,0.0
MAR12993,0.0,0.0,0.0
MAR12994,0.0,0.0,0.0
MAR12995,0.0,0.0,0.0
MAR12996,0.0,0.0,0.0
MAR12997,0.0,0.0,0.0
MAR12998,0.0,0.0,0.0
MAR12999,0.0,0.0,0.0
MAR13000,0.0,0.0,0.0
MAR13001,0.0,0.0,0.0
MAR13002,0.0,0.0,0.0
MAR13003,0.0,0.0,0.0
MAR13004,0.0,0.0,0.0
MAR13005,0.0,0.0,0.0
MAR13006,0.0,0.0,0.0
MAR13007,0.0,0.0,0.0
MAR13008,0.0,0.0,0.0
MAR13009,0.0,0.0,0.0
MAR13010,0.0,0.0,0.0
MAR13011,0.0,0.0,0.0
MAR13012,0.0,0.0,0.0
MAR13013,0.0,0.0,0.0
MAR13014,0.0,0.0,0.0
MAR13015,0.0,0.0,0.0
MAR13016,0.0,0.0,0.0
MAR13017,0.0,0.0,0.0
MAR13018,0.0,0.0,0.0
MAR13019,0.0,0.0,0.0
MAR13020,0.0,0.0,0.0
MAR13021,0.0,0.0,0.0
MAR13022,0.0,0.0,0.0
MAR13023,0.0,0.0,0.0
MAR13024,0.0,0.0,0.0
MAR13025,0.0,0.0,0.0
MAR13026,0.0,0.0,0.0
MAR13027,0.0,0.0,0.0
MAR13028,0.0,0.0,0.0
MAR13029,0.0,0.0,0.0
MAR13030,0.0,0.0,0.0
MAR13031,-0.003723354903902215,-2.149144358835388,0.0
MAR13032,0.0,0.0,0.0
MAR13033,0.0,0.0,0.0
MAR13034,0.0,0.0,0.0
MAR13035,0.0,0.0,0.0
MAR13036,0.0,0.0,0.0
MAR13037,0.0,0.0,0.0
MAR13038,0.0,0.0,0.0
MAR13039,-0.03739796797395913,-4.735900317071413,-5.431288897839105
MAR13040,0.0001014202074491322,0.0,0.013228871747635868
MAR13041,-0.000739203441945399,0.0,0.0
MAR13042,4.1579570569368014e-05,0.00046662547241733043,0.00468836365936704
MAR13043,6.050492962625562e-06,0.0004689469921806006,0.000745556704101805
MAR13044,-1.0866723378061957e-05,-6.732407313484042e-05,-0.0001295782177571931
MAR13045,0.0007541073314079835,0.0,0.0007768115227396262
MAR13046,-0.000774103507907512,0.0,0.0007768115227396262
MAR13047,5.9905870917084776e-06,0.00046430395265406,0.0
MAR13048,6.0804458980841024e-06,-1.7769936843669147e-18,0.0007768115227396262
MAR13049,-0.000774103507907512,0.00047126851194387076,-0.0012548221205656823
MAR13050,6.0804458980841024e-06,0.00047126851194387076,0.0007768115227396262
MAR13051,-0.000774103507907512,-1.7769936843669147e-18,0.0007768115227396262
MAR13052,0.0,0.0,-0.0005984004973245134
MAR13053,6.050492962625562e-06,0.0004689469921806006,-0.0012860769392035035
MAR13054,-0.000774373084326639,0.0,0.0004955181549992341
MAR13055,-1.1076393926271753e-05,-8.357471147773253e-05,-0.0003483619482219428
MAR13056,-0.000774103507907512,0.0,0.0007768115227396262
MAR13057,-0.000774103507907512,0.0,0.0007768115227396262
MAR13058,-5.156801051772972e-07,0.0,-0.00019507231419153395
MAR13059,-0.000774103507907512,0.0,-0.005318089407176298
MAR13060,6.0804458980841024e-06,0.00047126851194387076,0.0007768115227396262
MAR13061,-7.627486213617493e-06,-1.7769936843669147e-18,0.0010417489743331633
MAR13062,-0.000774103507907512,0.0,-0.0012548221205656808
MAR13063,-9.998088249764226e-06,-1.7769936843669147e-18,0.0007768115227396262
MAR13064,0.0,0.0,0.0
MAR13065,0.0,0.0,0.0
MAR13066,-0.055756630182881635,0.0,0.0
MAR13067,0.0,0.0,0.0
MAR13068,0.0,0.0,0.0
MAR13069,0.0,0.0,0.0
MAR13070,0.0,0.0,0.0
MAR13071,0.0,0.0,0.0
MAR13072,0.0,0.0,0.0
MAR13073,0.0,0.0,0.0
MAR13074,0.0,0.0,0.0
MAR13075,0.0,-4.422432902276984,0.0
MAR13076,0.0,0.0,0.0
MAR13077,0.0,0.0,0.0
MAR13078,0.0,0.0,0.0
MAR13079,0.0,0.0,0.0
MAR13080,0.0,0.0,0.0
MAR13081,1.160981817814957,1.2133740063422798,11.64814522729035
MAR10023,20.454831182554056,17.23677382865775,46.36176024227925
MAR10024,20.454831182554056,17.23677382865775,46.36176024227925
MAR10025,0.0,0.0,0.0
MAR10026,0.5038212648844065,0.0,0.0
MAR10027,0.0,0.0,0.0
MAR10028,0.0,0.0,0.0
MAR10029,0.0,0.0,0.0
MAR10030,0.0,0.0,0.0
MAR10031,0.0,0.0,0.0
MAR10033,-1.9504598845139902,-17.75964152767463,-19.111145767642668
MAR10034,0.0,0.0,0.0
MAR10035,0.0,0.0,0.0
MAR10036,1.91026354914437,16.581470247814952,14.032061659379403
MAR10037,0.0,0.0,0.0
MAR10038,0.0,0.0,0.0
MAR10039,0.0,0.0,0.0
MAR10040,0.0,0.0,0.0
MAR10041,0.0,0.0,0.0
MAR10042,0.0,0.0,0.0
MAR10043,0.0,0.0,0.0
MAR10044,0.0,0.0,0.0
MAR10045,0.0,0.0,0.0
MAR10046,0.0,0.0,0.19727268367409373
MAR10047,0.0,0.0,0.19727268367409373
MAR10048,0.0,0.0,0.0
MAR10049,0.0,0.0,0.0
MAR10050,0.0,0.0,0.0
MAR10051,0.0,0.0,0.0
MAR10052,0.0,0.0,0.0
MAR10053,0.19848406892849335,0.0,0.0
MAR10054,0.0,0.0,0.0
MAR10055,0.0,0.0,0.0
MAR10056,0.0,0.0,0.0
MAR10057,0.0,0.0,0.0
MAR10058,0.0,0.0,0.0
MAR10059,0.0,0.0,0.0
MAR10060,0.0,0.0,0.0
MAR10061,0.0,0.0,0.0
MAR10062,109.17766143688227,92.00128031046073,247.45589529316555
MAR10063,4.524608657580957,3.8127743708990947,10.255221365592174
MAR10064,9.889910876764885,8.33398014615602,22.415911077142017
MAR10065,0.024545797419064864,0.020684128594389298,0.0556341122907351
MAR13082,20.454831182554056,17.23677382865775,46.36176024227925
MAR10066,0.0,0.0,0.0
MAR10067,0.0,0.0,0.0
MAR10068,0.0,0.0,0.0
MAR10069,0.0,0.0,0.0
MAR10070,0.0,0.0,0.0
MAR10071,0.0,0.0,0.0
MAR10072,0.0,0.0,0.0
MAR10073,0.0,0.0,0.0
MAR10074,0.0,0.0,0.0
MAR10075,0.0,0.0,0.0
MAR10076,0.0,0.0,0.0
MAR10077,0.0,0.0,0.0
MAR10078,0.0,0.0,0.0
MAR10079,0.0,0.0,0.0
MAR10080,0.0,0.0,0.0
MAR10081,0.0,0.0,0.0
MAR10082,0.0,0.0,0.0
MAR10083,0.0,0.0,0.0
MAR10084,0.0,0.0,0.0
MAR10085,0.0,0.0,0.0
MAR10086,0.0,0.0,0.0
MAR10087,0.0,0.0,0.0
MAR10088,0.0,0.0,0.0
MAR10089,0.0,0.0,0.0
MAR10090,0.0,0.0,0.0
MAR10091,0.0,0.0,0.0
MAR10092,0.0,0.0,0.0
MAR10093,0.0,0.0,0.0
MAR10094,0.0,0.0,0.0
MAR10095,0.0,0.0,0.0
MAR10096,0.0,0.0,0.0
MAR10097,0.0,0.0,0.0
MAR10098,0.0,0.0,0.0
MAR10099,0.0,0.0,0.0
MAR10100,0.0,0.0,0.0
MAR10101,0.0,0.0,0.0
MAR10102,0.0,0.0,0.0
MAR10103,0.0,0.0,0.0
MAR10104,0.0,0.0,0.0
MAR10105,0.0,0.0,0.0
MAR10106,0.0,0.0,0.0
MAR10107,0.0,0.0,0.0
MAR10108,0.0,0.0,0.0
MAR10109,0.0,0.0,0.0
MAR10110,0.0,0.0,0.0
MAR10111,0.0,0.0,0.0
MAR10112,0.0,0.0,0.0
MAR10113,0.0,0.0,0.0
MAR10114,0.0,0.0,0.0
MAR10115,0.0,0.0,0.0
MAR10116,0.0,0.0,0.0
MAR10117,0.0,0.0,0.0
MAR10118,0.0,0.0,0.0
MAR10119,0.0,0.0,0.0
MAR10120,0.0,0.0,0.0
MAR10121,0.0,0.0,0.0
MAR10122,0.0,0.0,0.0
MAR10123,0.0,0.0,0.0
MAR10124,0.0,0.0,0.0
MAR10125,0.0,0.0,0.0
MAR10126,0.0,0.0,0.0
MAR10127,0.0,0.0,0.0
MAR10128,0.0,0.0,0.0
MAR10129,0.0,0.0,0.0
MAR10130,0.0,0.0,0.0
MAR10131,0.0,0.0,0.0
MAR10132,0.0,0.0,0.0
MAR13083,0.0,0.0,0.0
MAR13084,0.0,0.0,0.0
MAR13085,0.0,0.0,0.0
MAR13086,2.2991230249190755,1.937413378341131,7.939049216685658
