,Sample_1,Sample_2,Sample_3
MAR03905,0.0,0.0,0.0
MAR03907,0.0,0.0,0.0
MAR04097,0.0,0.0,0.0
MAR04099,0.0,0.0,0.0
MAR04108,0.0,0.0,0.0
MAR04133,0.0,0.0,0.0
MAR04137,0.0,0.0,0.0
MAR04281,-11.128799850799588,-7.0812567596258,-50.76723476366179
MAR04388,-197.512737084906,-146.888424736345,-445.570931758849
MAR04283,0.0,0.0,0.0
MAR08357,0.0,0.0,0.0
MAR04379,0.0,0.0,0.0
MAR04301,0.0,0.0,0.0
MAR04355,0.0,0.0,0.0
MAR04358,0.0,0.0,0.0
MAR04360,0.0,0.0,0.0
MAR04363,-240.651597116471,-187.548911460688,-343.363269247156
MAR04365,-48.8205784774498,-35.1336540767511,-99.655944928946
MAR04368,-223.159590175772,-150.805555509879,-338.90281258462056
MAR04370,0.0,0.0,0.0
MAR04371,0.01246128770472379,0.0105008149841566,0.028244047957198915
MAR04372,0.0,0.0,0.0
MAR04373,-244.3253057436903,-177.2963510894442,-414.42086538363503
MAR04375,-0.890398778217907,-0.654239076652694,-1.67383862550051
MAR04377,0.0,0.0,0.0
MAR04381,-72.3865913625077,-62.620566581529,-97.7966931468941
MAR04391,-98.0563528708542,-68.7303297807305,-243.584737602138
MAR04394,0.0,0.0,0.0
MAR04396,-16.476781864664,-11.4784119735002,-17.6672528302482
MAR04521,0.0,0.0,0.0
MAR06410,0.0,0.0,0.0
MAR06412,0.0,0.0,0.0
MAR07745,0.0,0.0,0.0
MAR07747,0.0,0.0,0.0
MAR08360,0.0,0.0,0.0
MAR08652,0.0,0.0,0.0
MAR08757,0.0,0.0,0.0
MAR03989,0.0,0.0,0.0
MAR04122,0.0,0.0,0.0
MAR04837,0.0,0.0,0.0
MAR05395,0.0,0.0,0.0
MAR05396,0.0,0.0,0.0
MAR09727,0.0,0.0,0.0
MAR05397,0.0,0.0,0.0
MAR05398,0.0,0.0,0.0
MAR05399,0.0,0.0,0.0
MAR05400,0.0,0.0,0.0
MAR05401,0.0,0.0,0.0
MAR08568,-3.939244057017884e-34,0.0,0.0
MAR08569,0.0,0.0,0.0
MAR08570,0.0,0.0,0.0
MAR08571,0.0,0.0,0.0
MAR08572,0.0,0.0,0.0
MAR08573,0.0,0.0,0.0
MAR08574,0.0,0.0,0.0
MAR08575,0.0,0.0,0.0
MAR08576,0.0,0.0,0.0
MAR08577,0.0,0.0,0.0
MAR08578,1.941301789642705e-32,0.0,0.0
MAR08579,0.0,0.0,0.0
MAR08581,0.0,0.0,0.0
MAR08591,0.0,0.0,0.0
MAR08592,0.0,0.0,0.0
MAR08580,0.0,0.0,0.0
MAR08582,0.0,0.0,0.0
MAR08587,0.0,0.0,0.0
MAR08589,0.0,0.0,0.0
MAR08583,0.0,0.0,0.0
MAR08584,0.0,0.0,0.0
MAR08585,0.0,0.0,0.0
MAR03944,0.0,0.0,0.0
MAR04128,-19.6382313305519,-15.084845737772,-19.3499133351967
MAR04130,0.0,0.0,0.0
MAR04131,-3.0319810421645115,-2.92482539510966,-7.205995927909179
MAR04132,0.0,0.0,0.0
MAR04303,0.0,0.0,0.0
MAR04414,0.0,0.0,0.0
MAR04415,0.0,0.0,0.0
MAR04416,0.0,0.0,0.0
MAR04774,-68.3869230466733,-79.2188369753322,-34.3737428993156
MAR04775,-68.3869230466733,-79.2188369753322,-34.373742899315594
MAR04831,-999.9999999999994,-1000.0,-1000.0
MAR04832,-1.44195765310668,-1.13391179621013,-0.808431811024703
MAR07674,0.0,0.0,0.0
MAR08761,0.0,0.0,0.0
MAR08762,0.0,0.0,-7.166386442787194e-15
MAR08764,0.0,0.0,0.0
MAR08766,-77.10433542164391,-65.96768533723021,-102.10887253289528
MAR08767,0.0,0.0,0.0
MAR00454,0.0,0.0,0.0
MAR04297,0.0,0.0,0.0
MAR04310,0.0,0.0,0.0
MAR04315,-13.4191646791673,-10.2898437124087,-20.4787833636696
MAR04316,-1000.0,-1000.0,-1000.0
MAR04317,0.0,0.0,0.0
MAR04318,0.0,0.0,0.0
MAR04319,0.0,0.0,0.0
MAR04320,0.0,0.0,0.0
MAR04356,0.0,0.0,0.0
MAR04383,-10.4865185084395,-8.47600149336366,-5.66723797564381
MAR04385,0.0,0.0,0.0
MAR04386,0.0,0.0,0.0
MAR04387,0.0,0.0,0.0
MAR04399,0.0,0.0,0.0
MAR04400,0.0,0.0,0.0
MAR04401,-0.9224262330140206,-0.6605229805213697,-0.5551305233189602
MAR04402,-6.177434222512527e-16,1.5818909637117742e-13,7.575850609998858e-17
MAR04403,0.0,0.0,0.0
MAR04490,0.0,0.0,0.0
MAR04706,0.0,0.0,0.0
MAR08768,0.0,0.0,0.0
MAR04590,0.0,0.0,0.0
MAR04591,0.0,0.0,0.0
MAR04592,-999.9999999999998,-1000.0,-1000.0
MAR04593,0.0,0.0,0.0
MAR04594,0.0,0.0,0.0
MAR04595,-2.4874725206116,-1.86808930924321,-4.12870624993733
MAR08341,0.0,0.0,0.0
MAR08342,-13.2673327646135,-12.030827051161797,-12.7433545470085
MAR08344,-13.2673327646135,-12.0308270511618,-12.7433545470085
MAR08352,-5.38394624356047,-1.67991342692744,-3.22067812824687
MAR08353,-5.383946243559938,-1.6799134269274407,-3.22067812824691
MAR08726,0.0,0.0,0.0
MAR08727,0.0,0.0,0.0
MAR08728,0.0,0.0,0.0
MAR08729,0.0,0.0,0.0
MAR06537,-13.2673327646135,-12.0308270511618,-12.7433545470085
MAR01568,0.0,0.0,0.0
MAR03853,0.0,0.0,0.0
MAR03854,0.0,0.0,0.0
MAR03855,0.0,0.0,0.0
MAR03857,0.0,0.0,0.0
MAR03859,0.0,0.0,0.0
MAR04087,0.0,0.0,0.0
MAR04089,0.0,0.0,0.0
MAR04091,0.0,0.0,0.0
MAR04093,0.0,0.0,0.0
MAR04095,0.0,0.0,0.0
MAR04101,0.0,0.0,0.0
MAR04103,0.0,0.0,0.0
MAR04143,0.0,0.0,0.0
MAR04193,0.0,0.0,0.0
MAR08497,0.0,0.0,0.0
MAR08498,0.0,0.0,0.0
MAR08499,0.0,0.0,0.0
MAR08500,0.0,0.0,0.0
MAR08501,0.0,0.0,0.0
MAR08502,-5.55464353796558,-6.764577264655889,-11.216398605668061
MAR08503,0.0,0.0,0.0
MAR08504,0.0,0.0,0.0
MAR08506,0.0,0.0,0.0
MAR08507,0.0,0.0,0.0
MAR08508,0.0,0.0,0.0
MAR08509,0.0,0.0,0.0
MAR08511,0.0,0.0,0.0
MAR08512,-30.224513913851148,-21.25241258226106,-76.96442354792876
MAR08514,0.0,0.0,0.0
MAR08516,0.0,0.0,0.0
MAR08517,0.0,0.0,0.0
MAR04280,-197.512737084906,-146.888424736345,-445.570931758849
MAR00153,0.0,0.0,0.0
MAR03212,0.0,0.0,0.0
MAR03797,-29.1170866256886,-18.6602342758037,-43.0322639232188
MAR03800,0.0,0.0,0.0
MAR04105,0.0,0.0,0.0
MAR04106,0.0,0.0,0.0
MAR04107,0.0,0.0,0.0
MAR04282,0.0,0.0,0.0
MAR04331,-29.1170866256886,-18.6602342758037,-43.0322639232188
MAR04459,0.0,0.0,0.0
MAR04460,-29.117086625688597,-18.660234275803695,-43.03226392321879
MAR04464,0.0,0.0,0.0
MAR04497,0.0,0.0,0.0
MAR04741,0.0,0.0,0.0
MAR08078,0.0,0.0,0.0
MAR09803,-0.429197128285194,-0.48363321731605585,-0.5811744581280989
MAR09804,-10.015686765521469,-6.353239113318956,-7.931936910998554
MAR00718,0.0,0.0,0.0
MAR00719,0.0,0.0,0.0
MAR01434,-11.1679878079792,-4.31661827284554,-18.4897382997191
MAR01436,0.0,0.0,0.0
MAR03163,0.0,0.0,0.0
MAR04461,-8.6265542106289,-7.26177387203454,-20.9076575693296
MAR04604,0.0,0.0,0.0
MAR05351,-6.47680251643379,-4.02435027760594,-11.4633449048206
MAR07709,-11.09561060951956,-6.883306445726251,-4.75073117402702
MAR04052,0.0,0.0,0.0
MAR04304,0.0,0.0,0.0
MAR04306,-4.06059423118148,-2.97404269921667,-18.73630051358065
MAR04350,-4.23988938126789,-3.14524018448131,-4.1614795468304
MAR04351,-4.96147461863748,-5.07591119603593,-6.31940216707908
MAR04352,-4.96147461863748,-5.07591119603593,-6.31940216707908
MAR04354,-16.476781864664,-11.4784119735002,-17.6672528302482
MAR04398,-3.63760456804118,-2.01311747018002,-11.1148169091035
MAR04404,-6.205210878943289,-6.009955850657535,-8.38375529204764
MAR04473,0.0,0.0,0.0
MAR04474,0.0,0.0,0.0
MAR04476,-34.99699220318973,-31.917335392526876,-59.2921574403145
MAR04477,-8.35801432197145,-7.32443321286091,-22.2497305008556
MAR04501,-6.205210878944038,-6.009955850657535,-8.38375529204761
MAR04565,-6.205210878943279,-6.009955850657536,-8.383755292047745
MAR04567,-68.38692304667326,-79.2188369753322,-34.37374289931571
MAR04568,-68.3869230466733,-79.2188369753322,-34.3737428993156
MAR09799,0.0,0.0,0.0
MAR09800,0.0,0.0,0.0
MAR04623,0.0,0.0,0.0
MAR04625,0.0,0.0,0.0
MAR04710,-7.877493949309069,-3.43346594198121,-15.276296455933899
MAR04841,-12.1717332302958,-5.27762744888289,-5.92092726485228
MAR08074,0.0,0.0,0.0
MAR08653,-14.379532092052393,-6.26399440807111,-7.955314183633719
MAR03998,0.0,0.0,0.0
MAR04000,0.0,0.0,0.0
MAR04002,-30.3738774949272,-21.9514398505819,-40.3999968192769
MAR04004,-30.3738774949272,-21.9514398505819,-40.3999968192769
MAR04010,0.0,0.0,0.0
MAR04081,0.0,0.0,0.0
MAR04082,0.0,0.0,0.0
MAR04012,0.0,0.0,0.0
MAR04014,0.0,0.0,0.0
MAR04020,-16.2839490400557,-15.3265631936978,-28.5756991096802
MAR04022,-1.7260479769777284e-16,0.0,-6.904191907910913e-16
MAR04038,-8.206253233508209,-6.106029168055369,-27.8034832088331
MAR04040,0.0,0.0,0.0
MAR04042,0.0,0.0,0.0
MAR04046,0.0,0.0,0.0
MAR04048,0.0,0.0,0.0
MAR04080,0.0,0.0,0.0
MAR04085,-8.29474259017222,-5.26553585895541,-10.1139203153452
MAR04086,-8.29474259017222,-5.26553585895541,-10.1139203153452
MAR04134,0.0,0.0,0.0
MAR04135,1.4090329178635361e-15,8.020056908262572e-16,7.514842228605526e-15
MAR04168,0.0,0.0,0.0
MAR04171,0.0,0.0,0.0
MAR04290,0.0,0.0,0.0
MAR04406,0.0,0.0,0.0
MAR04412,-6.29192257720373,-3.962838170920233,-8.35293410437418
MAR04417,0.0,0.0,0.0
MAR04418,-4.82724312611114,-2.4624497482842,-24.8243077286823
MAR04419,0.0,0.0,0.0
MAR04421,0.0,0.0,0.0
MAR04449,0.0,0.0,0.0
MAR04450,0.0,0.0,0.0
MAR04451,0.0,0.0,7.514842228605526e-15
MAR04452,-4.82724312611114,-2.4624497482842,-24.8243077286823
MAR04453,0.0,0.0,0.0
MAR04480,-76.2745895340371,-61.8076376010573,-47.7064637983222
MAR04481,0.0,0.0,0.0
MAR04482,0.0,0.0,0.0
MAR04486,0.0,0.0,0.0
MAR04487,0.0,0.0,0.0
MAR04488,0.0,0.0,0.0
MAR04489,0.0,0.0,0.0
MAR04492,0.0,0.0,0.0
MAR04493,0.0,0.0,0.0
MAR04495,0.0,0.0,0.0
MAR04496,0.0,0.0,0.0
MAR04518,0.0,0.0,0.0
MAR04519,0.0,0.0,0.0
MAR04520,0.0,0.0,0.0
MAR04573,0.0,0.0,0.0
MAR04574,-3.92454614386937,-4.76598304904958,-17.7601689195955
MAR04600,0.0,0.0,0.0
MAR04602,0.0,0.0,0.0
MAR04603,-3.92454614386937,-4.76598304904958,-17.7601689195955
MAR04611,0.0,0.0,0.0
MAR04612,0.0,0.0,0.0
MAR04614,0.0,0.0,0.0
MAR04615,0.0,0.0,0.0
MAR04617,0.0,0.0,0.0
MAR04618,0.0,0.0,0.0
MAR04619,0.0,0.0,0.0
MAR04621,0.0,0.0,0.0
MAR04632,0.0,0.0,0.0
MAR04646,0.0,0.0,0.0
MAR04648,0.0,0.0,0.0
MAR04649,0.0,0.0,0.0
MAR04650,0.0,0.0,0.0
MAR04651,-3.92454614386937,-4.76598304904958,-17.7601689195955
MAR04663,-3.92454614386937,-4.76598304904958,-17.7601689195955
MAR04664,0.0,0.0,0.0
MAR04694,0.0,0.0,0.0
MAR04695,-3.92454614386937,-4.76598304904958,-17.7601689195955
MAR04705,0.0,0.0,0.0
MAR04709,-3.92454614386937,-4.76598304904958,-17.7601689195955
MAR04799,0.0,0.0,0.0
MAR04802,0.0,0.0,0.0
MAR04804,-6.29192257720369,-4.767847745140085,-4.97876628879559
MAR04808,8.194856909059518e-16,-7.277701017559937e-15,3.609894896639549e-17
MAR04810,0.0,0.0,0.0
MAR04812,-6.29192257720373,-4.76784774514009,-4.978766288795604
MAR04814,-8.20625323350821,-6.10602916805537,-27.8034832088331
MAR05301,0.0,0.0,0.0
MAR05353,-13.128012912448625,-10.050996722346285,-28.5756991096802
MAR06601,0.0,0.0,0.0
MAR06602,-1000.0000000000042,-999.9999999999955,-1000.0000000000005
MAR06603,-1000.0,-1000.0,-1000.0
MAR06605,-1000.0,-1000.0,-1000.0
MAR06606,-56.640128689464106,-49.430269693015745,-162.91220749196407
MAR06607,-1000.0,-1000.0,-1000.0000000000084
MAR06609,0.0,0.0,0.0
MAR06610,0.0,0.0,0.0
MAR06611,0.0,0.0,0.0
MAR07144,0.0,0.0,0.0
MAR08755,0.0,0.0,0.0
MAR09797,0.0,0.0,0.0
MAR04016,-5.23854790236503,-3.27161688810664,-10.3414560695646
MAR04018,-5.23854790236503,-3.27161688810664,-10.3414560695646
MAR04044,-5.23854790236503,-3.27161688810664,-10.3414560695646
MAR04291,-5.23854790236503,-3.27161688810664,-10.3414560695646
MAR04420,0.0,0.0,0.0
MAR04570,-5.23854790236503,-3.27161688810664,-10.3414560695646
MAR04572,0.0,0.0,0.0
MAR04006,-5.23854790236503,-3.27161688810664,-10.3414560695646
MAR04028,-5.23854790236503,-3.27161688810664,-10.3414560695646
MAR04030,-5.23854790236503,-3.27161688810664,-10.3414560695646
MAR04670,-5.23854790236503,-3.27161688810664,-10.3414560695646
MAR04673,-5.23854790236503,-3.27161688810664,-10.3414560695646
MAR04675,0.0,0.0,0.0
MAR06614,-5.23854790236503,-3.27161688810664,-10.3414560695646
MAR06615,-5.23854790236503,-3.27161688810664,-10.341456069564604
MAR06616,-5.23854790236503,-3.27161688810664,-10.3414560695646
MAR04635,-5.23854790236503,-3.27161688810664,-10.3414560695646
MAR03793,-755.6810659195056,-691.4301342238763,-916.0577110360761
MAR03931,0.0,0.0,0.0
MAR03969,0.0,0.0,0.0
MAR03970,0.0,0.0,0.0
MAR04008,-36.5501286451273,-27.5617893475849,-72.5361684337279
MAR04032,0.0,0.0,0.0
MAR04034,0.0,0.0,0.0
MAR04036,0.0,0.0,0.0
MAR04050,-7.76265938016978,-6.77710664702012,-11.1217457162701
MAR04056,0.0,0.0,0.0
MAR04059,0.0,0.0,0.0
MAR04060,0.0,0.0,0.0
MAR04127,0.0,0.0,0.0
MAR04177,0.0,0.0,0.0
MAR04179,0.0,0.0,0.0
MAR04182,0.0,0.0,0.0
MAR04183,0.0,0.0,0.0
MAR04192,0.0,0.0,0.0
MAR04194,0.0,0.0,0.0
MAR04210,0.0,0.0,0.0
MAR04211,0.0,0.0,0.0
MAR04343,0.0,0.0,0.0
MAR04345,-1000.0,-1000.0,-1000.0
MAR04346,0.0,0.0,0.0
MAR04470,0.0,0.0,0.0
MAR04471,0.0,0.0,0.0
MAR04472,0.0,0.0,0.0
MAR04484,0.0,0.0,0.0
MAR04485,-3.92454614386937,-4.76598304904958,-17.7601689195955
MAR04510,0.0,0.0,0.0
MAR04512,-36.5501286451273,-27.5617893475849,-72.5361684337279
MAR04513,0.0,0.0,0.0
MAR04514,0.0,0.0,0.0
MAR04577,-6.83921454584329,-6.88568593389442,-22.288342309702
MAR04579,-2.74423386114846,-2.39877486058096,-4.35238804407707
MAR04580,0.0,0.0,0.0
MAR04608,-3.3990724516224993,-3.8629863625736305,-4.423935126387911
MAR04575,-3.35654583485241,-3.82715024794516,-4.3275467087562
MAR04637,-4.80828109890072,-3.32936213079742,-17.671233356434
MAR04642,0.0,0.0,0.0
MAR04643,0.0,0.0,0.0
MAR04644,-6.1813742430595,-4.89130163566321,-9.05059395600998
MAR04672,0.0,0.0,0.0
MAR04676,0.0,0.0,0.0
MAR04736,0.0,0.0,0.0
MAR04819,0.0,0.0,0.0
MAR05299,0.0,0.0,0.0
MAR05352,0.0,0.0,0.0
MAR05415,0.0,0.0,0.0
MAR05416,0.0,0.0,0.0
MAR05417,0.0,0.0,0.0
MAR06612,-4.80828109890072,-3.32936213079742,-17.671233356434
MAR06613,-0.6621548223584341,-0.5637482897131022,-1.3859478694516352
MAR06621,-16.6959512821554,-7.13718797263815,-63.6516460006689
MAR06622,0.0,0.0,0.0
MAR06623,0.0,0.0,0.0
MAR06624,0.0,0.0,0.0
MAR06627,-152.57272602813586,-132.10171780433734,-245.48474543169397
MAR07744,0.0,0.0,0.0
MAR08072,0.0,0.0,0.0
MAR08637,0.0,0.0,0.0
MAR03965,0.0,0.0,0.0
MAR03966,0.0,0.0,0.0
MAR03967,-36.5501286451273,-27.5617893475849,-72.5361684337279
MAR03968,-4.80828109890072,-3.32936213079742,-17.671233356434
MAR03999,0.0,0.0,0.0
MAR04024,-36.5501286451273,-27.5617893475849,-72.5361684337279
MAR04026,-5.238547902365031,-3.27161688810664,-10.341456069564625
MAR04054,0.0,0.0,0.0
MAR04061,0.0,0.0,0.0
MAR04083,0.0,0.0,0.0
MAR04136,0.0,0.0,0.0
MAR04180,0.0,0.0,0.0
MAR04185,0.0,0.0,0.0
MAR04186,0.0,0.0,0.0
MAR04342,0.0,0.0,0.0
MAR04344,-1000.0,-1000.0,-1000.0
MAR04483,0.0,0.0,0.0
MAR04507,0.0,0.0,0.0
MAR04516,0.0,0.0,0.0
MAR04601,0.0,0.0,0.0
MAR04633,0.0,0.0,0.0
MAR04640,0.0,0.0,0.0
MAR04641,0.0,0.0,0.0
MAR04680,-2.74423386114846,-2.39877486058096,-4.35238804407707
MAR04806,0.0,0.0,0.0
MAR05394,0.0,0.0,0.0
MAR06625,0.0,0.0,0.0
MAR06626,0.0,0.0,0.0
MAR07160,0.4915295933167754,0.41419967510264644,1.1140730986219698
MAR07161,2.0692107224271745,1.743672040507021,4.6899556661089665
MAR07162,0.0,0.0,0.0
MAR07163,0.0,0.0,0.0
MAR07164,0.0,0.0,0.0
MAR07713,0.0,0.0,0.0
MAR07716,0.0,0.0,0.0
MAR07717,0.0,0.0,0.0
MAR07721,0.0,0.0,0.0
MAR07725,0.0,0.0,0.0
MAR07728,0.0,0.0,0.0
MAR07800,-584.4171082536142,-470.9258950633662,-708.7483871858046
MAR07801,-16.8602702561918,-13.8777869723466,-40.3999968192769
MAR07802,-77.9250595696093,-62.90492028313712,-49.633420354722816
MAR07863,-36.5501286451273,-27.5617893475849,-72.5361684337279
MAR07864,-36.5501286451273,-27.5617893475849,-72.5361684337279
MAR07865,-36.5501286451273,-27.5617893475849,-72.5361684337279
MAR07866,-36.5501286451273,-27.5617893475849,-72.5361684337279
MAR07867,-36.5501286451273,-27.5617893475849,-72.5361684337279
MAR07868,-36.5501286451273,-27.5617893475849,-72.5361684337279
MAR07869,-36.5501286451273,-27.5617893475849,-72.5361684337279
MAR07870,-36.5501286451273,-27.5617893475849,-72.5361684337279
MAR07871,-36.5501286451273,-27.5617893475849,-72.5361684337279
MAR07872,-36.5501286451273,-27.5617893475849,-72.5361684337279
MAR07873,-36.5501286451273,-27.5617893475849,-72.5361684337279
MAR07874,-36.5501286451273,-27.5617893475849,-72.5361684337279
MAR07875,0.0,0.0,0.0
MAR07876,-36.5501286451273,-27.5617893475849,-72.5361684337279
MAR07878,-5.23854790236503,-3.27161688810664,-10.3414560695646
MAR07879,0.0,0.0,0.0
MAR07880,0.0,0.0,0.0
MAR07881,-5.238547902365028,-3.2716168881066396,-10.341456069564611
MAR07882,-109.65038593538192,-82.68536804275469,-217.6085053011837
MAR07883,0.0,0.0,0.0
MAR07884,-142.501760672548,-108.04229747302314,-265.85292290136715
MAR07885,-109.65038593538189,-82.68536804275467,-217.60850530118367
MAR07886,-5.23854790236503,-3.27161688810664,-10.3414560695646
MAR07887,-147.4816370037644,-128.95436081875718,-235.47751129171635
MAR07888,-109.6503859353819,-82.68536804275469,-217.6085053011837
MAR07889,-7.902764334692892,-4.2665715042390975,-12.495211099185324
MAR07890,1.3635333974396753e-15,0.0,0.0
MAR07891,-117.8565335275844,-88.96120078261268,-235.8243044093468
MAR07892,-115.55108866010536,-86.52073322057443,-229.33590924019992
MAR07893,-341.74880388156777,-277.82973857329813,-617.0046966449928
MAR07894,0.0,0.0,0.0
MAR07895,0.0,0.0,0.0
MAR08083,0.0,0.0,0.0
MAR08085,0.0,0.0,0.0
MAR08087,0.0,0.0,0.0
MAR08443,0.0,0.0,0.0
MAR08444,0.0,0.0,0.0
MAR08445,0.0,0.0,0.0
MAR08446,0.0,0.0,0.0
MAR08448,-36.5501286451273,-27.5617893475849,-72.5361684337279
MAR08449,-36.5501286451273,-27.5617893475849,-72.5361684337279
MAR08450,-36.5501286451273,-27.5617893475849,-72.5361684337279
MAR08451,-36.5501286451273,-27.5617893475849,-72.5361684337279
MAR08452,-36.5501286451273,-27.5617893475849,-72.5361684337279
MAR08453,-36.5501286451273,-27.5617893475849,-72.5361684337279
MAR08454,-36.5501286451273,-27.5617893475849,-72.5361684337279
MAR08455,-36.5501286451273,-27.5617893475849,-72.5361684337279
MAR08456,-36.5501286451273,-27.5617893475849,-72.5361684337279
MAR08457,-36.5501286451273,-27.5617893475849,-72.5361684337279
MAR08458,-36.5501286451273,-27.5617893475849,-72.5361684337279
MAR08459,-36.5501286451273,-27.5617893475849,-72.5361684337279
MAR08460,-36.5501286451273,-27.5617893475849,-72.5361684337279
MAR08461,-921.4746158449784,-738.3369914656103,-1000.0
MAR08462,-36.5501286451273,-27.5617893475849,-72.5361684337279
MAR08463,-36.5501286451273,-27.5617893475849,-72.5361684337279
MAR08464,-36.5501286451273,-27.5617893475849,-72.5361684337279
MAR08465,-36.5501286451273,-27.5617893475849,-72.5361684337279
MAR08466,-36.5501286451273,-27.5617893475849,-72.5361684337279
MAR08467,-36.5501286451273,-27.5617893475849,-72.5361684337279
MAR08468,-36.5501286451273,-27.5617893475849,-72.5361684337279
MAR08469,-36.5501286451273,-27.5617893475849,-72.5361684337279
MAR08470,-36.5501286451273,-27.5617893475849,-72.5361684337279
MAR08471,-36.5501286451273,-27.5617893475849,-72.5361684337279
MAR08472,-36.5501286451273,-27.5617893475849,-72.5361684337279
MAR08473,0.0,0.0,0.0
MAR08474,0.0,0.0,0.0
MAR08477,-7.14918132228527,-4.42243290227698,-17.2918338618624
MAR08478,-7.14918132228527,-4.42243290227698,-25.5764530351894
MAR08479,-7.14918132228527,-4.42243290227698,-25.5764530351894
MAR08480,0.0,0.0,0.0
MAR08481,-2.8754156187821014,-2.206670013431359,-5.67547077196366
MAR08482,0.0,0.0,0.0
MAR08483,0.0,0.0,0.0
MAR08484,0.0,0.0,0.0
MAR08485,0.0,4.451730948778553e-15,0.0
MAR08486,-3.92454614386937,-4.76598304904958,-17.7601689195955
MAR08487,0.0,0.0,0.0
MAR08488,0.0,0.0,0.0
MAR08489,0.0,0.0,0.0
MAR08493,0.0,0.0,0.0
MAR08494,0.0,0.0,0.0
MAR08495,0.0,0.0,0.0
MAR03802,-11.4816941141582,-5.97545599825873,-26.0437313959517
MAR03804,-11.4816941141582,-5.97545599825873,-26.0437313959517
MAR03811,0.0,0.0,0.0
MAR03813,-6.79245233012531,-5.98526147384374,-6.2336845011555
MAR03822,0.0,0.0,0.0
MAR03827,-12.3854598786455,-14.3476267595166,-51.528635025549
MAR03829,-9.82243437585003,-5.83200849315568,-15.8646625392536
MAR03831,0.0,0.0,0.0
MAR03862,0.0,0.0,0.0
MAR03865,0.0,0.0,0.0
MAR03870,0.0,0.0,0.0
MAR03873,0.0,0.0,0.0
MAR08654,0.0,0.0,0.0
MAR03890,0.0,0.0,0.0
MAR03892,0.0,0.0,0.0
MAR09802,0.0,0.0,0.0
MAR03899,-1000.0,-1000.0,-1000.0
MAR03903,0.0,0.0,0.0
MAR04109,-9.81753798770315,-9.19258659536836,-29.2047021132926
MAR04114,0.0,0.0,0.0
MAR04115,0.0,0.0,0.0
MAR04118,0.0,0.0,0.0
MAR04172,0.0,0.0,0.0
MAR04196,0.0,0.0,0.0
MAR04197,0.0,0.0,0.0
MAR04287,0.0,0.0,0.0
MAR04690,0.0,0.0,0.0
MAR04693,-0.678793910729254,-0.316837170153698,-1.29313153878667
MAR06780,0.0,0.0,0.0
MAR06968,0.0,0.0,0.0
MAR06969,-1.91851890575,-1.35856210966438,-0.946712392500676
MAR06970,-1000.0000000000024,-1000.0000000000009,-999.9999999999993
MAR06971,0.0,0.0,0.0
MAR06972,0.0,0.0,0.0
MAR07641,0.0,0.0,0.0
MAR07642,-8.32634122630596,-6.03703199552237,-17.4906662269299
MAR08626,0.0,0.0,0.0
MAR08628,0.0,0.0,0.0
MAR03806,-2.80001288296277,-1.66701041726186,-8.22057914044471
MAR03807,-11.4247115896473,-8.33507938893715,-48.3806522307034
MAR03809,-22.951328429097156,-14.328496835136004,-77.18073153240944
MAR03816,0.0,0.0,0.0
MAR03819,-2.80001288296277,-1.66701041726186,-8.22057914044471
MAR03820,-2.80001288296277,-1.66701041726186,-8.22057914044471
MAR03832,0.0,0.0,0.0
MAR03833,0.0,0.0,0.0
MAR03835,0.0,0.0,0.0
MAR03837,0.0,0.0,0.0
MAR03838,-22.651703563760766,-10.9768996997711,-46.32138081301623
MAR03895,0.0,0.0,0.0
MAR03897,0.0,0.0,0.0
MAR03956,0.0,0.0,0.0
MAR03993,0.0,0.0,0.0
MAR04073,0.0,0.0,0.0
MAR04075,0.0,0.0,0.0
MAR04077,0.0,0.0,0.0
MAR04190,-1000.0,-1000.0,-1000.0
MAR04191,0.0,0.0,0.0
MAR04212,0.0,0.0,0.0
MAR04422,0.0,0.0,0.0
MAR04423,0.0,0.0,0.0
MAR04424,0.0,0.0,0.0
MAR04583,-188.62914800325046,-113.64249576217844,-162.23360644717525
MAR04605,0.0,0.0,0.0
MAR04606,0.0,0.0,0.0
MAR04607,0.0,0.0,0.0
MAR04776,0.0,0.0,0.0
MAR04777,0.0,0.0,0.0
MAR04778,0.0,0.0,0.0
MAR04779,0.0,0.0,0.0
MAR04780,0.0,0.0,0.0
MAR04781,0.0,0.0,0.0
MAR04784,0.0,0.0,0.0
MAR04785,0.0,0.0,0.0
MAR04786,0.0,0.0,0.0
MAR04787,0.0,0.0,-3.1769819473153685e-15
MAR05384,0.0,2.3187643072303464e-16,0.0
MAR06929,0.0,0.0,0.0
MAR06930,0.0,0.0,0.0
MAR06931,0.0,0.0,0.0
MAR06932,0.0,0.0,0.0
MAR06933,0.0,0.0,0.0
MAR06934,0.0,0.0,0.0
MAR06935,0.0,0.0,0.0
MAR06936,0.0,0.0,0.0
MAR06938,-0.6736719068133719,-1.0154927161797598,-3.6665716117913205
MAR06939,0.0,0.0,0.0
MAR06940,-1000.0,-1000.0,-1000.0
MAR06941,0.0,0.0,0.0
MAR06942,0.0,0.0,0.0
MAR06943,0.0,0.0,0.0
MAR06944,0.0,0.0,0.0
MAR06945,0.0,0.0,0.0
MAR06946,0.0,0.0,0.0
MAR06947,0.0,0.0,0.0
MAR06948,0.0,0.0,0.0
MAR06949,0.0,0.0,0.0
MAR06950,0.0,0.0,0.0
MAR06951,0.0,0.0,0.0
MAR06952,0.0,0.0,0.0
MAR06953,0.0,0.0,0.0
MAR06954,0.0,0.0,0.0
MAR06955,0.0,0.0,0.0
MAR06956,0.0,0.0,0.0
MAR06957,0.0,0.0,0.0
MAR06958,0.0,0.0,0.0
MAR06959,0.0,0.0,0.0
MAR06960,0.0,0.0,0.0
MAR06961,0.0,0.0,0.0
MAR06962,0.0,0.0,0.0
MAR06963,0.0,0.0,0.0
MAR06964,0.0,0.0,0.0
MAR06965,-61.7220202755486,-54.674507012226904,-72.28194514412304
MAR06966,-61.722020275548694,-54.6745070122269,-72.28194514412304
MAR06967,0.0,0.0,0.0
MAR06973,0.0,0.0,0.0
MAR08096,-2.8000128829627706,-1.66701041726186,-8.220579140444695
MAR08097,-2.80001288296277,-1.66701041726186,-8.22057914044471
MAR08098,0.0,0.0,0.0
MAR08416,0.0,0.0,0.0
MAR08425,-999.9999999999976,-1000.0,-1000.0
MAR08426,0.0,0.0,0.0
MAR08427,-72.9279769987881,-43.4535319580826,-36.9009246798306
MAR08431,0.0,0.0,0.0
MAR08432,0.0,0.0,0.0
MAR08603,0.0,0.0,0.0
MAR08604,0.0,0.0,0.0
MAR08605,0.0,0.0,0.0
MAR08606,0.0,0.0,0.0
MAR08607,0.0,0.0,0.0
MAR08608,0.0,0.0,0.0
MAR08609,0.0,0.0,0.0
MAR08610,0.0,0.0,0.0
MAR08611,0.0,0.0,0.0
MAR04285,0.0,0.0,0.0
MAR00457,0.0,0.0,0.0
MAR00460,0.0,0.0,0.0
MAR03750,-21.18651872071384,-13.099644642248858,-24.337383885498035
MAR03752,-2.88598017647093,-2.56285482373986,-7.007772104704713
MAR03770,-8.02329993042713,-5.86850864293664,-11.9497139470198
MAR03771,-18.300538544242936,-10.536789818509,-17.32961178079329
MAR03772,-18.300538544242933,-10.536789818509002,-17.3296117807933
MAR03782,0.0,0.0,-1.3576048145878546e-14
MAR03784,-8.02329993042713,-5.86850864293664,-11.9497139470198
MAR03794,0.0,0.0,0.0
MAR03839,-15.738472086024002,-5.68042379859608,-22.1298259950405
MAR03841,-15.738472086024,-5.68042379859608,-22.1298259950405
MAR03843,0.0,0.0,0.0
MAR03845,-10.667689130063,-5.96833923963393,-19.4494412150204
MAR03847,-2.68673154038154,-1.8146334936572,-1.24788635303806
MAR03849,0.0,0.0,0.0
MAR03852,0.0,0.0,0.0
MAR03856,0.0,0.0,0.0
MAR03860,0.0,0.0,0.0
MAR03883,0.0,0.0,0.0
MAR03901,0.0,0.0,0.0
MAR03939,-12.2245921535127,-11.9584339037525,-30.5159087169205
MAR03974,0.0,0.0,0.0
MAR04198,0.0,0.0,0.0
MAR04199,-1000.0000000000002,-999.9999999999994,-1000.0000000000016
MAR04200,0.0,0.0,0.0
MAR04284,0.0,0.0,0.0
MAR04348,0.0,0.0,0.0
MAR04466,0.0,0.0,0.0
MAR04467,0.0,0.0,0.0
MAR04582,-4.29572076553192,-2.17412486075582,-12.8984407810043
MAR04584,-72.9279769987881,-43.4535319580826,-36.9009246798306
MAR04696,-1.647845055388158e-13,2.178137346445434e-12,0.0
MAR04697,0.0,0.0,0.0
MAR04698,0.0,0.0,0.0
MAR04699,0.0,0.0,0.0
MAR04700,-1.53601272667516,-3.76611813634643,-2.6481952803887
MAR04742,0.0,0.0,0.0
MAR04788,0.0,0.0,0.0
MAR04789,0.0,0.0,0.0
MAR04791,0.0,0.0,0.0
MAR04792,-16.461250949857252,-7.25336144611194,-27.59305139384143
MAR04937,0.0,0.0,0.0
MAR05392,0.0,0.0,0.0
MAR05393,0.0,0.0,0.0
MAR06409,-13.2024796861071,-11.3591364494756,-52.756790176907
MAR07702,-10.4274094552743,-7.57973243624754,-12.1516620912783
MAR07703,0.0,0.0,0.0
MAR08433,0.0,0.0,0.0
MAR08434,0.0,0.0,0.0
MAR08435,0.0,0.0,0.0
MAR08436,0.0,0.0,0.0
MAR08437,-13.202479686107102,-11.3591364494756,-52.75679017690701
MAR08439,0.0,0.0,0.0
MAR08440,-1.774865674533818e-14,0.0,0.0
MAR08441,0.0,0.0,0.0
MAR08442,0.0,0.0,0.0
MAR09718,0.0,0.0,0.0
MAR09486,0.0,0.0,0.0
MAR04426,0.0,0.0,0.0
MAR04428,0.0,0.0,0.0
MAR04429,0.0,0.0,0.0
MAR04430,0.0,0.0,0.0
MAR04431,0.0,0.0,0.0
MAR04437,0.0,0.0,0.0
MAR04658,-27.762578408841033,-13.194675442250679,-52.38941207525227
MAR04660,0.0,0.0,0.0
MAR04712,0.0,0.0,0.0
MAR05336,0.0,0.0,0.0
MAR05337,0.0,0.0,0.0
MAR05338,0.0,0.0,0.0
MAR05339,0.0,0.0,0.0
MAR05340,0.0,0.0,0.0
MAR08783,0.0,0.0,0.0
MAR08784,0.0,0.0,0.0
MAR08786,0.0,0.0,0.0
MAR04239,0.0,0.0,0.0
MAR04241,0.0,0.0,0.0
MAR04288,0.0,0.0,0.0
MAR04596,-6.28398092246202,-6.98695209970143,-10.1808702992629
MAR04597,-6.28398092246202,-6.98695209970143,-10.1808702992629
MAR04599,0.0,2.037492518429159e-13,-1.0124186426977188e-14
MAR04667,0.0,0.0,0.0
MAR04668,0.0,0.0,0.0
MAR04737,0.0,0.0,0.0
MAR04739,0.0,0.0,0.0
MAR04740,0.0,0.0,0.0
MAR06415,0.0,0.0,0.0
MAR06974,0.0,0.0,0.0
MAR06975,0.0,0.0,0.0
MAR06976,0.0,0.0,0.0
MAR06977,0.0,0.0,0.0
MAR06978,0.0,0.0,0.0
MAR06979,0.0,0.0,0.0
MAR06980,0.0,0.0,0.0
MAR06981,0.0,0.0,0.0
MAR06982,0.0,0.0,0.0
MAR06983,0.0,0.0,0.0
MAR06984,0.0,0.0,0.0
MAR06985,0.0,0.0,0.0
MAR08017,0.0,0.0,0.0
MAR08018,0.0,0.0,0.0
MAR08019,0.0,0.0,0.0
MAR08021,0.0,0.0,0.0
MAR08025,0.0,0.0,0.0
MAR08026,0.0,0.0,0.0
MAR08027,0.0,0.0,0.0
MAR08029,0.0,0.0,0.0
MAR03164,0.0,0.0,0.0
MAR03166,0.0,0.0,0.0
MAR03885,-2.39430316337912,-1.46466048050731,-15.7389319947956
MAR04250,0.0,0.0,0.0
MAR08091,0.0,0.0,0.0
MAR08092,0.0,0.0,0.0
MAR08563,0.0,0.0,0.0
MAR08564,0.0,0.0,0.0
MAR08565,0.0,0.0,0.0
MAR08566,0.0,0.0,0.0
MAR03935,-11.0301979665433,-6.74087428369401,-10.9592948691332
MAR04681,0.0,0.0,0.0
MAR04682,0.0,0.0,0.0
MAR04683,0.0,0.0,0.0
MAR04685,0.0,0.0,0.0
MAR04686,-12.1717332302958,-5.27762744888289,-5.92092726485228
MAR04687,-12.1717332302958,-5.27762744888289,-5.92092726485228
MAR04702,0.0,0.0,0.0
MAR04703,0.0,0.0,0.0
MAR04704,0.0,0.0,0.0
MAR06988,0.0,0.0,0.0
MAR07689,0.0,0.0,0.0
MAR07701,0.0,0.0,0.0
MAR08094,0.0,0.0,0.0
MAR08529,0.0,0.0,0.0
MAR08530,-11.030197966543296,-6.7408742836940085,-10.9592948691332
MAR08533,0.0,0.0,0.0
MAR08534,0.0,0.0,0.0
MAR08535,0.0,0.0,0.0
MAR08537,0.0,0.0,0.0
MAR08541,0.0,0.0,0.0
MAR08542,0.0,0.0,0.0
MAR08543,0.0,0.0,0.0
MAR08544,0.0,0.0,0.0
MAR08630,0.0,0.0,0.0
MAR08540,0.0,0.0,0.0
MAR09733,0.0,0.0,0.0
MAR09734,0.0,0.0,0.0
MAR03206,0.0,0.0,0.0
MAR03208,0.0,0.0,0.0
MAR03211,0.0,0.0,0.0
MAR03213,0.0,0.0,0.0
MAR03215,0.0,0.0,0.0
MAR03747,0.0,0.0,0.0
MAR03744,0.0,0.0,0.0
MAR03757,0.0,0.0,0.0
MAR03761,0.0,0.0,0.0
MAR03777,0.0,0.0,0.0
MAR03778,0.0,0.0,0.0
MAR03795,0.0,0.0,0.0
MAR04797,0.0,0.0,0.0
MAR06417,0.0,0.0,0.0
MAR06419,-1.0124186426977188e-14,0.0,0.0
MAR06420,0.0,0.0,0.0
MAR06421,0.0,0.0,0.0
MAR06422,0.0,0.0,0.0
MAR06923,0.0,0.0,0.0
MAR03765,0.0,0.0,0.0
MAR06924,0.0,0.0,0.0
MAR06925,0.0,0.0,0.0
MAR06926,0.0,0.0,0.0
MAR06927,0.0,0.0,0.0
MAR08088,0.0,0.0,0.0
MAR08787,0.0,0.0,0.0
MAR03743,0.0,0.0,0.0
MAR03940,0.0,0.0,0.0
MAR04214,0.0,0.0,0.0
MAR04216,0.0,0.0,0.0
MAR04218,0.0,0.0,0.0
MAR04219,0.0,0.0,0.0
MAR04220,-1000.0,-1000.0,-1000.0
MAR04222,-7.69768536360624,-6.98695209970143,-12.7491677027419
MAR04224,0.0,0.0,0.0
MAR04225,0.0,0.0,0.0
MAR04227,0.0,0.0,0.0
MAR04231,0.0,0.0,0.0
MAR04232,-1000.0000000000002,-999.9999999999999,-999.9999999999999
MAR04233,-2.312846659813629e-11,2.0747702417819463e-12,0.0
MAR04235,0.0,0.0,0.0
MAR04242,0.0,0.0,0.0
MAR04243,0.0,0.0,0.0
MAR04244,0.0,0.0,0.0
MAR04245,0.0,0.0,0.0
MAR04246,-7.69768536360624,-6.98695209970143,-12.7491677027419
MAR04248,0.0,0.0,0.0
MAR06707,0.0,0.0,0.0
MAR06708,0.0,0.0,0.0
MAR06709,0.0,0.0,0.0
MAR06710,0.0,0.0,0.0
MAR06711,0.0,0.0,0.0
MAR06712,0.0,0.0,0.0
MAR06713,0.0,-8.563106298197119e-16,0.0
MAR06714,0.0,0.0,0.0
MAR06715,0.0,0.0,0.0
MAR06716,-5.643716075940474e-16,-3.106636936734286e-16,0.0
MAR06717,0.0,0.0,0.0
MAR06718,0.0,0.0,0.0
MAR06719,0.0,0.0,0.0
MAR06720,0.0,0.0,0.0
MAR06721,0.0,-6.831547892866156e-17,0.0
MAR06722,0.0,0.0,0.0
MAR06723,0.0,0.0,0.0
MAR06725,-12.3854598786455,-14.3476267595166,-51.528635025549
MAR06726,0.0,0.0,0.0
MAR06727,0.0,0.0,0.0
MAR06728,0.0,0.0,0.0
MAR06729,0.0,0.0,0.0
MAR06730,0.0,0.0,0.0
MAR06731,0.0,0.0,0.0
MAR06734,-1000.0,-1000.0,-1000.0
MAR06735,0.0,0.0,0.0
MAR06736,0.0,0.0,0.0
MAR06737,0.0,0.0,0.0
MAR06738,-999.9999999999982,-999.9999999999991,-1000.0000000000026
MAR06739,0.0,0.0,0.0
MAR06740,0.0,0.0,0.0
MAR06741,0.0,0.0,0.0
MAR06742,-0.8410413598537455,-0.5432307302600925,-3.082494729242084
MAR06743,0.0,0.0,0.0
MAR06744,0.0,0.0,0.0
MAR06745,0.0,0.0,0.0
MAR06746,0.0,0.0,0.0
MAR06747,0.0,0.0,0.0
MAR06748,0.0,0.0,0.0
MAR06749,0.0,0.0,0.0
MAR06750,0.0,0.0,0.0
MAR06751,0.0,0.0,0.0
MAR06752,0.0,0.0,0.0
MAR06753,0.0,0.0,0.0
MAR06754,0.0,0.0,0.0
MAR06755,-14.363285999856,-10.55525489776578,-11.841854529704543
MAR06756,-20.9550014095,-10.555254897765781,-11.841854529704563
MAR06757,0.0,0.0,0.0
MAR06758,0.0,0.0,0.0
MAR06759,0.0,0.0,0.0
MAR06760,0.0,0.0,0.0
MAR06761,0.0,0.0,0.0
MAR06762,0.0,0.0,0.0
MAR06763,0.0,0.0,0.0
MAR06764,0.0,0.0,0.0
MAR06765,-1000.0,-1000.0,-1000.0
MAR06766,0.0,0.0,0.0
MAR06767,0.0,0.0,0.0
MAR06768,0.0,0.0,0.0
MAR06770,0.0,0.0,0.0
MAR06771,0.0,0.0,0.0
MAR06772,0.0,0.0,0.0
MAR06774,0.0,0.0,0.0
MAR06776,0.0,0.0,0.0
MAR06778,0.0,0.0,0.0
MAR06782,0.0,0.0,0.0
MAR06783,0.0,0.0,0.0
MAR06784,0.0,0.0,0.0
MAR06785,0.0,0.0,0.0
MAR06786,0.0,0.0,0.0
MAR06787,0.0,0.0,0.0
MAR06788,0.0,0.0,0.0
MAR06789,4.976028248002666e-16,0.0,0.0
MAR06790,0.0,0.0,0.0
MAR06791,0.0,0.0,0.0
MAR06792,0.0,0.0,0.0
MAR06798,0.0,0.0,0.0
MAR06799,0.0,0.0,0.0
MAR06800,0.0,0.0,0.0
MAR06801,0.0,0.0,0.0
MAR06802,0.0,0.0,0.0
MAR06803,0.0,0.0,0.0
MAR06806,0.0,0.0,0.0
MAR06807,-999.9999999999993,-999.9999999999998,-1000.0000000000002
MAR06808,0.0,0.0,0.0
MAR06811,-16.68743916866976,-21.268809422253373,-25.163769760985993
MAR06813,0.0,0.0,0.0
MAR06814,0.0,0.0,0.0
MAR06815,0.0,0.0,0.0
MAR06817,-7.06668149204833,-5.19533362519982,-11.8994002640224
MAR06818,0.0,0.0,0.0
MAR06819,0.0,0.0,0.0
MAR06820,0.0,0.0,0.0
MAR06822,0.0,0.0,0.0
MAR06823,0.0,0.0,0.0
MAR06824,0.0,0.0,0.0
MAR06826,-1000.0,-1000.0,-1000.0000000000001
MAR06827,0.0,0.0,0.0
MAR06828,0.0,0.0,0.0
MAR06829,0.0,0.0,0.0
MAR06830,0.0,0.0,0.0
MAR06831,0.0,0.0,0.0
MAR06834,-1000.0,-1000.0,-1000.0
MAR06835,0.0,0.0,0.0
MAR06836,0.0,0.0,0.0
MAR06837,0.0,0.0,0.0
MAR06838,0.0,0.0,0.0
MAR06839,0.0,0.0,0.0
MAR06840,0.0,0.0,0.0
MAR06841,-0.8410413598537498,-0.5432307302600989,-3.0824947292420535
MAR06842,0.0,0.0,0.0
MAR06843,0.0,0.0,0.0
MAR06844,0.0,0.0,0.0
MAR06845,0.0,0.0,0.0
MAR06848,0.0,0.0,0.0
MAR06849,-2.3890098707482048e-15,-5.25072487191233e-15,0.0
MAR06850,0.0,0.0,0.0
MAR06851,0.0,0.0,0.0
MAR06854,-1000.0,-1000.0,-1000.0
MAR06855,0.0,0.0,0.0
MAR06874,0.0,0.0,0.0
MAR06875,-1000.0,-1000.0,-1000.0
MAR06876,-1000.0,-1000.0,-1000.0
MAR06877,-1000.0,-1000.0,-1000.0
MAR06878,0.0,0.0,0.0
MAR06879,0.0,0.0,0.0
MAR06880,0.0,0.0,0.0
MAR06881,0.0,0.0,0.0
MAR06882,0.0,0.0,0.0
MAR06883,-16.687439168671382,-21.268809422251167,-25.163769760985996
MAR06885,0.0,0.0,0.0
MAR06886,0.0,0.0,0.0
MAR06888,0.0,0.0,0.0
MAR06889,0.0,0.0,0.0
MAR07628,0.0,0.0,0.0
MAR07756,0.0,0.0,0.0
MAR08539,0.0,0.0,0.0
MAR08794,0.0,0.0,0.0
MAR08795,0.0,0.0,0.0
MAR08796,0.0,0.0,0.0
MAR03875,0.0,0.0,0.0
MAR03877,0.0,0.0,0.0
MAR03879,0.0,0.0,0.0
MAR03881,0.0,0.0,0.0
MAR03912,0.0,0.0,0.0
MAR03917,0.0,0.0,0.0
MAR03919,-1000.0,-1000.0,-1000.0
MAR03920,-11.423662495499,-11.4973296375051,-37.8333744312608
MAR03922,0.0,0.0,0.0
MAR03928,0.0,0.0,0.0
MAR03995,-16.563274039794,-12.7624810030533,-101.169090369111
MAR03996,-1000.0,-1000.0,-1000.0
MAR04072,0.0,0.0,0.0
MAR04189,0.0,0.0,0.0
MAR04302,0.0,0.0,0.0
MAR04323,0.0,0.0,0.0
MAR05381,0.0,0.0,0.0
MAR05385,-1.5251426872970063e-14,0.0,2.0523904432333445e-15
MAR05386,0.0,0.0,0.0
MAR05387,0.0,0.0,0.0
MAR05388,0.0,0.0,0.0
MAR05389,0.0,0.0,0.0
MAR05390,0.0,0.0,0.0
MAR05391,0.0,0.0,0.0
MAR05418,-1.26605214434442,-0.873125346541068,-1.20987650096239
MAR05419,-1.26605214434442,-0.873125346541068,-1.20987650096239
MAR06515,0.0,0.0,0.0
MAR06518,0.0,0.0,0.0
MAR06519,-6.47680251643379,-4.02435027760594,-11.4633449048206
MAR06520,0.0,0.0,0.0
MAR06523,0.0,0.0,0.0
MAR08062,0.0,0.0,0.0
MAR08066,-12.3854598786455,-14.3476267595166,-51.528635025549
MAR08067,-12.3854598786455,-14.3476267595166,-51.528635025549
MAR08068,-12.385459878645502,-14.347626759516602,-51.52863502554922
MAR08069,-12.3854598786455,-14.3476267595166,-51.528635025549
MAR08641,0.0,0.0,0.0
MAR08682,-1000.0,-1000.0,-1000.0
MAR08683,0.0,0.0,0.0
MAR08684,0.0,0.0,0.0
MAR08685,0.0,0.0,0.0
MAR03868,0.0,0.0,0.0
MAR03869,0.0,0.0,0.0
MAR03889,0.0,0.0,0.0
MAR03933,-11.030197966543298,-6.740874283694009,-10.959294869132888
MAR03937,0.0,0.0,0.0
MAR04116,0.0,0.0,0.0
MAR04120,0.0,0.0,0.0
MAR04121,0.0,0.0,0.0
MAR04175,0.0,0.0,0.0
MAR04176,0.0,0.0,0.0
MAR04324,0.0,0.0,0.0
MAR04326,0.0,0.0,0.0
MAR04328,0.0,0.0,0.0
MAR04329,0.0,0.0,0.0
MAR04708,0.0,0.0,0.0
MAR08769,0.0,0.0,0.0
MAR08770,0.0,0.0,0.0
MAR08771,0.0,0.0,0.0
MAR04078,0.0,0.0,0.0
MAR04079,0.0,0.0,0.0
MAR04174,0.0,0.0,0.0
MAR04330,-0.678793910729254,-0.316837170153698,-1.29313153878667
MAR04347,0.0,0.0,0.0
MAR04425,0.0,0.0,0.0
MAR04427,0.0,0.0,0.0
MAR04688,0.0,0.0,0.0
MAR04689,0.0,0.0,0.0
MAR04735,-2.094229586587224e-14,1.9626483742045935e-15,0.0
MAR07991,0.0,0.0,0.0
MAR07992,0.0,0.0,0.0
MAR07993,0.0,0.0,0.0
MAR07128,0.0,-8.388272317504543e-16,0.0
MAR07129,0.0,0.0,0.0
MAR07130,0.0,0.0,0.0
MAR07131,0.0,0.0,0.0
MAR07132,0.0,0.0,0.0
MAR07133,0.0,0.0,0.0
MAR07134,0.0,0.0,0.0
MAR07135,0.0,0.0,0.0
MAR07136,0.0,0.0,0.0
MAR07137,-1.52047418999039,-0.281084597052462,-1.24119634582385
MAR07138,0.0,0.0,0.0
MAR07139,0.0,0.0,0.0
MAR07140,-2.361515549844139,-0.8243153273125632,-4.323691075065893
MAR07141,-4.526951523997991e-15,1.810780609599196e-15,-7.358013005338202e-15
MAR07620,0.0,0.0,0.0
MAR07647,0.0,0.0,0.0
MAR08640,0.0,0.0,0.0
MAR08689,0.0,0.0,0.0
MAR08690,0.0,0.0,0.0
MAR03748,0.0,0.0,0.0
MAR03751,0.0,0.0,0.0
MAR03753,0.0,0.0,0.0
MAR03755,0.0,0.0,0.0
MAR03759,0.0,0.0,0.0
MAR03763,0.0,0.0,0.0
MAR03767,0.0,0.0,0.0
MAR03769,-12.0471580779213,-12.2390138916413,-12.2287313883591
MAR03773,0.0,0.0,0.0
MAR03775,-6.88173398145868,-5.83783473454713,-5.73054146232682
MAR03780,0.0,0.0,0.0
MAR03783,-8.02329993042713,-5.86850864293664,-11.9497139470198
MAR03785,0.0,0.0,0.0
MAR03790,0.0,0.0,0.0
MAR03792,-0.678793910729254,-0.316837170153698,-1.29313153878667
MAR03796,-29.1170866256886,-18.6602342758037,-43.0322639232188
MAR03823,0.0,0.0,0.0
MAR06416,0.0,0.0,0.0
MAR03986,0.0,0.0,0.0
MAR03988,0.0,0.0,0.0
MAR04124,0.0,0.0,0.0
MAR04158,0.0,0.0,0.0
MAR04159,-7.348687854935803,-5.204267120524932,-5.551944603466853
MAR04299,0.0,0.0,0.0
MAR04300,0.0,0.0,0.0
MAR04494,0.0,0.0,0.0
MAR04524,0.0,0.0,0.0
MAR04525,0.0,0.0,0.0
MAR04526,0.0,0.0,0.0
MAR04527,-126.61796063900104,-93.67199612343103,-268.55272969566437
MAR04528,0.0,0.0,0.0
MAR04529,0.0,0.0,0.0
MAR04530,0.0,0.0,0.0
MAR04531,0.0,0.0,0.0
MAR04532,-15.9939212267412,-11.5865395246425,-56.1705173688838
MAR04533,0.0,0.0,0.0
MAR04534,0.0,0.0,0.0
MAR04536,-2.0534544292411,-1.27780154897278,-4.37086902713596
MAR04628,0.0,0.0,0.0
MAR04629,0.0,0.0,0.0
MAR04631,0.0,0.0,0.0
MAR07696,0.0,0.0,0.0
MAR07697,0.0,0.0,0.0
MAR07698,0.0,0.0,0.0
MAR08366,0.0,0.0,0.0
MAR08367,0.0,0.0,0.0
MAR08368,0.0,0.0,0.0
MAR08371,0.0,0.0,0.0
MAR08372,0.0,0.0,0.0
MAR08373,-9.644399090962128,-8.79414361930537,-19.93118226614067
MAR08375,0.0,0.0,0.0
MAR08376,0.0,0.0,0.0
MAR08377,0.0,0.0,0.0
MAR08672,0.0,0.0,0.0
MAR08674,0.0,0.0,0.0
MAR08675,0.0,0.0,0.0
MAR05130,2.761103057738761,2.326712379051556,6.258159591964153
MAR05131,7.870617612984867,6.632372297581125,17.83909549168429
MAR05132,5.030906639011551,4.239418996706038,11.402767655109061
MAR05133,3.6847460734947877,3.105043210478055,8.351636466144331
MAR05134,5.463250178301607,4.603744066735463,12.382693000469995
MAR05135,1.7981560838654562,1.5152610867132907,4.075598595478433
MAR05136,4.205523518548718,3.5438893175589534,9.532001086692729
MAR05137,7.693749801457116,6.483330223478179,17.438216941309364
MAR05138,7.084538450639312,5.969963079345807,16.057413045573497
MAR05139,2.2403256126848308,1.8878662719706576,5.077794971415753
MAR05140,4.34308737195919,3.659810930750134,9.84379551476212
MAR05141,8.951476461210005,7.5431849726546885,20.28890885508663
MAR05142,7.064886471580674,5.953402848889924,16.01287098442073
MAR05143,2.1813696755089143,1.8381855806030087,4.944168787957444
MAR05144,0.0,0.0,0.0
MAR05145,3.615964146789552,3.047082403882465,8.195739252109638
MAR05146,5.011254659952911,4.2228587662501536,11.358225593956288
MAR05147,6.494979078880148,5.47315616566932,14.721151210990412
MAR05148,5.256904398185898,4.429861646948693,11.915001358365913
MAR05149,0.9629469738733044,0.811451292338265,2.1825609964857184
MAR05150,6.553935016056061,5.522836857036967,14.854777394448714
MAR07171,0.0,0.0,0.0
MAR07172,0.0,0.0,0.0
MAR07174,0.0,0.0,0.0
MAR07175,0.0,0.0,0.0
MAR07180,0.0,0.0,0.0
MAR07181,0.0,0.0,0.0
MAR07183,0.0,0.0,3.7481106937654156e-16
MAR07197,0.0,0.0,0.0
MAR07436,0.0,0.0,0.0
MAR07438,0.0,0.0,0.0
MAR07440,0.0,0.0,0.0
MAR08254,0.0,0.0,0.0
MAR08255,0.0,0.0,0.0
MAR08256,0.0,0.0,0.0
MAR08257,0.0,0.0,0.0
MAR08258,0.0,0.0,0.0
MAR08260,0.0,0.0,0.0
MAR08261,0.0,0.0,0.0
MAR01532,-0.25536891825482744,-0.20192395240074715,-0.4818507799254336
MAR07254,0.0,0.0,0.0
MAR07256,0.0,0.0,0.0
MAR07258,0.0,0.0,0.0
MAR07259,0.0,0.0,0.0
MAR07260,0.0,0.0,0.0
MAR07261,0.0,0.0,0.0
MAR07263,9.582115154045134e-16,0.0,0.0
MAR07264,9.969655354661477e-16,2.1320060273117054e-32,0.0
MAR07265,0.0,0.0,0.0
MAR07266,0.0,0.0,0.0
MAR07267,0.0,0.0,0.0
MAR07268,0.0,0.0,0.0
MAR07269,0.0,0.0,0.0
MAR07270,0.0,0.0,0.0
MAR07271,0.0,0.0,0.0
MAR07274,0.0,0.0,0.0
MAR07275,0.0,0.0,0.0
MAR07276,0.0,0.0,0.0
MAR07277,0.0,0.0,0.0
MAR07278,0.0,0.0,0.0
MAR07279,0.0,0.0,0.0
MAR07280,0.0,0.0,0.0
MAR07281,0.0,0.0,0.0
MAR07285,0.0,0.0,0.0
MAR07286,0.0,0.0,0.0
MAR07287,0.0,0.0,0.0
MAR07288,0.0,0.0,0.0
MAR07289,0.0,0.0,0.0
MAR07290,0.0,0.0,0.0
MAR07291,0.0,0.0,0.0
MAR07292,0.0,0.0,0.0
MAR07293,0.0,0.0,0.0
MAR07294,0.0,0.0,0.0
MAR07295,0.0,0.0,0.0
MAR07296,0.0,0.0,0.0
MAR07297,0.0,0.0,0.0
MAR07298,0.0,0.0,0.0
MAR07299,0.0,0.0,0.0
MAR07300,0.0,0.0,0.0
MAR07301,0.0,0.0,0.0
MAR07302,0.0,0.0,0.0
MAR07303,0.0,0.0,0.0
MAR07304,0.0,0.0,0.0
MAR07305,0.0,0.0,0.0
MAR07306,0.0,0.0,0.0
MAR07308,0.0,0.0,0.0
MAR07309,0.0,0.0,0.0
MAR07310,0.0,0.0,0.0
MAR07311,0.0,0.0,0.0
MAR07312,0.0,0.0,0.0
MAR07313,0.0,0.0,0.0
MAR07314,0.0,0.0,0.0
MAR07315,0.0,0.0,0.0
MAR07316,0.0,0.0,0.0
MAR07317,0.0,0.0,0.0
MAR07318,0.0,0.0,0.0
MAR07319,0.0,0.0,0.0
MAR07320,0.0,0.0,0.0
MAR07321,0.0,0.0,0.0
MAR07322,0.0,0.0,0.0
MAR07323,0.0,0.0,0.0
MAR07324,0.0,0.0,0.0
MAR07325,0.0,0.0,0.0
MAR07326,0.0,0.0,0.0
MAR07327,0.0,0.0,0.0
MAR07328,0.0,0.0,0.0
MAR07329,0.0,0.0,0.0
MAR07332,0.0,0.0,0.0
MAR07333,0.0,0.0,0.0
MAR07334,0.0,0.0,0.0
MAR07428,0.0,3.4176455305534736e-32,2.359932544172493e-15
MAR07429,0.0,0.0,0.0
MAR07574,0.0,0.0,0.0
MAR07575,0.0,0.0,0.0
MAR07576,0.0,0.0,0.0
MAR07577,0.0,0.0,0.0
MAR07578,0.0,0.0,0.0
MAR07580,0.0,0.0,0.0
MAR07582,0.0,0.0,0.0
MAR07585,0.0,0.0,0.0
MAR07586,0.0,0.0,0.0
MAR07587,0.0,0.0,0.0
MAR08691,0.0,0.0,0.0
MAR08692,0.0,0.0,0.0
MAR08693,0.0,0.0,0.0
MAR08694,0.0,0.0,0.0
MAR08695,0.0,0.0,0.0
MAR05151,0.0,0.0,0.0
MAR05152,0.0,0.0,0.0
MAR05153,0.0,0.0,0.0
MAR05154,0.0,0.0,0.0
MAR05155,0.0,0.0,0.0
MAR05156,0.0,0.0,0.0
MAR05157,0.0,0.0,0.0
MAR05158,0.0,0.0,0.0
MAR05159,0.0,0.0,0.0
MAR05160,0.0,0.0,0.0
MAR05161,0.0,0.0,0.0
MAR05162,0.0,0.0,0.0
MAR05163,0.0,0.0,0.0
MAR05164,0.0,0.0,0.0
MAR05165,0.0,0.0,0.0
MAR05166,0.0,0.0,0.0
MAR05167,0.0,0.0,0.0
MAR05168,0.0,0.0,0.0
MAR05169,0.0,0.0,0.0
MAR05170,0.0,0.0,0.0
MAR05171,0.0,0.0,0.0
MAR05172,0.0,0.0,0.0
MAR05173,0.0,0.0,0.0
MAR05174,0.0,0.0,0.0
MAR07282,0.0,0.0,0.0
MAR07616,0.0,0.0,0.0
MAR07619,0.0,0.0,0.0
MAR09735,0.0,0.0,0.0
MAR07621,0.0,0.0,0.0
MAR07622,0.0,0.0,0.0
MAR07624,0.0,0.0,0.0
MAR07626,0.0,0.0,0.0
MAR05258,0.0,0.0,0.0
MAR05259,0.0,0.0,0.0
MAR05260,0.0,0.0,0.0
MAR05261,0.0,0.0,0.0
MAR05262,0.0,0.0,0.0
MAR05263,0.0,0.0,0.0
MAR05264,0.0,0.0,0.0
MAR05265,0.0,0.0,0.0
MAR05266,0.0,0.0,0.0
MAR05267,0.0,0.0,0.0
MAR05268,0.0,0.0,0.0
MAR05269,0.0,0.0,0.0
MAR05270,0.0,0.0,0.0
MAR05271,0.0,0.0,0.0
MAR05272,0.0,0.0,0.0
MAR05273,0.0,0.0,0.0
MAR05274,0.0,0.0,0.0
MAR05275,0.0,0.0,0.0
MAR05276,0.0,0.0,0.0
MAR05277,0.0,0.0,0.0
MAR05278,0.0,0.0,0.0
MAR05279,0.0,0.0,0.0
MAR05280,0.0,0.0,0.0
MAR05281,0.0,0.0,0.0
MAR05282,0.0,0.0,0.0
MAR05283,0.0,0.0,0.0
MAR05284,0.0,0.0,0.0
MAR05285,0.0,0.0,0.0
MAR05286,0.0,0.0,0.0
MAR05287,0.0,0.0,0.0
MAR05288,0.0,0.0,0.0
MAR05289,0.0,0.0,0.0
MAR05290,0.0,0.0,0.0
MAR05291,0.0,0.0,0.0
MAR09817,0.0,0.0,0.0
MAR09818,0.0,0.0,0.0
MAR05407,-71.2826694207488,-60.3522241747643,-32.8208675931718
MAR03851,0.0,0.0,0.0
MAR03861,0.0,0.0,0.0
MAR03866,0.0,0.0,0.0
MAR03915,0.0,0.0,0.0
MAR04084,0.0,1.216821071432669e-16,0.0
MAR04187,0.0,0.0,0.0
MAR04188,0.0,0.0,0.0
MAR04701,0.0,0.0,0.0
MAR04840,0.0,0.0,0.0
MAR04842,0.0,0.0,0.0
MAR08662,-1000.0,-1000.0,-1000.0
MAR08663,-1000.0,-1000.0,-1000.0
MAR08664,-123.15666745745148,-86.51778187591981,-240.8802461925818
MAR08665,0.0,-1.2127215147457485e-13,0.0
MAR08666,0.0,0.0,0.0
MAR08667,-1000.0000000000009,-1000.0000000000002,-1000.0000000000001
MAR08668,-1000.0,-1000.0,-1000.0
MAR08669,0.0,0.0,0.0
MAR00710,0.0,0.0,0.0
MAR03787,0.0,0.0,0.0
MAR03957,0.0,0.0,0.0
MAR03958,0.0,0.0,0.0
MAR04111,0.0,0.0,0.0
MAR04112,0.0,0.0,0.0
MAR04113,0.0,0.0,0.0
MAR04139,-1000.0,-1000.0,-1000.0
MAR04141,-30.3574995074828,-18.8426684181236,-59.4309302653244
MAR04145,-31.7695826268066,-22.9024854703502,-78.7081782679334
MAR04147,-1000.0,-1000.0,-1000.0
MAR04149,0.0,0.0,0.0
MAR04152,-1000.0,-1000.0,-1000.0
MAR04209,0.0,0.0,0.0
MAR04408,-8.12550234563165,-4.38554328745296,-27.4326925577227
MAR04410,-8.12550234563165,-4.38554328745296,-27.4326925577227
MAR04454,-15.278896736803,-15.2242679928505,-31.3384443242804
MAR04456,-21.3555710039393,-14.8912576773447,-31.3384443242804
MAR04458,-21.3555710039393,-14.8912576773447,-31.3384443242804
MAR04465,0.0,0.0,0.0
MAR04585,-42.305794876208,-26.4689210168277,-102.394337293086
MAR04586,-42.305794876208,-26.4689210168277,-102.394337293086
MAR04587,-42.305794876208,-26.4689210168277,-102.394337293086
MAR04588,-42.305794876208,-26.4689210168277,-102.394337293086
MAR04589,-21.3555710039393,-14.8912576773447,-31.3384443242804
MAR04652,-10.200644075392,-6.6390224783677,-21.3769039515857
MAR05294,0.0,0.0,0.0
MAR05297,0.0,0.0,0.0
MAR06411,0.0,0.0,0.0
MAR06413,0.0,0.0,0.0
MAR06414,0.0,0.0,0.0
MAR07704,0.0,0.0,0.0
MAR07706,0.0,0.0,0.0
MAR08743,-10.200644075392,-6.6390224783677,-21.3769039515857
MAR08772,0.0,0.0,0.0
MAR08773,0.0,0.0,0.0
MAR08774,0.0,0.0,0.0
MAR08775,0.0,0.0,0.0
MAR08777,0.0,0.0,0.0
MAR08778,0.0,0.0,0.0
MAR08779,0.0,0.0,0.0
MAR08780,0.0,0.0,0.0
MAR08781,0.0,0.0,0.0
MAR08782,0.0,0.0,0.0
MAR03975,0.0,0.0,0.0
MAR03977,0.0,0.0,0.0
MAR03979,0.0,0.0,0.0
MAR06911,-11.537139679716,-8.22706164705267,-30.5716428780472
MAR06912,0.0,0.0,0.0
MAR06914,0.0,0.0,0.0
MAR06916,0.0,0.0,0.0
MAR06918,0.0,0.0,0.0
MAR06921,0.0,0.0,0.0
MAR03960,0.0,0.0,0.0
MAR03980,0.0,0.0,0.0
MAR03982,0.0,0.0,0.0
MAR04767,0.0,0.0,0.0
MAR06608,-1000.0,-1000.0,-1000.0
MAR08409,0.0,0.0,0.0
MAR08410,0.0,0.0,0.0
MAR08413,0.0,0.0,0.0
MAR08415,0.0,0.0,0.0
MAR00156,-1.45022817723324,-0.817695924254405,-19.6683608790262
MAR00165,-1.45022817723324,-0.817695924254405,-11.842736012805412
MAR00168,-1.45022817723324,-0.817695924254405,-19.6683608790262
MAR00171,-1.45022817723324,-0.817695924254405,-19.6683608790262
MAR00174,-1.45022817723324,-0.817695924254405,-19.6683608790262
MAR00177,-1.45022817723324,-0.817695924254405,-19.6683608790262
MAR00180,-1.45022817723324,-0.817695924254405,-19.6683608790262
MAR00184,-1.45022817723324,-0.817695924254405,-19.6683608790262
MAR00188,-24.4956374563998,-13.8527909967982,-67.5042782751421
MAR00192,-12.815439690123911,-8.86511609259937,-16.784255188694505
MAR00196,-24.4956374563998,-13.8527909967982,-67.5042782751421
MAR00200,-1.5577862643467253,-4.080662964633899,-2.5873896482248244
MAR00204,-1.5577862643467242,-4.080662964633899,-2.587389648224824
MAR00209,-8.051919251484343,-5.204896830474339,-16.784255188694505
MAR00213,-12.815439690123947,-8.865116092599134,-16.784255188694505
MAR00217,-24.4956374563998,-13.8527909967982,-67.5042782751421
MAR00226,-24.4956374563998,-13.8527909967982,-67.5042782751421
MAR00233,-22.125925232795048,-12.466876228676012,-27.761475740541595
MAR00237,-24.4956374563998,-13.8527909967982,-50.63936367817474
MAR00241,-1.5577862643467242,-4.080662964633899,-2.5873896482248244
MAR00245,-12.815439690123911,-8.86511609259937,-16.78425518869451
MAR00249,-24.4956374563998,-13.8527909967982,-67.5042782751421
MAR00255,-1.5577862643467242,-4.080662964633899,-2.5873896482248244
MAR00259,-19.92463440589984,-13.8527909967982,-33.21028782845676
MAR00263,0.0,0.0,0.0
MAR00267,-22.097919227820004,-12.431976048949167,-27.686994370114718
MAR00271,-18.511084373887655,-13.8527909967982,-17.527444773208536
MAR00275,-1.5577862643467242,-4.0806629646339,-2.5873896482248244
MAR00279,-12.70380847105245,-13.436017103179358,-30.805364017855517
MAR00283,-24.4956374563998,-13.8527909967982,-67.5042782751421
MAR00289,-1.5577862643467242,-4.080662964633899,-2.587389648224825
MAR00293,-17.27486706105888,-13.8527909967982,-40.293522024354495
MAR00297,-1.5577862643467242,-4.0806629646339,-2.5873896482248244
MAR00301,-22.042513588277675,-13.8527909967982,-23.39558840880091
MAR00305,-12.815439690123803,-8.865116092599369,-16.7842551886945
MAR00309,-11.126235188009076,-10.807612522418207,-25.258137380257335
MAR00313,-21.99393957380084,-13.8527909967982,-49.551563173876225
MAR00319,-15.697293778015608,-13.8527909967982,-34.74629538675645
MAR00323,-12.815439690123908,-8.865116092599362,-16.784255188694505
MAR00327,-6.6626817284948805,-4.156105504129405,-18.646804160150918
MAR00331,-11.233740318501544,-11.272884693468653,-33.01917466677705
MAR00337,-11.233740318501244,-10.979435530897849,-28.134962166649885
MAR00341,-6.662681728494991,-4.15610550412964,-18.64680416016574
MAR00345,-6.662681728494965,-3.8626563415587727,-13.762591660024183
MAR00349,-24.4956374563998,-13.8527909967982,-67.5042782751421
MAR00353,-24.4956374563998,-13.8527909967982,-67.5042782751421
MAR00357,-24.4956374563998,-13.8527909967982,-67.5042782751421
MAR00361,-24.4956374563998,-13.8527909967982,-67.5042782751421
MAR00365,-24.4956374563998,-13.8527909967982,-67.5042782751421
MAR00369,-1.5577862643467242,-4.080662964633899,-2.5873896482248244
MAR00373,-1.5577862643467242,-4.080662964633842,-2.587389648224825
MAR00377,-24.4956374563998,-13.8527909967982,-67.5042782751421
MAR00381,-1.5577862643467237,-4.080662964633899,-2.5873896482248244
MAR00385,-1.5577862643467242,-4.080662964633899,-2.5873896482248244
MAR00389,-1.5577862643467217,-4.080662964633899,-2.5873896482248244
MAR00393,-1.5577862643467237,-4.080662964633899,-2.587389648224825
MAR00397,-24.4956374563998,-13.8527909967982,-67.5042782751421
MAR00401,-24.4956374563998,-13.8527909967982,-67.5042782751421
MAR00405,-24.4956374563998,-13.8527909967982,-67.5042782751421
MAR00409,-24.4956374563998,-13.8527909967982,-67.5042782751421
MAR00413,-24.4956374563998,-13.8527909967982,-67.5042782751421
MAR00417,-1.5577862643467242,-4.0806629646339,-2.5873896482248244
MAR00421,-1.5577862643467242,-4.0806629646339,-2.587389648224853
MAR00425,-2.5897141483369253,-4.8432285058150875,-5.576201305810348
MAR00429,-1.5577862643467242,-4.080662964633899,-2.582021448378029
MAR00433,-1.557786264346713,-4.0806629646339,-2.5873896482248244
MAR00437,-12.815439690123911,-8.86511609259937,-16.78425518869451
MAR02942,-0.8496706109839394,-0.6424823697443769,-7.421666283434111
MAR02943,-0.8496706109840207,-0.6424823697443771,-7.421666283434111
MAR02944,-0.849670610984021,-0.642482369744377,-7.42166628343411
MAR02945,-0.8496706109840206,-0.6424823697443742,-7.421666283434111
MAR02946,0.0,-4.317700246163694e-32,0.0
MAR02947,0.0,0.0,0.0
MAR02948,-0.8496706109840212,-0.6424823697443672,-7.421666283434111
MAR02949,-24.4956374563998,-13.8527909967982,-67.5042782751421
MAR02951,-0.8496706109840209,-0.642482369744379,-7.421666283434109
MAR02952,-9.900690304372649,-8.065205129967035,-15.49354497064705
MAR02954,-0.8496706109840212,-0.6424823697443771,-7.4216662834340505
MAR02955,0.0,-3.929972508166479e-34,9.345895947720327e-18
MAR02956,-0.8496706109840212,-0.6424823697443771,-7.421666283434111
MAR02957,-0.849670610984021,-0.642482369744377,-7.421666283434108
MAR02959,0.0,0.0,0.0
MAR02961,-0.8496706109840212,-0.642482369744377,-7.421666283434111
MAR02962,0.0,-3.928957199554635e-34,-9.345895947720326e-18
MAR02963,-0.849670610984021,-0.6424823697443771,-7.42166628343412
MAR02964,0.0,-2.1827539997525746e-34,0.0
MAR02965,-0.8496706109840212,-0.642482369744377,-7.421666283434111
MAR02966,-0.8496706109840212,-0.6424823697443771,-7.421666283434111
MAR02967,-0.8496706109840212,-0.6424823697443771,-7.421666283434111
MAR02968,0.0,-2.1827539997525746e-34,-9.345895947720329e-18
MAR02969,0.0,0.0,0.0
MAR02970,-0.8496706109840212,-0.6424823697443771,-7.421666283434111
MAR02971,-0.8496706109840175,-0.6424823697443766,-7.421666283434111
MAR02972,-0.8496706109840212,-0.6424823697443771,-7.421666283434114
MAR02973,-5.651104691325389,-4.632426902162387,-11.457605627040577
MAR02974,-0.8496706109840212,-0.6424823697443771,-7.421666283434086
MAR02975,-0.8496706109840212,-0.6424823697443771,-7.421666283434124
MAR02976,-0.8496706109840212,-0.6424823697443771,-7.421666283434111
MAR02977,-0.8496706109840223,-0.6424823697443771,-7.42166628343411
MAR02978,-0.8496706109840212,-0.6424823697443771,-7.421666283434111
MAR02979,-0.8496706109840212,-0.6424823697443771,-7.421666283434111
MAR02980,-0.8496706109840212,-0.6424823697443771,-7.421666283434111
MAR02981,-0.9966992607985504,-0.7342675930874705,-7.670031484724629
MAR02982,-11.898579273344835,-9.755577083493165,-15.493544970647052
MAR02983,-0.8496706109840209,-0.6424823697443792,-7.421666283438294
MAR02984,-10.475120107724447,-8.63944641647901,-15.493544970646921
MAR02985,-0.8496706109840194,-0.6424823697443764,-7.421666283434109
MAR02986,0.0,0.0,-9.345895947720327e-18
MAR02987,0.0,0.0,0.0
MAR02988,-0.849670610984021,-0.642482369744377,-7.421666283434103
MAR02989,0.0,0.0,-9.345895947720327e-18
MAR02990,0.0,0.0,0.0
MAR02991,-24.4956374563998,-13.8527909967982,-67.5042782751421
MAR02992,-8.191364694913219,-5.0269056322572965,-29.099596178671465
MAR02994,-1.2259939408664462,-0.8774088342533397,-8.05736292959434
MAR02996,-5.651104691325391,-4.632426902162387,-11.457605627040557
MAR02998,-0.8496706109840211,-0.642482369744377,-7.42166628343411
MAR02999,0.0,0.0,0.0
MAR03000,0.0,0.0,-5.8027874111389725e-18
MAR03001,-1.0918500104693077e-18,-2.073616299764945e-33,0.0
MAR03002,0.0,0.0,0.0
MAR03003,0.0,0.0,0.0
MAR02152,-3.481570807787024e-15,0.0,-4.338342875269751e-16
MAR02153,0.0,0.0,0.0
MAR02154,0.0,0.0,0.0
MAR02155,0.0,0.0,0.0
MAR02156,0.0,0.0,0.0
MAR02157,0.0,0.0,0.0
MAR02158,0.0,0.0,0.0
MAR02159,0.0,0.0,0.0
MAR02160,0.0,0.0,0.0
MAR02161,0.0,0.0,0.0
MAR02162,0.0,0.0,0.0
MAR02163,0.0,0.0,0.0
MAR02164,0.0,0.0,0.0
MAR02165,0.0,0.0,0.0
MAR02166,0.0,0.0,0.0
MAR02167,0.0,0.0,0.0
MAR02168,0.0,0.0,0.0
MAR02169,0.0,0.0,0.0
MAR02170,0.0,0.0,0.0
MAR02171,0.0,0.0,0.0
MAR02173,0.0,0.0,0.0
MAR02174,0.0,0.0,0.0
MAR02175,0.0,0.0,0.0
MAR02176,0.0,0.0,0.0
MAR02178,0.0,0.0,0.0
MAR02179,0.0,0.0,0.0
MAR02180,0.0,0.0,0.0
MAR02181,0.0,0.0,0.0
MAR04156,0.0,0.0,0.0
MAR04295,0.0,0.0,0.0
MAR02227,0.0,0.0,4.652022859136202e-13
MAR02228,0.0,0.0,0.0
MAR02229,0.0,0.0,0.0
MAR02230,0.0,0.0,0.0
MAR02231,0.0,0.0,0.0
MAR02232,0.0,0.0,0.0
MAR02233,0.0,0.0,0.0
MAR02234,0.0,0.0,0.0
MAR02235,0.0,0.0,0.0
MAR02236,0.0,0.0,0.0
MAR02237,0.0,0.0,0.0
MAR02238,0.0,0.0,0.0
MAR02239,0.0,0.0,0.0
MAR02240,0.0,0.0,0.0
MAR02241,0.0,0.0,0.0
MAR02242,0.0,0.0,0.0
MAR02243,0.0,0.0,0.0
MAR02244,0.0,0.0,0.0
MAR02245,0.0,0.0,0.0
MAR02246,0.0,0.0,0.0
MAR02247,0.0,0.0,0.0
MAR02249,0.0,0.0,0.0
MAR02250,0.0,0.0,0.0
MAR02251,0.0,0.0,0.0
MAR02252,0.0,0.0,0.0
MAR02254,0.0,0.0,0.0
MAR02255,0.0,0.0,0.0
MAR02256,0.0,0.0,0.0
MAR02257,0.0,0.0,0.0
MAR02305,-1.2773247378496512e-17,1.021859790279721e-16,0.0
MAR02307,0.0,0.0,0.0
MAR02309,0.0,0.0,0.0
MAR02311,0.0,0.0,0.0
MAR02315,0.0,0.0,0.0
MAR02317,0.0,0.0,0.0
MAR02319,0.0,0.0,0.0
MAR02321,0.0,0.0,0.0
MAR02324,0.0,0.0,0.0
MAR02326,0.0,0.0,0.0
MAR02328,0.0,0.0,0.0
MAR02330,0.0,0.0,0.0
MAR02332,0.0,0.0,0.0
MAR02334,0.0,0.0,0.0
MAR02336,0.0,0.0,0.0
MAR02338,0.0,0.0,0.0
MAR02342,0.0,0.0,-1.99581990289008e-17
MAR02343,0.0,0.0,0.0
MAR02344,0.0,0.0,0.0
MAR02345,0.0,0.0,0.0
MAR02347,-1.0218597902797209e-16,0.0,0.0
MAR02348,0.0,0.0,0.0
MAR02349,0.0,0.0,0.0
MAR02350,0.0,0.0,0.0
MAR02353,0.0,0.0,0.0
MAR02354,0.0,0.0,0.0
MAR02355,0.0,0.0,0.0
MAR02356,0.0,0.0,0.0
MAR02361,0.0,0.0,0.0
MAR02362,0.0,0.0,0.0
MAR02363,0.0,0.0,0.0
MAR02364,0.0,0.0,0.0
MAR02190,0.0,0.0,0.0
MAR02191,0.0,0.0,0.0
MAR02193,0.0,0.0,0.0
MAR02194,0.0,0.0,0.0
MAR02201,0.0,0.0,0.0
MAR02202,0.0,0.0,0.0
MAR02203,0.0,0.0,0.0
MAR02204,0.0,0.0,0.0
MAR02205,0.0,0.0,0.0
MAR02208,0.0,0.0,0.0
MAR02209,0.0,0.0,0.0
MAR02210,0.0,0.0,0.0
MAR02211,0.0,0.0,0.0
MAR02212,0.0,0.0,0.0
MAR02213,0.0,0.0,0.0
MAR02214,0.0,0.0,0.0
MAR02215,0.0,0.0,0.0
MAR02217,0.0,0.0,0.0
MAR02218,0.0,0.0,0.0
MAR02219,0.0,0.0,0.0
MAR02259,0.0,0.0,0.0
MAR02260,0.0,0.0,0.0
MAR02261,0.0,0.0,0.0
MAR02262,0.0,0.0,0.0
MAR02263,0.0,0.0,0.0
MAR02264,0.0,0.0,0.0
MAR02265,0.0,0.0,0.0
MAR02266,0.0,0.0,0.0
MAR02267,0.0,0.0,0.0
MAR02268,0.0,0.0,0.0
MAR02269,0.0,0.0,0.0
MAR02270,0.0,0.0,0.0
MAR02281,0.0,0.0,0.0
MAR02282,0.0,0.0,0.0
MAR02284,0.0,0.0,0.0
MAR02286,0.0,0.0,0.0
MAR02287,0.0,0.0,0.0
MAR02292,0.0,0.0,0.0
MAR02293,0.0,0.0,0.0
MAR02294,0.0,0.0,0.0
MAR02295,0.0,0.0,0.0
MAR02296,0.0,0.0,0.0
MAR02359,0.0,0.0,0.0
MAR02365,0.0,0.0,0.0
MAR02288,0.0,0.0,0.0
MAR02289,0.0,0.0,0.0
MAR00709,0.0,0.0,0.0
MAR02150,0.0,0.0,-1.2147360050755303e-16
MAR02151,0.0,0.0,0.0
MAR02172,0.0,0.0,0.0
MAR02177,0.0,0.0,0.0
MAR02182,0.0,0.0,0.0
MAR02248,0.0,0.0,0.0
MAR02253,0.0,0.0,0.0
MAR02258,0.0,0.0,0.0
MAR02437,0.0,0.0,0.0
MAR02438,0.0,0.0,0.0
MAR02439,0.0,0.0,0.0
MAR02440,0.0,0.0,0.0
MAR02441,0.0,0.0,0.0
MAR02442,-38.757357395391956,-27.494314889756478,-136.42462892483536
MAR02443,-2.4293939371481e-16,0.0,1.9435151497184806e-15
MAR02444,0.0,0.0,0.0
MAR02445,-56.2858379239154,-49.306355042267924,-162.57411555365206
MAR02446,-56.28583792391541,-49.30635504226801,-162.574115553652
MAR02447,-56.28583792391541,-49.30635504226801,-162.57411555365204
MAR02448,0.0,0.0,0.0
MAR02449,-2.575159640852582e-16,-2.575159640852582e-16,1.4420893988774462e-14
MAR02450,0.0,0.0,0.0
MAR02451,-17.528480528523453,-21.812040152511198,-26.149486628816774
MAR02452,-6.33561171448052e-17,9.563993607814602e-16,-9.106588918949722e-15
MAR02453,-38.75735739539173,-27.4943148897568,-136.42462892483533
MAR02454,0.0,0.0,0.0
MAR02455,0.0,0.0,0.0
MAR02456,0.0,0.0,0.0
MAR02457,0.0,0.0,0.0
MAR02458,0.0,0.0,0.0
MAR02459,0.0,0.0,0.0
MAR02460,0.0,0.0,0.0
MAR02461,0.0,0.0,0.0
MAR02462,0.0,0.0,0.0
MAR02463,-0.3542907655486969,-0.12391465074774473,-0.33809193831204676
MAR02464,-1.1643000735309001e-16,0.0,1.010925002065093e-15
MAR02465,0.0,0.0,0.0
MAR02466,0.0,0.0,0.0
MAR02467,0.0,0.0,0.0
MAR02468,0.0,0.0,0.0
MAR02469,0.0,0.0,0.0
MAR02470,0.0,0.0,0.0
MAR06397,-13.2024796861071,-11.3591364494756,-52.756790176907
MAR06398,0.0,0.0,0.0
MAR06399,0.0,0.0,0.0
MAR06400,0.0,0.0,0.0
MAR06401,0.0,0.0,0.0
MAR06402,0.0,0.0,0.0
MAR06403,0.0,0.0,0.0
MAR06404,0.0,0.0,0.0
MAR02472,0.0,0.0,0.0
MAR02475,0.0,0.0,0.0
MAR02478,0.0,0.0,0.0
MAR02480,0.0,0.0,0.0
MAR02482,0.0,0.0,0.0
MAR02484,0.0,0.0,0.0
MAR02486,0.0,0.0,0.0
MAR02489,0.0,0.0,0.0
MAR02491,0.0,0.0,0.0
MAR02493,0.0,0.0,0.0
MAR02495,0.0,0.0,0.0
MAR02497,0.0,0.0,0.0
MAR02499,0.0,0.0,5.1092989513986044e-17
MAR02501,0.0,0.0,0.0
MAR02503,0.0,0.0,0.0
MAR02505,0.0,0.0,0.0
MAR02510,0.0,0.0,0.0
MAR02511,0.0,0.0,0.0
MAR02512,0.0,0.0,0.0
MAR02513,0.0,0.0,0.0
MAR02514,-66.74832440373369,-39.03427819611452,-132.59025888852685
MAR02515,0.0,0.0,0.0
MAR02516,0.0,0.0,0.0
MAR02518,0.0,0.0,0.0
MAR02520,0.0,0.0,0.0
MAR02522,0.0,0.0,0.0
MAR02524,0.0,0.0,0.0
MAR02526,6.759219719926811e-16,0.0,0.0
MAR02528,0.0,0.0,0.0
MAR02530,-2.5583916492886216e-17,6.073680025377651e-16,0.0
MAR02533,0.0,0.0,0.0
MAR02535,0.0,0.0,0.0
MAR02537,0.0,0.0,0.0
MAR02540,0.0,0.0,0.0
MAR02541,0.0,0.0,0.0
MAR02542,0.0,0.0,0.0
MAR02543,0.0,0.0,0.0
MAR02544,0.0,0.0,0.0
MAR02545,-11.924389233446902,-16.0279850529594,-3.7313554765466104
MAR02546,0.0,0.0,0.0
MAR02548,-0.3542907655486999,-0.12391465074774684,-0.3380919383120442
MAR02549,-3.3214301706605625e-15,-5.160526649882463e-16,-2.645627181773315e-16
MAR02550,0.0,0.0,0.0
MAR02551,0.0,0.0,0.0
MAR02552,0.0,0.0,0.0
MAR02553,0.0,0.0,0.0
MAR02555,0.0,0.0,0.0
MAR02556,0.0,0.0,0.0
MAR02557,0.0,0.0,0.0
MAR02558,0.0,0.0,0.0
MAR02559,-80.94020104222814,-52.80513005716692,-227.9346688631558
MAR02560,-80.94020104222811,-52.80513005716687,-227.93466886315585
MAR02561,0.0,0.0,0.0
MAR02562,0.0,0.0,0.0
MAR02563,0.0,0.0,0.0
MAR02565,0.0,0.0,0.0
MAR02566,0.0,0.0,0.0
MAR02567,-0.3542907655486976,-0.12391465074774409,-0.33809193831204715
MAR02568,-4.37490820535463e-16,0.0,-6.606484724585304e-17
MAR02570,0.0,0.0,0.0
MAR02571,-5.947129433462432,-3.5194461896021294,-11.01763994618867
MAR02572,-2.720026028720623e-15,-3.248923354283459e-16,1.060671822119168e-15
MAR02573,0.0,0.0,0.0
MAR02574,0.0,0.0,0.0
MAR02576,0.0,0.0,0.0
MAR02577,-0.7085815310974087,-0.24782930149548799,-0.6761838766240903
MAR02578,-6.999994230197349e-16,-3.2803449661277707e-16,-2.005736226662641e-16
MAR02579,0.0,0.0,0.0
MAR02580,0.0,0.0,0.0
MAR02581,0.0,0.0,0.0
MAR02582,0.0,0.0,0.0
MAR02583,0.0,0.0,0.0
MAR02584,0.0,0.0,0.0
MAR02586,0.0,0.0,0.0
MAR02587,-0.3542907655487059,-0.12391465074774376,-0.33809193831204354
MAR02588,-0.35429076554869804,-0.12391465074774405,-0.33809193831204654
MAR02368,0.0,0.0,0.0
MAR02371,0.0,0.0,0.0
MAR02374,0.0,0.0,0.0
MAR02376,0.0,0.0,0.0
MAR02378,0.0,0.0,0.0
MAR02380,0.0,0.0,0.0
MAR02383,0.0,0.0,0.0
MAR02387,0.0,0.0,0.0
MAR02389,0.0,0.0,0.0
MAR02391,0.0,0.0,0.0
MAR02393,0.0,0.0,0.0
MAR02395,0.0,0.0,0.0
MAR02397,0.0,0.0,0.0
MAR02399,9.156630464338351e-15,0.0,0.0
MAR02401,0.0,0.0,0.0
MAR02403,0.0,0.0,0.0
MAR02408,0.0,0.0,0.0
MAR02409,0.0,0.0,0.0
MAR02410,0.0,0.0,0.0
MAR02411,0.0,0.0,0.0
MAR02412,-11.923934094546128,-12.656263773266113,-15.396669133093262
MAR02415,0.0,0.0,0.0
MAR02417,0.0,0.0,0.0
MAR02419,0.0,0.0,0.0
MAR02421,0.0,0.0,0.0
MAR02423,0.0,0.0,0.0
MAR02426,0.0,0.0,0.0
MAR02428,0.0,0.0,0.0
MAR02430,0.0,0.0,0.0
MAR02433,0.0,0.0,0.0
MAR02434,0.0,0.0,0.0
MAR02435,0.0,0.0,0.0
MAR02436,0.0,0.0,0.0
MAR03444,0.0,0.0,0.0
MAR03445,0.0,0.0,0.0
MAR03446,0.0,0.0,0.0
MAR03447,0.0,0.0,0.0
MAR03448,0.0,0.0,0.0
MAR03449,0.0,0.0,0.0
MAR03450,0.0,0.0,0.0
MAR03452,0.0,0.0,0.0
MAR03453,0.0,0.0,0.0
MAR03454,0.0,0.0,0.0
MAR03455,-2.8859801764709276,-2.5628548237398614,-5.665367462817653
MAR03456,0.0,0.0,0.0
MAR03457,0.0,0.0,0.0
MAR03458,0.0,0.0,0.0
MAR03459,0.0,0.0,0.0
MAR03460,0.0,0.0,0.0
MAR03461,0.0,0.0,0.0
MAR03462,0.0,0.0,0.0
MAR03463,0.0,0.0,0.0
MAR03464,0.0,0.0,0.0
MAR03466,0.0,0.0,0.0
MAR03467,0.0,0.0,0.0
MAR03468,0.0,0.0,0.0
MAR03469,0.0,0.0,0.0
MAR03470,0.0,0.0,0.0
MAR03471,0.0,0.0,0.0
MAR03472,0.0,0.0,0.0
MAR00931,0.0,0.0,0.0
MAR00932,0.0,0.0,0.0
MAR00933,0.0,0.0,0.0
MAR00934,0.0,0.0,0.0
MAR00935,0.0,0.0,0.0
MAR00936,0.0,0.0,0.0
MAR00937,0.0,0.0,0.0
MAR00938,0.0,0.0,0.0
MAR00939,0.0,0.0,0.0
MAR00940,0.0,0.0,0.0
MAR00941,0.0,0.0,0.0
MAR00942,0.0,0.0,0.0
MAR00943,0.0,0.0,0.0
MAR00944,0.0,0.0,0.0
MAR00945,0.0,0.0,0.0
MAR00946,0.0,0.0,0.0
MAR00947,0.0,0.0,0.0
MAR00948,0.0,0.0,0.0
MAR00949,0.0,0.0,0.0
MAR00950,0.0,0.0,0.0
MAR00951,0.0,0.0,0.0
MAR00953,0.0,0.0,0.0
MAR00954,0.0,0.0,0.0
MAR00955,0.0,0.0,0.0
MAR00956,0.0,0.0,0.0
MAR00957,0.0,0.0,0.0
MAR00958,0.0,0.0,0.0
MAR00959,0.0,0.0,0.0
MAR00960,0.0,0.0,0.0
MAR00961,0.0,0.0,0.0
MAR00963,0.0,7.472044455715608e-16,0.0
MAR00964,0.0,0.0,0.0
MAR00967,0.0,0.0,0.0
MAR00969,0.0,0.0,0.0
MAR00971,0.0,0.0,0.0
MAR00973,0.0,0.0,1.4843848285582743e-15
MAR00976,0.0,0.0,0.0
MAR00979,-73.48691236919943,-41.55837299039461,-121.19634982657355
MAR00980,-4.902032650057541,-3.938195003825491,-11.176787882970903
MAR00981,0.0,0.0,0.0
MAR00983,0.0,0.0,0.0
MAR00985,0.0,0.0,0.0
MAR00986,0.0,0.0,0.0
MAR00987,0.0,0.0,0.0
MAR00988,0.0,0.0,0.0
MAR00989,0.0,0.0,0.0
MAR00990,0.0,0.0,0.0
MAR00991,0.0,0.0,0.0
MAR00992,-0.3542907655486927,-0.12391465074774417,-0.3380919383120458
MAR00993,-0.35429076554869804,-0.12391465074774406,-0.33809193831204665
MAR00994,-0.35429076554869804,-0.12391465074774405,-0.3380919383120466
MAR00995,1.9871910091177608e-14,-5.752630775442172e-16,5.7406099153911614e-15
MAR00996,0.0,0.0,0.0
MAR00997,0.0,0.0,0.0
MAR00998,0.0,0.0,0.0
MAR00999,0.0,0.0,0.0
MAR01000,0.0,0.0,0.0
MAR01002,0.0,0.0,0.0
MAR01003,0.0,0.0,0.0
MAR01004,0.0,0.0,0.0
MAR01006,0.0,0.0,0.0
MAR01007,0.0,0.0,0.0
MAR01008,0.0,0.0,0.0
MAR01010,-1000.0,-1000.0,-805.7437753363894
MAR01011,-0.3542907655486973,-0.12391465074774403,-0.3380919383120466
MAR01013,0.0,0.0,0.0
MAR01014,0.0,0.0,0.0
MAR01015,0.0,0.0,0.0
MAR01016,0.0,0.0,0.0
MAR01017,0.0,-2.891865679692142e-16,-2.6898780222854734e-15
MAR01018,0.0,0.0,0.0
MAR01020,-7.8708397390731,-7.43661090266197,-24.6275142531577
MAR01021,-0.3542907655486972,-0.12391465074774399,-0.33809193831204626
MAR01022,0.0,9.878028866685789e-17,-2.129122315660129e-15
MAR01023,0.0,0.0,0.0
MAR01025,-7.8708397390731,-7.43661090266197,-24.6275142531577
MAR01026,0.0,0.0,0.0
MAR01027,0.0,0.0,0.0
MAR01028,0.0,0.0,0.0
MAR01029,0.0,0.0,0.0
MAR01030,0.0,0.0,0.0
MAR01033,0.0,0.0,0.0
MAR01034,0.0,0.0,0.0
MAR01037,0.0,0.0,0.0
MAR01039,0.0,0.0,0.0
MAR01040,0.0,0.0,0.0
MAR01041,0.0,0.0,0.0
MAR01042,0.0,0.0,0.0
MAR01043,0.0,0.0,0.0
MAR01045,-15.8861986959531,-12.3040369240777,-22.4256655803582
MAR01048,0.0,0.0,0.0
MAR01049,0.0,0.0,0.0
MAR01050,0.0,0.0,0.0
MAR01053,0.0,0.0,0.0
MAR01054,0.0,0.0,0.0
MAR01055,0.0,0.0,0.0
MAR01057,0.0,0.0,0.0
MAR01058,0.0,0.0,0.0
MAR01059,0.0,0.0,0.0
MAR01061,0.0,0.0,0.0
MAR01062,0.0,0.0,0.0
MAR01063,0.0,0.0,0.0
MAR01064,0.0,0.0,0.0
MAR01065,0.0,0.0,0.0
MAR01066,0.0,0.0,0.0
MAR01067,0.0,0.0,0.0
MAR01068,0.0,0.0,0.0
MAR01069,0.0,0.0,0.0
MAR01070,0.0,0.0,0.0
MAR01071,0.0,0.0,0.0
MAR01072,0.0,0.0,0.0
MAR01073,0.0,0.0,0.0
MAR01074,0.0,0.0,0.0
MAR01075,0.0,0.0,0.0
MAR01077,0.0,0.0,0.0
MAR01079,0.0,0.0,0.0
MAR03015,0.0,0.0,0.0
MAR01080,0.0,0.0,0.0
MAR01081,0.0,0.0,0.0
MAR01084,0.0,0.0,0.0
MAR01085,0.0,0.0,0.0
MAR01087,8.23999107034831e-32,0.0,-2.112207295687141e-15
MAR01088,-0.35429076554869776,-0.12391465074774399,-0.3380919383120455
MAR01091,-0.354290765548698,-0.12391465074774402,-0.3380919383120466
MAR01092,0.0,7.127824336835802e-18,-2.4156467280486953e-15
MAR01093,-11.9243892334469,-14.873221805323903,-3.73135547654661
MAR01096,0.0,0.0,0.0
MAR01097,-0.35429076554869715,-0.12391465074774417,-0.33809193831204665
MAR01098,-0.354290765548698,-0.12391465074774402,-0.3380919383120465
MAR01099,9.668475988945232e-16,2.1222559836101977e-16,8.774142258354248e-16
MAR01100,0.0,0.0,0.0
MAR01101,0.0,0.0,0.0
MAR01102,0.0,0.0,0.0
MAR01103,0.0,0.0,0.0
MAR01105,0.0,0.0,0.0
MAR01106,0.0,0.0,0.0
MAR01107,0.0,0.0,0.0
MAR01108,0.0,0.0,0.0
MAR01109,0.0,0.0,0.0
MAR01110,0.0,0.0,0.0
MAR01111,0.0,0.0,0.0
MAR01112,0.0,0.0,0.0
MAR01113,-0.35429076554869837,-0.12391465074774413,-0.33809193831204626
MAR01114,-0.354290765548698,-0.12391465074774402,-0.33809193831204654
MAR01115,-0.35429076554869804,-0.12391465074774405,-0.3380919383120466
MAR01116,-0.354290765548698,-0.12391465074774402,-0.33809193831204654
MAR01117,-0.35429076554869804,-0.12391465074774406,-0.3380919383120466
MAR01119,1.6412194726396888e-16,-2.5423417056818425e-16,3.3301994250447825e-15
MAR01120,0.0,0.0,0.0
MAR01121,0.0,0.0,0.0
MAR01122,0.0,0.0,0.0
MAR01123,-0.35429076554869693,-0.12391465074774377,-0.33809193831205303
MAR01124,-0.354290765548698,-0.12391465074774403,-0.33809193831204654
MAR01125,-0.35429076554869804,-0.12391465074774403,-0.3380919383120466
MAR01126,0.0,0.0,0.0
MAR01127,0.0,0.0,0.0
MAR01128,0.0,0.0,0.0
MAR01129,-14.706097950172612,-11.814585011476497,-33.53036364891272
MAR01130,0.0,0.0,0.0
MAR01131,-20.9550014095,-17.7449947192666,-34.5827959709181
MAR01132,-10.140580552422394,-7.209811891932128,-21.51824395253523
MAR01133,-0.7085815310973984,-0.24782930149548701,-0.6761838766240922
MAR01134,-4.902032650057564,-3.9381950038247604,-11.176787882970935
MAR01136,-4.90203265005754,-3.9381950038254896,-11.176787882970896
MAR01137,1.1301098612098702e-15,5.718458703576596e-17,0.0
MAR01138,0.0,0.0,0.0
MAR01139,0.0,0.0,0.0
MAR01140,0.0,0.0,0.0
MAR01142,-4.902032650057514,-3.9381950038254905,-11.1767878829709
MAR01146,0.0,0.0,0.0
MAR01147,0.0,0.0,0.0
MAR01148,0.0,0.0,0.0
MAR01149,0.0,0.0,0.0
MAR01150,-24.495637456399844,-13.8527909967982,-40.3987832755245
MAR01151,-24.495637456399795,-13.852790996798198,-40.3987832755245
MAR01152,-24.495637456399752,-13.852790996798198,-40.3987832755245
MAR01153,0.0,0.0,0.0
MAR01154,0.0,0.0,0.0
MAR01155,0.0,0.0,0.0
MAR01156,0.0,0.0,0.0
MAR01157,-0.35429076554869876,-0.12391465074774433,-0.3380919383120464
MAR01158,-24.4956374563998,-13.8527909967982,-40.398783275524494
MAR01159,-24.4956374563998,-13.8527909967982,-40.3987832755245
MAR01160,-24.4956374563998,-13.8527909967982,-40.398783275524494
MAR01161,0.0,0.0,0.0
MAR01162,0.0,0.0,-5.9375393142330986e-15
MAR01163,0.0,0.0,0.0
MAR01164,0.0,0.0,0.0
MAR01165,0.0,0.0,0.0
MAR01166,0.0,0.0,0.0
MAR01167,0.0,0.0,0.0
MAR01168,0.0,0.0,0.0
MAR01170,0.0,0.0,0.0
MAR01171,0.0,0.0,0.0
MAR01186,-79.20721867005993,-45.11254502011643,-122.88680951813363
MAR01190,6.723584809628616e-17,-1.186780458881899e-16,9.293377792826309e-17
MAR01191,0.0,0.0,0.0
MAR01192,0.0,0.0,0.0
MAR01193,0.0,0.0,0.0
MAR01194,-24.495637456399802,-13.852790996798195,-40.3987832755245
MAR01195,-24.495637456399802,-13.85279099679823,-40.3987832755245
MAR01196,-24.495637456399805,-13.852790996798186,-40.39878327552445
MAR01197,-0.35429076554869815,-0.12391465074774417,-0.3380919383120501
MAR01198,-0.354290765548698,-0.12391465074774403,-0.33809193831204654
MAR01199,-0.35429076554869804,-0.12391465074774403,-0.33809193831204665
MAR01200,-0.35429076554869804,-0.12391465074774403,-0.3380919383120466
MAR01201,-2.8859801764709268,-2.5512817894392184,-7.0077721047046975
MAR01202,-0.354290765548698,-0.12391465074774403,-0.3380919383120468
MAR01203,-2.29949339393797,-1.2206143348242902,-1.01427581493614
MAR01204,0.0,0.0,0.0
MAR01205,0.0,0.0,0.0
MAR01206,0.0,0.0,0.0
MAR01207,0.0,0.0,0.0
MAR01208,0.0,0.0,0.0
MAR01209,0.0,0.0,0.0
MAR01210,0.0,0.0,0.0
MAR01211,0.0,0.0,0.0
MAR01212,0.0,0.0,0.0
MAR01213,0.0,0.0,0.0
MAR01228,0.0,0.0,0.0
MAR01229,0.0,0.0,0.0
MAR01230,0.0,0.0,0.0
MAR01231,0.0,0.0,0.0
MAR01232,0.0,0.0,0.0
MAR01233,0.0,0.0,0.0
MAR01234,0.0,0.0,0.0
MAR01235,0.0,0.0,0.0
MAR01236,6.4141988665418265e-15,0.0,0.0
MAR01237,0.0,0.0,0.0
MAR01238,0.0,0.0,0.0
MAR01239,0.0,0.0,0.0
MAR01241,0.0,0.0,0.0
MAR01244,0.0,0.0,0.0
MAR01245,0.0,0.0,0.0
MAR01246,0.0,0.0,0.0
MAR01247,-2.306362988273862e-16,3.379180482699211e-16,2.1134666117758295e-15
MAR01248,-4.902032650057537,-3.938195003825488,-11.1767878829709
MAR01249,0.0,0.0,0.0
MAR01250,-5.238547902365037,-3.271616888106634,-10.341456069564595
MAR01251,0.0,0.0,0.0
MAR01253,0.0,0.0,0.0
MAR01254,0.0,0.0,0.0
MAR01255,0.0,0.0,0.0
MAR01256,0.0,0.0,0.0
MAR01257,0.0,0.0,0.0
MAR01258,0.0,0.0,0.0
MAR01259,0.0,0.0,0.0
MAR01260,0.0,0.0,0.0
MAR01261,0.0,0.0,0.0
MAR01262,0.0,0.0,0.0
MAR01263,-24.4956374563998,-13.8527909967982,-67.5042782751421
MAR01264,-24.4956374563998,-13.8527909967982,-67.5042782751421
MAR01265,0.0,0.0,0.0
MAR01266,-24.4956374563998,-13.8527909967982,-67.5042782751421
MAR01270,0.0,0.0,2.946739016797777e-15
MAR01271,0.0,0.0,0.0
MAR01272,0.0,0.0,0.0
MAR01273,0.0,0.0,0.0
MAR01274,0.0,0.0,0.0
MAR01275,0.0,0.0,0.0
MAR01276,0.0,0.0,0.0
MAR01277,0.0,0.0,0.0
MAR01278,0.0,0.0,0.0
MAR01279,0.0,0.0,0.0
MAR01280,-7.48783964066795,-5.199469042462966,-9.358973777622607
MAR01281,-7.487839640667613,-5.199469042462955,-9.358973777622664
MAR01282,-7.48783964066796,-5.199469042462961,-9.358973777622664
MAR01285,-999.9999999999997,-999.9999999999997,-999.9999999999999
MAR01287,8.582598895275593e-13,-5.602643711409137e-20,6.340681589120997e-15
MAR01288,0.0,0.0,0.0
MAR01289,0.0,0.0,0.0
MAR01290,-1.0628722966460935,-0.37174395224323237,-1.0142758149360631
MAR01291,3.19242585803751e-14,-1.685375915851183e-16,3.7399410196156313e-16
MAR01292,0.0,0.0,0.0
MAR01293,0.0,0.0,0.0
MAR01294,0.0,0.0,0.0
MAR01295,-0.35429076554869887,-0.12391465074774398,-0.3380919383120722
MAR01296,5.2316426067883274e-15,4.055740664205009e-16,6.878988337469807e-17
MAR01297,-0.708581531097391,-0.2478293014954882,-0.6761838766240682
MAR01298,-0.7085815310973961,-0.24782930149548804,-0.6761838766240932
MAR01299,4.670847785604952e-13,1.919869769552662e-17,2.0293015595535917e-15
MAR01300,0.0,0.0,0.0
MAR01301,0.0,0.0,0.0
MAR01302,0.0,0.0,0.0
MAR01303,0.0,0.0,0.0
MAR01304,0.0,0.0,0.0
MAR04796,0.0,0.0,0.0
MAR08545,0.0,0.0,0.0
MAR08546,-0.3542907655487032,-0.12391465074774409,-0.3380919383120522
MAR08547,-1000.0,-1000.0,-1000.0
MAR08548,0.0,0.0,0.0
MAR08549,-1000.0,-1000.0,-1000.0
MAR08550,0.0,0.0,0.0
MAR08552,-1000.0,-1000.0,-1000.0
MAR08554,2.1512693270037813e-16,0.0,2.113560529706998e-15
MAR08555,0.0,0.0,0.0
MAR08556,0.0,0.0,0.0
MAR08557,0.0,0.0,0.0
MAR08558,0.0,0.0,0.0
MAR08559,-1000.0,-1000.0,-1000.0
MAR08560,-37.462810196849,-21.1681986314473,-145.248659086635
MAR08561,0.0,0.0,0.0
MAR00154,0.0,0.0,0.0
MAR00189,0.0,0.0,0.0
MAR00193,0.0,0.0,0.0
MAR00197,0.0,0.0,0.0
MAR00201,0.0,0.0,0.0
MAR00206,0.0,0.0,0.0
MAR00210,0.0,0.0,0.0
MAR00214,0.0,0.0,0.0
MAR00223,0.0,0.0,0.0
MAR00230,0.0,0.0,0.0
MAR00234,0.0,0.0,0.0
MAR00238,0.0,0.0,0.0
MAR00242,0.0,0.0,0.0
MAR00246,0.0,0.0,0.0
MAR00250,0.0,0.0,0.0
MAR00256,0.0,0.0,0.0
MAR00260,0.0,0.0,0.0
MAR00264,0.0,0.0,0.0
MAR00268,0.0,0.0,0.0
MAR00272,0.0,0.0,0.0
MAR00276,0.0,0.0,0.0
MAR00280,0.0,0.0,0.0
MAR00284,0.0,0.0,0.0
MAR00290,0.0,0.0,0.0
MAR00294,0.0,0.0,0.0
MAR00298,0.0,0.0,0.0
MAR00302,0.0,0.0,0.0
MAR00306,0.0,0.0,0.0
MAR00310,0.0,0.0,0.0
MAR00314,0.0,0.0,0.0
MAR00320,0.0,0.0,0.0
MAR00324,0.0,0.0,0.0
MAR00328,0.0,0.0,0.0
MAR00332,0.0,0.0,0.0
MAR00338,0.0,0.0,0.0
MAR00342,0.0,0.0,0.0
MAR00346,0.0,0.0,0.0
MAR00350,0.0,0.0,0.0
MAR00354,0.0,0.0,0.0
MAR00358,0.0,0.0,0.0
MAR00362,0.0,0.0,0.0
MAR00366,0.0,0.0,0.0
MAR00370,0.0,0.0,0.0
MAR00374,0.0,0.0,0.0
MAR00378,0.0,0.0,0.0
MAR00382,0.0,0.0,0.0
MAR00386,0.0,0.0,0.0
MAR00390,0.0,0.0,0.0
MAR00394,0.0,0.0,0.0
MAR00398,0.0,0.0,0.0
MAR00402,0.0,0.0,0.0
MAR00406,0.0,0.0,0.0
MAR00410,0.0,0.0,0.0
MAR00414,0.0,0.0,0.0
MAR00418,0.0,0.0,0.0
MAR00422,0.0,0.0,0.0
MAR00426,0.0,0.0,0.0
MAR00430,0.0,0.0,0.0
MAR00434,0.0,0.0,0.0
MAR00438,0.0,0.0,0.0
MAR03009,0.0,0.0,0.0
MAR03475,0.0,0.0,0.0
MAR03476,0.0,0.0,0.0
MAR03477,0.0,0.0,0.0
MAR00159,-16.9335110908444,-9.78993404221469,-14.9520508967086
MAR02591,-16.9335110908444,-9.78993404221469,-14.9520508967086
MAR02594,-16.9335110908444,-9.78993404221469,-14.9520508967086
MAR02599,-15.728198358506194,-9.78993404221469,-8.653053145341044
MAR02602,-7.65103155314831,-6.224231711756321,-4.049311715288334
MAR02605,-7.651031553148307,-6.224231711756321,-4.049311715288334
MAR02608,-16.9335110908444,-9.78993404221469,-14.9520508967086
MAR02611,-1.5775732830432656,-4.088652194548739,-2.575393876499935
MAR02614,-1.5775732830432672,-2.5628548237399222,-2.5753938764999345
MAR02620,-1.5775732830432658,-2.5628548237398747,-2.575393876499944
MAR02623,-7.65103155314831,-6.224231711756372,-4.049311715288335
MAR02626,-16.9335110908444,-9.78993404221469,-14.9520508967086
MAR02633,-1.6049909071505415,-4.12355237427558,-2.6489559717043583
MAR02636,-16.9335110908444,-9.78993404221469,-14.9520508967086
MAR02642,-7.651031553148311,-6.224231711756322,-4.049311715288334
MAR02648,0.0,-2.298798849810735e-19,-3.6307728578988735e-48
MAR02651,0.0,0.0,0.0
MAR02654,-16.9335110908444,-9.78993404221469,-14.9520508967086
MAR02657,-3.13535954738999,-8.169315159182638,-5.16278352472476
MAR02660,-2.981663803833881,-2.6352064419543004,-4.8717125737229265
MAR02663,-12.450934695451942,-9.78993404221469,-8.07187868721295
MAR02666,-16.031293602630164,-9.78993404221469,-14.9520508967086
MAR02669,0.0,0.0,0.0
MAR02672,-16.196618651499605,-9.78993404221469,-14.9520508967086
MAR02675,-2.8875111145087384,-2.564012449631259,-4.049311715288333
MAR02678,-7.65103155314834,-6.224231711756318,-4.049311715288333
MAR02681,1.1804434797897889e-16,-1.1264114364072604e-17,0.0
MAR02684,-7.687414256812301,-6.552799356157782,-8.071878687212939
MAR02687,0.0,0.0,0.0
MAR02690,-2.4845985728551545e-14,8.799664552225972e-17,2.633770300304471e-15
MAR02693,0.0,3.186925220934882e-15,-6.211496432137885e-16
MAR02699,-2.887511114508746,-2.5640124496312913,-4.049311715288333
MAR02702,-7.687414256812299,-6.552799356157875,-8.071878687212928
MAR02705,-4.801434080341368,-3.989944532418009,-4.0359393436064686
MAR02708,5.746997124526838e-18,-1.1451808029516708e-33,0.0
MAR02711,-12.450934695451842,-9.78993404221469,-8.071878687212939
MAR02714,-12.450934695451865,-9.78993404221469,-8.071878687213019
MAR02717,-4.801434080341384,-3.9899445324179594,-4.035939343606483
MAR02720,-12.450934695452613,-9.78993404221469,-8.071878687212939
MAR02726,-4.801434080341368,-3.98994453241801,-4.035939343606468
MAR02730,-4.801434080341361,-3.9899445324179887,-4.035939343606471
MAR02733,0.0,0.0,0.0
MAR02736,0.0,0.0,2.2951928883235916e-18
MAR02739,-4.801434080341375,-3.989944532418007,-4.035939343606448
MAR02742,-16.9335110908444,-9.78993404221469,-14.9520508967086
MAR02746,-12.450934695451892,-9.78993404221469,-8.071878687212937
MAR02752,-11.460422168120733,-8.678098047370343,-8.071878687212939
MAR02755,-11.460422168120791,-8.67809804737034,-8.071878687212944
MAR02759,-4.801434080341368,-3.9899445324180083,-4.03593934360647
MAR02762,0.0,5.874901743145754e-18,9.848867974721076e-16
MAR02768,-4.80143408034137,-3.989944532418011,-4.035939343606458
MAR02771,-2.197120535300661e-15,-1.1591172905258664e-15,-2.5929692178347927e-15
MAR02774,-1.5775732830432654,-3.989944532418007,-2.575393876499935
MAR02877,-3.074315936524845,-3.989944532418009,-4.035939343606475
MAR03032,-16.9335110908444,-9.78993404221469,-14.9520508967086
MAR03521,0.0,0.0,0.0
MAR08419,0.0,0.0,0.0
MAR00160,-0.395673618880873,-0.438214132722394,-6.62659841239191
MAR00161,-0.791347237761746,-0.8764282654447884,-4.03593934360647
MAR00162,-0.395673618880873,-0.438214132722394,-6.62659841239191
MAR00163,-0.395673618880873,-0.43821413272239407,-6.62659841239191
MAR02592,0.0,0.0,0.0
MAR02593,-0.39567361888087305,-0.4382141327223941,-4.03593934360647
MAR02596,-8.045174233991375,-6.6612882185873,-6.62659841239191
MAR02598,-7.6495006151105,-6.22307408586489,-4.03593934360647
MAR02600,0.0,0.0,0.0
MAR02601,0.0,0.0,0.0
MAR02603,-7.6495006151105,-6.223074085864893,-4.03593934360647
MAR02604,-7.6495006151105,-6.22307408586489,-4.03593934360647
MAR02606,-7.649500615110497,-6.223074085864889,-4.035939343606471
MAR02607,-1.5775732830432663,-4.088652194548739,-2.575393876499934
MAR02609,-7.6495006151105,-6.22307408586489,-4.035939343606469
MAR02610,-7.6495006151105,-6.22307408586489,-4.03593934360647
MAR02612,-8.045174233991366,-6.661288218587272,-6.62659841239191
MAR02613,-7.6495006151105,-6.22307408586489,-4.03593934360647
MAR02616,-2.885980176470928,-2.562854823739859,-4.0359393436064686
MAR02618,-2.8859801764709294,-2.56285482373986,-4.03593934360647
MAR02621,-2.8859801764709303,-2.5628548237398547,-4.03593934360647
MAR02622,-2.8859801764709294,-2.56285482373986,-4.03593934360647
MAR02624,-8.045174233991375,-6.661288218587284,-6.62659841239191
MAR02625,-1.577573283043264,-4.088652194548738,-2.575393876499934
MAR02629,-8.045174233991371,-6.661288218587275,-6.62659841239191
MAR02630,-7.6495006151105,-6.22307408586489,-4.03593934360647
MAR02634,-5.188781515567258,-4.0654321927197685,-6.62659841239191
MAR02635,-2.8859801764709294,-2.56285482373986,-4.03593934360647
MAR02638,-8.04517423399138,-6.661288218587283,-6.62659841239191
MAR02640,-7.6495006151105,-6.22307408586489,-4.03593934360647
MAR02644,-8.045174233991371,-6.6612882185872895,-6.62659841239191
MAR02646,-2.8859801764709245,-2.5628548237398627,-4.03593934360647
MAR02649,-7.649500615110497,-6.223074085864876,-4.035939343606471
MAR02650,-7.6495006151105,-6.22307408586489,-4.03593934360647
MAR02652,-7.649500615110509,-6.223074085864895,-4.03593934360647
MAR02653,-7.6495006151105,-6.22307408586489,-4.03593934360647
MAR02655,-8.045174233991373,-6.661288218587211,-6.62659841239191
MAR02656,-7.6495006151105,-6.22307408586489,-4.03593934360647
MAR02658,-9.952301954206831,-7.725651454844775,-6.62659841239191
MAR02659,-7.6495006151105,-6.22307408586489,-4.03593934360647
MAR02661,-2.885980176470928,-2.562854823739861,-4.03593934360647
MAR02662,-2.885980176470931,-2.5628548237398574,-4.03593934360647
MAR02664,-7.6495006151105,-6.223074085864889,-4.03593934360647
MAR02665,-7.6495006151105,-6.22307408586489,-4.03593934360647
MAR02667,-2.3028013390963333,-1.5025773689799038,-6.62659841239191
MAR02668,-7.6495006151105,-6.22307408586489,-4.03593934360647
MAR02670,-7.6495006151105,-6.22307408586489,-4.035939343606469
MAR02671,-7.6495006151105,-6.22307408586489,-4.03593934360647
MAR02673,-0.39567361888087293,-0.438214132722394,-6.62659841239191
MAR02674,-7.6495006151105,-6.22307408586489,-4.03593934360647
MAR02676,-2.8859801764709307,-2.562854823739857,-4.035939343606466
MAR02677,-2.8859801764709885,-2.5628548237398583,-4.035939343606465
MAR02679,-8.045174233991366,-6.661288218587311,-6.62659841239191
MAR02680,-2.8859801764709143,-2.562854823739865,-4.03593934360647
MAR02682,-2.8859801764709294,-2.562854823739861,-4.03593934360647
MAR02683,-2.8859801764709303,-2.5628548237398605,-4.03593934360647
MAR02685,-2.8859801764709316,-2.5628548237398623,-4.035939343606471
MAR02686,-2.8859801764709294,-2.56285482373986,-4.03593934360647
MAR02688,-7.6495006151105125,-6.223074085864896,-4.035939343606471
MAR02689,-7.6495006151105,-6.22307408586489,-4.03593934360647
MAR02691,0.0,0.0,0.0
MAR02692,-7.6495006151105,-6.22307408586489,-4.03593934360647
MAR02695,0.0,0.0,0.0
MAR02697,-7.6495006151105,-6.22307408586489,-4.03593934360647
MAR02700,-2.885980176470928,-2.562854823739864,-4.035939343606471
MAR02701,-3.6067696024686227e-16,8.276662806317446e-17,0.0
MAR02703,-2.885980176470933,-2.562854823739866,-4.035939343606469
MAR02704,-1.88892176155557e-14,-4.67843450415466e-15,0.0
MAR02706,-2.8859801764709303,-2.562854823739848,-4.03593934360648
MAR02707,-2.8859801764709303,-2.5628548237398605,-4.03593934360647
MAR02709,-7.649500615110497,-6.223074085864892,-4.035939343606456
MAR02710,-7.6495006151105,-6.22307408586489,-4.03593934360647
MAR02712,-7.649500615110501,-6.22307408586489,-4.035939343606469
MAR02713,-0.39567361888087094,-0.43821413272238985,-2.67210258902034
MAR02715,-8.045174233991364,-6.66128821858728,-6.62659841239191
MAR02716,-7.6495006151105,-6.22307408586489,-4.03593934360647
MAR02718,-0.395673618880873,-0.43821413272239407,-6.62659841239191
MAR02719,-7.6495006151105,-6.22307408586489,-4.03593934360647
MAR02722,-8.045174233991366,-6.661288218587283,-6.62659841239191
MAR02724,-7.6495006151105,-6.22307408586489,-4.03593934360647
MAR02727,-0.39567361888087293,-0.43821413272239396,-6.62659841239191
MAR02729,-7.6495006151105,-6.22307408586489,-4.03593934360647
MAR02731,-14.3834624518656,-22.0148244402302,-6.62659841239191
MAR02732,-7.6495006151105,-6.22307408586489,-4.03593934360647
MAR02734,0.0,0.0,0.0
MAR02735,-7.6495006151105,-6.22307408586489,-4.03593934360647
MAR02737,0.0,0.0,0.0
MAR02738,-7.6495006151105,-6.22307408586489,-4.03593934360647
MAR02740,0.0,0.0,0.0
MAR02741,-7.6495006151105,-6.22307408586489,-4.03593934360647
MAR02744,-8.045174233991371,-6.661288218587284,-6.62659841239191
MAR02745,0.0,0.0,0.0
MAR02748,-8.045174233991373,-6.661288218587283,-6.62659841239191
MAR02750,-6.6589880877794245,-4.688153514952288,-4.03593934360647
MAR02753,-7.054661706660293,-5.126367647674725,-6.62659841239191
MAR02754,-6.77330792055753e-16,-3.1416720311311824e-15,0.0
MAR02757,-7.054661706660294,-5.126367647674725,-6.62659841239191
MAR02758,-6.658988087779411,-4.688153514952296,-4.035939343606467
MAR02760,-8.045174233991371,-6.661288218587283,-6.62659841239191
MAR02761,-7.6495006151105,-6.22307408586489,-4.03593934360647
MAR02764,-0.39567361888087305,-0.4382141327223939,-6.62659841239191
MAR02766,-7.6495006151105,-6.22307408586489,-4.03593934360647
MAR02769,-7.649500615110502,-6.22307408586489,-4.03593934360647
MAR02770,-7.6495006151105,-6.22307408586489,-4.03593934360647
MAR02772,0.0,0.0,0.0
MAR02773,-7.6495006151105,-6.22307408586489,-4.03593934360647
MAR02775,0.0,0.0,0.0
MAR02776,-7.6495006151105,-6.22307408586489,-4.03593934360647
MAR03519,-0.28738475039475087,-0.17832127467251438,-2.083746940282751
MAR03520,-1000.0,-1000.0,-1000.0
MAR08417,-2.8859801764709236,-2.5628548237398627,-7.007772104704721
MAR08418,-1000.0,-1000.0,-1000.0
MAR03027,-0.429197128285194,-0.4836332173160631,-0.581174458128099
MAR03028,0.0,6.520878436225137e-16,5.751020042012041e-16
MAR03029,-7.6495006151105,-6.22307408586489,-4.03593934360647
MAR03030,-7.6495006151105,-6.22307408586489,-4.03593934360647
MAR03033,-1.4447302652062317,-2.5782884517297804,-6.62659841239191
MAR03034,-1.44473026520623,-2.57828845172978,-6.626598412391867
MAR03035,-14.3834624518656,-13.71873168006083,-6.62659841239191
MAR03037,-7.6495006151105,-6.22307408586489,-4.03593934360647
MAR02778,-4.80143408034137,-3.98994453241801,-4.0359393436064686
MAR02780,-4.801434080341373,-3.989944532418008,-4.03593934360647
MAR02783,-7.649500615110496,-6.223074085864889,-4.03593934360647
MAR02785,-1.0911437567514253e-14,-2.2298485789930628e-14,5.8075927811824114e-15
MAR02787,-0.0015309380378090468,-0.00115762589143131,-0.013372371681863261
MAR02788,-1.1118226056559015e-16,-2.9586315836781692e-18,0.0
MAR02789,-0.0015309380378090455,-0.001157625891431348,-0.01337237168186326
MAR02790,-2.7406271511966197e-17,5.963978402888099e-17,0.0
MAR02791,-0.05090368975715174,-0.038491060890094374,-0.4446313584219428
MAR02792,-5.821346756637755e-16,-5.216920800169766e-15,-5.207821156129035e-20
MAR02793,-0.0015309380378088953,-0.001157625891431245,-0.01337237168186326
MAR02794,-0.0015309380378090468,-0.0011576258914313099,-0.013372371681863261
MAR02795,-0.0015309380378090468,-0.0011576258914313099,-0.013372371681863261
MAR02796,-0.0015309380378090468,-0.0011576258914313099,-0.013372371681863261
MAR02797,-0.0015309380378090468,-0.0011576258914313099,-0.013372371681863261
MAR02798,-0.0015309380378090468,-0.0011576258914313099,-0.013372371681863261
MAR02799,-0.0015309380378090468,-0.0011576258914313099,-0.013372371681863261
MAR02800,5.761545715583802e-17,7.926018295222043e-17,2.6126468705210675e-17
MAR02801,-4.80143408034137,-3.98994453241801,-4.03593934360647
MAR02803,-4.801434080341367,-3.9899445324180074,-4.03593934360647
MAR02805,-0.0015309380378089419,-0.0011576258914313008,-0.01337237168186328
MAR02806,-0.0015309380378090468,-0.00115762589143131,-0.013372371681863261
MAR02807,-4.80143408034137,-3.98994453241801,-4.0359393436064686
MAR02809,-4.80143408034137,-3.98994453241801,-4.03593934360647
MAR02811,-0.001530938037809047,-0.0011576258914313099,-0.013372371681863261
MAR02812,-2.7873423867283804e-16,8.455457631248662e-17,9.965916913442254e-18
MAR02813,-0.0015309380378090076,-0.0011576258914312552,-0.013372371681863247
MAR02814,-0.0015309380378090468,-0.0011576258914313099,-0.013372371681863261
MAR02815,-0.0015309380378090468,-0.0011576258914313099,-0.013372371681863261
MAR02816,-0.0015309380378090468,-0.0011576258914313099,-0.013372371681863261
MAR02817,-0.5733362951594878,-0.4335308963410255,-4.035939343606469
MAR02819,-4.801434080341366,-3.98994453241801,-4.03593934360647
MAR02821,-0.0015309380378090473,-0.0011576258914312205,-0.013372371681863261
MAR02822,-0.0015309380378090468,-0.0011576258914313099,-0.013372371681863261
MAR02823,-0.0956836273630654,-0.07235161821445686,-0.8357732301164538
MAR02824,0.0,3.5158348827740766e-14,0.0
MAR02825,0.0,0.0,0.0
MAR02827,0.0,0.0,0.0
MAR02829,0.0,0.0,0.0
MAR02830,0.0,0.0,0.0
MAR02831,-0.001530938037809046,-0.0011576258914314632,-0.013372371681863246
MAR02832,-0.0015309380378090466,-0.0011576258914313099,-0.01337237168186326
MAR02833,-9.716768990606198e-17,6.742565661750775e-17,-2.2436702106192775e-17
MAR02834,0.0,0.0,0.0
MAR02835,-0.0015309380378090783,-0.0011576258914313075,-0.013372371681863249
MAR02836,-1.516687980264493e-16,7.863731314513029e-17,0.0
MAR02837,-0.0015309380378098606,-0.0011576258914313565,-0.013372371681863256
MAR02838,-4.079797236440423e-17,3.908508039490634e-17,1.719384641785971e-33
MAR02839,-4.80143408034137,-3.98994453241801,-4.035939343606467
MAR02840,-4.8014340803413695,-3.98994453241801,-4.03593934360647
MAR02841,-0.00153093803780904,-0.001157625891430793,-0.01337237168186326
MAR02842,-0.0015309380378090468,-0.0011576258914313099,-0.013372371681863261
MAR02843,-0.0015309380378090468,-0.0011576258914313099,-0.013372371681863261
MAR02844,-0.0015309380378090468,-0.0011576258914313099,-0.013372371681863261
MAR02845,-2.2423313055245074e-17,4.3756603948082397e-17,0.0
MAR02846,-0.0015309380378090262,-0.0011576258914313363,-0.013372371681863266
MAR02847,2.0243268730429578e-17,7.988305275931057e-17,-2.2423313055245074e-17
MAR02848,-0.0015309380378090262,-0.0011576258914312626,-0.013372371681863329
MAR02849,-0.0015309380378090468,-0.0011576258914313099,-0.013372371681863261
MAR02850,-9.716768990606197e-17,1.7440354598523945e-17,0.0
MAR02851,-4.80143408034137,-3.98994453241801,-4.03593934360647
MAR02852,-4.801434080341377,-3.9899445324180074,-4.03593934360647
MAR02853,-4.80143408034137,-3.98994453241801,-4.035939343606473
MAR02854,-4.8014340803413695,-3.98994453241801,-4.03593934360647
MAR02855,-0.001530938037809009,-0.0011576258914313099,-0.013372371681863266
MAR02856,-0.0015309380378090468,-0.0011576258914313099,-0.013372371681863261
MAR02857,-4.80143408034137,-3.98994453241801,-4.03593934360647
MAR02859,-0.14702864981452693,-0.0917852233430947,-0.2483652012905155
MAR02861,-4.80143408034137,-3.98994453241801,-4.03593934360647
MAR02862,-4.801434080341364,-3.989944532418012,-4.03593934360647
MAR02863,-4.80143408034137,-3.98994453241801,-4.035939343606481
MAR02864,-4.8014340803414,-3.989944532418014,-4.03593934360647
MAR02865,-4.80143408034137,-3.98994453241801,-4.035939343606469
MAR02866,-4.801434080341368,-3.989944532418013,-4.03593934360647
MAR02867,-4.80143408034137,-3.98994453241801,-4.035939343606467
MAR02868,-0.022581336057682578,-0.017074981898599725,-0.1972424823074831
MAR02869,-4.80143408034137,-3.98994453241801,-4.035939343606472
MAR02870,-4.80143408034137,-3.9899445324180105,-4.03593934360647
MAR02871,1.5571745177253521e-18,5.450110812038732e-17,0.0
MAR02872,-0.0015309380378090262,-0.0011576258914313485,-0.013372371681863265
MAR02873,5.0141019470756344e-17,-4.0175102557314086e-17,0.0
MAR02874,-0.0015309380378090262,-0.0011576258914314512,-0.013372371681863265
MAR02875,-4.80143408034137,-3.98994453241801,-4.03593934360647
MAR02876,-3.0758468745626546,-3.9899445324180096,-4.03593934360647
MAR02878,-3.074315936524846,-3.98994453241801,-4.035939343606469
MAR02879,-0.0015309380378090171,-0.0011576258914310206,-0.013372371681863246
MAR02880,-4.80143408034137,-3.98994453241801,-4.035939343606469
MAR02882,-4.801434080341379,-3.9899445324180096,-4.03593934360647
MAR02884,-4.80143408034137,-3.98994453241801,-4.03593934360647
MAR02886,-4.8014340803413695,-3.9899445324180114,-4.03593934360647
MAR02888,-4.80143408034137,-3.98994453241801,-4.035939343606469
MAR02890,-4.801434080341373,-3.98994453241801,-4.03593934360647
MAR02892,-4.80143408034137,-3.98994453241801,-4.0359393436064686
MAR02894,-4.801434080341368,-3.9899445324180096,-4.03593934360647
MAR02896,-4.80143408034137,-3.98994453241801,-4.03593934360647
MAR02897,-4.801434080341371,-3.9899445324180105,-4.03593934360647
MAR02898,1.1722559324500625e-15,4.0314458544132995e-16,1.7658445508594777e-32
MAR02899,-0.014543911359185892,-0.010997445968603399,-0.12703753097770124
MAR02900,-0.0015309380378090468,-0.0011576258914313099,-0.013372371681863261
MAR02901,-0.0015309380378090468,-0.0011576258914313099,-0.013372371681863261
MAR02902,-5.976877009507912e-17,-3.425210286217996e-17,0.0
MAR02903,-0.0015309380378090685,-0.001157625891431313,-0.013372371681863289
MAR02904,-4.80143408034137,-3.98994453241801,-4.035939343606469
MAR02905,-0.0015309380378086188,-0.001157625891417703,-0.013372371681863265
MAR02906,-0.0015309380378090466,-0.0011576258914313096,-0.01337237168186326
MAR02907,-0.0015309380378090468,-0.0011576258914313099,-0.013372371681863261
MAR02908,-7.848159569335775e-17,-6.835996132814296e-17,0.0
MAR02909,-0.0015309380378090685,-0.0011576258914312984,-0.013372371681863261
MAR02910,-0.0015309380378090468,-0.0011576258914313099,-0.013372371681863261
MAR02911,-5.200962889202676e-17,4.827241004948592e-17,0.0
MAR02912,-4.801434080341368,-3.9899445324180176,-4.035939343606465
MAR02913,-4.80143408034137,-3.98994453241801,-4.035939343606469
MAR02914,-0.0015309380378197262,-0.0011576258914230552,-0.01337237168186325
MAR02915,-0.0015309380378090468,-0.0011576258914313099,-0.01337237168186326
MAR02916,-0.0015309380378090468,-0.0011576258914313099,-0.013372371681863261
MAR02917,0.0,-7.785872588626761e-19,0.0
MAR02918,-0.00153093803780904,-0.001157625891431356,-0.013372371681863272
MAR02919,-0.0015309380378090468,-0.0011576258914313099,-0.013372371681863261
MAR02920,-8.53331635713493e-17,3.2700664872232394e-17,0.0
MAR02921,-0.395673618880873,-0.43821413272239407,-2.67210258902034
MAR02922,0.0,0.0,0.0
MAR02923,-0.0015309380378090542,-0.0011576258914312706,-0.013372371681863265
MAR02924,-0.3956736188808731,-0.43821413272239407,-2.67210258902034
MAR02925,0.0,0.0,0.0
MAR02926,-0.0015309380378088757,-0.001157625891431356,-0.013372371681863462
MAR02927,-0.3956736188808735,-0.43821413272239484,-2.67210258902034
MAR02928,0.0,0.0,0.0
MAR02929,-0.0015309380378090542,-0.0011576258914312275,-0.013372371681863284
MAR02930,-2.298798849810735e-19,-2.9654505162558485e-17,0.0
MAR02931,0.0,0.0,0.0
MAR02932,-0.0015309380378090332,-0.001157625891431306,-0.013372371681863239
MAR00001,0.0,0.0,0.0
MAR00002,0.0,0.0,0.0
MAR00003,0.0,0.0,0.0
MAR00005,2.8869456231885927e-16,0.0,0.0
MAR00449,0.0,0.0,0.0
MAR00604,0.0,0.0,0.0
MAR00605,0.0,0.0,0.0
MAR00665,0.0,0.0,0.0
MAR00667,0.0,0.0,0.0
MAR00668,0.0,0.0,0.0
MAR00669,0.0,0.0,0.0
MAR00670,0.0,0.0,0.0
MAR00671,0.0,0.0,0.0
MAR00672,0.0,0.0,0.0
MAR00679,0.0,0.0,0.0
MAR00680,0.0,0.0,0.0
MAR00681,0.0,0.0,0.0
MAR00682,0.0,0.0,0.0
MAR00683,0.0,0.0,0.0
MAR00684,0.0,0.0,0.0
MAR07588,0.0,0.0,0.0
MAR03053,0.0,0.0,0.0
MAR03054,0.0,0.0,0.0
MAR03055,0.0,0.0,0.0
MAR03057,0.0,0.0,0.0
MAR03058,0.0,0.0,0.0
MAR03059,0.0,0.0,0.0
MAR03060,0.0,0.0,0.0
MAR03062,0.0,0.0,0.0
MAR03063,0.0,0.0,0.0
MAR03064,0.0,0.0,0.0
MAR03065,0.0,0.0,0.0
MAR03066,0.0,0.0,0.0
MAR03067,0.0,0.0,0.0
MAR03068,0.0,0.0,0.0
MAR03069,0.0,0.0,0.0
MAR03070,0.0,0.0,0.0
MAR03071,0.0,0.0,0.0
MAR03072,0.0,0.0,0.0
MAR03073,0.0,0.0,0.0
MAR03074,0.0,0.0,0.0
MAR03075,0.0,0.0,0.0
MAR03076,0.0,0.0,0.0
MAR03077,0.0,0.0,0.0
MAR03078,0.0,0.0,0.0
MAR03079,0.0,0.0,0.0
MAR03080,0.0,0.0,0.0
MAR03081,0.0,0.0,0.0
MAR03082,0.0,0.0,0.0
MAR03083,0.0,0.0,0.0
MAR03084,0.0,0.0,0.0
MAR03085,0.0,0.0,0.0
MAR03086,0.0,0.0,0.0
MAR03087,0.0,0.0,0.0
MAR03088,0.0,0.0,0.0
MAR03089,0.0,0.0,0.0
MAR03090,0.0,0.0,0.0
MAR03091,0.0,0.0,0.0
MAR03092,0.0,0.0,0.0
MAR03093,0.0,0.0,0.0
MAR03094,0.0,0.0,0.0
MAR03095,0.0,0.0,0.0
MAR03096,0.0,0.0,0.0
MAR03097,0.0,0.0,0.0
MAR03098,0.0,0.0,0.0
MAR03099,0.0,0.0,0.0
MAR03100,0.0,0.0,0.0
MAR03101,0.0,0.0,0.0
MAR03102,0.0,-4.35758599634507e-15,0.0
MAR03103,0.0,0.0,0.0
MAR03104,0.0,0.0,0.0
MAR03106,-568.130450946147,-452.96420706127606,-1000.0
MAR03056,0.0,0.0,0.0
MAR03326,0.0,-1.9954205260921534e-15,-6.3866236892482555e-18
MAR03327,0.0,0.0,0.0
MAR03328,0.0,0.0,0.0
MAR03329,0.0,0.0,0.0
MAR03330,0.0,0.0,0.0
MAR03331,0.0,0.0,0.0
MAR03332,0.0,0.0,0.0
MAR03333,0.0,0.0,0.0
MAR03334,0.0,0.0,0.0
MAR03335,0.0,0.0,0.0
MAR03336,0.0,0.0,0.0
MAR03337,0.0,0.0,0.0
MAR03338,0.0,0.0,0.0
MAR03339,0.0,0.0,0.0
MAR03340,0.0,0.0,0.0
MAR03341,0.0,0.0,0.0
MAR03342,1.653928591604165e-16,0.0,0.0
MAR03343,0.0,0.0,0.0
MAR03344,0.0,0.0,0.0
MAR03345,0.0,0.0,0.0
MAR03346,0.0,0.0,0.0
MAR03347,0.0,0.0,0.0
MAR03348,0.0,0.0,0.0
MAR03349,0.0,0.0,0.0
MAR03350,0.0,0.0,0.0
MAR03351,0.0,0.0,0.0
MAR03352,0.0,0.0,0.0
MAR03353,0.0,0.0,0.0
MAR03355,-2.29949339393797,-1.22061433482429,-1.01427581493614
MAR03364,0.0,0.0,0.0
MAR03365,8.802801703984393e-16,1.1953414111106674e-15,0.0
MAR03367,1.1953414111106676e-15,1.1953414111106676e-15,0.0
MAR03368,1.1953414111106674e-15,1.1953414111106674e-15,0.0
MAR03369,0.0,0.0,0.0
MAR03370,0.0,1.1953414111106674e-15,0.0
MAR03372,0.0,1.1953414111106676e-15,0.0
MAR03373,0.0,1.1953414111106674e-15,0.0
MAR03375,-2.29949339393797,-1.22061433482429,-1.01427581493614
MAR03478,0.0,0.0,0.0
MAR03480,-5.96801898128589,-3.93229225488464,-16.1033256688169
MAR03481,-21.7326578479349,-15.5110749757095,-42.9099043066517
MAR03482,-5.96801898128589,-3.93229225488464,-16.1033256688169
MAR03484,0.0,0.0,0.0
MAR03486,0.0,0.0,0.0
MAR03488,0.0,0.0,0.0
MAR03489,0.0,0.0,0.0
MAR03491,-0.287384750394751,-0.178321274672515,-2.08374694028274
MAR03493,-0.287384750394751,-0.178321274672515,-2.08374694028274
MAR03498,0.0,7.873005750766498e-17,0.0
MAR03501,0.0,0.0,0.0
MAR03503,0.0,0.0,0.0
MAR03505,0.0,0.0,0.0
MAR03506,0.0,0.0,0.0
MAR03508,0.0,0.0,0.0
MAR03509,0.0,0.0,0.0
MAR03510,0.0,0.0,0.0
MAR03511,0.0,0.0,0.0
MAR03512,0.0,0.0,0.0
MAR03513,0.0,0.0,0.0
MAR03514,0.0,0.0,0.0
MAR03515,0.0,0.0,0.0
MAR03517,-0.28738475039475103,-0.17832127467251568,-1.0142758149357582
MAR03301,0.0,0.0,0.0
MAR03302,0.0,1.1722667610267648e-15,0.0
MAR03304,1.172266761026765e-15,1.172266761026765e-15,0.0
MAR03305,1.172266761026765e-15,1.172266761026765e-15,0.0
MAR03306,0.0,0.0,0.0
MAR03307,1.1731534893773658e-15,1.1731534893773658e-15,0.0
MAR03309,1.173153489377366e-15,1.173153489377366e-15,0.0
MAR03310,1.1731534893773658e-15,1.1731534893773658e-15,0.0
MAR03311,0.0,0.0,0.0
MAR03312,0.0,0.0,0.0
MAR03314,0.0,0.0,0.0
MAR03315,0.0,0.0,0.0
MAR03316,0.0,0.0,0.0
MAR03317,0.0,0.0,0.0
MAR03319,0.0,0.0,0.0
MAR03320,0.0,0.0,0.0
MAR03321,0.0,0.0,0.0
MAR03322,0.0,0.0,0.0
MAR03323,-2.29949339393797,-1.22061433482429,-1.01427581493614
MAR03107,0.0,0.0,0.0
MAR03108,0.0,0.0,0.0
MAR03109,0.0,0.0,0.0
MAR03110,0.0,0.0,0.0
MAR03111,0.0,0.0,0.0
MAR03112,0.0,0.0,0.0
MAR03113,0.0,0.0,0.0
MAR03114,0.0,0.0,0.0
MAR03115,0.0,0.0,0.0
MAR03116,-2.152839251510153e-16,0.0,0.0
MAR03117,0.0,0.0,0.0
MAR03118,0.0,0.0,0.0
MAR03121,0.0,0.0,0.0
MAR03122,0.0,-5.114060076710549e-17,-1.5342180230131646e-16
MAR03123,0.0,0.0,0.0
MAR03125,0.0,0.0,0.0
MAR03128,0.0,0.0,0.0
MAR03129,0.0,0.0,0.0
MAR03130,0.0,0.0,0.0
MAR03132,0.0,0.0,0.0
MAR03135,0.0,0.0,0.0
MAR03136,0.0,0.0,0.0
MAR03137,2.773227616459091e-16,0.0,3.383337692080091e-14
MAR03139,0.0,0.0,0.0
MAR03142,0.0,0.0,0.0
MAR03143,0.0,0.0,0.0
MAR03144,0.0,0.0,0.0
MAR03146,0.0,0.0,0.0
MAR03149,0.0,0.0,0.0
MAR03150,0.0,0.0,0.0
MAR03151,0.0,0.0,0.0
MAR03153,0.0,0.0,0.0
MAR03156,0.0,0.0,0.0
MAR03157,0.0,0.0,0.0
MAR03158,0.0,0.0,0.0
MAR03160,0.0,0.0,0.0
MAR03398,0.0,0.0,0.0
MAR03406,0.0,0.0,0.0
MAR03407,0.0,0.0,0.0
MAR03408,0.0,0.0,0.0
MAR03409,0.0,0.0,0.0
MAR03411,0.0,0.0,0.0
MAR03413,0.0,0.0,0.0
MAR03414,0.0,0.0,0.0
MAR03416,0.0,0.0,0.0
MAR03421,0.0,0.0,0.0
MAR03422,0.0,0.0,0.0
MAR03423,0.0,0.0,0.0
MAR03424,0.0,0.0,0.0
MAR03425,0.0,0.0,0.0
MAR03426,0.0,0.0,0.0
MAR09719,0.0,0.0,0.0
MAR03427,0.0,0.0,0.0
MAR03428,0.0,0.0,0.0
MAR03429,0.0,0.0,0.0
MAR03430,0.0,0.0,0.0
MAR03431,0.0,0.0,0.0
MAR03432,0.0,0.0,0.0
MAR03433,0.0,0.0,0.0
MAR03170,0.0,0.0,0.0
MAR03171,0.0,0.0,0.0
MAR03172,0.0,0.0,0.0
MAR03173,0.0,0.0,0.0
MAR03174,0.0,6.803015742478374e-18,0.0
MAR03175,0.0,0.0,0.0
MAR03176,0.0,0.0,0.0
MAR03177,0.0,0.0,0.0
MAR03178,0.0,0.0,0.0
MAR03179,0.0,0.0,0.0
MAR03180,0.0,0.0,0.0
MAR03181,0.0,0.0,0.0
MAR03182,0.0,0.0,0.0
MAR03183,0.0,0.0,0.0
MAR03184,0.0,0.0,0.0
MAR03185,0.0,0.0,0.0
MAR03186,0.0,0.0,0.0
MAR03187,0.0,0.0,0.0
MAR03188,0.0,0.0,0.0
MAR03189,0.0,0.0,0.0
MAR03190,0.0,0.0,0.0
MAR03191,0.0,0.0,0.0
MAR03192,0.0,0.0,0.0
MAR03193,0.0,0.0,0.0
MAR03194,0.0,0.0,0.0
MAR03195,0.0,0.0,0.0
MAR03196,0.0,0.0,0.0
MAR03197,0.0,0.0,0.0
MAR03198,0.0,0.0,0.0
MAR03199,0.0,0.0,0.0
MAR03200,0.0,0.0,0.0
MAR03201,0.0,0.0,0.0
MAR03202,0.0,0.0,0.0
MAR03203,0.0,0.0,0.0
MAR03204,0.0,0.0,0.0
MAR03205,0.0,0.0,0.0
MAR03396,0.0,0.0,0.0
MAR03397,0.0,0.0,0.0
MAR03240,0.0,0.0,0.0
MAR03241,0.0,0.0,0.0
MAR03242,0.0,0.0,0.0
MAR03243,0.0,0.0,0.0
MAR03244,0.0,0.0,0.0
MAR03245,0.0,0.0,0.0
MAR03246,0.0,0.0,0.0
MAR03247,0.0,0.0,0.0
MAR03250,0.0,0.0,0.0
MAR03252,0.0,0.0,0.0
MAR03254,0.0,0.0,0.0
MAR03256,0.0,0.0,0.0
MAR03258,0.0,0.0,0.0
MAR03260,0.0,0.0,0.0
MAR03262,0.0,0.0,0.0
MAR03264,0.0,0.0,0.0
MAR03272,-2.885980176470922,-2.562854823739866,-7.007772104704718
MAR03356,-3.2667453238326955e-16,0.0,0.0
MAR03357,0.0,0.0,0.0
MAR03358,0.0,0.0,0.0
MAR03359,0.0,0.0,0.0
MAR03360,0.0,0.0,0.0
MAR03361,0.0,0.0,0.0
MAR03362,0.0,0.0,0.0
MAR03363,0.0,0.0,0.0
MAR03218,0.0,0.0,0.0
MAR03219,0.0,0.0,0.0
MAR03220,0.0,0.0,0.0
MAR03221,0.0,0.0,0.0
MAR03222,0.0,0.0,0.0
MAR03223,0.0,0.0,0.0
MAR03224,0.0,0.0,0.0
MAR03225,0.0,0.0,0.0
MAR03226,0.0,0.0,0.0
MAR03227,0.0,0.0,0.0
MAR03228,0.0,0.0,0.0
MAR03229,0.0,0.0,0.0
MAR03230,0.0,0.0,0.0
MAR03231,0.0,0.0,0.0
MAR03232,0.0,0.0,0.0
MAR03233,0.0,0.0,0.0
MAR03234,0.0,0.0,0.0
MAR03235,0.0,0.0,0.0
MAR03236,0.0,0.0,0.0
MAR03237,0.0,0.0,0.0
MAR03239,-2.885980176470929,-2.5628548237398663,-7.007772104704718
MAR03275,0.0,0.0,0.0
MAR03277,0.0,0.0,0.0
MAR03278,0.0,0.0,0.0
MAR03279,0.0,0.0,0.0
MAR03280,0.0,0.0,0.0
MAR03281,0.0,0.0,0.0
MAR03282,0.0,0.0,0.0
MAR03283,0.0,0.0,0.0
MAR03284,0.0,0.0,0.0
MAR03285,0.0,0.0,0.0
MAR03286,0.0,0.0,0.0
MAR03287,0.0,0.0,0.0
MAR03288,0.0,0.0,0.0
MAR03290,0.0,0.0,0.0
MAR03292,0.0,0.0,0.0
MAR03293,0.0,0.0,0.0
MAR03294,0.0,0.0,0.0
MAR03296,0.0,0.0,0.0
MAR03298,-6.72706163056894,-4.54168185125106,-5.66536746281765
MAR01174,0.0,0.0,0.0
MAR01175,0.0,0.0,0.0
MAR01176,0.0,0.0,0.0
MAR01177,0.0,0.0,0.0
MAR01178,0.0,0.0,0.0
MAR01179,0.0,0.0,0.0
MAR01180,0.0,0.0,0.0
MAR01181,0.0,0.0,0.0
MAR01182,0.0,0.0,0.0
MAR01183,0.0,0.0,0.0
MAR01184,0.0,0.0,0.0
MAR01216,0.0,2.482791458009059e-15,0.0
MAR01217,0.0,0.0,0.0
MAR01218,0.0,0.0,0.0
MAR01219,-2.88598017647093,-2.56285482373986,-7.00777210470472
MAR01220,5.837049099362658e-16,1.1674098198725315e-15,8.17186873910772e-15
MAR01221,0.0,0.0,0.0
MAR01222,0.0,0.0,0.0
MAR01223,0.0,0.0,0.0
MAR01224,0.0,0.0,0.0
MAR01225,0.0,0.0,0.0
MAR01226,0.0,0.0,0.0
MAR03522,0.0,0.0,0.0
MAR03523,0.0,0.0,0.0
MAR03524,0.0,0.0,0.0
MAR03525,0.0,0.0,0.0
MAR03526,0.0,0.0,0.0
MAR03527,0.0,0.0,0.0
MAR03528,0.0,0.0,0.0
MAR03529,0.0,0.0,0.0
MAR03530,0.0,0.0,0.0
MAR03531,0.0,0.0,0.0
MAR03532,0.0,0.0,0.0
MAR03533,0.0,0.0,0.0
MAR03534,0.0,0.0,0.0
MAR01573,0.0,0.0,0.0
MAR06901,0.0,0.0,0.0
MAR06903,0.0,0.0,0.0
MAR06904,0.0,0.0,0.0
MAR06905,0.0,0.0,0.0
MAR06906,0.0,0.0,0.0
MAR06907,0.0,0.0,0.0
MAR06908,0.0,0.0,0.0
MAR06909,0.0,0.0,0.0
MAR06910,0.0,0.0,0.0
MAR07165,0.0,0.0,0.0
MAR07166,0.0,0.0,0.0
MAR07167,0.0,0.0,0.0
MAR07168,0.0,0.0,0.0
MAR07169,0.0,0.0,0.0
MAR07170,0.0,0.0,0.0
MAR09722,0.0,0.0,0.0
MAR01644,0.0,-1.2971905813344866e-16,0.0
MAR01651,0.0,0.0,0.0
MAR01920,0.0,0.0,0.0
MAR01924,0.0,0.0,0.0
MAR01926,0.0,0.0,0.0
MAR01927,0.0,0.0,0.0
MAR01928,0.0,0.0,0.0
MAR01929,0.0,0.0,0.0
MAR01931,0.0,0.0,0.0
MAR01932,0.0,0.0,0.0
MAR01933,0.0,0.0,0.0
MAR01934,0.0,0.0,0.0
MAR01935,0.0,0.0,0.0
MAR01940,0.0,0.0,0.0
MAR01941,0.0,0.0,0.0
MAR01942,0.0,0.0,0.0
MAR01943,0.0,0.0,0.0
MAR01948,0.0,0.0,0.0
MAR01949,0.0,0.0,0.0
MAR01950,0.0,0.0,0.0
MAR01951,0.0,0.0,0.0
MAR01989,0.0,0.0,0.0
MAR01990,0.0,0.0,0.0
MAR01991,0.0,0.0,0.0
MAR01992,0.0,0.0,0.0
MAR01993,0.0,0.0,0.0
MAR02002,-5.17598786890223,-3.86464694522644,-18.584278208355
MAR02003,-0.8410413598537497,-0.5432307302600994,-3.0824947292420792
MAR02004,-3.1899386871131234e-15,-1.6589081756848864e-15,0.0
MAR02005,-3.0254741732158405e-16,0.0,0.0
MAR02007,0.0,0.0,0.0
MAR02009,0.0,0.0,0.0
MAR02010,0.0,0.0,0.0
MAR02011,0.0,0.0,0.0
MAR04766,0.0,0.0,0.0
MAR06793,0.0,0.0,0.0
MAR06794,0.0,0.0,0.0
MAR06795,0.0,0.0,0.0
MAR06796,0.0,0.0,0.0
MAR07648,0.0,0.0,0.0
MAR07928,0.0,0.0,0.0
MAR07930,0.0,0.0,0.0
MAR07931,0.0,0.0,0.0
MAR07932,0.0,0.0,0.0
MAR07934,0.0,0.0,0.0
MAR07935,0.0,0.0,0.0
MAR07936,0.0,0.0,0.0
MAR07937,0.0,0.0,0.0
MAR07938,0.0,0.0,0.0
MAR07939,0.0,0.0,0.0
MAR07940,0.0,0.0,0.0
MAR07941,0.0,0.0,0.0
MAR07942,-1000.0,-1000.0,-1000.0
MAR07943,-2.62972718255487,-2.12225165564153,-4.26910129290743
MAR07945,0.0,0.0,0.0
MAR07948,0.0,0.0,0.0
MAR07950,0.0,0.0,0.0
MAR07952,0.0,0.0,0.0
MAR07954,0.0,0.0,0.0
MAR07955,0.0,0.0,0.0
MAR07957,0.0,0.0,0.0
MAR07958,0.0,0.0,0.0
MAR07959,0.0,0.0,0.0
MAR07962,0.0,0.0,0.0
MAR07965,0.0,0.0,0.0
MAR07968,0.0,0.0,0.0
MAR02041,0.0,0.0,0.0
MAR07970,0.0,6.498641722298388e-15,1.155856440511039e-15
MAR07971,0.0,0.0,0.0
MAR07972,0.0,0.0,0.0
MAR07973,0.0,0.0,0.0
MAR07974,0.0,0.0,0.0
MAR07976,0.0,0.0,0.0
MAR07978,0.0,0.0,0.0
MAR07980,0.0,0.0,0.0
MAR07984,0.0,0.0,0.0
MAR07987,0.0,0.0,0.0
MAR01944,0.0,0.0,0.0
MAR01945,0.0,0.0,0.0
MAR01952,0.0,0.0,0.0
MAR01953,0.0,0.0,0.0
MAR01958,0.0,0.0,0.0
MAR01959,0.0,0.0,0.0
MAR01960,-28.59749726049634,-25.134348008330562,-55.11153531714623
MAR01962,0.0,0.0,0.0
MAR01963,0.0,0.0,0.0
MAR01967,0.0,0.0,0.0
MAR01968,0.0,0.0,0.0
MAR01969,0.0,0.0,0.0
MAR01970,0.0,0.0,0.0
MAR01971,0.0,0.0,0.0
MAR01973,0.0,0.0,0.0
MAR01974,0.0,0.0,0.0
MAR01976,0.0,0.0,0.0
MAR01977,0.0,0.0,0.0
MAR01978,0.0,0.0,0.0
MAR01982,0.0,0.0,0.0
MAR01983,0.0,0.0,0.0
MAR02014,-11.81984976778493,-9.334241436643573,-25.001895658964415
MAR02015,-5.17598786890223,-3.86464694522644,-6.417617450609331
MAR02016,0.0,0.0,0.0
MAR02017,0.0,0.0,0.0
MAR02018,0.0,0.0,0.0
MAR02019,0.0,0.0,0.0
MAR02020,-30.2204146577018,-21.780929527739,-19.7014082384576
MAR02022,0.0,0.0,0.0
MAR02024,0.0,0.0,0.0
MAR02025,-30.2204146577018,-21.780929527739,-19.7014082384576
MAR01440,0.0,0.0,0.0
MAR01445,0.0,0.0,0.0
MAR01448,-2.55368918254826,-2.01923952400747,-4.81850779925434
MAR01454,0.0,0.0,0.0
MAR01465,-0.8512297275160866,-0.6730798413358264,-1.6061692664181149
MAR01467,0.0,0.0,0.0
MAR01470,0.0,0.0,0.0
MAR01473,0.0,0.0,0.0
MAR01477,0.0,0.0,0.0
MAR01478,0.0,0.0,0.0
MAR01479,0.0,0.0,0.0
MAR01484,0.0,0.0,0.0
MAR01490,0.0,0.0,0.0
MAR01493,0.0,0.0,0.0
MAR01494,0.0,0.0,0.0
MAR01495,0.0,0.0,0.0
MAR01496,0.0,0.0,0.0
MAR01500,0.0,0.0,0.0
MAR01502,0.0,0.0,0.0
MAR01503,0.0,0.0,0.0
MAR01504,0.0,0.0,0.0
MAR01505,0.0,0.0,0.0
MAR01509,0.0,0.0,0.0
MAR01512,0.0,0.0,0.0
MAR01516,0.0,0.0,0.0
MAR01519,0.0,0.0,0.0
MAR01526,0.0,0.0,0.0
MAR01533,0.0,0.0,0.0
MAR01557,0.0,0.0,0.0
MAR01558,0.0,0.0,0.0
MAR01565,0.0,0.0,0.0
MAR01535,0.0,0.0,0.0
MAR01536,0.0,0.0,0.0
MAR01538,0.0,0.0,0.0
MAR01539,0.0,0.0,0.0
MAR01540,0.0,0.0,0.0
MAR01543,0.0,0.0,0.0
MAR01544,0.0,0.0,0.0
MAR01545,0.0,0.0,0.0
MAR01546,0.0,0.0,0.0
MAR01547,0.0,0.0,0.0
MAR01548,0.0,0.0,0.0
MAR01549,0.0,0.0,0.0
MAR01550,0.0,0.0,0.0
MAR01551,0.0,0.0,0.0
MAR01552,0.0,0.0,0.0
MAR01553,0.0,0.0,0.0
MAR01437,0.0,0.0,0.0
MAR01451,0.0,0.0,0.0
MAR01457,0.0,0.0,0.0
MAR01460,0.0,0.0,0.0
MAR01531,0.0,0.0,-2.4052544936949387e-19
MAR01570,0.0,0.0,0.0
MAR01576,0.0,0.0,0.0
MAR01577,0.0,0.0,0.0
MAR03105,-11.1679878079792,-4.31661827284554,-18.4897382997191
MAR04630,0.0,0.0,0.0
MAR02029,0.0,0.0,0.0
MAR02030,0.0,0.0,0.0
MAR02031,0.0,0.0,0.0
MAR02032,-6.485662778074682e-14,0.0,0.0
MAR02033,0.0,0.0,0.0
MAR02034,0.0,0.0,0.0
MAR02036,0.0,0.0,0.0
MAR02037,0.0,0.0,0.0
MAR02038,0.0,0.0,0.0
MAR02042,0.0,0.0,0.0
MAR02043,0.0,0.0,0.0
MAR02044,-0.8410413598537432,-0.5432307302600896,-3.082494729242081
MAR02045,5.614183906307498e-16,-2.7382054246492747e-16,4.299309246368823e-15
MAR02046,0.0,0.0,0.0
MAR02047,0.0,0.0,0.0
MAR02048,0.0,0.0,0.0
MAR02049,0.0,0.0,0.0
MAR02050,0.0,0.0,0.0
MAR02051,0.0,0.0,0.0
MAR02052,0.0,0.0,0.0
MAR02053,0.0,0.0,0.0
MAR02054,0.0,0.0,0.0
MAR02055,0.0,0.0,0.0
MAR02056,0.0,0.0,0.0
MAR02057,0.0,0.0,0.0
MAR02058,0.0,0.0,0.0
MAR02059,0.0,0.0,0.0
MAR02060,-0.8410413598537497,-0.5432307302600902,-3.082494729242117
MAR02061,1.0583286895698501e-14,-6.9142477551442025e-15,5.758765561885207e-14
MAR02062,0.0,0.0,0.0
MAR02063,0.0,0.0,0.0
MAR02064,0.0,0.0,0.0
MAR02068,-0.84104135985375,-0.5432307302600904,-3.0824947292420792
MAR02069,-0.84104135985375,-0.543230730260099,-3.0824947292420792
MAR02070,-0.84104135985375,-0.5432307302600989,-3.0824947292420792
MAR02071,-0.8410413598537498,-0.5432307302600989,-3.0824947292420797
MAR02072,-0.84104135985375,-0.5432307302600989,-3.0824947292420797
MAR02073,-0.84104135985375,-0.543230730260099,-3.0824947292420792
MAR02074,-0.84104135985375,-0.5432307302600989,-3.0824947292420792
MAR02075,-0.8410413598537498,-0.5432307302600989,-3.0824947292420797
MAR02076,2.3828224691683007e-15,-1.6527006009275686e-15,2.023651493858766e-14
MAR02077,0.0,0.0,0.0
MAR02078,0.0,0.0,0.0
MAR02079,0.0,0.0,0.0
MAR02083,-0.84104135985375,-0.5432307302600989,-3.0824947292420513
MAR02084,-0.84104135985375,-0.543230730260099,-3.0824947292420792
MAR02085,-0.84104135985375,-0.5432307302600989,-3.0824947292420792
MAR02086,-0.8410413598537498,-0.5432307302600989,-3.0824947292420797
MAR02088,-1000.0,-1000.0,-1000.0
MAR02089,-181.43301354281272,-140.86595489051004,-297.9316748397765
MAR02091,1.9835981343821417e-15,0.0,0.0
MAR02095,0.0,0.0,0.0
MAR02096,0.0,0.0,0.0
MAR02097,0.0,0.0,0.0
MAR02098,0.0,0.0,0.0
MAR02099,-7.569372238683793,-4.88907657234089,-27.74245256317871
MAR02100,0.0,3.458111316162775e-15,5.72872858801892e-14
MAR02102,0.0,0.0,0.0
MAR02106,0.0,0.0,0.0
MAR02107,0.0,0.0,0.0
MAR02108,0.0,0.0,0.0
MAR02109,0.0,0.0,0.0
MAR02110,0.0,0.0,0.0
MAR02111,0.0,0.0,0.0
MAR02112,0.0,0.0,0.0
MAR02113,0.0,0.0,0.0
MAR03537,0.0,0.0,0.0
MAR03538,0.0,0.0,-8.920894717095661e-15
MAR03539,0.0,0.0,0.0
MAR03540,0.0,0.0,0.0
MAR03541,0.0,0.0,0.0
MAR03542,0.0,0.0,0.0
MAR03543,0.0,0.0,0.0
MAR03544,0.0,0.0,0.0
MAR03545,0.0,0.0,0.0
MAR03546,0.0,0.0,0.0
MAR03547,0.0,0.0,0.0
MAR03548,0.0,0.0,0.0
MAR03549,0.0,0.0,0.0
MAR03550,0.0,0.0,0.0
MAR03551,0.0,0.0,0.0
MAR03552,0.0,0.0,0.0
MAR03553,0.0,0.0,0.0
MAR03554,0.0,0.0,0.0
MAR03555,0.0,0.0,0.0
MAR03556,0.0,0.0,0.0
MAR03557,0.0,0.0,0.0
MAR03558,0.0,0.0,0.0
MAR03559,0.0,0.0,0.0
MAR03560,0.0,0.0,0.0
MAR03561,0.0,0.0,0.0
MAR03562,0.0,0.0,0.0
MAR03563,0.0,0.0,0.0
MAR03564,0.0,0.0,0.0
MAR03565,0.0,0.0,0.0
MAR03566,0.0,0.0,0.0
MAR03567,0.0,0.0,0.0
MAR03568,0.0,0.0,0.0
MAR03569,0.0,0.0,0.0
MAR03570,0.0,0.0,0.0
MAR03571,0.0,0.0,0.0
MAR03572,0.0,0.0,0.0
MAR03573,0.0,0.0,0.0
MAR03574,0.0,0.0,0.0
MAR03575,0.0,0.0,0.0
MAR03576,0.0,0.0,0.0
MAR03577,0.0,0.0,0.0
MAR03578,0.0,0.0,0.0
MAR03579,0.0,0.0,0.0
MAR03580,0.0,0.0,0.0
MAR03581,0.0,0.0,0.0
MAR03582,0.0,0.0,0.0
MAR03583,0.0,0.0,0.0
MAR03584,0.0,0.0,0.0
MAR03585,0.0,0.0,0.0
MAR03586,0.0,0.0,0.0
MAR03587,0.0,0.0,0.0
MAR03588,0.0,0.0,0.0
MAR03589,0.0,0.0,0.0
MAR03590,0.0,0.0,0.0
MAR03591,0.0,0.0,0.0
MAR03592,0.0,0.0,0.0
MAR03593,0.0,0.0,0.0
MAR03594,0.0,0.0,0.0
MAR03595,0.0,0.0,0.0
MAR03596,0.0,0.0,0.0
MAR03622,0.0,0.0,0.0
MAR03625,0.0,0.0,0.0
MAR03626,0.0,0.0,0.0
MAR03627,0.0,0.0,0.0
MAR03628,0.0,0.0,0.0
MAR03629,0.0,0.0,0.0
MAR03630,0.0,0.0,0.0
MAR03631,0.0,0.0,0.0
MAR03632,0.0,0.0,0.0
MAR03633,0.0,0.0,0.0
MAR03634,0.0,0.0,0.0
MAR03635,0.0,0.0,0.0
MAR03636,0.0,0.0,0.0
MAR03637,0.0,0.0,0.0
MAR03638,0.0,0.0,-7.371347139326168e-15
MAR03639,0.0,0.0,0.0
MAR03640,0.0,0.0,0.0
MAR03641,0.0,0.0,0.0
MAR03642,0.0,0.0,0.0
MAR03643,0.0,0.0,0.0
MAR03644,0.0,0.0,0.0
MAR03645,0.0,0.0,0.0
MAR03646,0.0,0.0,0.0
MAR03647,0.0,0.0,0.0
MAR03648,0.0,0.0,0.0
MAR03649,0.0,0.0,0.0
MAR03650,0.0,0.0,0.0
MAR03651,0.0,0.0,0.0
MAR03652,0.0,0.0,0.0
MAR03653,0.0,0.0,0.0
MAR03654,0.0,0.0,0.0
MAR03655,0.0,0.0,0.0
MAR03656,0.0,0.0,0.0
MAR03657,0.0,0.0,0.0
MAR03658,0.0,0.0,0.0
MAR03659,0.0,0.0,0.0
MAR03660,0.0,0.0,0.0
MAR03661,0.0,0.0,0.0
MAR03662,0.0,0.0,0.0
MAR03663,0.0,0.0,0.0
MAR03664,0.0,0.0,0.0
MAR03665,0.0,0.0,0.0
MAR03666,0.0,0.0,0.0
MAR03667,0.0,0.0,0.0
MAR03668,0.0,0.0,0.0
MAR03669,0.0,0.0,0.0
MAR03670,0.0,0.0,0.0
MAR03671,0.0,0.0,0.0
MAR03672,0.0,0.0,0.0
MAR03673,-6.537470718557398e-17,0.0,0.0
MAR03674,0.0,0.0,0.0
MAR03675,0.0,0.0,0.0
MAR03676,0.0,0.0,0.0
MAR03677,0.0,0.0,0.0
MAR03678,0.0,0.0,0.0
MAR03679,0.0,0.0,0.0
MAR03680,0.0,0.0,0.0
MAR03681,0.0,0.0,0.0
MAR03682,0.0,0.0,0.0
MAR03683,0.0,0.0,0.0
MAR03684,0.0,0.0,0.0
MAR03685,0.0,0.0,0.0
MAR03686,0.0,0.0,0.0
MAR03687,0.0,0.0,0.0
MAR03688,0.0,0.0,0.0
MAR03689,0.0,0.0,0.0
MAR03690,0.0,0.0,0.0
MAR03691,0.0,0.0,0.0
MAR03692,0.0,0.0,0.0
MAR03693,0.0,0.0,0.0
MAR03694,0.0,0.0,0.0
MAR03695,0.0,0.0,0.0
MAR03696,0.0,0.0,0.0
MAR03697,0.0,0.0,0.0
MAR03698,0.0,0.0,0.0
MAR03699,0.0,0.0,0.0
MAR03700,0.0,0.0,0.0
MAR03701,0.0,0.0,0.0
MAR03702,0.0,0.0,0.0
MAR03703,0.0,0.0,0.0
MAR03704,0.0,0.0,0.0
MAR03705,0.0,0.0,0.0
MAR03706,0.0,0.0,0.0
MAR03707,0.0,0.0,0.0
MAR03708,0.0,0.0,0.0
MAR03709,0.0,0.0,0.0
MAR03710,0.0,0.0,0.0
MAR03711,0.0,0.0,0.0
MAR03712,0.0,0.0,0.0
MAR03713,0.0,0.0,0.0
MAR03714,0.0,0.0,0.0
MAR03715,0.0,0.0,0.0
MAR03716,0.0,0.0,0.0
MAR03717,0.0,0.0,0.0
MAR03718,0.0,0.0,0.0
MAR03719,0.0,0.0,0.0
MAR03720,0.0,0.0,0.0
MAR03721,0.0,0.0,0.0
MAR03722,0.0,0.0,0.0
MAR03723,0.0,0.0,0.0
MAR03724,0.0,0.0,0.0
MAR03725,0.0,0.0,0.0
MAR03726,0.0,0.0,0.0
MAR03727,0.0,0.0,0.0
MAR03728,0.0,0.0,0.0
MAR03729,0.0,0.0,0.0
MAR03730,0.0,0.0,0.0
MAR03731,0.0,0.0,0.0
MAR03732,0.0,0.0,0.0
MAR03733,0.0,0.0,0.0
MAR03734,0.0,0.0,0.0
MAR03735,0.0,0.0,0.0
MAR03736,0.0,0.0,0.0
MAR03737,0.0,0.0,0.0
MAR03738,0.0,0.0,0.0
MAR03739,0.0,0.0,0.0
MAR03740,0.0,0.0,0.0
MAR03741,0.0,0.0,0.0
MAR03742,0.0,0.0,0.0
MAR00715,0.0,0.0,0.0
MAR00716,0.0,0.0,0.0
MAR00733,0.0,0.0,0.0
MAR00735,0.0,0.0,0.0
MAR00736,0.0,0.0,0.0
MAR00738,0.0,0.0,0.0
MAR00741,0.0,0.0,0.0
MAR00744,0.0,0.0,0.0
MAR00746,0.0,0.0,0.0
MAR00748,0.0,0.0,0.0
MAR00750,0.0,0.0,0.0
MAR00753,-29.623179375576,-23.6739564109899,-73.141641232282
MAR00754,0.0,0.0,0.0
MAR00758,0.0,0.0,0.0
MAR00760,0.0,0.0,0.0
MAR00761,0.0,0.0,0.0
MAR00762,0.0,0.0,0.0
MAR00763,-12.164946823268627,-9.740897616489184,-14.054602100474021
MAR00765,0.0,0.0,0.0
MAR00766,0.0,0.0,0.0
MAR00767,0.0,0.0,0.0
MAR00773,0.0,0.0,0.0
MAR00775,0.0,0.0,0.0
MAR00779,0.0,0.0,0.0
MAR00781,0.0,0.0,0.0
MAR00783,0.0,0.0,0.0
MAR00795,0.0,0.0,0.0
MAR08147,0.0,0.0,0.0
MAR08148,0.0,0.0,0.0
MAR08149,0.0,0.0,0.0
MAR08150,0.0,0.0,0.0
MAR08151,0.0,0.0,0.0
MAR08152,0.0,0.0,0.0
MAR08155,0.0,0.0,0.0
MAR08156,0.0,0.0,0.0
MAR08159,0.0,0.0,0.0
MAR08162,0.0,0.0,0.0
MAR08165,0.0,0.0,0.0
MAR08166,0.0,0.0,0.0
MAR08167,0.0,0.0,0.0
MAR08168,0.0,0.0,0.0
MAR08169,0.0,0.0,0.0
MAR08170,0.0,0.0,0.0
MAR08171,0.0,0.0,0.0
MAR08172,0.0,0.0,0.0
MAR08173,0.0,0.0,0.0
MAR08174,0.0,0.0,0.0
MAR08175,0.0,0.0,0.0
MAR08176,0.0,0.0,0.0
MAR08177,0.0,0.0,0.0
MAR08178,0.0,0.0,0.0
MAR08179,0.0,0.0,0.0
MAR08180,0.0,0.0,0.0
MAR08181,0.0,0.0,0.0
MAR08182,0.0,0.0,0.0
MAR08183,0.0,0.0,0.0
MAR08184,0.0,0.0,0.0
MAR08185,0.0,0.0,0.0
MAR08186,0.0,0.0,0.0
MAR08187,0.0,0.0,0.0
MAR08188,0.0,0.0,0.0
MAR08189,0.0,0.0,0.0
MAR08190,0.0,0.0,0.0
MAR08191,0.0,0.0,0.0
MAR08192,0.0,0.0,0.0
MAR08194,0.0,0.0,0.0
MAR08197,0.0,0.0,0.0
MAR08198,0.0,0.0,0.0
MAR08201,0.0,0.0,0.0
MAR00786,0.0,0.0,0.0
MAR08206,0.0,0.0,0.0
MAR08209,0.0,0.0,0.0
MAR08210,0.0,0.0,0.0
MAR08211,0.0,-1.7393119353083205e-15,0.0
MAR08212,0.0,0.0,0.0
MAR08217,0.0,0.0,0.0
MAR08219,0.0,0.0,0.0
MAR08220,0.0,0.0,0.0
MAR08221,0.0,0.0,0.0
MAR08224,0.0,0.0,0.0
MAR08226,0.0,0.0,0.0
MAR08227,0.0,0.0,0.0
MAR08228,0.0,0.0,0.0
MAR08233,0.0,0.0,0.0
MAR08235,0.0,0.0,0.0
MAR08237,0.0,0.0,0.0
MAR08238,0.0,0.0,0.0
MAR08242,0.0,0.0,0.0
MAR08245,0.0,0.0,0.0
MAR08246,0.0,0.0,0.0
MAR08248,0.0,0.0,0.0
MAR08249,0.0,0.0,0.0
MAR08250,0.0,0.0,0.0
MAR08251,0.0,0.0,0.0
MAR00453,-20.9550014095,-17.7449947192666,-34.5827959709181
MAR00456,0.0,0.0,0.0
MAR00458,0.0,0.0,0.0
MAR00459,0.0,0.0,0.0
MAR00463,0.0,0.0,0.0
MAR00486,9.763871371617166e-20,-1.1969288909055665e-22,0.0
MAR00487,0.0,0.0,0.0
MAR00488,0.0,0.0,0.0
MAR00489,0.0,0.0,0.0
MAR00490,0.0,0.0,0.0
MAR00491,0.0,0.0,0.0
MAR00492,0.0,0.0,0.0
MAR00493,0.0,0.0,0.0
MAR00494,0.0,0.0,0.0
MAR00495,0.0,0.0,0.0
MAR00496,0.0,0.0,0.0
MAR00497,0.0,0.0,0.0
MAR00498,0.0,0.0,0.0
MAR00499,0.0,0.0,0.0
MAR00500,0.0,0.0,0.0
MAR00501,0.0,0.0,0.0
MAR00502,0.0,0.0,0.0
MAR00503,0.0,0.0,0.0
MAR00504,0.0,0.0,0.0
MAR00505,0.0,0.0,0.0
MAR00506,0.0,0.0,0.0
MAR00507,0.0,0.0,0.0
MAR00508,0.0,0.0,0.0
MAR00509,0.0,0.0,0.0
MAR00510,0.0,0.0,0.0
MAR00511,0.0,0.0,0.0
MAR00512,0.0,0.0,0.0
MAR00513,0.0,0.0,0.0
MAR00514,0.0,0.0,0.0
MAR00515,0.0,0.0,0.0
MAR00516,0.0,0.0,0.0
MAR00517,0.0,0.0,0.0
MAR00518,0.0,0.0,0.0
MAR00519,0.0,0.0,0.0
MAR00520,0.0,0.0,0.0
MAR00521,0.0,0.0,0.0
MAR00522,0.0,0.0,0.0
MAR00523,0.0,0.0,0.0
MAR00524,0.0,0.0,0.0
MAR00525,0.0,0.0,0.0
MAR00526,0.0,0.0,0.0
MAR00527,0.0,0.0,0.0
MAR00528,0.0,0.0,0.0
MAR00529,0.0,0.0,0.0
MAR00530,0.0,0.0,0.0
MAR00531,0.0,0.0,0.0
MAR00532,0.0,0.0,0.0
MAR00533,0.0,0.0,0.0
MAR00534,0.0,0.0,0.0
MAR00535,0.0,0.0,0.0
MAR00536,0.0,0.0,0.0
MAR00537,0.0,0.0,0.0
MAR00538,0.0,0.0,0.0
MAR00539,0.0,0.0,0.0
MAR00540,0.0,0.0,0.0
MAR00541,0.0,0.0,0.0
MAR00542,0.0,0.0,0.0
MAR00543,0.0,0.0,0.0
MAR00544,0.0,0.0,0.0
MAR00588,0.0,0.0,0.0
MAR00596,0.0,0.0,0.0
MAR00673,0.0,0.0,0.0
MAR00674,0.0,0.0,0.0
MAR00675,0.0,0.0,0.0
MAR00676,0.0,0.0,0.0
MAR00677,0.0,0.0,0.0
MAR00678,0.0,0.0,0.0
MAR04296,0.0,0.0,0.0
MAR04390,-1000.0,-1000.0000000000002,-1000.0
MAR05254,0.0,0.0,0.0
MAR07599,0.0,0.0,0.0
MAR00448,0.0,0.0,0.0
MAR00450,0.0,0.0,0.0
MAR00468,0.0,0.0,0.0
MAR00478,0.0,0.0,0.0
MAR00479,0.0,0.0,0.0
MAR00481,0.0,0.0,0.0
MAR00483,0.0,0.0,0.0
MAR00482,0.0,0.0,0.0
MAR00484,0.0,0.0,0.0
MAR00579,0.08347902973236913,0.07034568714308842,0.1892088341951755
MAR00580,0.0834790297323689,0.0703456871430884,0.18920883419517542
MAR00581,0.0834790297323689,0.0703456871430884,0.18920883419517542
MAR00582,0.0,0.0,0.0
MAR00584,0.0,0.0,0.0
MAR00586,0.0,0.0,0.0
MAR00589,0.0,0.0,0.0
MAR00590,0.0,0.0,0.0
MAR00591,0.0,0.0,0.0
MAR00592,0.0,0.0,0.0
MAR00593,0.0,0.0,0.0
MAR00594,0.0,0.0,0.0
MAR00597,0.0,-9.426263698463466e-16,-2.3565659246158665e-16
MAR00598,0.0007621470098471488,0.0006422421928624236,0.0017274391866273235
MAR00599,0.0,-5.92568236412935e-14,0.0
MAR00600,0.0,0.0,0.0
MAR00601,0.0,0.0,0.0
MAR00602,0.0,3.2113916038050913e-17,2.491823525382382e-16
MAR00607,-6.036014539996775,-4.7344886943173545,-12.201487252347494
MAR00610,0.0,0.0,0.0
MAR00613,0.0,0.0,0.0
MAR00614,0.0,0.0,0.0
MAR00615,0.0,0.0,0.0
MAR00616,0.0,0.0,0.0
MAR00622,0.0,0.0,0.0
MAR00623,0.0,0.0,0.0
MAR00625,0.0,0.0,0.0
MAR00627,0.0,0.0,0.0
MAR00629,0.0,0.0,0.0
MAR00630,0.0,0.0,0.0
MAR00632,0.0,0.0,0.0
MAR00633,0.0,0.0,0.0
MAR00634,0.0,0.0,0.0
MAR00635,0.0,0.0,0.0
MAR00636,0.0,0.0,0.0
MAR00638,0.0,0.0,0.0
MAR00640,0.0,0.0,0.0
MAR00641,0.0,0.0,0.0
MAR00642,0.0,0.0,0.0
MAR00643,0.0,0.0,0.0
MAR00644,0.0,0.0,0.0
MAR00645,0.0,0.0,0.0
MAR00646,0.0,0.0,0.0
MAR00647,0.0,0.0,0.0
MAR00648,0.0,0.0,0.0
MAR00649,0.0,0.0,0.0
MAR00651,0.0,0.0,0.0
MAR00653,0.0,0.0,0.0
MAR00654,0.0,0.0,0.0
MAR00657,0.0,0.0,0.0
MAR00660,0.0,0.0,0.0
MAR04627,0.0,0.0,0.0
MAR04838,0.0,0.0,0.0
MAR04839,0.0,0.0,0.0
MAR07591,-13.2673327646135,-12.0308270511618,-12.7433545470085
MAR07594,0.0,0.0,0.0
MAR07597,0.0,0.0,0.0
MAR07601,0.0,0.0,0.0
MAR07611,0.0,0.0,0.0
MAR07612,0.0,0.0,0.0
MAR07613,0.0,0.0,0.0
MAR07755,0.0,0.0,0.0
MAR08362,-1000.0000000000008,-1000.0000000000002,-1000.0000000000001
MAR08421,0.0,0.0,0.0
MAR08424,0.0,0.0,0.0
MAR08518,0.0,0.0,0.0
MAR08519,0.0,0.0,0.0
MAR08521,0.0,0.0,0.0
MAR08522,0.0,0.0,0.0
MAR08523,0.0,0.0,0.0
MAR08525,0.0,0.0,0.0
MAR09805,0.0,0.0,0.0
MAR00815,0.0,0.0,0.0
MAR00816,0.0,0.0,0.0
MAR00817,0.0,0.0,0.0
MAR00819,0.0,0.0,0.0
MAR00820,0.0,0.0,0.0
MAR00821,0.0,0.0,0.0
MAR00822,0.0,0.0,0.0
MAR00823,0.0,0.0,0.0
MAR00824,0.0,0.0,0.0
MAR00825,0.0,0.0,0.0
MAR00827,0.0,0.0,0.0
MAR00828,0.0,0.0,0.0
MAR00829,0.0,0.0,0.0
MAR00830,0.0,0.0,0.0
MAR00837,0.0,0.0,0.0
MAR00838,0.0,0.0,0.0
MAR00839,0.0,0.0,0.0
MAR00840,0.0,0.0,0.0
MAR00841,0.0,0.0,0.0
MAR00842,0.0,0.0,0.0
MAR00843,0.0,0.0,0.0
MAR00844,0.0,0.0,0.0
MAR00845,0.0,0.0,0.0
MAR00846,0.0,0.0,0.0
MAR00847,0.0,0.0,0.0
MAR00848,0.0,0.0,0.0
MAR00849,0.0,0.0,0.0
MAR00850,0.0,0.0,0.0
MAR00851,0.0,0.0,0.0
MAR00852,0.0,0.0,0.0
MAR00853,0.0,0.0,0.0
MAR00854,0.0,0.0,0.0
MAR00855,0.0,0.0,0.0
MAR00856,0.0,0.0,0.0
MAR00857,0.0,0.0,0.0
MAR00858,0.0,0.0,0.0
MAR00928,0.0,0.0,0.0
MAR00801,0.0,0.0,0.0
MAR00803,0.0,0.0,0.0
MAR00805,0.0,0.0,0.0
MAR00806,0.0,0.0,0.0
MAR00807,0.0,0.0,0.0
MAR00809,0.0,0.0,0.0
MAR00810,0.0,0.0,0.0
MAR00811,0.0,0.0,0.0
MAR00812,0.0,0.0,0.0
MAR00813,0.0,0.0,0.0
MAR00814,0.0,0.0,0.0
MAR00859,0.0,0.0,0.0
MAR00860,0.0,0.0,0.0
MAR00861,0.0,0.0,0.0
MAR00862,0.0,0.0,0.0
MAR00863,0.0,0.0,0.0
MAR00864,0.0,0.0,0.0
MAR00865,0.0,0.0,0.0
MAR00866,0.0,0.0,0.0
MAR00867,0.0,0.0,0.0
MAR00868,0.0,0.0,0.0
MAR00870,0.0,0.0,0.0
MAR00871,0.0,0.0,0.0
MAR00873,-3.740485411268336,-3.9757263604080024,-8.707777994690815
MAR00875,0.0,0.0,0.0
MAR00876,0.0,0.0,0.0
MAR00877,0.0,0.0,0.0
MAR00878,0.0,0.0,0.0
MAR00879,0.0,0.0,0.0
MAR00880,0.0,0.0,0.0
MAR00881,0.0,0.0,0.0
MAR00882,0.0,0.0,0.0
MAR00883,0.0,0.0,0.0
MAR00884,0.0,0.0,0.0
MAR00885,0.0,0.0,0.0
MAR00886,0.0,0.0,0.0
MAR00887,0.0,0.0,0.0
MAR00888,0.0,0.0,0.0
MAR00889,0.0,0.0,0.0
MAR00890,0.0,0.0,0.0
MAR00891,0.0,0.0,0.0
MAR00892,0.0,0.0,0.0
MAR00893,0.0,0.0,0.0
MAR00894,0.0,0.0,0.0
MAR00895,0.0,0.0,0.0
MAR00896,0.0,0.0,0.0
MAR00897,0.0,0.0,0.0
MAR00898,0.0,0.0,0.0
MAR00899,0.0,0.0,0.0
MAR00900,0.0,0.0,0.0
MAR00901,0.0,0.0,0.0
MAR00902,0.0,0.0,0.0
MAR00903,0.0,0.0,0.0
MAR00904,0.0,0.0,0.0
MAR00905,0.0,0.0,0.0
MAR00906,0.0,0.0,0.0
MAR00907,0.0,0.0,0.0
MAR00908,0.0,0.0,0.0
MAR00909,0.0,0.0,0.0
MAR00910,0.0,0.0,0.0
MAR00911,0.0,0.0,0.0
MAR00912,0.0,0.0,0.0
MAR00787,0.0,0.0,0.0
MAR00790,0.0,0.0,0.0
MAR00792,0.0,0.0,0.0
MAR00793,0.0,0.0,0.0
MAR00794,0.0,0.0,0.0
MAR00797,0.0,0.0,0.0
MAR00804,0.0,0.0,0.0
MAR00808,0.0,0.0,0.0
MAR00826,0.0,0.0,0.0
MAR00832,0.0,0.0,0.0
MAR00834,0.0,0.0,0.0
MAR00835,0.0,0.0,0.0
MAR00836,0.0,0.0,0.0
MAR00914,0.0,0.0,0.0
MAR00915,0.0,0.0,0.0
MAR00919,0.0,0.0,0.0
MAR00920,0.0,0.0,0.0
MAR00921,0.0,0.0,0.0
MAR00924,0.0,0.0,0.0
MAR00925,0.0,0.0,0.0
MAR00926,0.0,0.0,0.0
MAR07188,0.0,0.0,0.0
MAR08378,0.0,0.0,0.0
MAR08379,0.0,0.0,0.0
MAR07185,0.0,0.0,0.0
MAR08380,0.0,0.0,0.0
MAR07186,0.0,0.0,0.0
MAR08381,0.0,0.0,0.0
MAR07187,0.0,0.0,0.0
MAR08383,0.0,0.0,0.0
MAR08384,0.0,0.0,0.0
MAR08385,0.0,0.0,0.0
MAR08387,0.0,0.0,0.0
MAR08388,0.0,0.0,0.0
MAR08389,0.0,0.0,0.0
MAR08390,0.0,0.0,0.0
MAR08391,0.0,0.0,0.0
MAR08392,0.0,0.0,0.0
MAR08393,0.0,0.0,0.0
MAR08394,0.0,0.0,0.0
MAR08395,0.0,0.0,0.0
MAR08396,0.0,0.0,0.0
MAR08397,0.0,0.0,0.0
MAR08398,0.0,0.0,0.0
MAR08399,0.0,0.0,0.0
MAR08401,0.0,0.0,0.0
MAR08402,0.0,0.0,0.0
MAR08403,0.0,0.0,0.0
MAR08404,0.0,0.0,0.0
MAR08405,0.0,0.0,0.0
MAR08406,0.0,0.0,0.0
MAR08407,0.0,0.0,0.0
MAR01979,0.0,0.0,0.0
MAR01980,0.0,0.0,0.0
MAR01981,0.0,0.0,0.0
MAR01985,0.0,0.0,0.0
MAR01987,-1000.0,-1000.0,-1000.0
MAR01988,0.0,0.0,0.0
MAR01995,0.0,0.0,0.0
MAR01996,0.0,0.0,0.0
MAR01999,0.0,0.0,0.0
MAR02000,0.0,0.0,0.0
MAR02001,0.0,0.0,0.0
MAR01305,0.0,0.0,0.0
MAR01307,0.0,0.0,0.0
MAR01308,0.0,0.0,0.0
MAR01310,-1000.0,-1000.0,-1000.0
MAR01312,0.0,0.0,0.0
MAR01313,0.0,0.0,0.0
MAR01315,-1000.0,-1000.0,-1000.0
MAR01317,-17.0417299342184,-21.392724072998845,-23.405083837886746
MAR01318,-1000.0,-1000.0,-1000.0
MAR01319,-0.3542907655487032,-0.12391465074774403,-0.33809193831204415
MAR01320,-1000.0,-1000.0,-1000.0
MAR01321,-2.0092563716021,-2.10189051315993,-7.22411389315393
MAR01322,-1000.0,-1000.0,-1000.0
MAR01323,-1000.0,-1000.0,-1000.0
MAR01324,-1000.0,-1000.0,-1000.0
MAR01325,0.0,0.0,0.0
MAR01326,0.0,0.0,0.0
MAR01327,0.0,0.0,0.0
MAR01328,-0.3542907655486853,-0.12391465074774399,-0.3380919383121011
MAR01329,-13.5992075002313,-13.9227981870431,-18.6707647139342
MAR01330,0.0,0.0,0.0
MAR01332,-1000.0,-1000.0,-1000.0
MAR01333,-1000.0,-1000.0,-1000.0
MAR01334,-1000.0,-1000.0,-1000.0
MAR01335,-1000.0,-1000.0,-1000.0
MAR01336,-0.354290765548698,-0.12391465074774402,-0.33809193831204687
MAR01337,-0.35429076554869804,-0.12391465074774405,-0.33809193831204654
MAR01338,-0.35429076554869804,-0.12391465074774403,-0.33809193831204654
MAR01339,-19.6459443047538,-17.9157638547593,-24.6022273685944
MAR01341,-0.7085815310973961,-0.24782930149548807,-0.6761838766240932
MAR01342,-0.354290765548698,-0.12391465074774402,-0.33809193831204654
MAR01343,-0.354290765548698,-0.12391465074774402,-0.33809193831204654
MAR01344,-0.354290765548698,-0.12391465074774402,-0.33809193831204654
MAR01345,-0.35429076554869804,-0.12391465074774405,-0.3380919383120466
MAR01346,0.0,0.0,0.0
MAR01347,-17.1300028379674,-17.0221923310659,-9.86219565407463
MAR01350,4.523587560962813e-17,5.744057228665651e-17,1.0144153245297027e-16
MAR01352,0.0,0.0,0.0
MAR01355,0.0,0.0,0.0
MAR01356,0.0,0.0,0.0
MAR01357,0.0,0.0,0.0
MAR01358,0.0,0.0,0.0
MAR01359,0.0,0.0,0.0
MAR01360,0.0,0.0,0.0
MAR01361,0.0,0.0,0.0
MAR01362,0.0,0.0,0.0
MAR01363,0.0,0.0,0.0
MAR01364,0.0,0.0,0.0
MAR01365,0.0,0.0,0.0
MAR01366,0.0,0.0,0.0
MAR01367,0.0,0.0,0.0
MAR01370,0.0,0.0,0.0
MAR01373,-1000.0,-1000.0,-1000.0
MAR01374,-0.35429076554869615,-0.12391465074774405,-0.33809193831204615
MAR01375,-1000.0,-1000.0,-1000.0
MAR01376,-1000.0000000000001,-1000.0000000000001,-1000.0
MAR01379,0.0,0.0,0.0
MAR01382,0.0,0.0,0.0
MAR01383,-0.354290765548698,-0.12391465074774372,-0.33809193831204976
MAR01384,0.0,-3.2200239077143654e-17,0.0
MAR01387,0.0,0.0,0.0
MAR01388,0.0,0.0,0.0
MAR01389,-84.56641830410517,-53.157398479604666,-175.3159424610123
MAR01390,0.0,0.0,0.0
MAR01391,0.0,0.0,0.0
MAR01393,0.0,0.0,0.0
MAR01394,-37.462810196849,-21.1681986314473,-145.248659086635
MAR01395,-2.0092563716021,-2.10189051315993,-7.22411389315393
MAR01398,0.0,0.0,0.0
MAR01401,-1000.0,-1000.0,-1000.0
MAR01402,-999.9999999999999,-1000.0,-999.9999999999999
MAR00703,0.0,0.0,0.0
MAR00705,0.0,0.0,0.0
MAR00706,0.0,0.0,0.0
MAR00708,0.0,0.0,0.0
MAR07598,0.0,0.0,0.0
MAR07600,0.0,0.0,0.0
MAR07602,0.0,0.0,0.0
MAR07603,0.0,0.0,0.0
MAR07604,0.0,0.0,0.0
MAR07605,0.0,0.0,0.0
MAR07606,0.0,0.0,0.0
MAR07607,0.0,0.0,0.0
MAR07610,0.0,0.0,0.0
MAR07614,0.0,0.0,0.0
MAR07615,0.0,0.0,0.0
MAR00024,0.0,0.0,0.0
MAR00025,0.0,0.0,0.0
MAR00026,0.0,0.0,0.0
MAR00027,0.0,0.0,0.0
MAR00028,0.0,0.0,0.0
MAR00029,0.0,0.0,0.0
MAR00030,0.0,0.0,0.0
MAR07200,0.0,0.0,0.0
MAR07202,0.0,0.0,0.0
MAR07203,0.0,0.0,0.0
MAR07205,0.0,0.0,0.0
MAR07206,0.0,-1.4124924064266117e-15,0.0
MAR07207,0.0,0.0,7.070400332130882e-47
MAR07208,0.0,0.0,0.0
MAR07209,0.0,0.0,0.0
MAR07210,0.0,0.0,0.0
MAR07211,0.0,0.0,0.0
MAR07212,0.0,0.0,0.0
MAR07213,0.0,0.0,0.0
MAR07214,0.0,0.0,0.0
MAR07215,0.0,0.0,0.0
MAR07216,0.0,0.0,0.0
MAR07217,0.0,0.0,0.0
MAR07218,0.0,0.0,0.0
MAR07219,0.0,0.0,0.0
MAR07220,0.0,0.0,0.0
MAR07221,0.0,0.0,0.0
MAR07222,0.0,0.0,0.0
MAR07490,0.0,0.0,0.0
MAR07491,0.0,0.0,0.0
MAR07492,0.0,0.0,0.0
MAR07493,0.0,0.0,0.0
MAR07494,0.0,0.0,0.0
MAR07495,0.0,0.0,0.0
MAR07496,0.0,0.0,0.0
MAR07497,0.0,0.0,0.0
MAR07498,0.0,0.0,0.0
MAR07509,0.0,0.0,0.0
MAR07510,0.0,0.0,0.0
MAR07519,0.0,0.0,0.0
MAR07520,0.0,0.0,0.0
MAR07521,0.0,0.0,0.0
MAR07522,0.0,0.0,0.0
MAR07534,0.0,0.0,0.0
MAR07535,0.0,0.0,0.0
MAR07536,0.0,0.0,0.0
MAR07537,0.0,0.0,0.0
MAR07538,0.0,0.0,0.0
MAR07551,0.0,0.0,0.0
MAR07552,0.0,0.0,0.0
MAR07553,0.0,0.0,0.0
MAR07554,0.0,0.0,0.0
MAR07501,0.0,0.0,0.0
MAR07502,0.0,0.0,0.0
MAR07503,0.0,0.0,0.0
MAR07504,0.0,0.0,0.0
MAR07505,0.0,0.0,0.0
MAR07506,0.0,0.0,0.0
MAR07507,0.0,0.0,0.0
MAR07508,0.0,0.0,0.0
MAR07513,0.0,0.0,0.0
MAR07514,0.0,0.0,0.0
MAR07515,0.0,0.0,0.0
MAR07516,0.0,0.0,0.0
MAR07517,0.0,0.0,0.0
MAR07518,0.0,0.0,0.0
MAR07525,-6.663418393789751e-16,0.0,0.0
MAR07526,0.0,0.0,0.0
MAR07527,0.0,0.0,0.0
MAR07528,0.0,0.0,0.0
MAR07529,0.0,0.0,0.0
MAR07530,0.0,0.0,0.0
MAR07531,0.0,0.0,0.0
MAR07532,0.0,0.0,0.0
MAR07533,0.0,0.0,0.0
MAR07541,0.0,0.0,0.0
MAR07542,0.0,0.0,0.0
MAR07543,0.0,0.0,0.0
MAR07544,0.0,0.0,0.0
MAR07545,0.0,0.0,0.0
MAR07546,0.0,0.0,0.0
MAR07547,0.0,0.0,0.0
MAR07548,0.0,0.0,0.0
MAR07549,0.0,0.0,0.0
MAR07550,0.0,0.0,0.0
MAR07557,0.0,0.0,0.0
MAR07558,0.0,0.0,0.0
MAR07559,0.0,0.0,0.0
MAR07560,0.0,0.0,0.0
MAR07561,0.0,0.0,0.0
MAR07562,0.0,0.0,0.0
MAR07563,0.0,0.0,0.0
MAR07564,0.0,0.0,0.0
MAR07565,0.0,0.0,0.0
MAR07566,0.0,0.0,0.0
MAR07567,0.0,0.0,0.0
MAR07225,0.0,0.0,0.0
MAR07226,0.0,0.0,0.0
MAR07227,0.0,0.0,0.0
MAR07228,0.0,0.0,0.0
MAR07229,0.0,0.0,0.0
MAR07230,0.0,0.0,0.0
MAR07231,0.0,0.0,0.0
MAR07232,0.0,0.0,0.0
MAR07233,0.0,0.0,0.0
MAR07234,0.0,0.0,0.0
MAR07235,0.0,0.0,0.0
MAR07236,0.0,0.0,0.0
MAR07237,0.0,0.0,0.0
MAR07238,0.0,0.0,0.0
MAR07239,0.0,0.0,0.0
MAR07240,0.0,0.0,0.0
MAR07241,0.0,0.0,0.0
MAR07242,0.0,0.0,0.0
MAR07243,0.0,0.0,0.0
MAR07244,0.0,0.0,0.0
MAR07245,0.0,0.0,0.0
MAR07246,0.0,0.0,0.0
MAR07247,0.0,0.0,0.0
MAR07248,0.0,0.0,0.0
MAR07249,0.0,0.0,0.0
MAR07250,0.0,0.0,0.0
MAR07251,0.0,0.0,0.0
MAR07571,-1.780920114328768e-14,1.5308108406748314e-15,1.43109652044276e-14
MAR07572,0.0,0.0,0.0
MAR07573,0.0,0.0,0.0
MAR07335,0.0,0.0,0.0
MAR07336,0.0,0.0,0.0
MAR07337,0.0,0.0,0.0
MAR07338,0.0,0.0,0.0
MAR07339,0.0,0.0,0.0
MAR07340,0.0,0.0,0.0
MAR07341,0.0,0.0,0.0
MAR07342,0.0,0.0,0.0
MAR07343,0.0,0.0,0.0
MAR07344,0.0,0.0,0.0
MAR07345,0.0,0.0,0.0
MAR07346,0.0,0.0,0.0
MAR07347,0.0,0.0,0.0
MAR07348,0.0,0.0,0.0
MAR07349,0.0,0.0,0.0
MAR07350,0.0,0.0,0.0
MAR07351,0.0,0.0,0.0
MAR07352,0.0,0.0,0.0
MAR07353,0.0,0.0,0.0
MAR07354,0.0,0.0,0.0
MAR07355,0.0,0.0,0.0
MAR07356,0.0,0.0,0.0
MAR07357,0.0,0.0,0.0
MAR07358,0.0,0.0,0.0
MAR07359,0.0,0.0,0.0
MAR07360,0.0,0.0,0.0
MAR07361,0.0,0.0,0.0
MAR07362,0.0,0.0,0.0
MAR07363,0.0,0.0,0.0
MAR07364,0.0,0.0,0.0
MAR07365,0.0,0.0,0.0
MAR07366,0.0,0.0,0.0
MAR07367,0.0,0.0,0.0
MAR07368,0.0,0.0,0.0
MAR07369,0.0,0.0,0.0
MAR07370,0.0,0.0,0.0
MAR07371,0.0,0.0,0.0
MAR07442,0.0,0.0,0.0
MAR07443,0.0,0.0,0.0
MAR07444,0.0,0.0,0.0
MAR07445,0.0,0.0,0.0
MAR07446,0.0,0.0,0.0
MAR07447,0.0,0.0,0.0
MAR07448,0.0,0.0,0.0
MAR07449,0.0,0.0,0.0
MAR07450,0.0,0.0,0.0
MAR07451,0.0,0.0,0.0
MAR07452,0.0,0.0,0.0
MAR07471,0.0,0.0,0.0
MAR07472,0.0,0.0,0.0
MAR07473,0.0,0.0,0.0
MAR07474,0.0,0.0,0.0
MAR07475,0.0,0.0,0.0
MAR07476,0.0,0.0,0.0
MAR07477,0.0,0.0,0.0
MAR07478,0.0,0.0,0.0
MAR07479,0.0,0.0,0.0
MAR07480,0.0,0.0,0.0
MAR07481,0.0,0.0,0.0
MAR07373,0.0,0.0,0.0
MAR07375,0.0,0.0,0.0
MAR07376,0.0,0.0,0.0
MAR07377,0.0,0.0,0.0
MAR07378,0.0,0.0,0.0
MAR07379,0.0,0.0,0.0
MAR07380,0.0,0.0,0.0
MAR07381,0.0,0.0,0.0
MAR07382,0.0,0.0,0.0
MAR07383,0.0,0.0,0.0
MAR07384,0.0,0.0,0.0
MAR07385,0.0,0.0,0.0
MAR07386,0.0,0.0,0.0
MAR07387,0.0,0.0,0.0
MAR07388,0.0,0.0,0.0
MAR07389,0.0,0.0,0.0
MAR07390,0.0,0.0,0.0
MAR07391,0.0,0.0,0.0
MAR07392,0.0,0.0,0.0
MAR07393,0.0,0.0,0.0
MAR07394,0.0,0.0,0.0
MAR07395,0.0,0.0,0.0
MAR07396,0.0,0.0,0.0
MAR07397,0.0,0.0,0.0
MAR07398,0.0,0.0,0.0
MAR07399,0.0,0.0,0.0
MAR07400,0.0,0.0,0.0
MAR07401,0.0,0.0,0.0
MAR07402,0.0,0.0,0.0
MAR07403,0.0,0.0,0.0
MAR07404,0.0,0.0,0.0
MAR07405,0.0,0.0,0.0
MAR07406,0.0,0.0,0.0
MAR07407,0.0,0.0,0.0
MAR07408,0.0,0.0,0.0
MAR07409,0.0,0.0,0.0
MAR07410,0.0,0.0,0.0
MAR07411,0.0,0.0,0.0
MAR07412,0.0,0.0,0.0
MAR07413,0.0,0.0,0.0
MAR07414,0.0,0.0,0.0
MAR07415,0.0,0.0,0.0
MAR07416,0.0,0.0,0.0
MAR07417,0.0,0.0,0.0
MAR07418,0.0,0.0,0.0
MAR07419,0.0,0.0,0.0
MAR07420,0.0,0.0,0.0
MAR07421,0.0,0.0,0.0
MAR07422,0.0,0.0,0.0
MAR07423,0.0,0.0,0.0
MAR07424,0.0,0.0,0.0
MAR07425,0.0,0.0,0.0
MAR07426,0.0,0.0,0.0
MAR07427,0.0,0.0,0.0
MAR07455,0.0,0.0,0.0
MAR07456,0.0,0.0,0.0
MAR07457,0.0,0.0,0.0
MAR07458,0.0,0.0,0.0
MAR07459,0.0,0.0,0.0
MAR07460,0.0,0.0,0.0
MAR07461,0.0,0.0,0.0
MAR07462,0.0,0.0,0.0
MAR07463,0.0,0.0,0.0
MAR07464,0.0,0.0,0.0
MAR07465,0.0,0.0,0.0
MAR07466,0.0,0.0,0.0
MAR07467,0.0,0.0,0.0
MAR07468,0.0,0.0,0.0
MAR07469,0.0,0.0,0.0
MAR07484,0.0,0.0,0.0
MAR07485,0.0,0.0,0.0
MAR07486,0.0,0.0,0.0
MAR07487,0.0,0.0,0.0
MAR07488,0.0,0.0,0.0
MAR07489,0.0,0.0,0.0
MAR08643,0.0,0.0,0.0
MAR08645,0.0,0.0,0.0
MAR08648,0.0,0.0,0.0
MAR01581,0.0,0.0,0.0
MAR01584,0.0,0.0,0.0
MAR01585,0.0,0.0,0.0
MAR01589,0.0,0.0,0.0
MAR01590,0.0,0.0,0.0
MAR01592,0.0,0.0,0.0
MAR01593,-68.4407654261761,-58.78743359549368,-22.124492201785028
MAR01595,0.0,0.0,0.0
MAR01598,0.0,0.0,0.0
MAR01599,0.0,0.0,0.0
MAR01604,0.0,0.0,0.0
MAR01605,0.0,0.0,0.0
MAR01608,0.0,0.0,0.0
MAR01609,0.0,0.0,0.0
MAR01610,0.0,0.0,0.0
MAR01611,0.0,0.0,0.0
MAR01613,0.0,0.0,0.0
MAR01614,0.0,0.0,0.0
MAR01619,0.0,0.0,0.0
MAR01620,-5.96801898128589,-3.93229225488464,-16.1033256688169
MAR01622,0.0,0.0,0.0
MAR01623,-31.573997618677442,-24.02932602005924,-54.211433626513035
MAR01624,0.0,0.0,0.0
MAR01625,0.0,0.0,0.0
MAR01627,0.0,0.0,0.0
MAR01629,-5.525932652759794,-3.4499381627791563,-12.42520300984734
MAR01630,3.693297763085332e-17,0.0,0.0
MAR01631,-0.5747695007895001,-0.3566425493450301,-4.167493880565574
MAR01632,0.0,0.0,0.0
MAR01635,1.1996550676919767e-15,1.368744138085921e-15,-1.050882398248401e-14
MAR01637,0.0,0.0,0.0
MAR01638,0.0,0.0,0.0
MAR01639,0.0,0.0,0.0
MAR01642,0.0,0.0,0.0
MAR01646,0.0,0.0,0.0
MAR01652,1.2589805785124805e-14,0.0,0.0
MAR01653,0.0,0.0,0.0
MAR01656,-43.3479635064638,-27.09207439535803,-98.53140573392841
MAR01659,0.0,0.0,0.0
MAR01660,0.0,0.0,0.0
MAR01662,0.0,0.0,0.0
MAR01663,0.0,0.0,0.0
MAR01665,0.0,0.0,0.0
MAR01666,0.0,1.8935316083868243e-16,-1.5925077950843249e-13
MAR01667,0.0,0.0,0.0
MAR01668,0.0,0.0,0.0
MAR01670,0.0,0.0,0.0
MAR01673,0.0,0.0,0.0
MAR01676,0.0,0.0,0.0
MAR01678,0.0,0.0,0.0
MAR01679,-453.8716976147331,-413.77942008236295,-574.5005942382488
MAR01681,0.0,0.0,0.0
MAR01682,0.0,0.0,0.0
MAR01684,-20.9550014095,-17.7449947192666,-34.5827959709181
MAR01685,0.0,0.0,0.0
MAR01687,0.0,0.0,0.0
MAR01689,0.0,0.0,0.0
MAR01691,0.0,0.0,0.0
MAR01692,-27.0927762560894,-24.7533794726416,-63.4250246513055
MAR01693,0.0,0.0,0.0
MAR01694,-18.2054006688873,-13.8535641400578,-38.10810795769602
MAR01695,0.0,0.0,0.0
MAR01696,0.0,0.0,0.0
MAR01697,0.0,0.0,0.0
MAR01699,0.0,0.0,0.0
MAR01700,0.0,0.0,0.0
MAR01701,-11.206566883650922,-7.2039091429912805,-26.444781738381675
MAR01702,0.0,0.0,0.0
MAR01703,0.0,0.0,0.0
MAR01704,0.0,0.0,0.0
MAR01706,0.0,0.0,0.0
MAR01708,0.0,0.0,0.0
MAR01710,0.0,0.0,0.0
MAR01716,0.0,0.0,0.0
MAR01717,-17.461970615331555,-11.314522672548428,-44.631854347480505
MAR01718,0.0,0.0,0.0
MAR01720,0.0,0.0,0.0
MAR01722,0.0,0.0,0.0
MAR01723,0.0,0.0,0.0
MAR01725,-5.96801898128589,-3.9322922548846404,-16.1033256688169
MAR01726,-5.96801898128589,-3.93229225488464,-16.1033256688169
MAR01727,-5.96801898128589,-3.93229225488464,-16.1033256688169
MAR01729,0.0,0.0,0.0
MAR01730,0.0,0.0,0.0
MAR01735,0.0,0.0,0.0
MAR01737,0.0,0.0,0.0
MAR01738,0.0,0.0,0.0
MAR01739,0.0,0.0,0.0
MAR01740,0.0,0.0,0.0
MAR01741,0.0,0.0,0.0
MAR01742,0.0,0.0,0.0
MAR01743,0.0,0.0,0.0
MAR01744,0.0,0.0,0.0
MAR01745,0.0,0.0,0.0
MAR01746,0.0,0.0,0.0
MAR01747,0.0,0.0,0.0
MAR01748,0.0,0.0,0.0
MAR01749,0.0,0.0,0.0
MAR01750,0.0,0.0,0.0
MAR01751,0.0,0.0,0.0
MAR01752,0.0,0.0,0.0
MAR01753,0.0,0.0,0.0
MAR01754,0.0,0.0,0.0
MAR01756,0.0,0.0,0.0
MAR01758,0.0,0.0,0.0
MAR01759,0.0,0.0,0.0
MAR01760,0.0,0.0,0.0
MAR01761,0.0,0.0,0.0
MAR01762,0.0,0.0,0.0
MAR01764,-0.8410413598537501,-0.543230730260099,-3.0824947292420792
MAR01765,0.0,0.0,0.0
MAR01766,0.0,0.0,0.0
MAR01767,0.0,0.0,0.0
MAR01768,0.0,0.0,0.0
MAR01769,0.0,0.0,0.0
MAR01770,0.0,0.0,0.0
MAR01771,0.0,0.0,0.0
MAR01772,-1.6820827197074995,-1.0864614605201983,-6.164989458484159
MAR01774,0.0,0.0,0.0
MAR01776,0.0,0.0,0.0
MAR01777,0.0,0.0,0.0
MAR01778,0.0,0.0,0.0
MAR01781,0.0,0.0,0.0
MAR01783,0.0,0.0,0.0
MAR01784,0.0,0.0,0.0
MAR01785,0.0,0.0,0.0
MAR01786,0.0,0.0,0.0
MAR01787,0.0,0.0,0.0
MAR01790,0.0,0.0,0.0
MAR01792,0.0,0.0,0.0
MAR01794,0.0,0.0,0.0
MAR01796,0.0,0.0,0.0
MAR01797,0.0,0.0,0.0
MAR01798,0.0,0.0,0.0
MAR01800,0.0,0.0,0.0
MAR01802,-0.84104135985375,-0.543230730260099,-3.08249472924208
MAR01803,0.0,0.0,0.0
MAR01804,0.0,0.0,0.0
MAR01805,0.0,0.0,0.0
MAR01806,-0.84104135985375,-0.5432307302601189,-3.08249472924208
MAR01807,-0.84104135985375,-0.543230730260099,-3.08249472924208
MAR01810,0.0,-3.9831136154408045e-16,0.0
MAR01811,0.0,0.0,0.0
MAR01813,-0.8410413598537504,-0.5432307302600702,-3.0824947292420894
MAR01815,0.0,0.0,0.0
MAR01817,0.0,0.0,0.0
MAR01819,0.0,0.0,0.0
MAR01830,0.0,0.0,0.0
MAR01831,0.0,0.0,0.0
MAR01832,-5.96801898128589,-3.93229225488464,-16.1033256688169
MAR01833,-5.96801898128589,-0.24782930149548804,-16.1033256688169
MAR01834,-1000.0,-1000.0,-1000.0
MAR01835,-11.936037962572973,-7.864584509772126,-32.206651337632536
MAR01836,0.0,0.0,0.0
MAR01837,0.0,0.0,0.0
MAR01838,0.0,0.0,0.0
MAR01839,0.0,0.0,0.0
MAR01840,0.0,0.0,0.0
MAR01841,-1000.0,-1000.0,-1000.0
MAR01842,-23.131168416298593,-21.6532285701038,-189.73896447834267
MAR01843,-1000.0,-1000.0,-1000.0
MAR01844,-1000.0,-1000.0,-1000.0
MAR01845,0.0,0.0,0.0
MAR01846,0.0,0.0,0.0
MAR03799,0.0,0.0,0.0
MAR03908,0.0,0.0,0.0
MAR03910,0.0,0.0,0.0
MAR03911,0.0,0.0,0.0
MAR04679,0.0,0.0,0.0
MAR08063,0.0,0.0,0.0
MAR08064,0.0,0.0,0.0
MAR08065,0.0,0.0,0.0
MAR08759,0.0,0.0,0.0
MAR01847,0.0,0.0,0.0
MAR01848,-5.96801898128589,-3.93229225488464,-16.1033256688169
MAR01850,-0.5747695007895023,-0.3566425493450112,-4.167493880565229
MAR01852,-1000.0,-1000.0,-1000.0
MAR01853,0.0,0.0,0.0
MAR01854,-5.968018981285903,-3.93229225488464,-16.103325668816897
MAR01855,0.0,0.0,0.0
MAR01857,0.0,0.0,0.0
MAR01859,-999.9999999999967,-1000.0,-1000.0
MAR01861,0.0,0.0,0.0
MAR01862,0.0,0.0,0.0
MAR01863,0.0,0.0,0.0
MAR01864,0.0,0.0,0.0
MAR01865,0.0,0.0,0.0
MAR01866,0.0,0.0,0.0
MAR01867,0.0,0.0,0.0
MAR01868,0.0,0.0,0.0
MAR01870,0.0,0.0,0.0
MAR01872,0.0,0.0,0.0
MAR01874,0.0,0.0,0.0
MAR01875,-1000.0,-1000.0,-1000.0
MAR01876,-1000.0,-1000.0,-1000.0
MAR01877,-1000.0,-1000.0,-1000.0
MAR01878,0.0,0.0,0.0
MAR01879,-1000.0,-1000.0,-1000.0
MAR01880,-1000.0,-1000.0,-1000.0
MAR01881,-1000.0,-1000.0,-1000.0
MAR01882,-1000.0,-1000.0,-1000.0
MAR01883,-1000.0,-1000.0,-1000.0
MAR01884,-1000.0,-1000.0,-1000.0
MAR01885,-1000.0,-1000.0,-1000.0
MAR01886,-1000.0,-1000.0,-1000.0
MAR01887,-1000.0,-1000.0,-1000.0
MAR01888,-1000.0,-1000.0,-1000.0
MAR01889,-1000.0,-1000.0,-1000.0
MAR01890,-1000.0,-1000.0,-1000.0
MAR01891,-1000.0,-1000.0,-1000.0
MAR01892,-1000.0,-1000.0,-1000.0
MAR01893,-1000.0,-1000.0,-1000.0
MAR01894,-1000.0,-1000.0,-1000.0
MAR01895,0.0,0.0,0.0
MAR01896,0.0,0.0,0.0
MAR01897,0.0,0.0,0.0
MAR01403,0.0,0.0,0.0
MAR01404,0.0,0.0,0.0
MAR01405,0.0,0.0,0.0
MAR01406,0.0,0.0,0.0
MAR01407,0.0,0.0,0.0
MAR01408,0.0,0.0,0.0
MAR01409,0.0,0.0,0.0
MAR01410,0.0,0.0,0.0
MAR01411,0.0,0.0,0.0
MAR01412,0.0,0.0,0.0
MAR01413,0.0,0.0,0.0
MAR01414,0.0,0.0,0.0
MAR01415,0.0,0.0,0.0
MAR01416,0.0,0.0,0.0
MAR01417,0.0,0.0,0.0
MAR01418,0.0,0.0,0.0
MAR01419,0.0,0.0,0.0
MAR01420,0.0,0.0,0.0
MAR01421,0.0,0.0,0.0
MAR01422,0.0,0.0,0.0
MAR01423,0.0,0.0,0.0
MAR01424,0.0,0.0,0.0
MAR01425,0.0,0.0,0.0
MAR01426,0.0,0.0,0.0
MAR01427,0.0,0.0,0.0
MAR01428,0.0,0.0,0.0
MAR01429,0.0,0.0,0.0
MAR01430,0.0,0.0,0.0
MAR01431,0.0,0.0,0.0
MAR01432,0.0,0.0,0.0
MAR01433,0.0,0.0,0.0
MAR08262,0.0,0.0,0.0
MAR08263,0.0,0.0,0.0
MAR08264,0.0,0.0,0.0
MAR08267,0.0,0.0,0.0
MAR08268,0.0,0.0,0.0
MAR08271,0.0,0.0,0.0
MAR08275,0.0,0.0,0.0
MAR08276,0.0,0.0,0.0
MAR08277,0.0,0.0,0.0
MAR08278,0.0,0.0,0.0
MAR08279,0.0,0.0,0.0
MAR08280,0.0,0.0,0.0
MAR08281,0.0,0.0,0.0
MAR08284,0.0,0.0,0.0
MAR08285,0.0,0.0,0.0
MAR08286,0.0,0.0,0.0
MAR08287,0.0,0.0,0.0
MAR08288,0.0,0.0,0.0
MAR08291,0.0,0.0,0.0
MAR08292,0.0,0.0,0.0
MAR08293,0.0,0.0,0.0
MAR08294,0.0,0.0,0.0
MAR08295,0.0,0.0,0.0
MAR08298,0.0,0.0,0.0
MAR08302,0.0,0.0,0.0
MAR08305,0.0,0.0,0.0
MAR08306,0.0,0.0,0.0
MAR08307,0.0,0.0,0.0
MAR08308,0.0,0.0,0.0
MAR08309,0.0,0.0,0.0
MAR08316,0.0,0.0,0.0
MAR08317,0.0,0.0,0.0
MAR08318,0.0,0.0,0.0
MAR08319,0.0,0.0,0.0
MAR08322,0.0,0.0,0.0
MAR08325,-9.506021802139477e-33,0.0,0.0
MAR08326,0.0,0.0,0.0
MAR08327,0.0,0.0,0.0
MAR08330,0.0,0.0,0.0
MAR08331,0.0,0.0,0.0
MAR08332,0.0,0.0,0.0
MAR08333,0.0,0.0,0.0
MAR08334,0.0,0.0,0.0
MAR08337,0.0,0.0,0.0
MAR00712,0.0,0.0,0.0
MAR03992,0.0,0.0,0.0
MAR04228,0.0,0.0,0.0
MAR04251,0.0,0.0,0.0
MAR04252,0.0,0.0,0.0
MAR04253,0.0,0.0,0.0
MAR04254,-3.18361461293245,-4.52102086878665,-2.41531962599586
MAR04255,0.0,0.0,0.0
MAR04257,-2.535350289905269,-1.7916581976867496,-5.15392454794795
MAR04259,0.0,0.0,0.0
MAR04260,0.0,0.0,0.0
MAR04261,0.0,0.0,0.0
MAR04262,-14.709865307254,-9.51315427916471,-43.9133312346761
MAR04263,0.0,0.0,0.0
MAR04264,0.0,0.0,0.0
MAR04265,0.0,0.0,0.0
MAR04267,0.0,0.0,0.0
MAR04268,0.0,0.0,0.0
MAR04269,0.005340551873409866,0.004500349278913044,0.012104591981609179
MAR04270,0.0,0.0,0.0
MAR04271,0.0,0.0,0.0
MAR04276,-2.53535028990527,-1.79165819768675,-5.15392454794795
MAR04278,0.0,0.0,0.0
MAR04279,0.0,0.0,0.0
MAR04662,0.0,0.0,0.0
MAR07142,0.0,0.0,0.0
MAR07143,0.0,0.0,0.0
MAR07623,0.0,0.0,0.0
MAR07625,0.0,0.0,0.0
MAR07627,0.0,0.0,0.0
MAR07676,0.0,0.0,0.0
MAR07677,0.0,0.0,0.0
MAR07678,0.0,0.0,0.0
MAR08788,0.0,0.0,0.0
MAR08790,0.0,0.0,0.0
MAR08791,-3.92454614386937,-4.76598304904958,-17.7601689195955
MAR03871,0.0,0.0,0.0
MAR04058,0.0,0.0,0.0
MAR04498,0.0,0.0,0.0
MAR04499,0.0,0.0,0.0
MAR04500,0.0,0.0,0.0
MAR04714,0.0,0.0,0.0
MAR04715,0.0,0.0,0.0
MAR04716,0.0,0.0,0.0
MAR04717,0.0,0.0,0.0
MAR04718,0.0,0.0,0.0
MAR04723,0.0,0.0,0.0
MAR04725,0.0,0.0,0.0
MAR04727,-0.9777270187032681,-0.76265277686428,-5.3671050194296095
MAR04730,0.0,0.0,0.0
MAR04731,-2.68349037407394,-3.0841741703156895,-3.8654788908568594
MAR04732,0.0,0.0,0.0
MAR04733,0.0,0.0,0.0
MAR04734,3.1114398265831345e-15,-4.616665091159838e-15,0.0
MAR07731,0.0,0.0,0.0
MAR08792,0.0,0.0,0.0
MAR00663,0.0,0.0,0.0
MAR04308,0.0,0.0,0.0
MAR06539,0.0,0.0,0.0
MAR06540,0.0,0.0,0.0
MAR06542,0.0,0.0,0.0
MAR06543,0.0,0.0,0.0
MAR06544,0.0,0.0,0.0
MAR06545,0.0,0.0,0.0
MAR06546,0.0,0.0,0.0
MAR06547,0.0,0.0,0.0
MAR06548,0.0,0.0,0.0
MAR06549,0.0,0.0,0.0
MAR06550,0.0,0.0,0.0
MAR06551,0.0,0.0,0.0
MAR06552,0.0,0.0,0.0
MAR06553,0.0,0.0,0.0
MAR06554,0.0,0.0,0.0
MAR06555,0.0,0.0,0.0
MAR06556,0.0,0.0,0.0
MAR06557,0.0,0.0,0.0
MAR06558,0.0,0.0,0.0
MAR06559,0.0,0.0,0.0
MAR06560,0.0,0.0,0.0
MAR06561,0.0,0.0,0.0
MAR06562,0.0,0.0,0.0
MAR06563,0.0,0.0,0.0
MAR06564,0.0,0.0,0.0
MAR06565,0.0,0.0,0.0
MAR06566,0.0,0.0,0.0
MAR06567,0.0,0.0,0.0
MAR06568,0.0,0.0,0.0
MAR06569,0.0,0.0,0.0
MAR06570,0.0,0.0,0.0
MAR06571,0.0,0.0,0.0
MAR06572,0.0,0.0,0.0
MAR06573,0.0,0.0,0.0
MAR06574,0.0,0.0,0.0
MAR06575,0.0,0.0,0.0
MAR06576,0.0,0.0,0.0
MAR06579,0.0,0.0,0.0
MAR06580,0.0,0.0,0.0
MAR06581,0.0,0.0,0.0
MAR06583,0.0,0.0,0.0
MAR06584,0.0,0.0,0.0
MAR06585,0.0,0.0,0.0
MAR06587,0.0,0.0,0.0
MAR06588,0.0,0.0,0.0
MAR06589,0.0,0.0,0.0
MAR06591,0.0,0.0,0.0
MAR06592,0.0,0.0,0.0
MAR06595,0.0,0.0,0.0
MAR07652,0.0,0.0,0.0
MAR07654,0.0,0.0,0.0
MAR07655,0.0,0.0,0.0
MAR07656,0.0,0.0,0.0
MAR08799,0.0,0.0,0.0
MAR08800,0.0,0.0,0.0
MAR08801,0.0,0.0,0.0
MAR08802,0.0,0.0,0.0
MAR08803,0.0,0.0,0.0
MAR08804,0.0,0.0,0.0
MAR08805,0.0,0.0,0.0
MAR08806,0.0,0.0,0.0
MAR08807,0.0,0.0,0.0
MAR08808,0.0,0.0,0.0
MAR08809,0.0,0.0,0.0
MAR08810,0.0,0.0,0.0
MAR08811,0.0,0.0,0.0
MAR08812,0.0,0.0,0.0
MAR08813,0.0,0.0,0.0
MAR08814,0.0,0.0,0.0
MAR08815,0.0,0.0,0.0
MAR08816,0.0,0.0,0.0
MAR08817,0.0,0.0,0.0
MAR08818,0.0,0.0,0.0
MAR08819,0.0,0.0,0.0
MAR08820,0.0,0.0,0.0
MAR08821,0.0,0.0,0.0
MAR08822,0.0,0.0,0.0
MAR08823,0.0,0.0,0.0
MAR08824,0.0,0.0,0.0
MAR08825,0.0,0.0,0.0
MAR08826,0.0,0.0,0.0
MAR08827,0.0,0.0,0.0
MAR08829,0.0,0.0,0.0
MAR08830,0.0,0.0,0.0
MAR08831,0.0,0.0,0.0
MAR08833,0.0,0.0,0.0
MAR08835,0.0,0.0,0.0
MAR08836,0.0,0.0,0.0
MAR03923,0.0,0.0,0.0
MAR03925,-5.50645692374677,-3.75294259038187,-18.4124390822744
MAR03929,-27.76257840884103,-13.19467544225091,-52.38941207525219
MAR03972,0.0,0.0,0.0
MAR04332,-6.79045816738441,-2.50851638827333,-44.0393227345028
MAR04333,-6.79045816738441,-2.50851638827333,-44.0393227345028
MAR04335,-6.79045816738441,-2.50851638827333,-44.0393227345028
MAR04336,0.0,0.0,0.0
MAR04338,0.0,0.0,0.0
MAR04340,0.0,0.0,0.0
MAR04440,-14.0614809245841,-5.35893964831981,-26.9374124120583
MAR04442,-9.25419280294701,-4.39822514741697,-17.4631373584174
MAR04444,-14.0614809245841,-5.35893964831981,-26.9374124120583
MAR04446,0.0,0.0,0.0
MAR04448,0.0,0.0,0.0
MAR04503,-9.25419280294701,-4.39822514741697,-17.4631373584174
MAR04505,-14.0614809245841,-5.35893964831981,-26.9374124120583
MAR04654,-6.79045816738441,-2.50851638827333,-44.0393227345028
MAR04655,-6.79045816738441,-2.50851638827333,-44.0393227345028
MAR04656,0.0,0.0,0.0
MAR04665,0.0,0.0,0.0
MAR09726,0.0,0.0,0.0
MAR04666,0.0,0.0,0.0
MAR07145,0.0,0.0,0.0
MAR07146,0.0,0.0,0.0
MAR07147,0.0,0.0,0.0
MAR07908,0.0,0.0,0.0
MAR07909,0.0,0.0,0.0
MAR07910,0.0,0.0,0.0
MAR07911,0.0,0.0,0.0
MAR07912,0.0,0.0,0.0
MAR07913,0.0,0.0,0.0
MAR07916,0.0,0.0,0.0
MAR07919,0.0,0.0,0.0
MAR07920,0.0,0.0,0.0
MAR07921,0.0,0.0,0.0
MAR07922,0.0,0.0,0.0
MAR07925,0.0,0.0,0.0
MAR08105,0.0,0.0,0.0
MAR08106,0.0,0.0,0.0
MAR08107,0.0,0.0,0.0
MAR08108,0.0,0.0,0.0
MAR08109,0.0,0.0,0.0
MAR08110,0.0,0.0,0.0
MAR08112,0.0,0.0,0.0
MAR08113,0.0,0.0,0.0
MAR08114,0.0,0.0,0.0
MAR08115,0.0,0.0,0.0
MAR08116,0.0,0.0,0.0
MAR08117,0.0,0.0,0.0
MAR08129,0.0,0.0,0.0
MAR08130,0.0,0.0,0.0
MAR08132,0.0,0.0,0.0
MAR08133,0.0,0.0,0.0
MAR08135,0.0,0.0,0.0
MAR08136,0.0,0.0,0.0
MAR08137,0.0,0.0,0.0
MAR08138,0.0,0.0,0.0
MAR08139,0.0,0.0,0.0
MAR08140,0.0,0.0,0.0
MAR08141,0.0,0.0,0.0
MAR08142,0.0,0.0,0.0
MAR08143,0.0,0.0,0.0
MAR08144,-9.25419280294701,-4.39822514741697,-17.4631373584174
MAR08758,0.0,0.0,0.0
MAR07661,0.0,0.0,0.0
MAR07662,0.0,0.0,0.0
MAR07663,0.0,0.0,0.0
MAR07668,0.0,0.0,0.0
MAR07669,0.0,0.0,0.0
MAR07670,0.0,0.0,0.0
MAR07671,0.0,0.0,0.0
MAR07672,0.0,0.0,0.0
MAR07673,0.0,0.0,0.0
MAR04160,0.0,0.0,0.0
MAR04162,0.0,0.0,0.0
MAR04163,0.0,0.0,0.0
MAR04165,-2.6478755802743,-1.55292640634673,-11.727774177635299
MAR04166,0.0,0.0,0.0
MAR04167,0.0,0.0,0.0
MAR04169,0.0,0.0,0.0
MAR04170,0.0,0.0,0.0
MAR04523,-5.50645692374677,-3.75294259038187,-18.4124390822744
MAR04539,-11.2078449378345,-7.06416233775823,-11.5220759149963
MAR04540,-11.2078449378345,-7.06416233775823,-11.5220759149963
MAR04541,-11.207844937834498,-7.064162337758228,-11.522075914996297
MAR04542,-11.2078449378345,-7.06416233775823,-11.5220759149963
MAR04543,-11.2078449378345,-7.06416233775823,-11.5220759149963
MAR04544,-11.2078449378345,-7.06416233775823,-11.5220759149963
MAR04816,0.0,0.0,0.0
MAR04817,0.0,0.0,0.0
MAR04818,0.0,0.0,0.0
MAR04833,-4.56248292500448,-4.076969889362761,-10.852793750839716
MAR04834,-2.6478755802743,-1.5529264063467316,-8.56774828668341
MAR04835,-4.56248292500448,-4.0769698893627595,-10.852793750839721
MAR04836,-2.6478755802743006,-1.5529264063467276,-8.56774828668341
MAR08538,0.0,0.0,0.0
MAR08738,0.0,0.0,1.3519360374221638e-14
MAR08739,0.0,0.0,0.0
MAR08740,0.0,0.0,0.0
MAR06393,0.0,0.0,0.0
MAR06394,-13.2024796861071,-11.3591364494756,-52.756790176907
MAR06396,0.0,0.0,0.0
MAR06405,0.0,0.0,0.0
MAR08345,-59.01138802887689,-50.49494700189266,-92.13241187356937
MAR08346,0.0,0.0,0.0
MAR08348,0.0,0.0,0.0
MAR08349,0.0,0.0,0.0
MAR08619,0.0,0.0,0.0
MAR08620,0.0,0.0,0.0
MAR08621,0.0,0.0,0.0
MAR08622,0.0,0.0,0.0
MAR08623,0.0,0.0,0.0
MAR08624,0.0,0.0,0.0
MAR08625,0.0,0.0,0.0
MAR03991,0.0,0.0,0.0
MAR04657,0.0,0.0,0.0
MAR04744,0.0,0.0,0.0
MAR04746,0.0,0.0,0.0
MAR04748,0.0,0.0,0.0
MAR04750,0.0,0.0,0.0
MAR04752,0.0,0.0,0.0
MAR04755,0.0,0.0,0.0
MAR04757,0.0,0.0,0.0
MAR04762,-1.6355472938944062e-34,0.0,0.0
MAR04763,0.0,0.0,0.0
MAR04764,0.0,0.0,0.0
MAR04768,0.0,0.0,0.0
MAR04769,-3.9537128269159307,-2.05228849807794,-6.420272818228529
MAR04770,-3.075888443863431,-2.6566233373518306,-7.847435211207319
MAR04771,-3.0758884438634304,-2.6566233373518306,-6.420272818228532
MAR04772,0.0,0.0,0.0
MAR04773,-3.07588844386343,-2.65662333735183,-6.420272818228529
MAR06395,0.0,0.0,0.0
MAR08634,0.0,0.0,0.0
MAR09717,0.0,0.0,0.0
MAR06630,0.0,0.0,0.0
MAR06631,0.0,0.0,0.0
MAR06632,0.0,0.0,0.0
MAR06633,0.0,0.0,0.0
MAR06634,0.0007621470098619665,0.0006422421928557887,0.001727439186627324
MAR06635,0.0,0.0,0.0
MAR06636,0.0,0.0,0.0
MAR06637,0.0,0.0,0.0
MAR06638,-1000.0,-1000.0,-1000.0
MAR06639,0.0,0.0,0.0
MAR06640,0.0,0.0,0.0
MAR06641,0.0003799689440471252,0.00032019031064114685,0.0008612160582605788
MAR06642,0.0003799689440471252,0.0003201903106411468,0.0008612160582605787
MAR06643,0.0,0.0,0.0
MAR06644,-999.99923785299,-999.999357757806,-999.9982725608129
MAR06645,0.0,0.0,0.0
MAR06646,0.0,0.0,0.0
MAR06647,0.0,0.0,0.0
MAR06648,0.0,0.0,0.0
MAR06649,0.0003799689440471252,0.0003201903106411468,0.0008612160582605787
MAR06650,0.0,0.0,0.0
MAR06651,0.0,0.0,0.0
MAR06652,-0.00042218771560791594,-0.0003557670118234957,-0.000956906731400642
MAR06653,0.0,0.0,0.0
MAR06654,0.00037996894404712504,0.00032019031064114674,0.0008612160582605786
MAR06655,0.0003799689440471252,0.00032019031064114685,0.0008612160582605788
MAR06656,0.0003799689440471252,0.00032019031064114685,0.0008612160582605787
MAR06657,0.0003799689440471252,0.00032019031064114685,0.0008612160582605788
MAR06658,0.0003799689440471252,0.0003201903106411468,0.0008612160582605787
MAR06659,-1000.0,-1000.0,-1000.0
MAR06660,-0.0008443754312158329,-0.0007115340236469915,-0.0019138134628012835
MAR06661,-1000.0,-1000.0,-1000.0
MAR06662,-1000.0,-1000.0,-1000.0
MAR06663,0.0,0.0,0.0
MAR06664,0.00037996894404712525,0.0003201903106411469,0.0008612160582605791
MAR06665,0.0003799689440471252,0.00032019031064114685,0.0008612160582605787
MAR06666,0.0,0.0,0.0
MAR06667,0.0,0.0,0.0
MAR06668,0.0003799689440471252,0.00032019031064114685,0.0008612160582605788
MAR06669,0.0003799689440471252,0.00032019031064114685,0.0008612160582605788
MAR06670,0.0,0.0,0.0
MAR06671,0.0,0.0,0.0
MAR06672,-1000.0,-1000.0,-1000.0
MAR06673,-20.06359571989121,-18.540081141189763,-57.68704442381265
MAR06674,-10.0315867660878,-9.26986268708897,-31.6741903294476
MAR06675,-10.0315867660878,-9.26986268708897,-31.6741903294476
MAR06676,-10.0315867660878,-9.26986268708897,-31.6741903294476
MAR06677,0.0003799689440471252,0.00032019031064114696,0.0008612160582605788
MAR06678,0.0003799689440471252,0.0003201903106411468,0.0008612160582605787
MAR06679,0.0,0.0,0.0
MAR06680,0.0,0.0,0.0
MAR06681,0.0,0.0,0.0
MAR06682,0.0007621470098619662,0.0006422421928557886,0.0017274391866273235
MAR06683,0.0,0.0,0.0
MAR06684,0.0,0.0,0.0
MAR06685,0.0,0.0,0.0
MAR06686,0.0,0.0,0.0
MAR06687,0.0007621470098619664,0.0006422421928557887,0.001727439186627324
MAR06690,-0.0008468300109577392,-0.0007136024365064303,-0.0019193768740303574
MAR06691,-0.0008468300109577394,-0.0007136024365064303,-0.0019193768740303565
MAR06692,0.0007621470098619706,0.0006422421928557892,0.001727439186627324
MAR06693,0.0007621470098619662,0.0006422421928557886,0.0017274391866273233
MAR06694,0.0,0.0,0.0
MAR06695,0.0,0.0,0.0
MAR06697,0.0,0.0,0.0
MAR06699,0.0,0.0,0.0
MAR06700,0.00037996894404712525,0.00032019031064114685,0.0008612160582605789
MAR06701,0.0003799689440471252,0.00032019031064114685,0.0008612160582605787
MAR06702,0.0003799689440471252,0.00032019031064114685,0.0008612160582605788
MAR06703,0.0003799689440471252,0.00032019031064114685,0.0008612160582605787
MAR06704,0.0,0.0,0.0
MAR06705,0.0,0.0,0.0
MAR08697,0.0,0.0,0.0
MAR08698,-1000.0,-1000.0,-1000.0
MAR08699,-1000.0,-1000.0,-1000.0
MAR08700,0.0,0.0,0.0
MAR08702,-41.39937141196355,-31.233299443877208,-26.174051247152867
MAR08703,0.0,0.0,0.0
MAR08704,0.0,0.0,0.0
MAR08706,0.0,0.0,0.0
MAR08709,-1000.0,-1000.0,-1000.0
MAR08710,-1000.0,-1000.0,-1000.0
MAR08711,-41.398991443019426,-31.232979253566832,-26.173190031085205
MAR08712,0.0,0.0,0.0
MAR08713,0.0,0.0,0.0
MAR08717,0.0,0.0,0.0
MAR06506,0.0,0.0,0.0
MAR06507,0.0,0.0,0.0
MAR06508,0.0,0.0,0.0
MAR06509,0.0,0.0,0.0
MAR06510,0.0,0.0,0.0
MAR06511,0.0,0.0,0.0
MAR04537,0.0,0.0,0.0
MAR04545,0.0,0.0,0.0
MAR04546,0.0,0.0,0.0
MAR04547,0.0,0.0,0.0
MAR04548,-12.5791164647584,-11.251540135347,-2.7635205559457
MAR04549,0.0,0.0,0.0
MAR04550,0.0,0.0,0.0
MAR04551,0.0,0.0,0.0
MAR04552,-1000.0,-1000.0,-1000.0
MAR04553,0.0,0.0,0.0
MAR04554,0.0,0.0,0.0
MAR04555,0.0,0.0,0.0
MAR04556,0.0,0.0,0.0
MAR04557,0.0,0.0,0.0
MAR04558,0.0,0.0,0.0
MAR04559,0.0,0.0,0.0
MAR04560,0.0,0.0,0.0
MAR04561,-20.9550014095,-17.7449947192666,-34.5827959709181
MAR04563,0.0,0.0,0.0
MAR04564,0.0,0.0,0.0
MAR04204,0.0007621470098619663,0.0006422421928557887,0.0017274391866273237
MAR04206,0.0,0.0,0.0
MAR04207,0.0,0.0,0.0
MAR04208,0.0,0.0,0.0
MAR08744,0.0,0.0,0.0
MAR08746,0.0,0.0,0.0
MAR08748,0.0,0.0,0.0
MAR08613,0.00038107350493098315,0.00032112109642789443,0.0008637195933136619
MAR08615,0.0007621470098619663,0.0006422421928557889,0.0017274391866273237
MAR08616,0.0007621470098619664,0.0006422421928557889,0.001727439186627324
MAR04064,0.0,0.0,0.0
MAR04065,0.0,0.0,0.0
MAR04066,0.0,0.0,0.0
MAR04067,0.0,0.0,0.0
MAR04068,0.0,0.0,0.0
MAR04069,0.0,0.0,0.0
MAR04070,0.0,0.0,0.0
MAR04071,-2.66718345349761,-2.20212053711228,-3.22211549285882
MAR08102,0.0,0.0,0.0
MAR08724,0.0,0.0,0.0
MAR08725,0.0,0.0,0.0
MAR02114,0.0,0.0,0.0
MAR02115,0.0,0.0,0.0
MAR02117,0.0,0.0,0.0
MAR02118,0.0,0.0,0.0
MAR02129,0.00037996894404712525,0.00032019031064114685,0.0008612160582605789
MAR02130,-0.00042218771560791654,-0.0003557670118234958,-0.0009569067314006431
MAR02131,0.0003799689440471252,0.00032019031064114685,0.00086121605826059
MAR02132,0.0,0.0,0.0
MAR02133,0.0003799689440471252,0.00032019031064114685,0.0008612160582605788
MAR02134,0.0003799689440471253,0.0003201903106411469,0.0008612160582605788
MAR02135,0.0003799689440471252,0.00032019031064114685,0.0008612160582605788
MAR02136,0.00037996894404712525,0.0003201903106411469,0.0008612160582605788
MAR02137,0.0,0.0,0.0
MAR02138,0.0,0.0,0.0
MAR02139,0.00037996894404712515,0.00032019031064114674,0.0008612160582605788
MAR02140,0.0,0.0,0.0
MAR02142,0.0003799689440471252,0.0003201903106411468,0.0008612160582605787
MAR02143,0.0003799689440471252,0.0003201903106411468,0.0008612160582605786
MAR02144,0.0003799689440471252,0.00032019031064114685,0.0008612160582605788
MAR02145,0.00037996894404712515,0.0003201903106411468,0.0008612160582605786
MAR07996,0.0,0.0,0.0
MAR07999,0.0,0.0,0.0
MAR08003,0.0,0.0,0.0
MAR08004,0.0,0.0,0.0
MAR08005,0.0,0.0,0.0
MAR08006,0.0,0.0,0.0
MAR08008,0.0,0.0,0.0
MAR08011,-1000.0,-1000.0,-1000.0
MAR08012,0.0,0.0,0.0
MAR08013,0.0,0.0,0.0
MAR08014,-999.9999999999998,-999.9999999999997,-1000.0
MAR06423,0.0,0.0,0.0
MAR06426,1.332495650671157e-19,1.332495650671157e-19,2.664991301342314e-19
MAR06427,0.0,0.0,0.0
MAR06428,0.0,0.0,0.0
MAR06429,0.0,0.0,0.0
MAR06432,0.0,0.0,0.0
MAR06433,0.0,0.0,0.0
MAR06434,0.0,0.0,0.0
MAR06435,0.0,0.0,0.0
MAR06436,0.0007621470098619662,0.0006422421928557887,0.0017274391866273235
MAR06441,1.332495650671157e-19,1.332495650671157e-19,2.664991301342314e-19
MAR06442,0.0,0.0,0.0
MAR06443,0.0,0.0,0.0
MAR06444,0.0,0.0,0.0
MAR06447,0.0,0.0,0.0
MAR06448,0.0,0.0,0.0
MAR06450,0.0,0.0,0.0
MAR06451,0.0,0.0,0.0
MAR06453,0.0007621470098619662,0.0006422421928557885,0.001727439186627323
MAR06456,-999.9999999999981,-1000.0000000000052,-1000.0000000000008
MAR06457,-1000.0,-1000.0,-1000.0
MAR06458,0.0,0.0,0.0
MAR06459,-999.9999999999999,-999.9999999999999,-1000.0
MAR06460,-1000.0000000000005,-1000.0000000000022,-999.9999999999975
MAR06461,0.0,0.0,0.0
MAR06464,0.0,0.0,0.0
MAR06465,0.0,0.0,0.0
MAR06466,0.0,0.0,0.0
MAR06467,0.0,0.0,0.0
MAR06470,0.0,0.0,0.0
MAR06471,0.0,0.0,0.0
MAR06472,0.0,0.0,0.0
MAR06473,0.0,0.0,0.0
MAR06476,1.332495650671157e-19,1.332495650671157e-19,0.0
MAR06500,-1000.0,-1000.0,-1000.0
MAR06477,0.0,0.0,0.0
MAR06478,0.0,0.0,0.0
MAR06479,0.0,0.0,0.0
MAR06482,0.0,0.0,0.0
MAR06484,0.0,0.0,0.0
MAR06486,0.0,0.0,0.0
MAR06488,0.0,0.0,0.0
MAR06490,0.0,0.0,0.0
MAR06492,-0.0008468300109577394,-0.0007136024365064304,-0.0019193768740303552
MAR06495,0.0,0.0,0.0
MAR06496,0.0,0.0,0.0
MAR06501,0.0,0.0,0.0
MAR06992,-7.760275881818602e-16,0.0,1.655797521294006e-13
MAR06993,-1.5520551763637203e-15,0.0,0.0
MAR06994,-7.760275881818603e-16,0.0,0.0
MAR06995,-3.399801875057824,-0.12391465074774402,-4.667691178483551
MAR06996,0.0,0.0,0.0
MAR06997,0.0,0.0,0.0
MAR06998,0.0,0.0,0.0
MAR06999,0.0,0.0,0.0
MAR07000,0.0,0.0,0.0
MAR07001,0.0,0.0,0.0
MAR07002,0.0,0.0,0.0
MAR07003,0.0,0.0,0.0
MAR07004,0.0,0.0,0.0
MAR07005,0.0,0.0,0.0
MAR07006,0.0,0.0,0.0
MAR07007,0.0,0.0,0.0
MAR07008,0.0,0.0,0.0
MAR07009,0.0,0.0,0.0
MAR07010,0.0,0.0,0.0
MAR07011,0.0,0.0,0.0
MAR07012,0.0,0.0,0.0
MAR07013,0.0,0.0,0.0
MAR07014,0.0,0.0,0.0
MAR07015,0.0,0.0,0.0
MAR07016,0.0,0.0,0.0
MAR07017,0.0,0.0,0.0
MAR07018,0.0,0.0,0.0
MAR07019,0.0,0.0,0.0
MAR07020,0.0,0.0,0.0
MAR07021,0.0,0.0,0.0
MAR07022,0.0,0.0,0.0
MAR07023,0.0,0.0,0.0
MAR07024,0.0,0.0,0.0
MAR07025,0.0,0.0,0.0
MAR07026,0.0,0.0,0.0
MAR07027,0.0,0.0,0.0
MAR07028,0.0,0.0,0.0
MAR07029,0.0,0.0,0.0
MAR07030,0.0,0.0,0.0
MAR07031,0.0,0.0,0.0
MAR07032,0.0,0.0,0.0
MAR07033,0.0,0.0,0.0
MAR07034,0.0,0.0,0.0
MAR07035,0.0,0.0,0.0
MAR07036,0.0,0.0,0.0
MAR07037,0.0,0.0,0.0
MAR07038,0.0,0.0,0.0
MAR07039,0.0,0.0,0.0
MAR07040,0.0,0.0,0.0
MAR07041,0.0,0.0,0.0
MAR07042,0.0,0.0,0.0
MAR07043,0.0,0.0,0.0
MAR07044,0.0,0.0,0.0
MAR07045,0.0,0.0,0.0
MAR07046,0.0,0.0,0.0
MAR07047,0.0,0.0,0.0
MAR07048,0.0,0.0,0.0
MAR07049,-3.3998018750578245,-0.12391465074774398,-4.66769117848355
MAR07050,0.0,0.0,0.0
MAR07051,0.0,0.0,0.0
MAR07052,-7.760275881818602e-16,0.0,0.0
MAR07053,-7.760275881818602e-16,0.0,0.0
MAR07054,-7.760275881818602e-16,0.0,0.0
MAR07055,-7.760275881818601e-16,0.0,0.0
MAR07056,-7.760275881818602e-16,0.0,0.0
MAR07057,-7.760275881818603e-16,0.0,0.0
MAR07058,-7.760275881818603e-16,0.0,0.0
MAR07059,0.0,0.0,0.0
MAR07060,0.0,0.0,0.0
MAR07061,-3.1041103527274394e-15,0.0,0.0
MAR07062,0.0,0.0,0.0
MAR07063,0.0,0.0,0.0
MAR07064,0.0,0.0,0.0
MAR07065,0.0,0.0,0.0
MAR07066,0.0,0.0,0.0
MAR07067,0.0,0.0,0.0
MAR07068,0.0,0.0,0.0
MAR07069,0.0,0.0,0.0
MAR07070,0.0,0.0,0.0
MAR07071,-3.1041103527274394e-15,0.0,0.0
MAR07072,0.0,0.0,0.0
MAR07073,0.0,0.0,0.0
MAR07074,1.7231273922876601e-31,0.0,0.0
MAR07075,-3.1041103527274402e-15,0.0,0.0
MAR07076,0.0,0.0,0.0
MAR07077,0.0,0.0,0.0
MAR07078,0.0,0.0,0.0
MAR07079,0.0,0.0,0.0
MAR07080,0.0,0.0,0.0
MAR07081,0.0,0.0,0.0
MAR07082,0.0,0.0,0.0
MAR07083,0.0,0.0,0.0
MAR07084,0.0,0.0,0.0
MAR07085,0.0,0.0,0.0
MAR07086,0.0,0.0,0.0
MAR07087,0.0,0.0,0.0
MAR07088,0.0,0.0,0.0
MAR07089,0.0,0.0,0.0
MAR07090,0.0,0.0,0.0
MAR07091,0.0,0.0,0.0
MAR07092,0.0,0.0,0.0
MAR07093,0.0,0.0,0.0
MAR07094,0.0,0.0,0.0
MAR07095,0.0,0.0,0.0
MAR07096,0.0,0.0,0.0
MAR07097,0.0,0.0,0.0
MAR07098,0.0,0.0,0.0
MAR07099,0.0,0.0,0.0
MAR07100,0.0,0.0,0.0
MAR07103,0.0,0.0,0.0
MAR07104,0.0,0.0,0.0
MAR07106,0.0,0.0,0.0
MAR07688,0.0,0.0,0.0
MAR08032,0.0,0.0,0.0
MAR08034,0.0,0.0,0.0
MAR08036,0.0,0.0,0.0
MAR08037,0.0,0.0,0.0
MAR08038,0.0,0.0,0.0
MAR08040,0.0,0.0,0.0
MAR08043,0.0,0.0,0.0
MAR08046,0.0,0.0,0.0
MAR08049,0.0,0.0,0.0
MAR08052,0.0,0.0,0.0
MAR08055,0.0,0.0,0.0
MAR08059,0.0,0.0,0.0
MAR08596,0.0,0.0,0.0
MAR08598,0.0,0.0,0.0
MAR08601,0.0,0.0,0.0
MAR06535,0.0,0.0,0.0
MAR06536,0.0,0.0,0.0
MAR09569,0.0,0.0,0.0
MAR03955,0.0,0.0,0.0
MAR03984,0.0,0.0,0.0
MAR04201,0.0,0.0,0.0
MAR04202,0.0,0.0,0.0
MAR05127,-1000.0,-1000.0,-1000.0
MAR05128,-1000.0,-1000.0,-1000.0
MAR05363,0.0,0.0,0.0
MAR05406,-71.2826694207488,-60.3522241747643,-32.8208675931718
MAR05409,0.0,0.0,0.0
MAR07794,0.0,0.0,0.0
MAR08617,0.0007621470098619665,0.0006422421928557889,0.0017274391866273244
MAR08749,-71.2826694207488,-60.35222417476468,-32.820867593171656
MAR08750,-2.15441717793775,-1.89900854423099,-2.6645663946523
MAR08751,-2.15441717793775,-1.89900854423099,-2.6645663946523
MAR08752,0.0,0.0,0.0
MAR07741,0.0,0.0,0.0
MAR09464,0.0,0.0,0.0
MAR09465,0.0,0.0,0.0
MAR09466,0.0,0.0,0.0
MAR09467,0.0,0.0,0.0
MAR09468,0.0,0.0,0.0
MAR09469,0.0,0.0,0.0
MAR09470,0.0,0.0,0.0
MAR09471,0.0,0.0,0.0
MAR09472,0.0,0.0,0.0
MAR09473,0.0,0.0,0.0
MAR09474,0.0,0.0,0.0
MAR09475,0.0,0.0,0.0
MAR09476,0.0,0.0,0.0
MAR09477,0.0,0.0,0.0
MAR09478,0.0,0.0,0.0
MAR09479,0.0,0.0,0.0
MAR09480,0.0,0.0,0.0
MAR09481,0.0,0.0,0.0
MAR09482,0.0,0.0,0.0
MAR09483,0.0,0.0,0.0
MAR09484,0.0,0.0,0.0
MAR09485,0.0,0.0,0.0
MAR09487,0.0,0.0,0.0
MAR09488,0.0,0.0,0.0
MAR09489,0.0,0.0,0.0
MAR09490,0.0,0.0,0.0
MAR09491,0.0,0.0,0.0
MAR09492,0.0,0.0,0.0
MAR09493,0.0,0.0,0.0
MAR09494,0.0,0.0,0.0
MAR09495,0.0,0.0,0.0
MAR09496,0.0,0.0,0.0
MAR09497,0.0,0.0,0.0
MAR09498,0.0,0.0,0.0
MAR09499,0.0,0.0,0.0
MAR09500,0.0,0.0,0.0
MAR09501,0.0,4.345168905613523e-31,0.0
MAR09502,0.0,0.0,0.0
MAR09503,0.0,0.0,0.0
MAR09504,0.0,0.0,0.0
MAR09505,0.0,0.0,0.0
MAR09506,0.0,0.0,0.0
MAR09507,0.0,0.0,0.0
MAR09508,0.0,0.0,0.0
MAR09509,0.0,0.0,0.0
MAR09510,0.0,0.0,0.0
MAR09511,0.0,0.0,0.0
MAR09512,0.0,0.0,0.0
MAR09513,0.0,0.0,0.0
MAR09514,0.0,0.0,0.0
MAR09515,0.0,0.0,0.0
MAR09516,0.0,0.0,0.0
MAR09517,0.0,0.0,0.0
MAR09518,0.0,0.0,0.0
MAR09519,0.0,0.0,0.0
MAR09520,0.0,0.0,0.0
MAR09521,0.0,0.0,0.0
MAR09522,0.0,0.0,0.0
MAR09523,0.0,0.0,0.0
MAR09524,0.0,0.0,0.0
MAR09525,0.0,0.0,0.0
MAR09527,0.0,0.0,0.0
MAR09528,0.0,0.0,0.0
MAR09529,0.0,0.0,0.0
MAR09530,0.0,0.0,0.0
MAR09531,0.0,0.0,0.0
MAR09532,0.0,0.0,0.0
MAR09534,0.0,0.0,0.0
MAR09535,0.0,0.0,0.0
MAR09536,0.0,0.0,0.0
MAR09537,0.0,0.0,0.0
MAR09538,0.0,0.0,0.0
MAR09539,0.0,0.0,0.0
MAR09540,0.0,0.0,0.0
MAR09541,0.0,0.0,0.0
MAR09542,0.0,0.0,0.0
MAR09543,0.0,0.0,0.0
MAR09544,0.0,0.0,0.0
MAR09545,0.0,0.0,0.0
MAR09546,0.0,0.0,0.0
MAR09547,0.0,0.0,0.0
MAR09548,0.0,0.0,0.0
MAR09549,0.0,0.0,0.0
MAR09550,0.0,0.0,0.0
MAR09551,0.0,0.0,0.0
MAR09552,0.0,0.0,0.0
MAR09553,0.0,0.0,0.0
MAR09801,0.0,0.0,0.0
MAR09807,0.0,0.0,0.0
MAR09554,0.0,0.0,0.0
MAR09555,0.0,0.0,0.0
MAR09556,0.0,0.0,0.0
MAR09557,0.0,0.0,0.0
MAR09558,0.0,0.0,0.0
MAR09559,0.0,0.0,0.0
MAR09560,0.0,0.0,0.0
MAR09561,0.0,0.0,0.0
MAR09562,0.0,0.0,0.0
MAR09563,0.0,0.0,0.0
MAR09564,0.0,0.0,0.0
MAR09565,0.0,0.0,0.0
MAR09566,0.0,0.0,0.0
MAR09567,0.0,0.0,0.0
MAR09568,0.0,0.0,0.0
MAR09570,0.0,0.0,0.0
MAR09571,0.0,0.0,0.0
MAR09572,0.0,0.0,0.0
MAR09573,0.0,0.0,0.0
MAR09574,0.0,0.0,0.0
MAR09575,0.0,0.0,0.0
MAR09580,0.0,0.0,0.0
MAR09581,0.0,0.0,0.0
MAR09582,0.0,0.0,0.0
MAR09583,0.0,0.0,0.0
MAR09584,0.0,0.0,0.0
MAR09585,0.0,0.0,0.0
MAR09586,0.0,0.0,0.0
MAR09587,0.0,0.0,0.0
MAR09588,0.0,0.0,0.0
MAR09798,0.0,0.0,0.0
MAR09806,0.0,0.0,0.0
MAR00010,0.0,0.0,0.0
MAR00011,0.0,0.0,0.0
MAR00012,0.0,0.0,0.0
MAR00013,0.0,0.0,0.0
MAR00014,0.0,0.0,0.0
MAR00477,0.0,0.0,0.0
MAR00545,0.0,0.0,0.0
MAR00546,0.0,0.0,0.0
MAR00547,0.0,0.0,0.0
MAR00548,0.0,0.0,0.0
MAR00549,0.0,0.0,0.0
MAR00550,0.0,0.0,0.0
MAR00551,0.0,0.0,0.0
MAR00552,0.0,0.0,0.0
MAR00553,0.0,0.0,0.0
MAR00555,0.0,0.0,0.0
MAR00556,0.0,0.0,0.0
MAR00557,0.0,0.0,0.0
MAR00558,0.0,0.0,0.0
MAR00559,0.0,0.0,0.0
MAR00560,0.0,0.0,0.0
MAR00561,0.0,0.0,0.0
MAR00685,0.0,0.0,0.0
MAR00686,0.0,0.0,0.0
MAR00687,0.0,0.0,0.0
MAR00688,0.0,0.0,0.0
MAR00689,0.0,0.0,0.0
MAR00690,0.0,0.0,0.0
MAR00691,0.0,0.0,0.0
MAR00692,0.0,0.0,0.0
MAR01185,0.0,-1.4227807179696476e-15,0.0
MAR01227,0.0,6.806845596900223e-16,0.0
MAR05233,0.0,0.0,0.0
MAR05234,0.0,0.0,0.0
MAR05238,0.0,0.0,0.0
MAR05239,0.0,0.0,0.0
MAR05243,0.0,0.0,0.0
MAR05244,0.0,0.0,0.0
MAR05247,0.0,0.0,0.0
MAR05257,0.0,0.0,0.0
MAR09022,0.0,0.0,0.0
MAR00004,0.0,0.0,0.0
MAR00006,0.0,0.0,0.0
MAR00007,0.0,0.0,0.0
MAR00008,0.0,0.0,0.0
MAR00009,0.0,0.0,0.0
MAR00015,0.0,0.0,0.0
MAR00016,0.0,0.0,0.0
MAR00017,0.0,0.0,0.0
MAR00018,-1000.0,-1000.0,-1000.0
MAR00019,0.0,0.0,0.0
MAR00155,-37.3071292181587,-26.6766189655024,-116.756268045809
MAR00164,-1.4502281772332402,-0.8176959242544056,-19.668360879026206
MAR00167,-37.3071292181587,-26.6766189655024,-116.756268045809
MAR00170,-1.4502281772332444,-0.8176959242544052,-19.668360879026164
MAR00173,-1.45022817723324,-0.817695924254405,-19.6683608790262
MAR00176,-18.978708705757473,-22.62973607676561,-45.817847507842956
MAR00179,-1.45022817723324,-0.8176959242544051,-19.668360879026196
MAR00183,-1.4502281772332402,-0.8176959242544035,-19.115590135524126
MAR00187,0.0,0.0,0.0
MAR00190,0.0,0.0,0.0
MAR00191,0.0,0.0,0.0
MAR00194,0.0,0.0,0.0
MAR00195,0.0,0.0,0.0
MAR00198,0.0,0.0,0.0
MAR00199,0.0,0.0,0.0
MAR00202,0.0,0.0,0.0
MAR00203,0.0,0.0,0.0
MAR00207,0.0,0.0,0.0
MAR00208,0.0,0.0,0.0
MAR00211,0.0,0.0,0.0
MAR00212,0.0,0.0,0.0
MAR00215,0.0,0.0,0.0
MAR00216,0.0,0.0,0.0
MAR00224,0.0,0.0,0.0
MAR00225,0.0,0.0,0.0
MAR00231,0.0,0.0,0.0
MAR00232,0.0,0.0,0.0
MAR00235,0.0,0.0,0.0
MAR00236,0.0,0.0,0.0
MAR00239,0.0,0.0,0.0
MAR00240,0.0,0.0,0.0
MAR00243,0.0,0.0,0.0
MAR00244,0.0,0.0,0.0
MAR00247,0.0,0.0,0.0
MAR00248,0.0,0.0,0.0
MAR00253,0.0,0.0,0.0
MAR00254,0.0,0.0,0.0
MAR00257,0.0,0.0,0.0
MAR00258,0.0,0.0,0.0
MAR00261,0.0,0.0,0.0
MAR00262,0.0,0.0,0.0
MAR00265,0.0,0.0,0.0
MAR00266,0.0,0.0,0.0
MAR00269,0.0,0.0,0.0
MAR00270,0.0,0.0,0.0
MAR00273,0.0,0.0,0.0
MAR00274,0.0,0.0,0.0
MAR00277,0.0,0.0,0.0
MAR00278,0.0,0.0,0.0
MAR00281,0.0,0.0,0.0
MAR00282,0.0,0.0,0.0
MAR00287,0.0,0.0,0.0
MAR00288,0.0,0.0,0.0
MAR00291,0.0,0.0,0.0
MAR00292,0.0,0.0,0.0
MAR00295,0.0,0.0,0.0
MAR00296,0.0,0.0,0.0
MAR00299,0.0,0.0,0.0
MAR00300,0.0,0.0,0.0
MAR00303,0.0,0.0,0.0
MAR00304,0.0,0.0,0.0
MAR00307,0.0,0.0,0.0
MAR00308,0.0,0.0,0.0
MAR00311,0.0,0.0,0.0
MAR00312,0.0,0.0,0.0
MAR00317,0.0,0.0,0.0
MAR00318,0.0,0.0,0.0
MAR00321,0.0,0.0,0.0
MAR00322,0.0,0.0,0.0
MAR00325,0.0,0.0,0.0
MAR00326,0.0,0.0,0.0
MAR00329,0.0,0.0,0.0
MAR00330,0.0,0.0,0.0
MAR00335,0.0,0.0,0.0
MAR00336,0.0,0.0,0.0
MAR00339,0.0,0.0,0.0
MAR00340,0.0,0.0,0.0
MAR00343,0.0,0.0,0.0
MAR00344,0.0,0.0,0.0
MAR00347,0.0,0.0,0.0
MAR00348,0.0,0.0,0.0
MAR00351,0.0,0.0,0.0
MAR00352,0.0,0.0,0.0
MAR00355,0.0,0.0,0.0
MAR00356,0.0,0.0,0.0
MAR00359,0.0,0.0,0.0
MAR00360,0.0,0.0,0.0
MAR00363,0.0,0.0,0.0
MAR00364,0.0,0.0,0.0
MAR00367,0.0,0.0,0.0
MAR00368,0.0,0.0,0.0
MAR00371,0.0,0.0,0.0
MAR00372,0.0,0.0,0.0
MAR00375,0.0,0.0,0.0
MAR00376,0.0,0.0,0.0
MAR00379,0.0,0.0,0.0
MAR00380,0.0,0.0,0.0
MAR00383,0.0,0.0,0.0
MAR00384,0.0,0.0,0.0
MAR00387,0.0,0.0,0.0
MAR00388,0.0,0.0,0.0
MAR00391,0.0,0.0,0.0
MAR00392,0.0,0.0,0.0
MAR00395,0.0,0.0,0.0
MAR00396,0.0,0.0,0.0
MAR00399,0.0,0.0,0.0
MAR00400,0.0,0.0,0.0
MAR00403,0.0,0.0,0.0
MAR00404,0.0,0.0,0.0
MAR00407,0.0,0.0,0.0
MAR00408,0.0,0.0,0.0
MAR00411,0.0,0.0,0.0
MAR00412,0.0,0.0,0.0
MAR00415,0.0,0.0,0.0
MAR00416,0.0,0.0,0.0
MAR00419,0.0,0.0,0.0
MAR00420,0.0,0.0,0.0
MAR00423,0.0,0.0,0.0
MAR00424,0.0,0.0,0.0
MAR00427,0.0,0.0,0.0
MAR00428,0.0,0.0,0.0
MAR00431,0.0,0.0,0.0
MAR00432,0.0,0.0,0.0
MAR00435,0.0,0.0,0.0
MAR00436,0.0,0.0,0.0
MAR00439,0.0,0.0,0.0
MAR00440,0.0,0.0,0.0
MAR00444,-0.563629308245586,-0.480387060000112,-0.216645881455369
MAR00469,0.0,0.0,0.0
MAR00470,0.0,0.0,0.0
MAR00476,0.0,0.0,0.0
MAR00770,-4.36130536719485,-3.99077425563505,-9.071881509899
MAR00782,-78.11269970156546,-69.295010893685,-74.8013154834142
MAR01082,0.0,0.0,0.0
MAR01086,-1000.0,-1000.0,-1000.0
MAR01898,-1000.0,-1000.0,-1000.0
MAR01899,-1000.0,-1000.0,-1000.0
MAR01900,-1000.0,-1000.0,-1000.0
MAR01901,-1000.0,-1000.0,-1000.0
MAR01902,-1000.0,-1000.0,-1000.0
MAR01903,-1000.0,-1000.0,-1000.0
MAR01904,-1000.0,-1000.0,-1000.0
MAR01905,-1000.0,-1000.0,-1000.0
MAR01906,-1000.0,-1000.0,-1000.0
MAR01907,-1000.0,-1000.0,-1000.0
MAR01908,-1000.0,-1000.0,-1000.0
MAR01909,-1000.0,-1000.0,-1000.0
MAR01910,0.0,0.0,0.0
MAR01911,0.0,0.0,0.0
MAR01913,0.0,0.0,0.0
MAR01914,0.0,0.0,0.0
MAR01919,0.0,0.0,0.0
MAR02013,0.0,0.0,0.0
MAR03858,0.0,0.0,0.0
MAR03916,-54.44282977096789,-47.49807741359391,-140.92261015371696
MAR03951,-1000.0,-1000.0,-1000.0
MAR03959,-1000.0,-1000.0,-1000.0
MAR03964,0.0,0.0,0.0
MAR04062,-999.9999999999982,-999.9999999999995,-847.3370060616008
MAR04063,-9.611463795974169,-7.667872731058285,-18.683732522885776
MAR04249,-7.697685363606249,-6.98695209970143,-12.749167702741913
MAR04321,-5.35640118360868,-4.57547309353827,-7.17939778334611
MAR04432,0.0,0.0,0.0
MAR04433,-1000.0,-1000.0,-1000.0
MAR04434,-1000.0,-1000.0,-1000.0
MAR04435,-1000.0,-1000.0,-1000.0
MAR04436,-1000.0,-1000.0,-1000.0
MAR04691,0.0,0.0,0.0
MAR04721,0.0,0.0,0.0
MAR04844,-79.74163546163,-64.1874666322614,-61.4088838318424
MAR04845,0.0,0.0,0.0
MAR04847,-7.76471104396344,-5.90000054671551,-3.6454531759748
MAR04848,-7.76471104396344,-5.90000054671551,-3.6454531759748
MAR04849,-1000.0,-1000.0,-1000.0
MAR04858,-65.0762799825681,-51.4276278076221,-71.9952922964832
MAR04861,-0.885650808220524,-0.559828642409211,-1.04707983546466
MAR04873,-1000.0,-1000.0,-1000.0
MAR04875,-1000.0,-1000.0,-1000.0
MAR04882,-7.76471104396344,-5.90000054671551,-3.6454531759748
MAR04885,-5.96409335474679,-8.69040673938876,-15.7015883805938
MAR04896,-1000.0,-1000.0,-1000.0
MAR04910,0.0,0.0,0.0
MAR04911,0.0,0.0,0.0
MAR04912,0.0,0.0,0.0
MAR04919,-226.32099272219853,-183.08244244163888,-229.58105106967344
MAR04928,0.0,0.0,0.0
MAR04931,0.0,0.0,0.0
MAR04932,0.0,0.0,0.0
MAR04933,0.0,0.0,0.0
MAR04934,0.0,0.0,0.0
MAR04935,0.0,0.0,0.0
MAR04938,0.0,0.0,0.0
MAR04939,0.0,0.0,0.0
MAR04946,0.0,0.0,0.0
MAR04947,-576.4350670318889,-483.1013432155473,-981.0592390505092
MAR04948,-1000.0,-1000.0,-1000.0
MAR04949,-1000.0,-1000.0,-1000.0
MAR04952,0.0,0.0,0.0
MAR04954,-53.8745349476765,-51.7880136882194,-44.5929982304092
MAR04956,0.0,0.0,0.0
MAR04958,-16.411622611563693,-8.422867633364682,-10.08240681168268
MAR04969,-1000.0,-1000.0,-1000.0
MAR04973,-20.416188836435886,-17.186304029899528,-31.90491697702208
MAR04975,0.0,0.0,0.0
MAR04976,0.0,0.0,0.0
MAR04980,-7.76471104396344,-5.90000054671551,-3.6454531759748
MAR04982,-1000.0000000000006,-1000.0,-1000.0000000000006
MAR04983,0.0,0.0,0.0
MAR04985,-7.76471104396344,-5.90000054671551,-3.6454531759748
MAR04989,-1000.0,-1000.0,-1000.0
MAR04990,-1000.0,-1000.0,-1000.0
MAR04992,-42.7731940056743,-26.735431846013,-88.4317570875137
MAR04993,-5.334366906995212,-4.404241074224561,-6.444230985708029
MAR04994,-1000.0,-999.9999999999986,-1000.0
MAR04995,0.0,0.0,0.0
MAR04996,0.0,0.0,0.0
MAR04999,-7.53646776336988,-5.16774806694369,-0.928784690647644
MAR05000,-999.9999999999998,-999.9999999999997,-1000.0000000000002
MAR05002,-12.171733230295793,-5.27762744888289,-5.92092726485228
MAR05003,-7.76471104396344,-5.90000054671551,-17.2918338618624
MAR05005,0.0,0.0,0.0
MAR05007,0.0,0.0,0.0
MAR05008,-7.76471104396344,-5.90000054671551,-17.2918338618624
MAR05009,0.0,0.0,0.0
MAR05010,-5.33436690699522,-4.404241074224558,-6.444230985717639
MAR05011,-1000.0,-1000.0,-1000.0
MAR05013,-1000.0,-1000.0,-1000.0
MAR05018,0.0,0.0,0.0
MAR05020,0.0,0.0,0.0
MAR05021,0.0,0.0,0.0
MAR05023,-1000.0,-1000.0,-1000.0
MAR05029,-65.0762799825681,-51.4276278076221,-71.9952922964832
MAR05032,-7.76471104396344,-5.90000054671551,-17.2918338618624
MAR05034,-7.76471104396344,-5.90000054671551,-17.2918338618624
MAR05035,-7.76471104396344,-5.90000054671551,-17.2918338618624
MAR05037,-7.76471104396344,-5.90000054671551,-17.2918338618624
MAR05038,0.0,0.0,0.0
MAR05039,0.0,0.0,0.0
MAR05040,0.0,0.0,0.0
MAR05041,0.0,0.0,0.0
MAR05042,-7.76471104396344,-5.90000054671551,-17.2918338618624
MAR05068,0.0,0.0,0.0
MAR05070,-16.2023642247827,-9.50838760360359,-21.3507621541115
MAR05071,0.0,0.0,0.0
MAR05073,0.0,0.0,0.0
MAR05074,-16.2023642247827,-9.50838760360359,-21.3507621541115
MAR05076,0.0,0.0,0.0
MAR05077,0.0,0.0,0.0
MAR05078,-16.2023642247827,-9.50838760360359,-21.3507621541115
MAR05079,0.0,0.0,0.0
MAR05080,-16.2023642247827,-9.50838760360359,-21.3507621541115
MAR05082,-16.2023642247827,-9.50838760360359,-21.3507621541115
MAR05084,0.0,0.0,0.0
MAR05085,-16.2023642247827,-9.50838760360359,-21.3507621541115
MAR05087,0.0,0.0,0.0
MAR05088,0.0,0.0,0.0
MAR05089,-16.2023642247827,-9.50838760360359,-21.3507621541115
MAR05091,0.0,0.0,0.0
MAR05092,-16.2023642247827,-9.50838760360359,-21.3507621541115
MAR05094,0.0,0.0,0.0
MAR05129,0.0,0.0,0.0
MAR05198,-2.3382279115231683,-2.0787583790013167,-1.3190993747694568
MAR05200,-3.3688212564125237,-2.994988375433171,-1.90050336459608
MAR05202,-3.4092147966574227,-3.030899507033109,-1.9232911747238493
MAR05206,-5.533510087480519,-4.886352689373932,-3.310387241907331
MAR05213,-0.5318528133954679,-0.4728339298289569,-0.3000420575607335
MAR05215,-3.5102285684101004,-3.1207039368711014,-1.9802775799008527
MAR05216,-1.7572837703426036,-1.5622807100528997,-0.9913626945115501
MAR05219,-2.2892795011370124,-2.0352416979594157,-1.2914853781961972
MAR05221,-2.0396593546715733,-1.813321512816068,-1.150663443127445
MAR05231,-0.002062715229331789,-0.0016089721030891984,-0.011323006370104683
MAR05232,0.0,0.0,0.0
MAR05236,0.0,0.0,0.0
MAR05237,0.0,0.0,0.0
MAR05240,0.0,0.0,0.0
MAR05241,0.0,0.0,0.0
MAR05246,0.0,0.0,0.0
MAR05295,0.0,0.0,0.0
MAR05296,-1000.0000000000015,-1000.0000000000001,-1000.0000000000015
MAR05303,-1000.0,-1000.0,-1000.0
MAR05305,0.0,0.0,0.0
MAR05307,0.0,0.0,0.0
MAR05308,0.0,0.0,0.0
MAR05310,0.0,0.0,0.0
MAR05311,0.0,0.0,0.0
MAR05313,0.0,0.0,0.0
MAR05314,0.0,0.0,0.0
MAR05315,0.0,0.0,0.0
MAR05316,0.0,0.0,0.0
MAR05317,0.0,0.0,0.0
MAR05318,0.0,0.0,0.0
MAR05319,0.0,0.0,0.0
MAR05320,0.0,0.0,0.0
MAR05322,0.0,0.0,0.0
MAR05324,0.0,0.0,0.0
MAR05326,0.0,0.0,0.0
MAR05328,0.0,0.0,0.0
MAR05330,0.0,0.0,0.0
MAR05332,0.0,0.0,0.0
MAR05333,0.0,0.0,0.0
MAR05335,0.0,0.0,0.0
MAR05413,0.0,0.0,0.0
MAR05429,0.0,0.0,0.0
MAR05430,0.0,0.0,0.0
MAR05432,0.0,0.0,0.0
MAR05433,0.0,0.0,0.0
MAR05435,0.0,0.0,0.0
MAR05436,0.0,0.0,0.0
MAR05437,0.0,0.0,0.0
MAR05438,0.0,0.0,0.0
MAR05439,0.0,0.0,0.0
MAR05440,0.0,0.0,0.0
MAR05441,-1000.0,-1000.0,-1000.0
MAR05442,0.0,0.0,0.0
MAR05443,0.0,0.0,0.0
MAR05444,0.0,0.0,0.0
MAR05445,0.0,0.0,0.0
MAR05446,0.0,0.0,0.0
MAR05447,0.0,0.0,0.0
MAR05448,0.0,0.0,0.0
MAR05450,0.0,0.0,0.0
MAR05451,0.0,0.0,0.0
MAR05454,0.0,0.0,0.0
MAR05455,0.0,0.0,0.0
MAR05457,0.0,0.0,0.0
MAR05458,-19.1531023145739,-13.1970914771855,-45.5122466044912
MAR05459,-16.2023642247827,-5.18466694732848,-21.3507621541115
MAR05460,-19.1531023145739,-13.1970914771855,-45.5122466044912
MAR05461,-16.2023642247827,-5.18466694732848,-21.3507621541115
MAR05462,-16.2023642247827,-5.18466694732848,-21.3507621541115
MAR05463,-16.2023642247827,-5.18466694732848,-21.3507621541115
MAR05464,-16.2023642247827,-5.18466694732848,-21.3507621541115
MAR05465,-16.2023642247827,-5.18466694732848,-21.3507621541115
MAR05466,-16.2023642247827,-5.18466694732848,-21.3507621541115
MAR05467,-16.2023642247827,-5.18466694732848,-21.3507621541115
MAR05468,-16.2023642247827,-5.18466694732848,-21.3507621541115
MAR05469,-16.2023642247827,-5.18466694732848,-21.3507621541115
MAR05470,-19.1531023145739,-13.1970914771855,-45.5122466044912
MAR05471,-16.2023642247827,-5.18466694732848,-21.3507621541115
MAR05472,-16.2023642247827,-5.18466694732848,-21.3507621541115
MAR05473,-19.1531023145739,-13.1970914771855,-45.5122466044912
MAR05474,-16.2023642247827,-5.18466694732848,-21.3507621541115
MAR05475,-16.2023642247827,-5.18466694732848,-21.3507621541115
MAR05476,-16.2023642247827,-5.18466694732848,-21.3507621541115
MAR05477,-16.2023642247827,-5.18466694732848,-21.3507621541115
MAR05478,-16.2023642247827,-5.18466694732848,-21.3507621541115
MAR05479,-16.2023642247827,-5.18466694732848,-21.3507621541115
MAR05480,-16.2023642247827,-5.18466694732848,-21.3507621541115
MAR05481,-16.2023642247827,-5.18466694732848,-21.3507621541115
MAR05482,-16.2023642247827,-5.18466694732848,-21.3507621541115
MAR05483,-16.2023642247827,-5.18466694732848,-21.3507621541115
MAR05484,-16.2023642247827,-5.18466694732848,-21.3507621541115
MAR05485,-16.2023642247827,-5.18466694732848,-21.3507621541115
MAR05486,-16.2023642247827,-5.18466694732848,-21.3507621541115
MAR05487,-19.1531023145739,-13.1970914771855,-45.5122466044912
MAR05488,-16.2023642247827,-5.18466694732848,-21.3507621541115
MAR05489,-16.2023642247827,-5.18466694732848,-21.3507621541115
MAR05490,-16.2023642247827,-5.18466694732848,-21.3507621541115
MAR05491,-16.2023642247827,-5.18466694732848,-21.3507621541115
MAR05492,-1000.0,-1000.0,-1000.0
MAR05493,-16.2023642247827,-5.18466694732848,-21.3507621541115
MAR05494,-16.2023642247827,-5.18466694732848,-21.3507621541115
MAR05495,-16.2023642247827,-5.18466694732848,-21.3507621541115
MAR05496,-16.2023642247827,-5.18466694732848,-21.3507621541115
MAR05497,-19.1531023145739,-13.1970914771855,-45.5122466044912
MAR05498,-16.2023642247827,-5.18466694732848,-21.3507621541115
MAR05499,-16.2023642247827,-5.18466694732848,-21.3507621541115
MAR05500,-16.2023642247827,-5.18466694732848,-21.3507621541115
MAR05501,-16.2023642247827,-5.18466694732848,-21.3507621541115
MAR05502,-16.2023642247827,-5.18466694732848,-21.3507621541115
MAR05503,-16.2023642247827,-5.18466694732848,-21.3507621541115
MAR05504,-16.2023642247827,-5.18466694732848,-21.3507621541115
MAR05505,-16.2023642247827,-5.18466694732848,-21.3507621541115
MAR05506,-16.2023642247827,-5.18466694732848,-21.3507621541115
MAR05507,-16.2023642247827,-5.18466694732848,-21.3507621541115
MAR05508,-16.2023642247827,-5.18466694732848,-21.3507621541115
MAR05509,-16.2023642247827,-5.18466694732848,-21.3507621541115
MAR05510,-16.2023642247827,-5.18466694732848,-21.3507621541115
MAR05511,-16.2023642247827,-5.18466694732848,-21.3507621541115
MAR05512,-16.2023642247827,-5.18466694732848,-21.3507621541115
MAR05513,-16.2023642247827,-5.18466694732848,-21.3507621541115
MAR05514,-16.2023642247827,-5.18466694732848,-21.3507621541115
MAR05515,-16.2023642247827,-5.18466694732848,-21.3507621541115
MAR05516,-16.2023642247827,-5.18466694732848,-21.3507621541115
MAR05517,-16.2023642247827,-5.18466694732848,-21.3507621541115
MAR05518,-16.2023642247827,-5.18466694732848,-21.3507621541115
MAR05519,-16.2023642247827,-5.18466694732848,-21.3507621541115
MAR05520,-16.2023642247827,-5.18466694732848,-21.3507621541115
MAR05521,-16.2023642247827,-5.18466694732848,-21.3507621541115
MAR05522,-16.2023642247827,-5.18466694732848,-21.3507621541115
MAR05523,-16.2023642247827,-5.18466694732848,-21.3507621541115
MAR05524,-16.2023642247827,-5.18466694732848,-21.3507621541115
MAR05525,-16.2023642247827,-5.18466694732848,-21.3507621541115
MAR05526,-16.2023642247827,-5.18466694732848,-21.3507621541115
MAR05527,-16.2023642247827,-5.18466694732848,-21.3507621541115
MAR05528,-16.2023642247827,-5.18466694732848,-21.3507621541115
MAR05529,-16.2023642247827,-5.18466694732848,-21.3507621541115
MAR05530,-16.2023642247827,-5.18466694732848,-21.3507621541115
MAR05531,-16.2023642247827,-5.18466694732848,-21.3507621541115
MAR05532,-16.2023642247827,-5.18466694732848,-21.3507621541115
MAR05533,-16.2023642247827,-5.18466694732848,-21.3507621541115
MAR05534,-16.2023642247827,-5.18466694732848,-21.3507621541115
MAR05535,-16.2023642247827,-5.18466694732848,-21.3507621541115
MAR05536,-16.2023642247827,-5.18466694732848,-21.3507621541115
MAR05537,-16.2023642247827,-5.18466694732848,-21.3507621541115
MAR05538,-16.2023642247827,-5.18466694732848,-21.3507621541115
MAR05539,-16.2023642247827,-5.18466694732848,-21.3507621541115
MAR05540,-16.2023642247827,-5.18466694732848,-21.3507621541115
MAR05541,-16.2023642247827,-5.18466694732848,-21.3507621541115
MAR05542,-16.2023642247827,-5.18466694732848,-21.3507621541115
MAR05543,-16.2023642247827,-5.18466694732848,-21.3507621541115
MAR05544,-16.2023642247827,-5.18466694732848,-21.3507621541115
MAR05545,-16.2023642247827,-5.18466694732848,-21.3507621541115
MAR05546,-16.2023642247827,-5.18466694732848,-21.3507621541115
MAR05547,-16.2023642247827,-5.18466694732848,-21.3507621541115
MAR05548,-16.2023642247827,-5.18466694732848,-21.3507621541115
MAR05549,-16.2023642247827,-5.18466694732848,-21.3507621541115
MAR05550,0.0,0.0,0.0
MAR05551,-16.2023642247827,-5.18466694732848,-21.3507621541115
MAR05552,-16.2023642247827,-5.18466694732848,-21.3507621541115
MAR05553,-16.2023642247827,-5.18466694732848,-21.3507621541115
MAR05554,-16.2023642247827,-5.18466694732848,-21.3507621541115
MAR05555,-16.2023642247827,-5.18466694732848,-21.3507621541115
MAR05556,-16.2023642247827,-5.18466694732848,-21.3507621541115
MAR05557,-16.2023642247827,-5.18466694732848,-21.3507621541115
MAR05558,-16.2023642247827,-5.18466694732848,-21.3507621541115
MAR05559,-16.2023642247827,-5.18466694732848,-21.3507621541115
MAR05560,-16.2023642247827,-5.18466694732848,-21.3507621541115
MAR05561,-16.2023642247827,-5.18466694732848,-21.3507621541115
MAR05562,-16.2023642247827,-5.18466694732848,-21.3507621541115
MAR05563,-16.2023642247827,-5.18466694732848,-21.3507621541115
MAR05564,-16.2023642247827,-5.18466694732848,-21.3507621541115
MAR05565,-16.2023642247827,-5.18466694732848,-21.3507621541115
MAR05566,-16.2023642247827,-5.18466694732848,-21.3507621541115
MAR05567,-16.2023642247827,-5.18466694732848,-21.3507621541115
MAR05568,-16.2023642247827,-5.18466694732848,-21.3507621541115
MAR05569,-16.2023642247827,-5.18466694732848,-21.3507621541115
MAR05570,-16.2023642247827,-5.18466694732848,-21.3507621541115
MAR05571,-16.2023642247827,-5.18466694732848,-21.3507621541115
MAR05572,-16.2023642247827,-5.18466694732848,-21.3507621541115
MAR05573,-16.2023642247827,-5.18466694732848,-21.3507621541115
MAR05574,-16.2023642247827,-5.18466694732848,-21.3507621541115
MAR05575,-16.2023642247827,-5.18466694732848,-21.3507621541115
MAR05576,-16.2023642247827,-5.18466694732848,-21.3507621541115
MAR05577,-16.2023642247827,-5.18466694732848,-21.3507621541115
MAR05578,-19.1531023145739,-13.1970914771855,-45.5122466044912
MAR05579,-16.2023642247827,-5.18466694732848,-21.3507621541115
MAR05580,-16.2023642247827,-5.18466694732848,-21.3507621541115
MAR05581,-16.2023642247827,-5.18466694732848,-21.3507621541115
MAR05582,-16.2023642247827,-5.18466694732848,-21.3507621541115
MAR05583,-16.2023642247827,-5.18466694732848,-21.3507621541115
MAR05584,-16.2023642247827,-5.18466694732848,-21.3507621541115
MAR05585,-16.2023642247827,-5.18466694732848,-21.3507621541115
MAR05586,-16.2023642247827,-5.18466694732848,-21.3507621541115
MAR05587,0.0,0.0,0.0
MAR05588,0.0,0.0,0.0
MAR05589,0.0,0.0,0.0
MAR05590,0.0,0.0,0.0
MAR05591,0.0,0.0,0.0
MAR05592,0.0,0.0,0.0
MAR05593,0.0,0.0,0.0
MAR05594,0.0,0.0,0.0
MAR05595,0.0,0.0,0.0
MAR05596,0.0,0.0,0.0
MAR05597,0.0,0.0,0.0
MAR05598,0.0,0.0,0.0
MAR05599,0.0,0.0,0.0
MAR05600,0.0,0.0,0.0
MAR05601,0.0,0.0,0.0
MAR05602,0.0,0.0,0.0
MAR05603,0.0,0.0,0.0
MAR05604,0.0,0.0,0.0
MAR05605,0.0,0.0,0.0
MAR05606,0.0,0.0,0.0
MAR05607,0.0,0.0,0.0
MAR05608,0.0,0.0,0.0
MAR05609,0.0,0.0,0.0
MAR05610,0.0,0.0,0.0
MAR05611,0.0,0.0,0.0
MAR05612,0.0,0.0,0.0
MAR05613,0.0,0.0,0.0
MAR05614,0.0,0.0,0.0
MAR05615,0.0,0.0,0.0
MAR05616,0.0,0.0,0.0
MAR05617,0.0,0.0,0.0
MAR05618,0.0,0.0,0.0
MAR05619,0.0,0.0,0.0
MAR05620,0.0,0.0,0.0
MAR05621,0.0,0.0,0.0
MAR05622,0.0,0.0,0.0
MAR05623,0.0,0.0,0.0
MAR05624,0.0,0.0,0.0
MAR05625,0.0,0.0,0.0
MAR05626,0.0,0.0,0.0
MAR05627,0.0,0.0,0.0
MAR05628,0.0,0.0,0.0
MAR05629,0.0,0.0,0.0
MAR05630,0.0,0.0,0.0
MAR05631,0.0,0.0,0.0
MAR05632,0.0,0.0,0.0
MAR05633,0.0,0.0,0.0
MAR05634,0.0,0.0,0.0
MAR05635,0.0,0.0,0.0
MAR05636,0.0,0.0,0.0
MAR05637,0.0,0.0,0.0
MAR05638,0.0,0.0,0.0
MAR05639,0.0,0.0,0.0
MAR05640,0.0,0.0,0.0
MAR05641,0.0,0.0,0.0
MAR05642,0.0,0.0,0.0
MAR05643,0.0,0.0,0.0
MAR05644,0.0,0.0,0.0
MAR05645,0.0,0.0,0.0
MAR05646,0.0,0.0,0.0
MAR05647,0.0,0.0,0.0
MAR05648,0.0,0.0,0.0
MAR05649,0.0,0.0,0.0
MAR05650,0.0,0.0,0.0
MAR05651,0.0,0.0,0.0
MAR05652,0.0,0.0,0.0
MAR05653,0.0,0.0,0.0
MAR05654,0.0,0.0,0.0
MAR05655,0.0,0.0,0.0
MAR05656,0.0,0.0,0.0
MAR05657,0.0,0.0,0.0
MAR05658,0.0,0.0,0.0
MAR05659,0.0,0.0,0.0
MAR05660,0.0,0.0,0.0
MAR05661,0.0,0.0,0.0
MAR05662,0.0,0.0,0.0
MAR05663,0.0,0.0,0.0
MAR05664,0.0,0.0,0.0
MAR05665,0.0,0.0,0.0
MAR05666,0.0,0.0,0.0
MAR05667,0.0,0.0,0.0
MAR05668,0.0,0.0,0.0
MAR05669,0.0,0.0,0.0
MAR05670,0.0,0.0,0.0
MAR05671,0.0,0.0,0.0
MAR05672,0.0,0.0,0.0
MAR05673,0.0,0.0,0.0
MAR05674,0.0,0.0,0.0
MAR05675,0.0,0.0,0.0
MAR05676,0.0,0.0,0.0
MAR05677,0.0,0.0,0.0
MAR05678,0.0,0.0,0.0
MAR05679,0.0,0.0,0.0
MAR05680,0.0,0.0,0.0
MAR05681,0.0,0.0,0.0
MAR05682,0.0,0.0,0.0
MAR05683,0.0,0.0,0.0
MAR05684,0.0,0.0,0.0
MAR05685,0.0,0.0,0.0
MAR05686,0.0,0.0,0.0
MAR05687,0.0,0.0,0.0
MAR05688,0.0,0.0,0.0
MAR05689,0.0,0.0,0.0
MAR05690,0.0,0.0,0.0
MAR05691,0.0,0.0,0.0
MAR05692,0.0,0.0,0.0
MAR05693,0.0,0.0,0.0
MAR05694,0.0,0.0,0.0
MAR05695,0.0,0.0,0.0
MAR05696,0.0,0.0,0.0
MAR05697,0.0,0.0,0.0
MAR05698,0.0,0.0,0.0
MAR05699,0.0,0.0,0.0
MAR05700,0.0,0.0,0.0
MAR05701,0.0,0.0,0.0
MAR05702,0.0,0.0,0.0
MAR05703,0.0,0.0,0.0
MAR05704,0.0,0.0,0.0
MAR05705,0.0,0.0,0.0
MAR05706,0.0,0.0,0.0
MAR05707,0.0,0.0,0.0
MAR05708,0.0,0.0,0.0
MAR05709,0.0,0.0,0.0
MAR05710,0.0,0.0,0.0
MAR05711,0.0,0.0,0.0
MAR05712,0.0,0.0,0.0
MAR05713,0.0,0.0,0.0
MAR05714,0.0,0.0,0.0
MAR05715,0.0,0.0,0.0
MAR05716,0.0,0.0,0.0
MAR05717,0.0,0.0,0.0
MAR05718,0.0,0.0,0.0
MAR05719,0.0,0.0,0.0
MAR05720,0.0,0.0,0.0
MAR05721,0.0,0.0,0.0
MAR05722,0.0,0.0,0.0
MAR05723,0.0,0.0,0.0
MAR05724,0.0,0.0,0.0
MAR05725,0.0,0.0,0.0
MAR05726,0.0,0.0,0.0
MAR05727,0.0,0.0,0.0
MAR05728,0.0,0.0,0.0
MAR05729,0.0,0.0,0.0
MAR05730,0.0,0.0,0.0
MAR05731,0.0,0.0,0.0
MAR05732,0.0,0.0,0.0
MAR05733,0.0,0.0,0.0
MAR05734,0.0,0.0,0.0
MAR05735,0.0,0.0,0.0
MAR05736,0.0,0.0,0.0
MAR05737,0.0,0.0,0.0
MAR05738,0.0,0.0,0.0
MAR05739,0.0,0.0,0.0
MAR05740,0.0,0.0,0.0
MAR05741,0.0,0.0,0.0
MAR05742,0.0,0.0,0.0
MAR05743,0.0,0.0,0.0
MAR05744,0.0,0.0,0.0
MAR05745,0.0,0.0,0.0
MAR05746,0.0,0.0,0.0
MAR05747,0.0,0.0,0.0
MAR05748,0.0,0.0,0.0
MAR05749,0.0,0.0,0.0
MAR05750,0.0,0.0,0.0
MAR05751,0.0,0.0,0.0
MAR05752,0.0,0.0,0.0
MAR05753,0.0,0.0,0.0
MAR05754,0.0,0.0,0.0
MAR05755,0.0,0.0,0.0
MAR05756,0.0,0.0,0.0
MAR05757,0.0,0.0,0.0
MAR05758,0.0,0.0,0.0
MAR05759,0.0,0.0,0.0
MAR05760,0.0,0.0,0.0
MAR05761,0.0,0.0,0.0
MAR05762,0.0,0.0,0.0
MAR05763,0.0,0.0,0.0
MAR05764,0.0,0.0,0.0
MAR05765,0.0,0.0,0.0
MAR05766,0.0,0.0,0.0
MAR05767,0.0,0.0,0.0
MAR05768,0.0,0.0,0.0
MAR05769,0.0,0.0,0.0
MAR05770,0.0,0.0,0.0
MAR05771,0.0,0.0,0.0
MAR05772,0.0,0.0,0.0
MAR05773,0.0,0.0,0.0
MAR05774,0.0,0.0,0.0
MAR05775,0.0,0.0,0.0
MAR05776,0.0,0.0,0.0
MAR05777,0.0,0.0,0.0
MAR05778,0.0,0.0,0.0
MAR05779,0.0,0.0,0.0
MAR05780,0.0,0.0,0.0
MAR05781,0.0,0.0,0.0
MAR05782,0.0,0.0,0.0
MAR05783,0.0,0.0,0.0
MAR05784,0.0,0.0,0.0
MAR05785,0.0,0.0,0.0
MAR05786,0.0,0.0,0.0
MAR05787,0.0,0.0,0.0
MAR05788,0.0,0.0,0.0
MAR05789,0.0,0.0,0.0
MAR05790,0.0,0.0,0.0
MAR05791,0.0,0.0,0.0
MAR05792,0.0,0.0,0.0
MAR05793,0.0,0.0,0.0
MAR05794,0.0,0.0,0.0
MAR05795,0.0,0.0,0.0
MAR05796,0.0,0.0,0.0
MAR05797,0.0,0.0,0.0
MAR05798,0.0,0.0,0.0
MAR05799,0.0,0.0,0.0
MAR05800,0.0,0.0,0.0
MAR05801,0.0,0.0,0.0
MAR05802,0.0,0.0,0.0
MAR05803,0.0,0.0,0.0
MAR05804,0.0,0.0,0.0
MAR05805,0.0,0.0,0.0
MAR05806,0.0,0.0,0.0
MAR05807,0.0,0.0,0.0
MAR05808,0.0,0.0,0.0
MAR05809,0.0,0.0,0.0
MAR05810,0.0,0.0,0.0
MAR05811,0.0,0.0,0.0
MAR05812,0.0,0.0,0.0
MAR05813,0.0,0.0,0.0
MAR05814,0.0,0.0,0.0
MAR05815,0.0,0.0,0.0
MAR05816,0.0,0.0,0.0
MAR05817,0.0,0.0,0.0
MAR05818,0.0,0.0,0.0
MAR05819,0.0,0.0,0.0
MAR05820,0.0,0.0,0.0
MAR05821,0.0,0.0,0.0
MAR05822,0.0,0.0,0.0
MAR05823,0.0,0.0,0.0
MAR05824,0.0,0.0,0.0
MAR05825,0.0,0.0,0.0
MAR05826,0.0,0.0,0.0
MAR05827,0.0,0.0,0.0
MAR05828,0.0,0.0,0.0
MAR05829,0.0,0.0,0.0
MAR05830,0.0,0.0,0.0
MAR05831,0.0,0.0,0.0
MAR05832,0.0,0.0,0.0
MAR05833,0.0,0.0,0.0
MAR05834,0.0,0.0,0.0
MAR05835,0.0,0.0,0.0
MAR05836,0.0,0.0,0.0
MAR05837,0.0,0.0,0.0
MAR05838,0.0,0.0,0.0
MAR05839,0.0,0.0,0.0
MAR05840,0.0,0.0,0.0
MAR05841,0.0,0.0,0.0
MAR05842,0.0,0.0,0.0
MAR05843,0.0,0.0,0.0
MAR05844,0.0,0.0,0.0
MAR05845,0.0,0.0,0.0
MAR05846,0.0,0.0,0.0
MAR05847,0.0,0.0,0.0
MAR05848,0.0,0.0,0.0
MAR05849,0.0,0.0,0.0
MAR05850,0.0,0.0,0.0
MAR05851,0.0,0.0,0.0
MAR05852,0.0,0.0,0.0
MAR05853,0.0,0.0,0.0
MAR05854,0.0,0.0,0.0
MAR05855,0.0,0.0,0.0
MAR05856,0.0,0.0,0.0
MAR05857,0.0,0.0,0.0
MAR05858,0.0,0.0,0.0
MAR05859,0.0,0.0,0.0
MAR05860,0.0,0.0,0.0
MAR05861,0.0,0.0,0.0
MAR05862,0.0,0.0,0.0
MAR05863,0.0,0.0,0.0
MAR05864,0.0,0.0,0.0
MAR05865,0.0,0.0,0.0
MAR05866,0.0,0.0,0.0
MAR05867,0.0,0.0,0.0
MAR05868,0.0,0.0,0.0
MAR05869,0.0,0.0,0.0
MAR05870,0.0,0.0,0.0
MAR05871,0.0,0.0,0.0
MAR05872,0.0,0.0,0.0
MAR05873,0.0,0.0,0.0
MAR05874,0.0,0.0,0.0
MAR05875,0.0,0.0,0.0
MAR05876,0.0,0.0,0.0
MAR05877,0.0,0.0,0.0
MAR05878,0.0,0.0,0.0
MAR05879,0.0,0.0,0.0
MAR05880,0.0,0.0,0.0
MAR05881,0.0,0.0,0.0
MAR05882,0.0,0.0,0.0
MAR05883,0.0,0.0,0.0
MAR05884,0.0,0.0,0.0
MAR05885,0.0,0.0,0.0
MAR05886,0.0,0.0,0.0
MAR05887,0.0,0.0,0.0
MAR05888,0.0,0.0,0.0
MAR05889,0.0,0.0,0.0
MAR05890,0.0,0.0,0.0
MAR05891,0.0,0.0,0.0
MAR05892,0.0,0.0,0.0
MAR05893,0.0,0.0,0.0
MAR05894,0.0,0.0,0.0
MAR05895,0.0,0.0,0.0
MAR05896,0.0,0.0,0.0
MAR05897,0.0,0.0,0.0
MAR05898,0.0,0.0,0.0
MAR05899,0.0,0.0,0.0
MAR05900,0.0,0.0,0.0
MAR05901,0.0,0.0,0.0
MAR05902,0.0,0.0,0.0
MAR05903,0.0,0.0,0.0
MAR05904,0.0,0.0,0.0
MAR05905,0.0,0.0,0.0
MAR05906,0.0,0.0,0.0
MAR05907,0.0,0.0,0.0
MAR05908,0.0,0.0,0.0
MAR05909,0.0,0.0,0.0
MAR05910,0.0,0.0,0.0
MAR05911,0.0,0.0,0.0
MAR05912,0.0,0.0,0.0
MAR05913,0.0,0.0,0.0
MAR05914,0.0,0.0,0.0
MAR05915,0.0,0.0,0.0
MAR05916,0.0,0.0,0.0
MAR05917,0.0,0.0,0.0
MAR05918,0.0,0.0,0.0
MAR05919,0.0,0.0,0.0
MAR05920,0.0,0.0,0.0
MAR05921,0.0,0.0,0.0
MAR05922,0.0,0.0,0.0
MAR05923,0.0,0.0,0.0
MAR05924,0.0,0.0,0.0
MAR05925,0.0,0.0,0.0
MAR05926,0.0,0.0,0.0
MAR05927,0.0,0.0,0.0
MAR05928,0.0,0.0,0.0
MAR05929,0.0,0.0,0.0
MAR05930,0.0,0.0,0.0
MAR05931,0.0,0.0,0.0
MAR05932,0.0,0.0,0.0
MAR05933,0.0,0.0,0.0
MAR05934,0.0,0.0,0.0
MAR05935,0.0,0.0,0.0
MAR05936,0.0,0.0,0.0
MAR05937,0.0,0.0,0.0
MAR05938,0.0,0.0,0.0
MAR05939,0.0,0.0,0.0
MAR05940,0.0,0.0,0.0
MAR05941,0.0,0.0,0.0
MAR05942,0.0,0.0,0.0
MAR05943,0.0,0.0,0.0
MAR05944,0.0,0.0,0.0
MAR05945,0.0,0.0,0.0
MAR05946,0.0,0.0,0.0
MAR05947,0.0,0.0,0.0
MAR05948,0.0,0.0,0.0
MAR05949,0.0,0.0,0.0
MAR05950,0.0,0.0,0.0
MAR05951,0.0,0.0,0.0
MAR05952,0.0,0.0,0.0
MAR05953,0.0,0.0,0.0
MAR05954,0.0,0.0,0.0
MAR05955,0.0,0.0,0.0
MAR05956,0.0,0.0,0.0
MAR05957,0.0,0.0,0.0
MAR05958,0.0,0.0,0.0
MAR05959,0.0,0.0,0.0
MAR05960,0.0,0.0,0.0
MAR05961,0.0,0.0,0.0
MAR05962,0.0,0.0,0.0
MAR05963,0.0,0.0,0.0
MAR05964,0.0,0.0,0.0
MAR05965,0.0,0.0,0.0
MAR05966,0.0,0.0,0.0
MAR05967,0.0,0.0,0.0
MAR05968,0.0,0.0,0.0
MAR05969,0.0,0.0,0.0
MAR05970,0.0,0.0,0.0
MAR05971,0.0,0.0,0.0
MAR05972,0.0,0.0,0.0
MAR05973,0.0,0.0,0.0
MAR05974,0.0,0.0,0.0
MAR05975,0.0,0.0,0.0
MAR05976,0.0,0.0,0.0
MAR05977,0.0,0.0,0.0
MAR05978,0.0,0.0,0.0
MAR05979,0.0,0.0,0.0
MAR05980,0.0,0.0,0.0
MAR05981,0.0,0.0,0.0
MAR05982,0.0,0.0,0.0
MAR05983,0.0,0.0,0.0
MAR05984,0.0,0.0,0.0
MAR05985,0.0,0.0,0.0
MAR05986,0.0,0.0,0.0
MAR05987,0.0,0.0,0.0
MAR05989,0.0,0.0,0.0
MAR05990,0.0,0.0,0.0
MAR05992,0.0,0.0,0.0
MAR05993,0.0,0.0,0.0
MAR05994,0.0,0.0,0.0
MAR05995,0.0,0.0,0.0
MAR05996,0.0,0.0,0.0
MAR05997,0.0,0.0,0.0
MAR05998,0.0,0.0,0.0
MAR06000,-44.1293499463807,-45.2364084458332,-50.7672347636618
MAR06001,-44.1293499463807,-45.2364084458332,-50.7672347636618
MAR06002,-44.1293499463807,-45.2364084458332,-50.7672347636618
MAR06003,-44.1293499463807,-45.2364084458332,-50.7672347636618
MAR06004,-44.1293499463807,-45.2364084458332,-50.7672347636618
MAR06005,-44.1293499463807,-45.2364084458332,-50.7672347636618
MAR06006,-44.1293499463807,-45.2364084458332,-50.7672347636618
MAR06007,-44.1293499463807,-45.2364084458332,-50.7672347636618
MAR06008,-44.1293499463807,-45.2364084458332,-50.7672347636618
MAR06009,-44.1293499463807,-45.2364084458332,-50.7672347636618
MAR06010,-44.1293499463807,-45.2364084458332,-50.7672347636618
MAR06011,-44.1293499463807,-45.2364084458332,-50.7672347636618
MAR06012,-44.1293499463807,-45.2364084458332,-50.7672347636618
MAR06013,-44.1293499463807,-45.2364084458332,-50.7672347636618
MAR06014,-44.1293499463807,-45.2364084458332,-50.7672347636618
MAR06015,-44.1293499463807,-45.2364084458332,-50.7672347636618
MAR06016,-44.1293499463807,-45.2364084458332,-50.7672347636618
MAR06017,-44.1293499463807,-45.2364084458332,-50.7672347636618
MAR06018,-44.1293499463807,-45.2364084458332,-50.7672347636618
MAR06019,-44.1293499463807,-45.2364084458332,-50.7672347636618
MAR06020,-44.1293499463807,-45.2364084458332,-50.7672347636618
MAR06021,-44.1293499463807,-45.2364084458332,-50.7672347636618
MAR06022,-44.1293499463807,-45.2364084458332,-50.7672347636618
MAR06023,-44.1293499463807,-45.2364084458332,-50.7672347636618
MAR06024,-44.1293499463807,-45.2364084458332,-50.7672347636618
MAR06025,-44.1293499463807,-45.2364084458332,-50.7672347636618
MAR06026,-44.1293499463807,-45.2364084458332,-50.7672347636618
MAR06027,-44.1293499463807,-45.2364084458332,-50.7672347636618
MAR06028,-44.1293499463807,-45.2364084458332,-50.7672347636618
MAR06029,-44.1293499463807,-45.2364084458332,-50.7672347636618
MAR06030,-44.1293499463807,-45.2364084458332,-50.7672347636618
MAR06031,-44.1293499463807,-45.2364084458332,-50.7672347636618
MAR06032,-44.1293499463807,-45.2364084458332,-50.7672347636618
MAR06033,-44.1293499463807,-45.2364084458332,-50.7672347636618
MAR06034,-44.1293499463807,-45.2364084458332,-50.7672347636618
MAR06035,-44.1293499463807,-45.2364084458332,-50.7672347636618
MAR06036,-44.1293499463807,-45.2364084458332,-50.7672347636618
MAR06037,-44.1293499463807,-45.2364084458332,-50.7672347636618
MAR06038,-44.1293499463807,-45.2364084458332,-50.7672347636618
MAR06039,-44.1293499463807,-45.2364084458332,-50.7672347636618
MAR06040,-44.1293499463807,-45.2364084458332,-50.7672347636618
MAR06041,-44.1293499463807,-45.2364084458332,-50.7672347636618
MAR06042,-44.1293499463807,-45.2364084458332,-50.7672347636618
MAR06043,-44.1293499463807,-45.2364084458332,-50.7672347636618
MAR06044,-44.1293499463807,-45.2364084458332,-50.7672347636618
MAR06045,-44.1293499463807,-45.2364084458332,-50.7672347636618
MAR06046,-44.1293499463807,-45.2364084458332,-50.7672347636618
MAR06047,-44.1293499463807,-45.2364084458332,-50.7672347636618
MAR06048,-44.1293499463807,-45.2364084458332,-50.7672347636618
MAR06049,-44.1293499463807,-45.2364084458332,-50.7672347636618
MAR06050,-44.1293499463807,-45.2364084458332,-50.7672347636618
MAR06051,-44.1293499463807,-45.2364084458332,-50.7672347636618
MAR06052,-44.1293499463807,-45.2364084458332,-50.7672347636618
MAR06053,-44.1293499463807,-45.2364084458332,-50.7672347636618
MAR06054,-44.1293499463807,-45.2364084458332,-50.7672347636618
MAR06055,-26.6861186451298,-36.9979881209962,-38.4267567369823
MAR06056,-1000.0,-1000.0,-1000.0
MAR06057,0.0,0.0,0.0
MAR06058,0.0,0.0,0.0
MAR06059,0.0,0.0,0.0
MAR06060,-1000.0,-1000.0,-1000.0
MAR06061,-1000.0,-1000.0,-1000.0
MAR06062,-1000.0,-1000.0,-1000.0
MAR06063,-1000.0,-1000.0,-1000.0
MAR06064,-1000.0,-1000.0,-1000.0
MAR06065,-1000.0,-1000.0,-1000.0
MAR06066,-1000.0,-1000.0,-1000.0
MAR06067,-1000.0,-1000.0,-1000.0
MAR06068,-1000.0,-1000.0,-1000.0
MAR06069,-1000.0,-1000.0,-1000.0
MAR06070,-1000.0,-1000.0,-1000.0
MAR06071,-1000.0,-1000.0,-1000.0
MAR06072,-1000.0,-1000.0,-1000.0
MAR06073,-1000.0,-1000.0,-1000.0
MAR06074,-1000.0,-1000.0,-1000.0
MAR06075,-1000.0,-1000.0,-1000.0
MAR06076,-1000.0,-1000.0,-1000.0
MAR06077,-1000.0,-1000.0,-1000.0
MAR06078,-1000.0,-1000.0,-1000.0
MAR06079,-1000.0,-1000.0,-1000.0
MAR06080,-1000.0,-1000.0,-1000.0
MAR06081,-1000.0,-1000.0,-1000.0
MAR06082,-1000.0,-1000.0,-1000.0
MAR06083,-1000.0,-1000.0,-1000.0
MAR06084,-1000.0,-1000.0,-1000.0
MAR06085,-1000.0,-1000.0,-1000.0
MAR06086,-1000.0,-1000.0,-1000.0
MAR06087,-1000.0,-1000.0,-1000.0
MAR06088,-1000.0,-1000.0,-1000.0
MAR06089,-1000.0,-1000.0,-1000.0
MAR06090,-1000.0,-1000.0,-1000.0
MAR06091,-1000.0,-1000.0,-1000.0
MAR06092,-1000.0,-1000.0,-1000.0
MAR06093,-1000.0,-1000.0,-1000.0
MAR06094,-1000.0,-1000.0,-1000.0
MAR06095,-1000.0,-1000.0,-1000.0
MAR06096,0.0,0.0,0.0
MAR06097,-1000.0,-1000.0,-1000.0
MAR06098,0.0,0.0,0.0
MAR06099,-1000.0,-1000.0,-1000.0
MAR06100,-1000.0,-1000.0,-1000.0
MAR06101,0.0,0.0,0.0
MAR06102,-1000.0,-1000.0,-1000.0
MAR06103,-1000.0,-1000.0,-1000.0
MAR06104,-1000.0,-1000.0,-1000.0
MAR06105,-1000.0,-1000.0,-1000.0
MAR06106,-1000.0,-1000.0,-1000.0
MAR06107,-1000.0,-1000.0,-1000.0
MAR06108,-1000.0,-1000.0,-1000.0
MAR06109,-1000.0,-1000.0,-1000.0
MAR06110,-1000.0,-1000.0,-1000.0
MAR06111,-1000.0,-1000.0,-1000.0
MAR06112,-1000.0,-1000.0,-1000.0
MAR06113,-1000.0,-1000.0,-1000.0
MAR06114,-1000.0,-1000.0,-1000.0
MAR06115,-1000.0,-1000.0,-1000.0
MAR06116,-1000.0,-1000.0,-1000.0
MAR06117,-1000.0,-1000.0,-1000.0
MAR06118,-1000.0,-1000.0,-1000.0
MAR06119,-1000.0,-1000.0,-1000.0
MAR06120,-1000.0,-1000.0,-1000.0
MAR06121,-1000.0,-1000.0,-1000.0
MAR06122,-1000.0,-1000.0,-1000.0
MAR06123,-1000.0,-1000.0,-1000.0
MAR06124,-1000.0,-1000.0,-1000.0
MAR06125,-1000.0,-1000.0,-1000.0
MAR06126,-1000.0,-1000.0,-1000.0
MAR06127,-1000.0,-1000.0,-1000.0
MAR06128,-1000.0,-1000.0,-1000.0
MAR06129,0.0,0.0,0.0
MAR06130,-1000.0,-1000.0,-1000.0
MAR06131,-1000.0,-1000.0,-1000.0
MAR06132,-1000.0,-1000.0,-1000.0
MAR06133,-1000.0,-1000.0,-1000.0
MAR06134,-1000.0,-1000.0,-1000.0
MAR06135,-1000.0,-1000.0,-1000.0
MAR06136,-1000.0,-1000.0,-1000.0
MAR06137,-1000.0,-1000.0,-1000.0
MAR06138,-1000.0,-1000.0,-1000.0
MAR06139,-1000.0,-1000.0,-1000.0
MAR06140,-1000.0,-1000.0,-1000.0
MAR06141,-1000.0,-1000.0,-1000.0
MAR06142,-1000.0,-1000.0,-1000.0
MAR06143,-1000.0,-1000.0,-1000.0
MAR06144,-1000.0,-1000.0,-1000.0
MAR06145,-1000.0,-1000.0,-1000.0
MAR06146,-1000.0,-1000.0,-1000.0
MAR06147,-1000.0,-1000.0,-1000.0
MAR06148,-1000.0,-1000.0,-1000.0
MAR06149,-1000.0,-1000.0,-1000.0
MAR06150,-1000.0,-1000.0,-1000.0
MAR06151,-1000.0,-1000.0,-1000.0
MAR06152,-1000.0,-1000.0,-1000.0
MAR06153,-1000.0,-1000.0,-1000.0
MAR06154,-1000.0,-1000.0,-1000.0
MAR06155,-1000.0,-1000.0,-1000.0
MAR06156,-1000.0,-1000.0,-1000.0
MAR06157,-1000.0,-1000.0,-1000.0
MAR06158,-1000.0,-1000.0,-1000.0
MAR06159,-1000.0,-1000.0,-1000.0
MAR06160,-1000.0,-1000.0,-1000.0
MAR06161,-1000.0,-1000.0,-1000.0
MAR06162,-1000.0,-1000.0,-1000.0
MAR06163,-1000.0,-1000.0,-1000.0
MAR06164,-1000.0,-1000.0,-1000.0
MAR06165,-1000.0,-1000.0,-1000.0
MAR06166,-1000.0,-1000.0,-1000.0
MAR06167,-1000.0,-1000.0,-1000.0
MAR06168,-1000.0,-1000.0,-1000.0
MAR06169,-1000.0,-1000.0,-1000.0
MAR06170,-1000.0,-1000.0,-1000.0
MAR06171,-1000.0,-1000.0,-1000.0
MAR06172,-1000.0,-1000.0,-1000.0
MAR06173,-1000.0,-1000.0,-1000.0
MAR06174,-1000.0,-1000.0,-1000.0
MAR06175,-1000.0,-1000.0,-1000.0
MAR06176,-1000.0,-1000.0,-1000.0
MAR06177,-1000.0,-1000.0,-1000.0
MAR06178,-1000.0,-1000.0,-1000.0
MAR06179,-1000.0,-1000.0,-1000.0
MAR06180,-1000.0,-1000.0,-1000.0
MAR06181,-1000.0,-1000.0,-1000.0
MAR06182,-1000.0,-1000.0,-1000.0
MAR06183,-1000.0,-1000.0,-1000.0
MAR06184,-1000.0,-1000.0,-1000.0
MAR06185,-1000.0,-1000.0,-1000.0
MAR06186,-1000.0,-1000.0,-1000.0
MAR06187,-1000.0,-1000.0,-1000.0
MAR06188,-1000.0,-1000.0,-1000.0
MAR06189,-1000.0,-1000.0,-1000.0
MAR06190,-1000.0,-1000.0,-1000.0
MAR06191,-1000.0,-1000.0,-1000.0
MAR06192,-1000.0,-1000.0,-1000.0
MAR06193,-1000.0,-1000.0,-1000.0
MAR06194,-1000.0,-1000.0,-1000.0
MAR06195,-1000.0,-1000.0,-1000.0
MAR06196,-1000.0,-1000.0,-1000.0
MAR06197,-1000.0,-1000.0,-1000.0
MAR06198,-1000.0,-1000.0,-1000.0
MAR06199,-1000.0,-1000.0,-1000.0
MAR06200,-1000.0,-1000.0,-1000.0
MAR06201,-1000.0,-1000.0,-1000.0
MAR06202,-1000.0,-1000.0,-1000.0
MAR06203,-1000.0,-1000.0,-1000.0
MAR06204,-1000.0,-1000.0,-1000.0
MAR06205,-1000.0,-1000.0,-1000.0
MAR06206,-1000.0,-1000.0,-1000.0
MAR06207,-1000.0,-1000.0,-1000.0
MAR06208,-1000.0,-1000.0,-1000.0
MAR06209,-1000.0,-1000.0,-1000.0
MAR06210,-1000.0,-1000.0,-1000.0
MAR06211,-1000.0,-1000.0,-1000.0
MAR06212,-1000.0,-1000.0,-1000.0
MAR06213,-1000.0,-1000.0,-1000.0
MAR06214,-1000.0,-1000.0,-1000.0
MAR06215,-1000.0,-1000.0,-1000.0
MAR06216,-1000.0,-1000.0,-1000.0
MAR06217,-1000.0,-1000.0,-1000.0
MAR06218,-1000.0,-1000.0,-1000.0
MAR06219,-1000.0,-1000.0,-1000.0
MAR06220,-1000.0,-1000.0,-1000.0
MAR06221,-1000.0,-1000.0,-1000.0
MAR06222,-1000.0,-1000.0,-1000.0
MAR06223,-1000.0,-1000.0,-1000.0
MAR06224,-1000.0,-1000.0,-1000.0
MAR06225,-1000.0,-1000.0,-1000.0
MAR06226,-1000.0,-1000.0,-1000.0
MAR06227,-1000.0,-1000.0,-1000.0
MAR06228,-1000.0,-1000.0,-1000.0
MAR06229,-1000.0,-1000.0,-1000.0
MAR06230,-1000.0,-1000.0,-1000.0
MAR06231,-1000.0,-1000.0,-1000.0
MAR06232,-1000.0,-1000.0,-1000.0
MAR06233,-1000.0,-1000.0,-1000.0
MAR06234,-1000.0,-1000.0,-1000.0
MAR06235,-1000.0,-1000.0,-1000.0
MAR06236,-1000.0,-1000.0,-1000.0
MAR06237,-1000.0,-1000.0,-1000.0
MAR06238,-1000.0,-1000.0,-1000.0
MAR06239,-1000.0,-1000.0,-1000.0
MAR06240,-1000.0,-1000.0,-1000.0
MAR06241,-7.53646776336988,-5.16774806694369,-0.928784690647644
MAR06242,0.0,0.0,0.0
MAR06243,-7.53646776336988,-5.16774806694369,-0.928784690647644
MAR06244,0.0,0.0,0.0
MAR06245,-7.53646776336988,-5.16774806694369,-0.928784690647644
MAR06246,0.0,0.0,0.0
MAR06247,0.0,0.0,0.0
MAR06248,0.0,0.0,0.0
MAR06249,0.0,0.0,0.0
MAR06250,-1000.0,-1000.0,-1000.0
MAR06251,-1000.0,-1000.0,-1000.0
MAR06252,-1000.0,-1000.0,-1000.0
MAR06253,-1000.0,-1000.0,-1000.0
MAR06254,-1000.0,-1000.0,-1000.0
MAR06255,-1000.0,-1000.0,-1000.0
MAR06256,-1000.0,-1000.0,-1000.0
MAR06257,-26.6861186451298,-36.9979881209962,-38.4267567369823
MAR06258,-1000.0,-1000.0,-1000.0
MAR06259,-1000.0,-1000.0,-1000.0
MAR06260,-1000.0,-1000.0,-1000.0
MAR06261,-1000.0,-1000.0,-1000.0
MAR06262,-1000.0,-1000.0,-1000.0
MAR06263,-1000.0,-1000.0,-1000.0
MAR06264,-1000.0,-1000.0,-1000.0
MAR06265,-1000.0,-1000.0,-1000.0
MAR06266,0.0,0.0,0.0
MAR06267,-1000.0,-1000.0,-1000.0
MAR06268,0.0,0.0,0.0
MAR06269,-1000.0,-1000.0,-1000.0
MAR06270,-1000.0,-1000.0,-1000.0
MAR06271,-1000.0,-1000.0,-1000.0
MAR06272,-1000.0,-1000.0,-1000.0
MAR06273,-1000.0,-1000.0,-1000.0
MAR06274,-1000.0,-1000.0,-1000.0
MAR06275,0.0,0.0,0.0
MAR06351,0.0,0.0,0.0
MAR06352,0.0,0.0,0.0
MAR06353,0.0,0.0,0.0
MAR06354,0.0,0.0,0.0
MAR06355,0.0,0.0,0.0
MAR06356,0.0,0.0,0.0
MAR06357,0.0,0.0,0.0
MAR06358,0.0,0.0,0.0
MAR06359,0.0,0.0,0.0
MAR06360,0.0,0.0,0.0
MAR06361,0.0,0.0,0.0
MAR06362,0.0,0.0,0.0
MAR06363,0.0,0.0,0.0
MAR06364,0.0,0.0,0.0
MAR06365,0.0,0.0,0.0
MAR06366,-7.76471104396344,-5.90000054671551,-17.2918338618624
MAR06367,-5.9029567542549835,-5.8345519502094465,-17.2918338618624
MAR06368,-7.76471104396344,-5.90000054671551,-17.2918338618624
MAR06369,0.0,0.0,0.0
MAR06370,0.0,0.0,0.0
MAR06371,0.0,0.0,0.0
MAR06372,0.0,0.0,0.0
MAR06373,0.0,0.0,0.0
MAR06374,0.0,0.0,0.0
MAR06375,0.0,0.0,0.0
MAR06377,0.0,0.0,0.0
MAR06379,0.0,0.0,0.0
MAR06380,0.0,0.0,0.0
MAR06381,0.0,0.0,0.0
MAR06382,0.0,0.0,0.0
MAR06383,0.0,0.0,0.0
MAR06384,0.0,0.0,0.0
MAR06392,0.0,0.0,0.0
MAR06406,0.0,0.0,0.0
MAR06424,-0.0008468300109577395,-0.0007136024365064304,-0.001919376874030355
MAR06439,0.0,1.332495650671157e-19,0.0
MAR06462,-0.0008468300107002879,-0.0007136024365064303,-0.0019193768740293014
MAR06474,-1.4372298138882473,-3.991662973990266,-2.23768412420644
MAR06505,-6.953224721735548,-7.023145731548266,-23.40910769389983
MAR06512,-14.146069113433061,-10.80422973761261,-9.840291847660094
MAR06514,-3.97117468242211e-16,1.8805926243796835e-15,0.0
MAR06516,-11.81844685050812,-8.563248608260361,-16.631085128607257
MAR06524,0.0,0.0,0.0
MAR06525,0.0,0.0,0.0
MAR06526,0.0,0.0,0.0
MAR06527,0.0,0.0,0.0
MAR06529,0.0,0.0,0.0
MAR06530,0.0,0.0,0.0
MAR06531,0.0,0.0,0.0
MAR06532,0.0,0.0,0.0
MAR06533,0.0,0.0,0.0
MAR06534,0.0,0.0,0.0
MAR06628,0.0,0.0,0.0
MAR06732,-7.53646776336988,-5.16774806694369,-0.928784690647644
MAR06733,0.0,0.0,0.0
MAR06989,0.0,0.0,0.0
MAR06991,-1000.0,-1000.0,-1000.0
MAR07109,2.538182516416819e-14,0.0,-1.370242251516989e-13
MAR07111,0.0,0.0,0.0
MAR07113,0.0,0.0,0.0
MAR07115,0.0,0.0,0.0
MAR07117,0.0,0.0,0.0
MAR07119,0.0,0.0,0.0
MAR07121,-1.0422149270539971e-14,0.0,7.667777370358433e-15
MAR07123,0.0,0.0,0.0
MAR07125,0.0,0.0,0.0
MAR07127,0.0,0.0,0.0
MAR07173,0.0,0.0,0.0
MAR07184,0.0,0.0,0.0
MAR07223,0.0,0.0,0.0
MAR07253,-1000.0,-1000.0,-1000.0
MAR07372,0.0,0.0,0.0
MAR07453,0.0,0.0,0.0
MAR07482,6.083377334118964e-16,0.0,0.0
MAR07499,0.0,0.0,0.0
MAR07511,0.0,0.0,0.0
MAR07523,0.0,0.0,0.0
MAR07539,0.0,0.0,0.0
MAR07555,0.0,0.0,0.0
MAR07568,0.0,0.0,0.0
MAR07569,0.0,0.0,0.0
MAR07579,0.0,0.0,0.0
MAR07583,-4.6114174983427165e-17,4.7560394521647196e-17,0.0
MAR07608,-34.97222539727339,-31.21048215936315,-59.89883013240827
MAR07609,-71.41462319692413,-53.53485577174379,-44.66458542787131
MAR07629,0.0,0.0,0.0
MAR07630,0.0,0.0,0.0
MAR07631,0.0,0.0,0.0
MAR07632,0.0,0.0,0.0
MAR07633,0.0,0.0,0.0
MAR07634,0.0,0.0,0.0
MAR07635,0.0,0.0,0.0
MAR07636,0.0,0.0,0.0
MAR07637,0.0,0.0,0.0
MAR07639,0.0,0.0,0.0
MAR07643,-19.1531023145739,-13.1970914771855,-45.5122466044912
MAR07644,-19.1531023145739,-13.1970914771855,-45.5122466044912
MAR07645,0.0,0.0,0.0
MAR07650,0.0,0.0,0.0
MAR07651,0.0,0.0,0.0
MAR07660,0.0,0.0,0.0
MAR07666,0.0,0.0,0.0
MAR07667,0.0,0.0,0.0
MAR07679,0.0,0.0,0.0
MAR07680,0.0,0.0,0.0
MAR07681,0.0,0.0,0.0
MAR07682,-4.83472548750368,-4.24230432247193,-6.60362124389202
MAR07683,-4.83472548750368,-4.24230432247193,-6.60362124389202
MAR07684,-4.83472548750368,-4.24230432247193,-6.60362124389202
MAR07685,-4.83472548750368,-4.24230432247193,-6.60362124389202
MAR07686,-4.83472548750368,-4.24230432247193,-6.60362124389202
MAR07687,0.0,0.0,0.0
MAR07690,-1000.0,-1000.0,-1000.0
MAR07691,0.0,0.0,0.0
MAR07692,0.0,0.0,0.0
MAR07699,0.0,0.0,0.0
MAR07700,0.0,0.0,0.0
MAR07734,0.0,0.0,0.0
MAR07735,-0.370587269776167,-0.608659517445104,-1.3934357997073
MAR07736,0.0,0.0,0.0
MAR07737,0.0,0.0,0.0
MAR07738,0.0,0.0,0.0
MAR07739,0.0,0.0,0.0
MAR07774,0.0,0.0,0.0
MAR07781,0.0,0.0,0.0
MAR07787,0.0,0.0,0.0
MAR07798,0.0,0.0,0.0
MAR07896,-1000.0,-1000.0,-1000.0
MAR07898,-6.344326768534454,-8.721602610029668,-11.219291316475598
MAR07900,-2.02394236842732,-2.3017673893945507,-0.7998172387369833
MAR07901,0.0,0.0,0.0
MAR07902,0.0,0.0,0.0
MAR07903,-1000.0,-1000.0,-1000.0
MAR07904,0.0,0.0,0.0
MAR07905,-4.657196220107743,-3.7965951469064323,-9.693956547784325
MAR07906,0.0,0.0,0.0
MAR07946,0.0,0.0,0.0
MAR07951,0.0,0.0,0.0
MAR07961,0.0,0.0,0.0
MAR07964,0.0,0.0,0.0
MAR07967,0.0,0.0,0.0
MAR07975,-30.220414657701802,-21.78092952773901,-19.7014082384576
MAR07977,-1000.0,-1000.0,-1000.0
MAR07979,0.0,0.0,0.0
MAR07982,0.0,0.0,0.0
MAR07986,0.0,0.0,0.0
MAR07990,0.0,0.0,0.0
MAR07994,-0.84104135985375,-0.5432307302600992,-3.08249472924208
MAR07997,-1000.0000000000001,-1000.0000000000001,-1000.0000000000001
MAR08002,0.0,0.0,0.0
MAR08007,0.0,0.0,0.0
MAR08010,-1000.0,-1000.0,-1000.0
MAR08015,0.0,0.0,0.0
MAR08023,-1000.0,-1000.0,-1000.0
MAR08031,-1000.0,-1000.0,-1000.0
MAR08033,0.0,0.0,0.0
MAR08035,0.0,0.0,0.0
MAR08039,-1000.0,-1000.0,-1000.0
MAR08041,0.0,0.0,0.0
MAR08042,-999.9999999999999,-999.9999999999999,-999.9999999999999
MAR08044,0.0,0.0,0.0
MAR08045,-1000.0,-1000.0,-1000.0
MAR08047,0.0,0.0,0.0
MAR08048,-1000.0,-1000.0,-1000.0
MAR08050,0.0,0.0,0.0
MAR08051,-1000.0,-1000.0,-1000.0
MAR08053,0.0,0.0,0.0
MAR08054,-1000.0,-1000.0,-1000.0
MAR08056,0.0,0.0,0.0
MAR08057,-6.7941756641660795,-6.257217029927941,-9.394394020333692
MAR08061,0.0,0.0,0.0
MAR08073,-4.23988938126789,-3.14524018448131,-4.161479546830446
MAR08075,0.0,0.0,0.0
MAR08076,0.0,0.0,0.0
MAR08077,0.0,0.0,0.0
MAR08079,0.0,0.0,0.0
MAR08080,-20.9550014095,-10.555254897765781,-11.841854529704557
MAR08081,-1.47084097734407,-0.956652492913727,-1.54823807591897
MAR08090,0.0,0.0,0.0
MAR08095,0.0,0.0,0.0
MAR08100,6.043114902304822e-16,3.64193088394017e-15,0.0
MAR08101,-1.1776187086801374e-13,-2.5436564107490988e-11,-1.6486661921521931e-12
MAR08103,0.0,0.0,0.0
MAR08104,-999.9999999999997,-999.9999999999992,-999.9999999999999
MAR08154,0.0,0.0,0.0
MAR08158,0.0,0.0,0.0
MAR08161,0.0,0.0,0.0
MAR08164,0.0,0.0,0.0
MAR08214,-16.6874391686697,-21.268809422251095,-35.0102370803218
MAR08223,0.0,0.0,0.0
MAR08225,0.0,0.0,0.0
MAR08229,0.0,0.0,0.0
MAR08231,0.0,0.0,0.0
MAR08240,-30.949742446186683,-23.575066950816677,-31.634969978738166
MAR08247,-12.3965698481695,-12.818076460798599,-22.154002198961912
MAR08253,0.0,0.0,0.0
MAR08266,0.0,0.0,0.0
MAR08270,0.0,0.0,0.0
MAR08273,0.0,0.0,0.0
MAR08283,0.0,0.0,0.0
MAR08290,-1.9382390538733383e-16,-9.28570173635118e-17,0.0
MAR08297,0.0,0.0,0.0
MAR08300,-1000.0,-1000.0,-1000.0
MAR08304,0.0,0.0,0.0
MAR08311,0.0,0.0,0.0
MAR08313,0.0,0.0,0.0
MAR08315,0.0,0.0,0.0
MAR08321,0.0,0.0,0.0
MAR08324,0.0,0.0,0.0
MAR08329,0.0,0.0,0.0
MAR08336,0.0,0.0,0.0
MAR08339,2.498267856111206e-16,0.0,0.0
MAR08340,-13.267332764613501,-12.0308270511618,-12.743354547008503
MAR08343,0.0,0.0,0.0
MAR08354,0.0,0.0,0.0
MAR08364,0.0,0.0,0.0
MAR08374,-8.9879230201349,-7.49482942434176,-37.30575933196779
MAR08408,-1000.0,-1000.0,-1000.0
MAR08420,-2.885980176470929,-2.5628548237398583,-7.00777210470473
MAR08429,0.0,0.0,0.0
MAR08515,0.0,0.0,0.0
MAR08520,-48.30529881156107,-41.15329201317212,-40.91324435818069
MAR08536,0.0,0.0,0.0
MAR08551,0.0,0.0,0.0
MAR08567,-5.577370760099701,-7.752652483427408,-0.617731295572044
MAR08586,-37.19230032362458,-30.089300179858096,-16.757584303287796
MAR08593,-53.5517157252542,-27.374438669903952,-37.18245014248142
MAR08595,-1000.0,-1000.0,-1000.0
MAR08597,0.0,0.0,0.0
MAR08599,0.0,0.0,0.0
MAR08600,-1000.0,-1000.0,-1000.0
MAR08602,0.0,0.0,0.0
MAR08612,0.0007621470098619663,0.000642242192855789,0.0017274391866273237
MAR08618,-103.15839602538114,-101.22760183306211,-101.96251501217121
MAR08629,0.0,0.0,0.0
MAR08631,0.0,0.0,0.0
MAR08632,0.0,0.0,0.0
MAR08633,0.0,0.0,0.0
MAR08635,0.0,0.0,0.0
MAR08636,-7.76471104396344,-5.90000054671551,-3.6454531759748
MAR08656,0.0,0.0,0.0
MAR08658,0.0,0.0,0.0
MAR08659,0.0,0.0,0.0
MAR08660,0.0,0.0,0.0
MAR08670,0.0,0.0,0.0
MAR08671,0.0,0.0,0.0
MAR08676,-4.80143408034137,-3.98994453241801,-6.03468632260872
MAR08677,0.0,0.0,0.0
MAR08678,-999.9999999999995,-1000.0,-1000.0
MAR08679,-1000.0000000000001,-1000.0000000000001,-1000.0000000000001
MAR08686,0.0,0.0,0.0
MAR08687,0.0,0.0,0.0
MAR08696,-1.27187186456312,-0.698794307368524,-3.60015444951431
MAR08714,0.0,0.0,0.0
MAR08718,0.0,0.0,0.0
MAR08720,0.0,0.0,0.0
MAR08721,-1000.0,-1000.0,-1000.0
MAR08723,0.0,0.0,0.0
MAR08730,0.0,0.0,0.0
MAR08732,0.0,0.0,0.0
MAR08733,-19.1531023145739,-13.1970914771855,-45.5122466044912
MAR08734,-19.153102314573903,-13.1970914771855,-45.512246604491196
MAR08735,0.0,0.0,0.0
MAR08736,0.0,0.0,0.0
MAR08760,0.0,0.0,0.0
MAR08797,0.0,0.0,0.0
MAR08798,0.0,0.0,0.0
MAR08846,-65.0762799825681,-51.4276278076221,-71.9952922964832
MAR08847,0.0,0.0,0.0
MAR08849,0.0,0.0,0.0
MAR08850,0.0,0.0,0.0
MAR08852,-1000.0,-1000.0000000000001,-1000.0
MAR08853,0.0,0.0,0.0
MAR08854,-1000.0,-1000.0,-1000.0
MAR08861,-1000.0,-1000.0,-1000.0
MAR08863,0.0,0.0,0.0
MAR08864,0.0,0.0,0.0
MAR08865,-20.9550014095,-17.7449947192666,-28.613667106664092
MAR08866,-41.16302147046835,-46.47521007851185,-43.48127800476659
MAR08867,-1000.0,-1000.0,-1000.0
MAR08869,-6.799603750115085,-0.2478293014954881,-9.335382356967102
MAR08870,-999.9999999999995,-1000.0000000000006,-1000.0
MAR08872,0.0,0.0,0.0
MAR08873,0.0,0.0,0.0
MAR08876,0.0,0.0,0.0
MAR08877,0.0,0.0,0.0
MAR08878,-90.14158246541062,-55.34964673044269,-197.80384136450255
MAR08879,0.0,0.0,0.0
MAR08881,0.0,0.0,0.0
MAR08883,0.0,0.0,0.0
MAR08884,0.0,0.0,0.0
MAR08889,0.0,0.0,0.0
MAR08892,0.0,0.0,0.0
MAR08893,0.0,0.0,0.0
MAR08896,0.0,0.0,0.0
MAR08898,0.0,0.0,0.0
MAR08899,0.0,0.0,0.0
MAR08901,-14.407602270773701,-11.870410548376816,-30.85740352814206
MAR08903,-34.04129688272342,-24.450880598257818,-116.71190376490355
MAR08905,-4.205206799268777,-2.7161536513005604,-15.412473646210413
MAR08907,0.0,0.0,0.0
MAR08911,0.0,0.0,0.0
MAR08912,0.0,0.0,0.0
MAR08913,0.0,0.0,0.0
MAR08917,0.0,0.0,0.0
MAR08922,0.0,0.0,0.0
MAR08923,0.0,0.0,0.0
MAR08924,0.0,0.0,0.0
MAR08925,0.0,0.0,0.0
MAR08927,-13.599207500229136,-0.4956586029909761,-18.670764713934094
MAR08929,0.0,0.0,0.0
MAR08930,0.0,0.0,0.0
MAR08931,-1000.0,-1000.0,-1000.0
MAR08932,0.0,0.0,0.0
MAR08933,0.0,0.0,0.0
MAR08934,0.0,0.0,0.0
MAR08935,0.0,0.0,0.0
MAR08936,0.0,0.0,0.0
MAR08937,0.0,0.0,0.0
MAR08938,0.0,0.0,0.0
MAR08939,0.0,0.0,0.0
MAR08940,0.0,0.0,0.0
MAR08941,0.0,0.0,0.0
MAR08942,0.0,0.0,0.0
MAR08943,0.0,0.0,0.0
MAR08944,0.0,0.0,0.0
MAR08945,0.0,0.0,0.0
MAR08946,0.0,0.0,0.0
MAR08947,0.0,0.0,0.0
MAR09173,-6.344326768534539,-8.721602610029667,-11.219291316475578
MAR09175,-123.15666745745095,-86.51778187591945,-240.88024619258076
MAR09176,-1000.0,-1000.0,-802.0124198598478
MAR09178,-23.33536454344005,-25.6488742016771,-58.077228979896496
MAR09180,-1000.0,-1000.0,-1000.0
MAR09182,-1000.0,-1000.0,-1000.0
MAR09183,-4.657196220107581,-3.7965951469064,-9.693956547783651
MAR09184,-4.657196220107581,-3.7965951469064,-9.693956547783651
MAR09185,-34.99699220318849,-31.917335392526965,-79.38799583672495
MAR09187,0.0,0.0,3.387730029255691e-14
MAR09188,-260.30639994697395,-170.09136132485537,-39.17805313926683
MAR09189,-1000.0,-1000.0000000000008,-1000.0
MAR09190,0.0,0.0,0.0
MAR09191,0.0,0.0,0.0
MAR09192,-3.66365532174393,-3.53439149390999,-0.612618048237074
MAR09193,-1000.0,-1000.0,-1000.0
MAR09195,0.0,0.0,0.0
MAR09196,0.0,0.0,0.0
MAR09197,0.0,0.0,0.0
MAR09198,0.0,0.0,0.0
MAR09590,0.0,0.0,0.0
MAR09591,0.0,0.0,0.0
MAR09592,0.0,0.0,0.0
MAR09593,0.0,0.0,0.0
MAR09594,0.0,0.0,0.0
MAR09595,0.0,0.0,0.0
MAR09596,0.0,0.0,0.0
MAR09597,0.0,0.0,0.0
MAR09598,0.0,0.0,0.0
MAR09599,0.0,0.0,0.0
MAR09600,0.0,0.0,0.0
MAR09601,0.0,0.0,0.0
MAR09602,0.0,0.0,0.0
MAR09603,0.0,0.0,0.0
MAR09604,0.0,0.0,0.0
MAR09605,0.0,0.0,0.0
MAR09606,0.0,0.0,0.0
MAR09607,0.0,0.0,0.0
MAR09608,0.0,0.0,0.0
MAR09609,0.0,0.0,0.0
MAR09610,0.0,0.0,0.0
MAR09611,0.0,0.0,0.0
MAR09612,0.0,0.0,0.0
MAR09613,0.0,0.0,0.0
MAR09614,0.0,0.0,0.0
MAR09615,0.0,0.0,0.0
MAR09616,0.0,0.0,0.0
MAR09617,0.0,0.0,0.0
MAR09618,-1000.0,-1000.0,-802.0124198598487
MAR09619,0.0,0.0,0.0
MAR09620,0.0,0.0,0.0
MAR09621,0.0,0.0,0.0
MAR09622,0.0,0.0,0.0
MAR09623,0.0,0.0,0.0
MAR09624,0.0,0.0,0.0
MAR09635,0.0,0.0,0.0
MAR09636,0.0,0.0,0.0
MAR09637,0.0,0.0,0.0
MAR09638,-17.42498348178657,-11.12127202529292,-26.66487591561231
MAR09639,-1000.0,-1000.0,-1000.0
MAR09640,-31.074990926766237,-23.760659370675604,-48.63818190391445
MAR09641,-5.726574715379019,-4.243515076537958,-8.061460848625387
MAR09642,0.0,0.0,0.0
MAR09643,0.0,0.0,0.0
MAR09644,0.0,0.0,0.0
MAR09645,0.0,0.0,0.0
MAR09646,-1000.0,-1000.0,-1000.0
MAR09647,0.0,0.0,0.0
MAR09648,0.0,0.0,0.0
MAR09649,-0.0746480472062911,-0.5529653869151674,-4.9872696002667
MAR09650,-7.5302878557533415,-5.880025787897446,-19.499727554964633
MAR09651,0.0,0.0,0.0
MAR09652,0.0,0.0,0.0
MAR09653,0.0,0.0,0.0
MAR09654,0.0,0.0,0.0
MAR09655,0.0,0.0,0.0
MAR09656,0.0,0.0,0.0
MAR09657,0.0,0.0,0.0
MAR09658,0.0,0.0,0.0
MAR09659,-1.7297093500690486e-14,-4.750740134911654e-14,-1.025862014946528e-11
MAR09660,-999.9999999999999,-1000.0,-999.9999999999999
MAR09661,-1000.0,-1000.0,-999.9999999999999
MAR09662,-1000.0,-1000.0,-1000.0
MAR09663,0.0,0.0,0.0
MAR09720,0.0,0.0,0.0
MAR09728,-8.308752426353472,-7.001577529200739,-18.8321470104138
MAR09731,-1.518406400154005,-1.1467334784348162,-2.1786061211836785
MAR09737,0.0,0.0,0.0
MAR08071,0.0,0.0,0.0
MAR04312,-39.436831102045,-25.1897182754517,-46.0782068284352
MAR08428,0.0,0.0,0.0
MAR08430,0.0,0.0,0.0
MAR08022,-6.2839809224620335,-6.986952099701361,-10.18087029926292
MAR08070,0.0,0.0,0.0
MAR09015,0.0,0.0,0.0
MAR09019,0.0,0.0,0.0
MAR09020,1.9236104546499324e-15,9.016924006171558e-15,3.847220909299865e-15
MAR00157,0.0,0.0,0.0
MAR00158,-18.38373926807764,-10.607629966469098,-20.629406530438928
MAR00166,-1.45022817723324,-0.8176959242544051,-19.668360879026196
MAR00169,-11.0956106095196,-6.8833064457263,-24.700603485546644
MAR00172,-1.4502281772332397,-0.8176959242544052,-19.66836087902614
MAR00175,-72.31097191484676,-47.909749499011745,-102.38112445808437
MAR00178,-1.4502281772332402,-0.8176959242544051,-19.668360879025887
MAR00182,-15.659083296984491,-12.232963826780981,-42.39788973978073
MAR00185,-1.4502281772332415,-0.8176959242544053,-19.11559013552411
MAR00446,9.623715073152385e-18,0.0,-1.583277520737955e-15
MAR00578,0.1669580594647378,0.1406913742861768,0.3784176683903455
MAR00587,-0.0927544774804098,-0.07816187460343146,-0.21023203799463905
MAR00962,9.71365779243029e-15,0.0,3.7360222278578034e-16
MAR01145,-24.495637456399777,-13.852790996798205,-40.39878327552451
MAR01173,0.0,0.0,0.0
MAR01187,-24.495637456399802,-13.852790996798205,-40.39878327552451
MAR01215,0.0,0.0,0.0
MAR01243,0.0,0.0,0.0
MAR01267,0.0,0.0,0.0
MAR01284,-29.75196087200604,-17.91490065137144,-76.86325205276482
MAR01572,-145.70051639432617,-101.19575097936672,-284.7292024572627
MAR01602,-0.84104135985375,-0.543230730260099,-3.08249472924208
MAR01915,-1000.0,-1000.0,-1000.0
MAR01925,0.0,0.0,0.0
MAR01930,0.0,0.0,3.4136908963219383e-15
MAR01936,-999.9999999999998,-1000.0,-999.9999999999998
MAR01994,0.0,0.0,0.0
MAR01997,-1000.0000000000001,-1000.0000000000001,-1000.0000000000001
MAR02008,0.0,0.0,0.0
MAR02012,0.0,0.0,0.0
MAR02065,0.0,0.0,0.0
MAR02080,0.0,0.0,0.0
MAR02094,0.0,0.0,8.749440257438545e-15
MAR02105,0.0,0.0,0.0
MAR02116,0.0,0.0,0.0
MAR02127,-0.319784297160251,-0.547003407481341,-2.80456636173247
MAR02141,0.0,0.0,0.0
MAR02590,0.0,0.0,0.0
MAR03746,-853.8472238016105,-605.2954198756792,-1000.0
MAR03762,-757.087477053953,-612.2170091590747,-917.621899780249
MAR03789,-32.84970116784009,-27.556631199543233,-70.39569583387849
MAR03818,-2.8000128829627697,-1.6670104172618592,-8.22057914044471
MAR03825,0.0,0.0,0.0
MAR03863,-1.986578228495221e-14,-1.4835094460604847e-14,6.7560887734319275e-15
MAR03864,0.0,0.0,0.0
MAR03921,0.0,0.0,0.0
MAR03946,-85.78578016446045,-71.52158141886088,-117.60566780156802
MAR03949,0.0,0.0,0.0
MAR03950,-66.99681095328897,-48.60552545254811,-102.74632076090174
MAR03952,-6.79045816738441,-2.5085163882733252,-44.03932273450285
MAR03954,0.0,0.0,0.0
MAR03971,0.0,0.0,0.0
MAR04184,0.0,0.0,0.0
MAR04205,0.0,0.0,0.0
MAR04237,-6.283980922462036,-6.986952099701544,-10.180870299262903
MAR04266,0.0,0.0,0.0
MAR04367,-20.955001409499996,-17.74499471926569,-34.58279597091809
MAR04684,0.0,0.0,0.0
MAR04692,-0.6787939107292541,-0.316837170153698,-1.29313153878667
MAR04720,0.0,0.0,0.0
MAR04729,0.0,-1.2202201512419997e-14,0.0
MAR04738,-18.289001687116198,-16.3940722460219,-21.623259523653797
MAR04743,-24.449184307025405,-23.916867807505,-61.031817433841006
MAR04754,0.0,0.0,0.0
MAR04756,-7.45563980854705,-5.327060400982273,-3.1362626611024793
MAR04760,-5.024456122470103,-2.8297167142305897,-7.093756257758655
MAR04843,-0.48454845546875,-0.983947911513457,-5.92092726485228
MAR04850,0.0,0.0,0.0
MAR04851,-2.62970273940472,-2.16826684778581,-2.12107169439436
MAR04852,-8.03715018857996,-4.7710624730183,-9.55727178644312
MAR04854,-2.62970273940472,-2.16826684778581,-2.12107169439436
MAR04855,-8.03715018857996,-4.7710624730183,-9.55727178644312
MAR04862,0.0,0.0,0.0
MAR04863,-2.62970273940472,-2.16826684778581,-2.12107169439436
MAR04864,-2.62970273940472,-2.16826684778581,-2.12107169439436
MAR04865,0.0,0.0,0.0
MAR04867,-2.62970273940472,-2.16826684778581,-2.12107169439436
MAR04868,-2.62970273940472,-2.16826684778581,-2.12107169439436
MAR04870,0.0,0.0,0.0
MAR04871,-2.62970273940472,-2.16826684778581,-2.12107169439436
MAR04872,-2.62970273940472,-2.16826684778581,-2.12107169439436
MAR04874,-501.8147646300093,-363.0092428113054,-887.1416074402182
MAR04888,-1000.0,-1000.0,-1000.0
MAR04898,-873.5739805190511,-809.0569478539851,-944.8014235222304
MAR04905,0.0,0.0,0.0
MAR04914,-3.4546720250616,-2.65947938547065,-3.85085668669
MAR04922,-1000.0,-861.2933131773325,-1000.0
MAR04926,0.0,0.0,0.0
MAR04940,0.0,0.0,0.0
MAR04944,0.0,0.0,0.0
MAR04951,-1000.0,-1000.0,-1000.0
MAR04953,-0.678793910729254,-0.316837170153698,-1.2931315387866702
MAR04959,-1000.0,-1000.0,-1000.0
MAR04963,0.0,0.0,0.0
MAR04964,0.0,0.0,0.0
MAR04971,-22.269540146569,-12.8802176958499,-27.8724369105238
MAR04972,-22.269540146569,-12.8802176958499,-27.8724369105238
MAR04957,0.0,0.0,0.0
MAR04977,0.0,0.0,0.0
MAR04979,0.0,0.0,2.3629930801308224e-14
MAR04997,0.0,0.0,0.0
MAR04998,0.0,0.0,0.0
MAR05006,0.0,0.0,0.0
MAR05014,0.0,0.0,0.0
MAR05015,0.0,0.0,0.0
MAR05016,0.0,0.0,0.0
MAR05022,0.0,0.0,0.0
MAR05031,-5.51486456279005,-3.04377377863563,-17.2918338618624
MAR05033,-5.51486456279005,-3.04377377863563,-17.2918338618624
MAR05036,0.0,5.160269497888484e-14,1.5029684457211052e-14
MAR05043,0.0,0.0,0.0
MAR05046,-4.98254225226917,-6.91898525051683,-8.33896031959589
MAR05096,0.0,0.0,0.0
MAR05099,0.0,0.0,0.0
MAR05101,0.0,0.0,0.0
MAR05102,0.0,0.0,0.0
MAR05105,0.0,0.0,0.0
MAR05107,0.0,0.0,0.0
MAR05109,0.0,0.0,0.0
MAR05112,0.0,0.0,0.0
MAR05113,0.0,0.0,0.0
MAR05114,0.0,0.0,0.0
MAR05115,0.0,0.0,0.0
MAR05116,0.0,0.0,0.0
MAR05117,0.0,0.0,0.0
MAR05118,0.0,0.0,0.0
MAR05121,0.0,0.0,0.0
MAR05122,0.0,0.0,0.0
MAR05124,-4.94702338349611,-4.40957867513687,-14.0853947625055
MAR05125,0.0,0.0,0.0
MAR05126,0.0,0.0,0.0
MAR05222,0.0,0.0,0.0
MAR05223,0.0,0.0,0.0
MAR05225,0.0,0.0,0.0
MAR05227,0.0,0.0,0.0
MAR05292,-3.15932810003531,-2.20450178456015,-8.62993934127062
MAR05304,-6.133259772015873,-4.940688835933481,-19.063046341537085
MAR05348,0.0,0.0,0.0
MAR05349,0.0,0.0,0.0
MAR05361,-1000.0,-1000.0,-1000.0
MAR05411,-11.1287998507996,-7.0812567596258,-50.7672347636618
MAR05420,0.0,0.0,0.0
MAR05426,-30.785552027971548,-20.90338780294565,-82.63418720212383
MAR06276,-22.269540146569,-12.8802176958499,-27.8724369105238
MAR06277,-22.269540146569,-12.8802176958499,-27.8724369105238
MAR06286,0.0,0.0,0.0
MAR06287,0.0,0.0,0.0
MAR06288,0.0,0.0,0.0
MAR06289,0.0,0.0,0.0
MAR06290,0.0,0.0,0.0
MAR06291,0.0,0.0,0.0
MAR06292,0.0,0.0,0.0
MAR06293,0.0,0.0,0.0
MAR06294,0.0,0.0,0.0
MAR06295,0.0,0.0,0.0
MAR06296,0.0,0.0,0.0
MAR06297,-22.269540146569,-12.8802176958499,-27.8724369105238
MAR06298,-22.269540146569,-12.8802176958499,-27.8724369105238
MAR06299,0.0,0.0,0.0
MAR06300,0.0,0.0,0.0
MAR06301,0.0,0.0,0.0
MAR06302,0.0,0.0,0.0
MAR06303,0.0,0.0,0.0
MAR06304,0.0,0.0,0.0
MAR06305,0.0,0.0,0.0
MAR06306,0.0,0.0,0.0
MAR06307,0.0,0.0,0.0
MAR06308,0.0,0.0,0.0
MAR06309,0.0,0.0,0.0
MAR06310,0.0,0.0,0.0
MAR06311,0.0,0.0,0.0
MAR06312,0.0,0.0,0.0
MAR06313,0.0,0.0,0.0
MAR06314,0.0,0.0,0.0
MAR06315,0.0,0.0,0.0
MAR06316,0.0,0.0,0.0
MAR06317,0.0,0.0,0.0
MAR06318,0.0,0.0,0.0
MAR06321,0.0,0.0,0.0
MAR06323,0.0,0.0,0.0
MAR06324,0.0,0.0,0.0
MAR06325,0.0,0.0,0.0
MAR06326,0.0,0.0,0.0
MAR06327,0.0,0.0,0.0
MAR06328,-66.5192037946817,-34.7575312064536,-169.950393210121
MAR06330,0.0,0.0,0.0
MAR06331,0.0,0.0,0.0
MAR06332,0.0,0.0,0.0
MAR06333,0.0,0.0,0.0
MAR06334,0.0,0.0,0.0
MAR06335,0.0,0.0,0.0
MAR06336,0.0,0.0,0.0
MAR06337,0.0,0.0,0.0
MAR06338,0.0,0.0,0.0
MAR06339,0.0,0.0,0.0
MAR06340,0.0,0.0,0.0
MAR06341,0.0,0.0,0.0
MAR06342,0.0,0.0,0.0
MAR06343,0.0,0.0,0.0
MAR06389,0.0,0.0,0.0
MAR06391,-5.400538924671197,-3.3832990323083663,-9.55727178644312
MAR06408,0.0,0.0,0.0
MAR06431,0.0,1.3537522040031281e-19,0.0
MAR06438,-0.000846830010957739,-0.0007136024365064303,-0.001919376874030356
MAR06446,1.3537522040031281e-19,1.3537522040031281e-19,0.0
MAR06454,0.0007621470098619665,0.0006422421928557887,0.0017274391866273235
MAR06455,0.0,0.0,0.0
MAR06469,0.0,0.0,0.0
MAR06481,1.3537522040031281e-19,1.3537522040031281e-19,0.0
MAR06513,-231.02513444224124,-238.5232475273172,-276.14404004847836
MAR06517,0.0,0.0,0.0
MAR06521,-2.62970273940472,-2.16826684778581,-2.12107169439436
MAR06522,-2.62970273940472,-2.16826684778581,-2.12107169439436
MAR06618,0.0,0.0,0.0
MAR06620,0.0,0.0,0.0
MAR06781,-12.385459878645795,-14.347626759515263,-51.52863502554901
MAR06890,-77.23702830021084,-52.71936917643399,-165.57883138369263
MAR06902,0.0,0.0,0.0
MAR07638,0.0,0.0,0.0
MAR07708,-8.400038648888303,-5.001031251785582,-24.661737421334266
MAR07719,-5.238547902365032,-3.04377377863563,-10.3414560695646
MAR07723,0.0,0.0,0.0
MAR07757,0.0,0.0,0.0
MAR07758,0.0,0.0,0.0
MAR07760,0.0,0.0,0.0
MAR07769,-2.17525431491402,-1.26099837871934,-3.6131961703427
MAR07804,-0.977727018703268,-0.76265277686428,-5.36710501942962
MAR07806,-0.977727018703268,-0.76265277686428,-5.36710501942962
MAR07808,-0.977727018703268,-0.76265277686428,-5.36710501942962
MAR07810,-0.977727018703268,-0.76265277686428,-5.36710501942962
MAR07812,-0.977727018703268,-0.76265277686428,-5.36710501942962
MAR07814,-0.977727018703268,-0.76265277686428,-5.36710501942962
MAR07815,0.0,0.0,0.0
MAR07816,0.0,0.0,0.0
MAR07818,-0.977727018703268,-0.76265277686428,-5.36710501942962
MAR07820,-0.977727018703268,-0.76265277686428,-5.36710501942962
MAR07822,-0.977727018703268,-0.76265277686428,-5.36710501942962
MAR07824,-0.977727018703268,-0.76265277686428,-5.36710501942962
MAR07825,0.0,0.0,0.0
MAR07826,0.0,0.0,0.0
MAR07827,0.0,0.0,0.0
MAR07828,0.0,0.0,0.0
MAR07829,0.0,0.0,0.0
MAR07830,0.0,0.0,0.0
MAR07831,0.0,0.0,0.0
MAR07832,0.0,0.0,0.0
MAR07833,0.0,0.0,0.0
MAR07834,0.0,0.0,0.0
MAR07835,0.0,0.0,0.0
MAR07836,0.0,0.0,0.0
MAR07837,0.0,0.0,0.0
MAR07838,0.0,0.0,0.0
MAR07839,0.0,0.0,0.0
MAR07840,0.0,0.0,0.0
MAR07841,0.0,0.0,0.0
MAR07842,0.0,0.0,0.0
MAR07843,0.0,0.0,0.0
MAR07844,0.0,0.0,0.0
MAR07845,0.0,0.0,0.0
MAR07846,0.0,0.0,0.0
MAR07847,0.0,0.0,0.0
MAR07848,0.0,0.0,0.0
MAR07849,0.0,0.0,0.0
MAR07850,0.0,0.0,0.0
MAR07851,0.0,0.0,0.0
MAR07852,0.0,0.0,0.0
MAR07853,0.0,0.0,0.0
MAR07854,0.0,0.0,0.0
MAR07897,0.0,0.0,0.0
MAR07899,0.0,0.0,0.0
MAR07914,0.0,0.0,0.0
MAR07917,0.0,0.0,0.0
MAR07923,0.0,0.0,0.0
MAR07995,0.0,0.0,0.0
MAR07998,-0.84104135985375,-0.5432307302600992,-3.08249472924208
MAR08000,0.0,0.0,0.0
MAR08001,0.0,0.0,0.0
MAR08009,-0.8406613909097029,-0.542910539949458,-3.08163351318382
MAR08089,0.0,0.0,0.0
MAR08093,0.0,0.0,0.0
MAR08099,0.0,0.0,0.0
MAR08120,0.0,0.0,0.0
MAR08122,0.0,0.0,0.0
MAR08124,0.0,0.0,0.0
MAR08126,0.0,0.0,0.0
MAR08128,0.0,0.0,0.0
MAR08356,0.0,0.0,0.0
MAR08365,0.0,0.0,0.0
MAR08411,-0.15112256956924575,-0.10626206291128808,-0.3848221177313139
MAR08438,0.0,0.0,0.0
MAR08475,-7.149181322285271,-4.42243290227698,-17.2918338618624
MAR08505,0.0,0.0,0.0
MAR08510,0.0,0.0,0.0
MAR08513,-2.77732176898279,-3.38228863232794,-5.60819930283403
MAR08528,-15.575629266759679,-8.93107435621036,-3.39073573755174
MAR08532,-281.78941455571845,-274.6355437559438,-373.60617456919726
MAR08562,0.0,0.0,0.0
MAR08614,0.0007621470098619663,0.0006422421928557877,0.001727439186627324
MAR08627,1.009369304796212e-15,-1.6553308369115446e-14,0.0
MAR08655,0.0,0.0,0.0
MAR08657,-1.32819222798411,-0.8406655858127482,-0.462671717022056
MAR08680,-1000.0,-999.9999999999998,-999.9999999999998
MAR08731,-281.7894145557185,-274.6355437559376,-373.60617456919863
MAR08741,-2.62970273940472,-2.16826684778581,-2.12107169439436
MAR08742,-2.62970273940472,-2.16826684778581,-2.12107169439436
MAR08745,-1000.0,-1000.0,-999.9999999999982
MAR08747,0.0,0.0,0.0
MAR08776,0.0,0.0,0.0
MAR08785,0.0,0.0,0.0
MAR08848,0.0,0.0,0.0
MAR08890,-16.7819846733197,-9.187394855220951,-21.3885554691479
MAR08891,0.0,0.0,0.0
MAR08910,0.0,0.0,0.0
MAR09174,0.0,0.0,0.0
MAR09194,-3.00401926897146,-2.994532989304348,-2.061125483536685
MAR09675,0.0,0.0,0.0
MAR09676,0.0,0.0,0.0
MAR09677,-8.400038648888296,-5.001031251785614,-24.661737421334117
MAR09014,-5.239005277264498e-16,-3.1994643003561027e-16,1.4705595086518777e-16
MAR00707,0.0,0.0,0.0
MAR00713,0.0,0.0,0.0
MAR01104,0.0,0.0,0.0
MAR01135,-9.804065300115111,-7.876390007650982,-22.35357576594144
MAR01144,-24.4956374563998,-13.852790996798197,-40.39878327552451
MAR01172,-2.2994933939379694,-1.2206143348242902,-1.014275814936137
MAR01188,-24.4956374563998,-13.852790996798197,-40.3987832755245
MAR01214,-2.299493393937969,-1.22061433482429,-1.01427581493614
MAR01242,5.13963744292794e-14,-1.1461212416285303e-14,-3.581348036211871e-15
MAR01268,0.0,0.0,0.0
MAR01283,-29.75196087200603,-17.914900651371422,-76.86325205276499
MAR01286,1.261477020563707e-15,1.0638953683452219e-15,0.0
MAR01443,-11.1287998507996,-7.0812567596258,-40.88154477688
MAR02067,0.0,0.0,0.0
MAR02082,0.0,0.0,0.0
MAR02093,0.0,0.0,0.0
MAR02104,0.0,0.0,0.0
MAR02407,0.0,6.700448827416059e-17,0.0
MAR02509,0.0,0.0,0.0
MAR02547,0.0,0.0,0.0
MAR02575,0.0,0.0,0.0
MAR03007,-11.1287998507996,-7.0812567596258,-50.7672347636618
MAR03008,0.0,0.0,0.0
MAR03011,0.0,0.0,0.0
MAR03013,3.027741101873823e-15,0.0,0.0
MAR03014,0.0,0.0,0.0
MAR03017,0.0,0.0,0.0
MAR03018,0.0,0.0,0.0
MAR03019,-1.49674265348158,-1.51406349739516,-5.8984883150629
MAR03020,0.0,0.0,0.0
MAR03021,0.0,0.0,0.0
MAR03022,0.0,0.0,0.0
MAR03023,0.0,0.0,0.0
MAR03024,-1.1417124340082056e-17,0.0,0.0
MAR03025,0.0,0.0,0.0
MAR03026,-3.165388951046984,-3.5057130617791517,-6.03468632260872
MAR03473,0.0,0.0,0.0
MAR03848,-1000.0,-1000.0,-1000.0
MAR03850,0.0,0.0,0.0
MAR03867,-1000.0,-1000.0,-1000.0
MAR03947,-1000.0,-1000.0,-1000.0
MAR03948,-2.55368918254826,-2.0192395240074714,-4.81850779925434
MAR04393,0.0,0.0,0.0
MAR04468,0.0,0.0,0.0
MAR04469,-470.06584559253946,-357.2651100342498,-999.9999999999959
MAR04647,-2.3682911530736006,-1.70720786979218,-1.00918353684841
MAR04790,-56.23824737192031,-52.99213474580018,-109.90007758447511
MAR04890,-1000.0,-1000.0,-1000.0
MAR04900,-39.5502007518885,-21.806254766326393,-64.5566483604364
MAR04908,-5.23854790236503,-3.27161688810664,-10.3414560695646
MAR04915,-1000.0,-1000.0,-1000.0
MAR04924,-95.37554365820087,-60.29446455793429,-221.83360151487182
MAR04930,-44.1293499463807,-45.2364084458332,-50.7672347636618
MAR04945,-7.781067594951401,-4.85374978295531,-11.64524467131741
MAR04986,-11.5655842081493,-10.8266142850519,-94.8694822391714
MAR05344,-1000.0,-1000.0,-1000.0
MAR05346,-59.8592820661661,-45.522985238658464,-269.6829101254475
MAR05362,-70.65411178419669,-46.57680060394264,-156.81346668665927
MAR05414,-4.263533872478773,-2.4672721336668095,-12.691221124786498
MAR05452,-11.5655842081493,-10.8266142850519,-94.8694822391714
MAR05453,-48.1435875823818,-43.61475877709568,-138.11600128647902
MAR06928,0.0,0.0,0.0
MAR06937,0.0,0.0,0.0
MAR06986,-1.4116190605105662e-13,8.530051729129779e-15,6.996167320581605e-14
MAR06987,-10.495700029328674,-7.8548187394175635,-16.87815068409823
MAR07590,0.0,0.0,6.527627117859266e-16
MAR07596,-12.656620295144085,-8.761816233994427,-16.3451868969126
MAR07640,0.0,0.0,0.0
MAR07646,0.0,0.0,0.0
MAR07705,0.0,0.0,0.0
MAR07707,-1000.0,-1000.0,-1000.0
MAR07771,-3.1857270272423154e-15,1.0467388803796178e-13,0.0
MAR07775,0.0,0.0,0.0
MAR07777,0.0,0.0,0.0
MAR07779,7.814292633825664e-15,3.746177742058745e-15,-7.49235548411749e-15
MAR07782,-1000.0,-1000.0,-821.9908915279194
MAR07783,-56.45436315612081,-42.83066587334437,-267.6955524909604
MAR07785,-86.07280741363172,-60.77868601039355,-355.9332400737775
MAR07788,-13.796960363627834,-7.323686008945771,-6.085654889616819
MAR07790,-55.43441747521745,-45.07705784481724,-63.84445628668623
MAR07797,-999.9999999999876,-999.9999999999999,-1000.0000000000001
MAR08016,0.0,0.0,0.0
MAR08020,-36.57800337423228,-32.78814449204379,-43.2465190473076
MAR08359,-25.282195680676402,-12.803962063472802,-16.854728831888803
MAR08414,0.0,0.0,0.0
MAR08754,0.0,0.0,0.0
MAR08756,0.0,0.0,0.0
MAR08860,0.0,0.0,0.0
MAR08926,-1000.0,-1000.0,-1000.0
MAR09179,-999.9999999999995,-1000.0000000000006,-999.9999999999995
MAR09181,0.0,0.0,0.0
MAR09678,0.0,0.0,0.0
MAR09679,0.0,0.0,0.0
MAR09680,-999.9999999999993,-1000.0000000000001,-1000.0000000000005
MAR09017,0.0,0.0,0.0
MAR00984,0.0,0.0,2.3080722877780745e-31
MAR01089,0.0,0.0,0.0
MAR01090,-1000.0,-1000.0,-1000.0
MAR01094,0.0,0.0,0.0
MAR01095,-248.0272691701668,-231.57566120545866,-346.95776053203184
MAR02564,0.0,0.0,0.0
MAR02585,0.0,0.0,0.0
MAR04274,-2.5353502899052693,-1.7916581976867416,-5.15392454794796
MAR04275,-2.5353502899052724,-1.7916581976867452,-5.153924547947924
MAR04277,-1000.0,-1000.0,-1000.0
MAR04535,-2.0534544292411,-1.27780154897278,-4.37086902713596
MAR04538,0.0,0.0,0.0
MAR04893,-30.637033089495795,-27.039603220979007,-41.87669018668502
MAR04904,-14.26800507121211,-9.002292702853632,-47.701919528547826
MAR04916,-1000.0,-999.9999999999997,-1000.0000000000001
MAR05422,-27.360632483269846,-19.12584941185929,-56.1907730045917
MAR05423,-1.4326912125129307,-0.7546999368206738,-2.96388232730317
MAR05424,-2.0534544292411,-1.27780154897278,-4.37086902713596
MAR06617,-1.033187610949276e-14,0.0,4.355369318988979e-15
MAR06619,-13.443864513852574,-7.13718797263815,-20.191867264311554
MAR07653,0.0,0.0,0.0
MAR07664,0.0,0.0,0.0
MAR07665,-3.143317553562,-2.6980751056578542,-4.12912143324844
MAR07712,-5.070700579810539,-3.5833163953734997,-10.2142633065433
MAR07763,-14.622295836760733,-9.126207353601332,-48.040011466859646
MAR07764,-234.8643970885665,-234.88187769638716,-319.85555824727396
MAR07765,0.0,0.0,0.0
MAR07767,-13.61242818816102,-14.185937627973004,-26.276099108602622
MAR07773,-7.60605086971581,-5.374974593060251,-15.36818785449125
MAR07786,-2.1628923598683913,-1.477797230395477,-4.30973252804834
MAR07792,0.7035316456252395,0.5928484937723872,1.594584926477067
MAR07795,-341.7488038815678,-277.82973857329813,-617.0046966449985
MAR07796,-17.5779647144219,-13.7653106632874,-21.823772545094695
MAR07855,-5.23854790236503,-3.27161688810664,-10.3414560695646
MAR07856,-273.131185729206,-234.63744850608646,-531.5516781327487
MAR07857,-142.09563022340498,-125.55848402811965,-224.80183329256536
MAR07858,-13.44386451385185,-7.137187972638151,-20.19186726431161
MAR07859,-7.902764334692869,-4.266571504239099,-12.495211099185799
MAR07860,-7.666405125300088,-5.8171606116949865,-17.069019242138168
MAR07861,0.14745887799503263,0.12425990253079411,0.3342219295865909
MAR07862,0.0983059186633551,0.08283993502052929,0.22281461972439398
MAR07877,-5.23854790236503,-3.27161688810664,-10.3414560695646
MAR08024,-1000.0,-1000.0000000000001,-1000.0
MAR08028,0.0,0.0,0.0
MAR08082,0.0,0.0,0.0
MAR08361,-1000.0000000000001,-999.9999999999994,-1000.0
MAR08363,-1000.0000000000002,-999.9999999999983,-1000.0000000000025
MAR08412,0.0,0.0,0.0
MAR08447,0.0,0.0,0.0
MAR08476,-7.76471104396344,-5.90000054671551,-17.2918338618624
MAR08789,0.0,0.0,0.0
MAR08828,-32.52249479924515,-35.200985202910914,-36.41408011537627
MAR08837,-28.761716095294993,-29.77831797297459,-37.47298894711598
MAR08838,-30.936794979002823,-28.444841549454008,-58.75173394523331
MAR08839,-7.402822184114609,-5.724597667938,-16.20320574266086
MAR08840,0.0,0.0,0.0
MAR08841,-21.87588668229874,-14.374230833973236,-29.947535620967994
MAR08842,-21.87588668229874,-14.374230833973236,-29.947535620968004
MAR08843,-23.2782330296893,-21.539694912793898,-17.902786858457798
MAR08844,0.0,0.0,0.0
MAR08845,-2.6478755802743,-1.5529264063467283,-8.567748286683399
MAR08862,-999.9999999999998,-999.9999999999998,-999.9999999999998
MAR08868,-21.49860024707368,-14.744866351269415,-41.03627193151317
MAR08871,-2.6478755802743,-1.5529264063467396,-8.56774828668343
MAR08894,-14.199843141304353,-12.659105735380964,-9.49936440396576
MAR08909,-73.62547094903832,-82.49045386344355,-44.71519896887996
MAR08918,-3.1433175535620004,-2.6980751056578502,-4.129121433248456
MAR09673,0.0,1.2708073846733789e-14,0.0
MAR09674,0.0,0.0,0.0
MAR08638,0.0,0.0,0.0
MAR08642,0.0,0.0,0.0
MAR04314,0.0,0.0,0.0
MAR09016,0.0,0.0,0.0
MAR09018,0.0,0.0,0.0
MAR00769,-2.4196846718099483,-1.8965645730744103,-6.175536830454323
MAR00791,-27.394174563803485,-21.984791124036292,-34.65210719141684
MAR00796,-0.9777270187032687,-0.7626527768644732,-5.367105019429624
MAR00798,-44.60926687740989,-37.3770452038107,-67.81467923373427
MAR00802,-32.2196945252649,-20.6937717388018,-87.1971936014965
MAR00831,0.0,0.0,0.0
MAR00913,0.0,0.0,0.0
MAR00929,0.0,0.0,0.0
MAR01917,-66.7752404445771,-49.9079663929348,-95.3688688284415
MAR02040,0.0,0.0,0.0
MAR02087,-1000.0,-1000.0,-1000.0
MAR02090,-181.4330135428088,-140.86595489050953,-297.9316748397782
MAR02101,-4.536598134448083e-16,0.0,0.0
MAR03987,0.0,0.0,0.0
MAR04887,0.0,0.0,0.0
MAR04903,0.0,0.0,0.0
MAR04907,0.0,0.0,0.0
MAR04962,0.0,0.0,0.0
MAR05047,0.0,-6.01527712076735e-15,0.0
MAR05048,0.0,0.0,0.0
MAR05049,0.0,0.0,0.0
MAR05050,0.0,0.0,0.0
MAR05051,0.0,0.0,0.0
MAR05052,0.0,0.0,0.0
MAR05053,0.0,0.0,0.0
MAR05054,0.0,0.0,0.0
MAR05055,0.0,0.0,0.0
MAR05056,0.0,0.0,0.0
MAR05057,0.0,0.0,0.0
MAR05058,0.0,0.0,0.0
MAR05059,0.0,0.0,0.0
MAR05060,0.0,0.0,0.0
MAR05061,0.0,0.0,0.0
MAR05062,0.0,0.0,0.0
MAR05063,0.0,0.0,0.0
MAR05064,0.0,0.0,0.0
MAR05065,0.0,0.0,0.0
MAR05066,0.0,0.0,0.0
MAR05067,0.0,0.0,0.0
MAR05197,0.0,0.0,0.0
MAR05199,0.0,0.0,0.0
MAR05201,0.0,0.0,0.0
MAR05204,0.0,0.0,0.0
MAR05212,0.0,0.0,0.0
MAR05214,0.0,0.0,0.0
MAR05217,0.0,0.0,0.0
MAR05218,0.0,0.0,0.0
MAR05220,0.0,0.0,0.0
MAR05224,0.0,0.0,0.0
MAR05226,0.0,0.0,0.0
MAR05228,0.0,0.0,0.0
MAR05230,0.0,0.0,0.0
MAR07196,-9.72471454544997,-8.06210971684287,-9.21312728268024
MAR07199,-1000.0,-1000.0,-1000.0
MAR07224,0.0,-4.508314945672891e-16,0.0
MAR07252,0.0,0.0,-2.709894925457958e-16
MAR07283,0.0,0.0,0.0
MAR07374,7.316551096494403e-15,0.0,-1.8291377741236008e-15
MAR07430,4.710187202076404e-16,-7.466838837713383e-13,-6.064113646802735e-16
MAR07454,0.0,0.0,0.0
MAR07470,-5.0830234514282315,-4.636753910386966,-12.947309185417003
MAR07483,0.0,1.8666313014557004e-14,1.295819978638818e-14
MAR07500,0.0,0.0,0.0
MAR07512,0.0,0.0,0.0
MAR07524,0.0,0.0,0.0
MAR07540,0.0,0.0,0.0
MAR07556,0.0,0.0,0.0
MAR07570,1.0784911977573693e-15,-5.329880474302319e-12,4.452300285821921e-15
MAR07581,0.0,0.0,0.0
MAR07584,0.0,0.0,0.0
MAR07710,0.0,0.0,0.0
MAR07711,0.0,0.0,0.0
MAR07714,-0.977727018703268,-0.7626527768642799,-1.98340789865734
MAR07715,0.0,0.0,0.0
MAR07718,-0.977727018703274,-0.7626527768642799,-1.98340789865734
MAR07720,0.0,0.0,0.0
MAR07722,-0.977727018703268,-0.7626527768642821,-1.98340789865734
MAR07724,0.0,0.0,0.0
MAR07726,-0.9777270187032683,-0.76265277686428,-1.98340789865734
MAR07727,0.0,0.0,0.0
MAR07729,-0.9777270187032682,-0.7626527768642799,-1.98340789865734
MAR07730,0.0,0.0,0.0
MAR07732,-0.9777270187032682,-0.7626527768642798,-5.367105019429619
MAR07762,-500.0000000000001,-499.99999999999983,-500.00000000000193
MAR07770,-24.23118574463926,-20.733664702507554,-33.63278493641775
MAR07799,0.0,0.0,0.0
MAR07907,0.0,0.0,0.0
MAR07915,0.0,0.0,0.0
MAR07918,0.0,0.0,0.0
MAR07924,0.0,0.0,0.0
MAR07927,-0.2450243936850245,-0.1686173850852965,-2.0914020142878753
MAR08118,0.0,0.0,0.0
MAR08119,0.0,0.0,0.0
MAR08121,0.0,0.0,0.0
MAR08123,0.0,0.0,0.0
MAR08125,0.0,0.0,0.0
MAR08127,0.0,0.0,0.0
MAR08131,-0.2450243936850245,-0.1686173850852965,-2.091402014287875
MAR08134,-0.24502439368502446,-0.16861738508529656,-2.091402014287867
MAR08196,-1.547417568215403e-15,0.0,0.0
MAR08200,0.0,0.0,3.6569815759401164e-14
MAR08202,-41.94440907071483,-28.7558814556453,-96.41032088417674
MAR08203,-26.377305008357435,-22.948189077260285,-37.38978451794034
MAR08208,0.0,0.0,0.0
MAR08216,0.0,0.0,0.0
MAR08244,-12.396569848169502,-12.664139086417944,-16.345186896912548
MAR08355,0.0,0.0,0.0
MAR08370,-1.8616361034325022e-14,-5.031816795252612e-15,0.0
MAR08490,0.0,0.0,0.0
MAR08491,0.0,0.0,0.0
MAR08492,0.0,0.0,0.0
MAR08531,-1000.0000000000001,-1000.0000000000001,-1000.0000000000001
MAR08588,-5.577370760099701,-7.752652483427381,-0.617731295572044
MAR08590,-5.050816302248166e-15,1.8366604735447876e-15,0.0
MAR08688,0.0,0.0,0.0
MAR08753,0.0,0.0,0.0
MAR08763,0.0,0.0,0.0
MAR08765,-1.6990804468377604e-14,2.2255763330411724e-12,0.0
MAR08858,-19.44942909089994,-16.12421943368587,-18.426254565360484
MAR08875,7.713352632974766e-14,0.0,0.0
MAR08885,0.0,0.0,0.0
MAR08887,-9.72471454544997,-8.06210971684287,-9.21312728268024
MAR08908,-3.100294584455768,-1.7464479953559404,-5.202994174843859
MAR08928,0.0,0.0,0.0
MAR09672,0.0,0.0,0.0
MAR00612,0.0,0.0,0.0
MAR03597,0.0,0.0,0.0
MAR04961,-1000.0,-1000.0,-1000.0
MAR05045,-71.75778269684626,-56.82695164345164,-103.70782914803739
MAR05248,0.0,0.0,0.0
MAR05249,0.0,0.0,0.0
MAR05250,0.0,0.0,0.0
MAR05251,0.0,0.0,0.0
MAR05252,0.0,0.0,0.0
MAR05253,0.0,0.0,0.0
MAR05255,0.0,0.0,0.0
MAR07198,0.0,0.0,0.0
MAR07284,-2.8143300438556104e-16,0.0,2.701597899978813e-15
MAR09738,0.0,0.0,0.0
MAR09739,0.0,0.0,0.0
MAR09740,0.0,0.0,0.0
MAR09741,0.0,0.0,0.0
MAR09742,0.0,0.0,0.0
MAR09743,0.0,0.0,0.0
MAR09744,0.0,0.0,0.0
MAR09745,0.0,0.0,0.0
MAR09746,0.0,0.0,0.0
MAR09747,0.0,0.0,0.0
MAR09748,0.0,0.0,0.0
MAR09749,0.0,0.0,0.0
MAR09750,0.0,0.0,0.0
MAR09751,0.0,0.0,0.0
MAR09752,0.0,0.0,0.0
MAR09753,0.0,0.0,0.0
MAR09754,0.0,0.0,0.0
MAR09755,0.0,0.0,0.0
MAR09756,0.0,0.0,0.0
MAR09757,0.0,0.0,0.0
MAR09758,0.0,0.0,0.0
MAR09759,0.0,0.0,0.0
MAR09760,0.0,0.0,0.0
MAR09761,0.0,0.0,0.0
MAR09762,0.0,0.0,0.0
MAR09763,0.0,0.0,0.0
MAR09764,0.0,0.0,0.0
MAR09765,0.0,0.0,0.0
MAR09766,0.0,0.0,0.0
MAR09767,0.0,0.0,0.0
MAR09768,0.0,0.0,0.0
MAR09769,0.0,0.0,0.0
MAR09770,0.0,0.0,0.0
MAR09771,0.0,0.0,0.0
MAR09772,0.0,0.0,0.0
MAR09773,0.0,0.0,0.0
MAR09774,0.0,0.0,0.0
MAR09775,0.0,0.0,0.0
MAR09776,0.0,0.0,0.0
MAR09777,0.0,0.0,0.0
MAR09778,0.0,0.0,0.0
MAR09779,0.0,0.0,0.0
MAR09780,0.0,0.0,0.0
MAR09781,0.0,0.0,0.0
MAR09782,0.0,0.0,0.0
MAR09783,0.0,0.0,0.0
MAR09784,0.0,0.0,0.0
MAR09785,0.0,0.0,0.0
MAR09786,0.0,0.0,0.0
MAR09787,0.0,0.0,0.0
MAR09788,0.0,0.0,0.0
MAR09789,0.0,0.0,0.0
MAR09790,0.0,0.0,0.0
MAR09791,0.0,0.0,0.0
MAR09792,0.0,0.0,0.0
MAR09793,0.0,0.0,0.0
MAR09794,0.0,0.0,0.0
MAR09795,0.0,0.0,0.0
MAR09796,0.0,0.0,0.0
MAR00652,0.0,0.0,0.0
MAR00717,0.0,0.0,0.0
MAR00731,0.0,0.0,0.0
MAR00732,-1000.0,-1000.0,-999.9999999999983
MAR00734,0.0,0.0,-3.0852572900784507e-15
MAR00917,0.0,0.0,0.0
MAR00918,3.647071732757358e-13,-1.8540152791334667e-13,1.24950691206997e-13
MAR01916,0.0,0.0,0.0
MAR04125,0.0,0.0,0.0
MAR04892,3.516323357463754e-14,1.5181662345246793e-13,-7.637622914852169e-13
MAR04902,0.0,0.0,0.0
MAR04955,0.0,0.0,0.0
MAR06577,0.0,0.0,0.0
MAR06578,0.0,0.0,0.0
MAR07201,0.0,0.0,0.0
MAR07204,0.0,0.0,0.0
MAR07331,-14.199843141304402,-12.659105735381003,-9.499364403965922
MAR07431,-1000.0,-1000.0,-1000.0
MAR07433,0.0,0.0,9.457808289459972e-29
MAR07434,-1.3420991303698146e-27,0.0,1.9748277708074936e-15
MAR07435,0.0,0.0,0.0
MAR07437,0.0,0.0,0.0
MAR07675,-2.76727869904206,-1.9815689415641018,-1.6653915699568842
MAR07693,3.3906562466745786e-15,1.2983859113927014e-12,-3.5949691569122015e-14
MAR07694,0.0,0.0,0.0
MAR07695,0.0,0.0,0.0
MAR07733,9.640705481094199e-17,0.0,0.0
MAR07740,0.0,0.0,0.0
MAR07743,-17.2889476704967,-24.4082774563294,-36.0962054634654
MAR07759,0.0,0.0,0.0
MAR07761,0.0,0.0,0.0
MAR07793,-1000.0,-1000.0,-909.6762971189813
MAR08084,0.0,0.0,0.0
MAR08086,0.0,0.0,0.0
MAR08145,-1.8448524660280468,-2.18721573319838,-6.016220767162878
MAR08146,-10.4844023235378,-8.61667805999385,-11.6558996825815
MAR08153,-0.6149508220093421,-0.7290719110661262,-1.1102610466379235
MAR08157,-0.9224262330140184,-0.63890077448639,-2.18543451356798
MAR08160,-0.9224262330140198,-0.6389007744863902,-2.185434513567981
MAR08163,-0.9224262330140198,-0.6389007744863902,-2.185434513567981
MAR08193,0.0,0.0,0.0
MAR08195,-1.8448524660280388,-2.1872157331983684,-6.016220767162822
MAR08199,-1.8448524660280379,-2.187215733198379,-6.016220767162887
MAR08205,-1.844852466028072,-2.1872157331983733,-6.016220767162543
MAR08207,-1.691981148922479,-1.05029459604517,-0.8902020004015719
MAR08213,-1.6919811489224799,-1.0502945960451697,-0.8902020004015722
MAR08215,-1.844852466028039,-2.1872157331983773,-6.016220767162879
MAR08222,-0.9224262330140196,-1.0936078665991886,-3.0081103835814393
MAR08230,-1000.0,-1000.0,-1000.0
MAR08232,-2.0534544292410994,-1.27780154897278,-4.370869027135909
MAR08241,-5.718421232102093,-4.594297800833699,-4.626638821892059
MAR08243,-3.16880307302934,-2.41519407806042,-2.86339587213921
MAR08252,-0.46121311650700986,-0.546803933299595,-1.5040551917907254
MAR08259,-1000.0000000000001,-1000.0000000000001,-1000.0000000000001
MAR08265,-1.8448524660280399,-1.3426681670777225,-1.1102610466379197
MAR08269,-0.9224262330140207,-1.093607866599188,-1.1102610466379195
MAR08272,-1.8448524660280403,-1.342668167077719,-1.1102610466379235
MAR08282,-0.9224262330140206,-1.0936078665991915,-1.1102610466379261
MAR08289,-0.9224262330140183,-1.093607866599186,-1.1102610466379268
MAR08296,-0.614950822009347,-0.6713340835388598,-0.5551305233189631
MAR08299,-999.9999999999998,-999.9999999999999,-999.9999999999999
MAR08303,-0.2682114451704721,-0.163270206605444,-0.21713392520907496
MAR08310,-0.6149508220092623,-0.44755605569239465,-0.3700870155459753
MAR08312,-0.9224262330140194,-0.67133408353886,-0.555130523318962
MAR08314,-0.9224262330140199,-0.67133408353886,-0.5551305233187931
MAR08320,-1.8448524660280394,-1.2778015489728138,-1.1102610466379221
MAR08323,-1.8448524660280392,-1.342668167077721,-1.1102610466379248
MAR08328,-1.026727214620437,-0.6389007744863902,-1.110261046637928
MAR08335,-0.9224262330140193,-0.6713340835388604,-0.5551305233189641
MAR08338,-0.9224262330140203,-0.6713340835388558,-0.5551305233189632
MAR08496,-1.4758819728226813,-1.0741345336621726,-0.8882088373103407
MAR08524,-25.8630094418195,-18.5529236281568,-14.9920826408934
MAR08527,0.0,0.0,0.0
MAR08661,0.0,0.0,0.0
MAR08673,0.0,0.0,0.0
MAR08793,0.0,0.0,0.0
MAR08834,-2.1560391147445458e-12,0.0,-3.848169111380909e-15
MAR08856,0.0,0.0,0.0
MAR08857,0.0,0.0,0.0
MAR08874,-1.8448524660280445,-1.2778015489727808,-1.1102610466379204
MAR08880,-1.0267272146205604,-0.6389007744863902,-2.185434513568037
MAR08882,-1.02672721462055,-0.6389007744863902,-2.18543451356798
MAR08895,-0.6844848097470544,-0.4259338496575695,-1.4569563423785885
MAR08897,-0.6844848097470334,-0.4259338496575934,-1.456956342378654
MAR08900,-1.0267272146210085,-0.6389007744860603,-2.1854345135679805
MAR08902,-1.0267272146205497,-0.6389007744863899,-2.1854345135679822
MAR08904,-1.0267272146210031,-0.6389007744861351,-2.1854345135681665
MAR08920,0.0,0.0,0.0
MAR09199,0.0,0.0,0.0
MAR09664,0.0,0.0,0.0
MAR09665,0.0,0.0,0.0
MAR09666,0.0,0.0,0.0
MAR09667,0.0,0.0,0.0
MAR09668,0.0,0.0,0.0
MAR09669,-1000.0,-1000.0,-1000.0
MAR09670,-999.9999999999999,-1000.0,-1000.0
MAR09671,-1000.0,-1000.0,-1000.0
MAR07182,0.0,0.0,0.0
MAR07330,0.0,0.0,0.0
MAR07432,-1000.0,-1000.0,-1000.0
MAR04313,0.0,0.0,0.0
MAR07307,0.0,0.0,0.0
MAR01809,0.0,0.0,0.0
MAR00020,-21.330755786723657,-13.820877031327454,-63.770215679192845
MAR00461,-1.6407703430893341,-1.1808589830871905,-2.178528534367762
MAR00462,-0.3364004656790641,-0.2624012064521223,-1.846626505503694
MAR00464,-74.66020425486549,-53.389076877286016,-233.7647496733581
MAR00466,-0.05513498225770308,-0.04300673553745939,-0.30265629808813643
MAR00467,-0.02358552018802803,-0.018397325757690965,-0.12946963862659194
MAR00664,0.0,0.0,0.0
MAR00730,-12.164946823268608,-9.74089761648914,-14.054602100474137
MAR00768,0.0,0.0,0.0
MAR00771,-1000.0,-1000.0,-1000.0
MAR00966,0.0,0.0,0.0
MAR01035,-6.633594083169305e-14,0.0,0.0
MAR01143,-24.4956374563998,-13.8527909967982,-40.398783275524494
MAR01189,-24.495637456399802,-13.852790996798202,-40.39878327552451
MAR01240,4.200490727618149e-11,0.0,0.0
MAR01252,-4.902032650057541,-3.938195003825491,-11.176787882970904
MAR01269,0.0,0.0,0.0
MAR01306,-818.4381201436724,-752.3749821703049,-768.1190021890296
MAR01309,-1000.0,-1000.0,-1000.0
MAR01311,-1000.0,-1000.0,-1000.0
MAR01316,-1000.0000000000002,-1000.0000000000002,-1000.0000000000002
MAR01331,-1000.0000000000003,-1000.0000000000006,-1000.0000000000001
MAR01392,0.0,0.0,0.0
MAR01530,-1000.0,-1000.0,-1000.0
MAR01672,-116.47810466611263,-108.18469933560388,-179.57662850994967
MAR01937,-30.220414657701937,-21.780929527739,-19.701408238457596
MAR01998,-1000.0,-1000.0,-1000.0
MAR02039,-35.055140145205606,-26.023233850210936,-26.30502948234969
MAR02066,0.0,0.0,0.0
MAR02081,0.0,0.0,0.0
MAR02092,0.0,0.0,0.0
MAR02103,0.0,0.0,0.0
MAR02554,0.0,0.0,0.0
MAR02569,-4.801434080341369,-3.9899445324180096,-4.035939343606469
MAR02777,-4.80143408034137,-3.98994453241801,-6.03468632260872
MAR03953,-14.379532092052422,-6.263994408071108,-7.955314183633721
MAR04123,-47.88241602096109,-37.70343822718271,-82.39368999551672
MAR04126,0.0,0.0,0.0
MAR04765,-1000.0,-1000.0,-1000.0
MAR04846,-178.38470507427283,-124.67204014176464,-675.6530419753419
MAR04856,-11.385237914284135,-9.543534847191985,-7.590657042901148
MAR04860,0.0,0.0,0.0
MAR04876,-4.961474618637481,-5.075911196035928,-6.31940216707908
MAR04877,-30.035517584551894,-21.0867481184078,-53.036088471603186
MAR04878,-999.9999999999998,-999.9999999999998,-999.9999999999998
MAR04879,-1000.0,-1000.0,-1000.0
MAR04880,-5.67834341697161,-4.91995152965761,-25.8869534307744
MAR04881,0.0,0.0,0.0
MAR04883,-1000.0,-1000.0,-1000.0
MAR04894,-636.876240287344,-504.7499643406089,-536.2380043780585
MAR04906,0.0,7.23112255163138e-15,-1.967633156323623e-15
MAR04913,-157.20769770229117,-97.04719969021701,-379.21541218422647
MAR04917,-45.32812904113884,-30.896752643372515,-59.11116457121129
MAR04941,-3.0493253302818677,-2.9416387956877807,-2.420054435065189
MAR04942,-4.83472548750368,-4.24230432247193,-6.60362124389202
MAR04960,-117.63003761886561,-86.17716669908691,-231.24697036369784
MAR05004,-1000.0,-1000.0,-1000.0
MAR05012,0.0,0.0,0.0
MAR05027,-14.25286811024504,-11.050653872882535,-35.752810364717114
MAR05203,0.0,0.0,0.0
MAR05205,0.0,0.0,0.0
MAR05207,0.0,0.0,0.0
MAR05209,0.0,0.0,0.0
MAR05210,0.0,0.0,0.0
MAR05211,0.0,0.0,0.0
MAR05245,0.0,0.0,0.0
MAR05342,-1000.0,-1000.0,-1000.0
MAR05347,-1000.0,-1000.0,-1000.0
MAR05354,-12.164946823269064,-9.740897616489143,-14.05460210047445
MAR06385,0.0,0.0,0.0
MAR06386,0.0,0.0,0.0
MAR06387,-1000.0,-999.9999999999995,-1000.0000000000002
MAR06388,-1000.0,-1000.0,-1000.0
MAR06425,0.0,0.0,0.0
MAR06430,0.0,0.0,0.0
MAR06440,0.0,0.0,0.0
MAR06445,0.0,0.0,0.0
MAR06463,0.0,0.0,0.0
MAR06468,-0.0008468300109577392,-0.0007136024365064092,-0.0019193768740303548
MAR06475,0.0,0.0,0.0
MAR06480,0.0,0.0,0.0
MAR06629,0.0003799689440471251,0.00032019031064114755,0.0008612160582605787
MAR06797,0.0,-4.600073080781791e-16,0.0
MAR06990,-1.6820827197075012,-1.0864614605201965,-6.1649894584841025
MAR07257,0.0,0.0,0.0
MAR07272,0.0,0.0,0.0
MAR07273,0.0,0.0,0.0
MAR07649,-8.46785923132942,-0.12391465074774402,-4.357027274109029
MAR07766,-1000.0,-1000.0,-1000.0
MAR07768,-358.8402235860297,-330.7686357641097,-374.89214887184676
MAR07772,0.0,5.1684131777564395e-15,4.555245851500768e-15
MAR07776,0.0,0.0,0.0
MAR07778,-1.088279248834863e-13,0.0,-4.0276824260818194e-14
MAR07780,0.0,-1.0463110331218158e-13,0.0
MAR07784,-2.1843185106476355e-13,5.4607962766190887e-14,5.460796276619089e-13
MAR07789,0.0,0.0,0.0
MAR07791,-2.7373755990175948e-15,1.681595502852398e-15,0.0
MAR07929,-182.4889588417752,-165.11051178599126,-192.97313689529759
MAR07933,-182.4889588417737,-165.11051178598944,-192.97313689527476
MAR07944,0.0,0.0,0.0
MAR07947,0.0,0.0,0.0
MAR07949,0.0,0.0,0.0
MAR07953,-1000.0,-1000.0,-1000.0
MAR07956,-16.71408673838718,-15.756748611449769,-28.475282879948068
MAR07960,-1000.0,-1000.0,-1000.0
MAR07963,-65.07659998674595,-56.614510674453314,-9.794513284816707
MAR07966,-16.6874391686697,-0.12391465074774402,-11.0634244534145
MAR07969,-20.386540329800678,-15.181493305306352,-62.85853169283021
MAR07981,-16.6874391686697,-21.2688094222511,-23.0669918995747
MAR07983,-1000.0,-1000.0,-1000.0
MAR07985,-16.687439168669698,-21.2688094222511,-23.066991899574703
MAR07988,-5.17598786890223,-3.8646469452264403,-18.584278208355002
MAR07989,-16.687439168669698,-21.2688094222511,-23.066991899574695
MAR08030,0.0,0.0,0.0
MAR08058,0.0,0.0,0.0
MAR08060,-6.7941756641660795,-6.25721702992794,-9.39439402033369
MAR08234,0.0,0.0,0.0
MAR08236,-4.200774487352559,-3.002375729609474,-6.398761050561467
MAR08239,0.0,0.0,0.0
MAR08347,0.0,0.0,0.0
MAR08350,-59.01138802887687,-50.49494700189285,-92.1324118735694
MAR08351,0.0,0.0,0.0
MAR08358,-1000.0,-1000.0,-1000.0
MAR08369,0.0,0.0,0.0
MAR08382,0.0,0.0,0.0
MAR08526,-8.669916555299567,-6.199743674018398,-14.992082640893397
MAR08553,-16.6933702563427,-18.2236088772404,-10.9492335707638
MAR08594,-5.17598786890222,-3.864646945226401,-18.58427820835499
MAR08651,0.0,0.0,0.0
MAR08681,0.0,0.0,0.0
MAR08715,0.0,0.0,0.0
MAR08716,0.0,0.0,0.0
MAR08719,0.0,0.0,0.0
MAR08722,0.0,0.0,0.0
MAR08737,-4.20077448735256,-3.00237572960948,-6.398761050561468
MAR08851,-16.6874391686697,-0.12391465074774402,-11.0634244534145
MAR08855,-1000.0,-1000.0,-1000.0
MAR08859,-1000.0,-1000.0,-1000.0
MAR08886,0.0,0.0,0.0
MAR08888,-1000.0,-1000.0,-812.9616534306119
MAR08906,-999.9999999999999,-999.9999999999999,-999.9999999999999
MAR08914,0.0,0.0,0.0
MAR08915,-1000.0,-1000.0,-1000.0
MAR08919,0.0,0.0,0.0
MAR08921,0.0,0.0,0.0
MAR09177,0.0,0.0,0.0
MAR09200,0.0,0.0,0.0
MAR09625,-1.6937800253827331e-15,1.8587747104725058e-16,-4.261122136610443e-15
MAR09626,0.0,0.0,0.0
MAR09627,0.0,0.0,0.0
MAR09628,3.36158622684548e-19,0.0,0.0
MAR09629,0.0,0.0,-7.863650271273673e-16
MAR09630,0.0,0.0,0.0
MAR09631,0.0,0.0,0.0
MAR09632,0.0,0.0,0.0
MAR09633,0.0,0.0,0.0
MAR09634,0.0,0.0,0.0
MAR09716,-5.968018981285886,-0.24782930149548804,-16.103325668816886
MAR09724,1.5186004294211562e-16,6.074401717684625e-16,-1.5186004294211562e-16
MAR09732,-1.5184064001544983,-1.1467334784348155,-2.17860612118368
MAR07108,-13.599207500231302,-0.49565860299097597,-18.6707647139342
MAR07110,-53.92118761084586,-46.42763795124269,-38.2878560243997
MAR07112,-50.52138573578808,-46.303723300494944,-33.62016484591616
MAR07114,-10.199405625173476,-0.3717439522432321,-14.003073535450651
MAR07116,-13.599207500231305,-0.4956586029909762,-18.670764713934204
MAR07118,-10.199405625173478,-0.3717439522432321,-14.003073535450648
MAR07120,-21.2398526102007,-1.286718634746564,-31.08864180014338
MAR07122,-20.398811250346952,-0.743487904486464,-28.006147070901296
MAR07124,-6.7996037501156525,-0.24782930149548804,-9.3353823569671
MAR07126,-3.399801875057825,-0.12391465074774402,-4.667691178483549
MAR09023,-1000.0,-1000.0,-1000.0
MAR09024,-0.0258923138666287,-0.0258923138666287,-0.0258923138666287
MAR09032,-999.9999999999999,-999.9999999999999,-999.9999999999999
MAR09808,-145.585433128443,-93.30117137901848,-215.161319616094
MAR09809,-12.579028028032837,-7.898952683880198,-68.33658210070482
MAR09810,-1.4502281772332395,-0.8176959242544051,-11.842736012805394
MAR09811,-37.30712921815886,-26.67661896550239,-116.75626804580892
MAR09812,-1.45022817723324,-0.8176959242544051,-19.668360879026192
MAR09813,-37.3071292181587,-26.676618965502396,-116.75626804580848
MAR09814,-37.307129218158686,-26.67661896550243,-116.75626804580902
MAR09815,-3.8886882289301603,-3.6254570315254346,-30.84514876197915
MAR09816,-1.4502281772332402,-0.8176959242544007,-19.6683608790262
MAR09033,-1000.0,-1000.0,-1000.0
MAR09034,-85.48993616647829,-79.2117706993772,-210.56898567646218
MAR09035,-195.8682146649089,-185.9426124273787,-279.25972456901644
MAR09036,-34.49213499607246,-23.12856167482423,-82.25566819357482
MAR09037,-13.749086576237376,-8.786042037839936,-27.748570340134307
MAR09038,-1000.0,-1000.0,-1000.0
MAR09039,-1000.0,-1000.0,-1000.0
MAR09040,-1000.0,-1000.0,-1000.0
MAR09041,-98.10112643025538,-55.659212906148255,-191.72958938806582
MAR09042,-1000.0,-1000.0,-1000.0
MAR09043,-1000.0,-1000.0,-1000.0
MAR09044,-1000.0,-1000.0,-1000.0
MAR09045,-1000.0,-1000.0,-1000.0
MAR09046,-1000.0,-1000.0,-1000.0
MAR09047,-1000.0,-1000.0,-1000.0
MAR09048,-1000.0,-1000.0,-1000.0
MAR09049,-0.1925854597977853,-0.19258545979778527,-0.19258545979778527
MAR09050,-6.399955075913241,-6.347276158081543,-6.513616280763469
MAR09051,-0.6816707109324356,-0.67446017705312,-0.6941134942813985
MAR09052,-0.00020043604319460172,-0.00015634538271100433,-0.0011002675316583868
MAR09053,-0.00014437788226569386,-0.0001126185435416834,-0.0007925435645938601
MAR09054,-0.0018378327419234363,-0.0014335578512486467,-0.010088543269604549
MAR09055,-0.0002144138198910675,-0.00016724841597900872,-0.0011769967147871973
MAR09056,0.0,0.0,0.0
MAR09058,-309.9072159184012,-254.06115996581067,-293.7916595076755
MAR09061,-1000.0,-1000.0,-1000.0
MAR09062,-1000.0,-1000.0,-1000.0
MAR09063,-1000.0,-1000.0,-1000.0
MAR09064,-1000.0,-1000.0,-1000.0
MAR09065,-1000.0,-1000.0,-1000.0
MAR09066,-1000.0,-1000.0,-1000.0
MAR09067,-1000.0,-1000.0,-1000.0
MAR09068,-296.36210439132003,-125.35300075498715,-399.47110606181997
MAR09069,-1000.0,-1000.0,-1000.0
MAR09070,-521.3629458611704,-361.7253363834362,-614.9177226691847
MAR09071,-1000.0,-1000.0,-1000.0
MAR09072,-1000.0,-1000.0,-1000.0
MAR09073,-1000.0,-1000.0,-1000.0
MAR09074,-78.82833969257823,-56.63463892779002,-54.3321137887488
MAR09075,-1000.0,-1000.0,-1000.0
MAR09076,-327.82182179291834,-231.1224042118259,-407.4619457264349
MAR09077,-2.280301776266292e-13,0.0,3.812379532195207e-13
MAR09078,-168.11962361866577,-125.39924967050858,-185.77081951358062
MAR09079,-1000.0,-1000.0,-1000.0
MAR09080,0.0,0.0,0.0
MAR09081,0.0,0.0,0.0
MAR09082,0.0,0.0,0.0
MAR09083,-1000.0,-1000.0,-1000.0
MAR09084,-1000.0000000000001,-1000.0000000000001,-1000.0000000000001
MAR09085,-1.127258616491172,-0.9607741200002238,-0.433291762910738
MAR09086,-1000.0,-1000.0,-1000.0
MAR09087,-1000.0,-1000.0,-1000.0
MAR09088,-1000.0,-1000.0,-1000.0
MAR09089,0.0,0.0,0.0
MAR09090,0.0,0.0,0.0
MAR09091,-1000.0,-1000.0,-1000.0
MAR09092,-1000.0,-1000.0,-1000.0
MAR09093,-1000.0,-1000.0,-1000.0
MAR09094,0.0,0.0,0.0
MAR09095,-3.66365532174393,-3.5343914939099905,-0.6126180482370741
MAR09096,-1000.0,-1000.0,-1000.0
MAR09097,-1000.0,-1000.0,-1000.0
MAR09098,-37.91349549901903,-33.6987092589562,-102.3080917614866
MAR09099,-1000.0,-1000.0,-1000.0
MAR09100,-9.66945097500736,-8.48460864494386,-13.20724248778404
MAR09101,-1000.0,-1000.0,-1000.0
MAR09102,-1000.0,-1000.0,-1000.0
MAR09103,-999.9999999999999,-999.9999999999999,-999.9999999999999
MAR09104,0.0,0.0,0.0
MAR09105,-1000.0,-1000.0,-802.0124198598489
MAR09106,0.0,0.0,0.0
MAR09107,-0.37058726977616696,-0.608659517445104,-1.3934357997072997
MAR09108,-1000.0,-1000.0,-1000.0000000000001
MAR09109,-0.000846830010957739,-0.0007136024365068648,-0.0019193768740303555
MAR09110,-3.1433175535620004,-2.69807510565785,-4.129121433248441
MAR09111,-0.8194006068262868,-0.42708805474181866,-0.9812576630678497
MAR09113,-16.92196529470202,-11.664190345590269,-29.273626351652645
MAR09114,0.0,0.0,-1.9003268127321986e-14
MAR09115,-5.0501882589296905,-5.795232172357315,-6.931088418254328
MAR09116,-5.050188258929692,-5.795232172357319,-6.931088418254328
MAR09117,-0.642092763976923,-0.4651838311303308,-2.773464260466811
MAR09118,-0.642092763976924,-0.4651838311303302,-2.25922118564077
MAR09119,-4.862357272724988,-4.031054858421439,-4.6065636413401165
MAR09120,-4.088742090387983,-3.4601622240103036,-4.606563641340121
MAR09121,-3.504636077475404,-2.9658533348659755,-4.606563641340108
MAR09122,-4.8623572727249895,-4.031054858421437,-4.606563641340154
MAR09123,-4.2574754994184,-1.8786715649182297,-17.378060412903
MAR09124,-0.893452499853488,-0.6605229805213719,-0.5551305233189584
MAR09125,-16.614489883697345,-11.45122342076147,-29.08858284388207
MAR09126,-0.8898307832083772,-0.6518740981073775,-0.5551305233189595
MAR09127,0.0,0.0,0.0
MAR09128,0.0,0.0,0.0
MAR09129,0.0,0.0,0.0
MAR09130,-0.0020627152293317894,-0.0016089721030891947,-0.01132300637010468
MAR09131,-1000.0,-1000.0,-1000.0
MAR09132,-398.4403573625542,-287.2161069027002,-558.4395824002797
MAR09133,-1000.0,-1000.0,-1000.0
MAR09134,-8.62655421062889,-7.081256759625669,-20.907657569329636
MAR09135,-436.37878793446276,-322.1105188145768,-1000.0
MAR09136,-44.1293499463807,-45.2364084458332,-50.76723476366179
MAR09137,-20.41618883643591,-17.186304029899823,-31.904916977021948
MAR09138,-1000.0,-1000.0,-1000.0
MAR09139,-6.43581965017182,-5.154483970916945,-145.1935764178164
MAR09140,-104.40365769276542,-92.71375761025313,-1000.0
MAR09141,-4.65719622010758,-3.7965951469064,-9.693956547783648
MAR09142,-3.1836146129324785,-4.521020868786649,-2.4153196259958984
MAR09143,-3.9437550706978333,-3.944926296573306,-11.12506874275008
MAR09144,-5.33436690699522,-4.404241074224555,-6.444230985717641
MAR09145,-8.659668113962738,-8.15918111344966,-14.039030296387383
MAR09146,-20.37137450215344,-7.5255491648199815,-61.33820097291588
MAR09147,-999.9999999999999,-999.9999999999999,-999.9999999999936
MAR09148,-1000.0,-1000.0,-1000.0
MAR09149,-1000.0,-1000.0,-1000.0
MAR09150,-1000.0000000000006,-1000.0000000000006,-1000.0
MAR09151,-0.0008468300109577393,-0.0007136024365064314,-0.0019193768740303557
MAR09152,-0.0008468300109577394,-0.0007136024365064304,-0.0019193768740303574
MAR09153,-0.0008468300108830476,-0.000713602436733081,-0.001919376874151507
MAR09154,-0.0008468300109577392,-0.0007136024365064302,-0.0019193768740303565
MAR09155,-7.705514709562519,-10.295594729278893,-11.983399330178875
MAR09156,-2.02394236842732,-2.301767389394544,-0.7998172387369828
MAR09157,0.0,0.0,0.0
MAR09158,-763.3414870175667,-714.1252737384777,-798.4372588980755
MAR09159,-0.4666299566960999,-0.3139825666283308,-1.1258198777992912
MAR09160,-11.818446850508131,-8.563248608260357,-16.631085128607204
MAR09161,-1000.0,-1000.0,-1000.0
MAR09162,0.0,0.0,0.0
MAR09163,-1000.0,-1000.0,-1000.0
MAR09164,0.0,5.1875183896633634e-17,0.0
MAR09165,-2.15522790198223e-15,-8.53572579394033e-14,-3.405335385578555e-14
MAR09166,-1000.0,-1000.0,-1000.0
MAR09167,-0.0008468300109577416,-0.0007136024365064303,-0.0019193768740303572
MAR09168,-10.512879054448211,-9.03280347870172,-29.006250082256003
MAR09169,-2.3615155498441363,-0.8243153273125615,-4.323691075066165
MAR09171,-1000.0,-1000.0,-1000.0
MAR09172,-71.414623196925,-53.534855771743736,-44.66458542787122
MAR09201,-44.04314221537416,-42.505020292512036,-43.84360387266431
MAR09202,0.0,0.0,0.0
MAR09203,-1000.0,-1000.0,-1000.0
MAR09204,-1.5184064001545008,-1.1467334784348167,-2.1786061211835195
MAR09205,0.0,0.0,0.0
MAR09206,-9.413451242714059,-4.12672149391121,-156.256950846399
MAR09207,-9.413451242714062,-4.1267214939112105,-156.256950846399
MAR09208,-9.41345124271406,-4.12672149391121,-156.25695084639904
MAR09209,0.0,0.0,0.0
MAR09210,0.0,0.0,0.0
MAR09211,0.0,0.0,0.0
MAR09212,0.0,0.0,0.0
MAR09213,0.0,0.0,0.0
MAR09214,-1000.0,-1000.0,-1000.0
MAR09215,-1000.0,-1000.0,-1000.0
MAR09216,-6.476802516433777,-4.024350277605946,-11.463344904820547
MAR09217,0.0,0.0,0.0
MAR09218,-20.955001409500024,-10.555254897765781,-11.841854529704563
MAR09219,-17.673205202126773,-6.141319440242206,-22.89900023003047
MAR09220,0.0,0.0,0.0
MAR09221,0.0,0.0,0.0
MAR09222,0.0,0.0,0.0
MAR09223,0.0,0.0,0.0
MAR09224,0.0,0.0,0.0
MAR09225,0.0,0.0,0.0
MAR09226,0.0,0.0,0.0
MAR09227,-3.532856126040414e-13,-4.710474834720552e-13,2.355237417360276e-13
MAR09228,0.0,0.0,0.0
MAR09229,-1000.0,-1000.0,-1000.0
MAR09230,3.918885506545276e-15,-2.9562910520543302e-15,-1.2179152202023724e-13
MAR09231,-30.22041465770123,-21.780929527737673,-19.7014082384576
MAR09232,-9.413451242714059,-4.12672149391121,-156.256950846399
MAR09233,0.0,0.0,0.0
MAR09234,-44.773378795960525,-39.01346876865005,-127.71536766592412
MAR09235,-9.41345124271406,-4.126721493911209,-156.256950846399
MAR09236,-9.413451242714062,-4.1267214939112105,-156.256950846399
MAR09237,0.0,0.0,0.0
MAR09238,-9.413451242714062,-4.1267214939112105,-156.256950846399
MAR09239,-9.41345124271406,-4.12672149391121,-156.25695084639904
MAR09240,-9.41345124271406,-4.12672149391121,-156.25695084639904
MAR09241,0.0,0.0,0.0
MAR09242,-999.9999999999999,-1000.0000000000009,-999.9999999999999
MAR09243,-44.12934994638184,-45.23640844583332,-50.76723476366135
MAR09244,5.04078632557022e-15,0.0,0.0
MAR09245,0.0,0.0,0.0
MAR09246,4.625883679423553e-12,0.0,0.0
MAR09247,-1000.0,-1000.0,-1000.0
MAR09248,0.0,0.0,0.0
MAR09249,0.0,0.0,0.0
MAR09250,0.0,0.0,0.0
MAR09251,0.0,0.0,0.0
MAR09252,0.0,0.0,0.0
MAR09253,-16.05945363413567,-11.165536405670919,-13.75937349132
MAR09254,-727.5193493014236,-584.1374417243793,-829.3738144645902
MAR09255,-1.3611879410280423,-1.5739921192493262,-0.7641080137037773
MAR09256,0.0,0.0,0.0
MAR09257,0.0,0.0,0.0
MAR09258,-46.424929062990664,-37.16234264161942,-38.677479610848366
MAR09259,-1000.0,-1000.0,-1000.0
MAR09260,-1000.0,-1000.0,-1000.0
MAR09261,0.0,0.0,0.0
MAR09262,-22.24814434289624,-15.246185707196277,-41.5845740012868
MAR09263,-53.551715725254226,-27.37443866990395,-37.18245014248141
MAR09264,-1.9380764297322827e-15,0.0,0.0
MAR09265,-999.9999999999999,-999.9999999999999,-999.9999999999999
MAR09266,0.0,0.0,0.0
MAR09267,-1000.0,-1000.0,-1000.0
MAR09268,-1000.0000000000001,-1000.0000000000008,-999.999999999999
MAR09269,-0.0008468300109577392,-0.0007136024365064305,-0.0019193768740303609
MAR09270,-13.267332764613501,-12.0308270511618,-12.743354547008503
MAR09271,-1000.0000000000001,-1000.0000000000001,-1000.0000000000001
MAR09272,-1000.0,-1000.0,-1000.0
MAR09273,-737.2297332627201,-705.6403713932168,-913.5943199787952
MAR09275,0.0,0.0,0.0
MAR09276,-1.2718718645631202,-0.6987943073685241,-3.6001544495143105
MAR09277,0.0,0.0,0.0
MAR09278,0.0,0.0,0.0
MAR09279,-16.10636666972838,-11.798089834506543,-24.515504878361327
MAR09280,-1000.0,-1000.0,-1000.0
MAR09281,-1000.0,-1000.0,-1000.0
MAR09282,-1000.0,-1000.0,-1000.0
MAR09283,-999.9999999999997,-1000.0000000000001,-999.9999999999905
MAR09284,-1000.0,-1000.0,-1000.0
MAR09285,-1000.0,-1000.0,-1000.0
MAR09286,-128.37165293712974,-94.60781162611292,-221.26492542944695
MAR09287,-13.953401752724,-9.98064984824086,-31.47065368594159
MAR09288,0.0,0.0,0.0
MAR09289,-1000.0,-1000.0,-1000.0
MAR09290,-85.54638801134858,-53.47086369202801,-176.86351417502723
MAR09291,-7.764711043963441,-5.9000005467155106,-3.6454531759748194
MAR09292,-1000.0,-805.1937692369105,-1000.0
MAR09293,-1000.0,-1000.0,-1000.0
MAR09294,-1000.0000000000001,-1000.0000000000001,-1000.0
MAR09295,-1000.0,-1000.0,-1000.0
MAR09296,-43.561673935606144,-30.978717172865196,-101.1963926904567
MAR09297,-6.892162059447789,-6.368836400789381,-19.389247276443733
MAR09298,0.0,0.0,0.0
MAR09299,-1000.0,-1000.0,-1000.0
MAR09300,-9.548639505174208,-7.90180119992987,-29.11111046352282
MAR09301,-65.07627998256912,-51.427627807621974,-71.99529229648402
MAR09302,-60.44082931540359,-43.56185905547799,-39.4028164769152
MAR09303,0.0,0.0,0.0
MAR09304,0.0,0.0,0.0
MAR09305,-3.9245461438693705,-4.765983049049578,-17.760168919595028
MAR09306,0.0,0.0,0.0
MAR09307,-2.8859801764709263,-2.5628548237398516,-7.007772104704714
MAR09308,0.0,0.0,0.0
MAR09309,-4.239889381267891,-3.14524018448131,-4.1614795468304004
MAR09310,-13.733889203108681,-10.333850274879742,-23.744438069651682
MAR09311,-6.799603750115651,-0.2478293014954881,-9.335382356967102
MAR09312,-6.79417566416608,-6.257217029927942,-9.394394020333692
MAR09313,0.0,0.0,0.0
MAR09314,-1000.0,-1000.0,-1000.0
MAR09315,0.0,0.0,0.0
MAR09316,0.0,0.0,0.0
MAR09317,-60.440829315403604,-43.561859055478,-57.711535575810494
MAR09318,-441.29349946380694,-452.36408445833194,-507.672347636618
MAR09319,0.0,0.0,0.0
MAR09320,0.0,0.0,0.0
MAR09321,0.0,0.0,0.0
MAR09322,0.0,0.0,0.0
MAR09323,0.0,0.0,0.0
MAR09324,0.0,0.0,0.0
MAR09325,0.0,-1.9002591205252395e-16,0.0
MAR09326,0.0,0.0,0.0
MAR09327,0.0,0.0,0.0
MAR09328,0.0,0.0,0.0
MAR09329,0.0,0.0,0.0
MAR09330,0.0,0.0,0.0
MAR09331,0.0,0.0,0.0
MAR09332,0.0,0.0,0.0
MAR09333,-1000.0,-1000.0,-1000.0
MAR09334,0.0,0.0,0.0
MAR09335,0.0,3.0852503983158716e-17,0.0
MAR09336,-90.14158246530054,-55.34964673044242,-197.80384136450257
MAR09337,0.0,0.0,0.0
MAR09338,-1.894096268874882,-0.8661079629344826,-18.7888495806077
MAR09339,-1000.0,-1000.0,-1000.0
MAR09340,-65.0565546677214,-54.043979477449,-46.40719109465969
MAR09341,-1000.000000000001,-1000.0000000000001,-1000.0000000000001
MAR09342,0.0,0.0,0.0
MAR09343,-13.953401752724,-9.980649848240805,-31.470653685941596
MAR09344,0.0,0.0,0.0
MAR09345,0.0,0.0,0.0
MAR09346,-18.887364291875688,-15.315302555103997,-39.80561473973184
MAR09347,-2.694576706681543e-14,8.340675922254022e-15,1.1345586133395972e-14
MAR09348,-1000.0,-1000.0,-1000.0
MAR09349,-34.041296882723394,-24.450880598258095,-116.71190376490424
MAR09350,0.0,0.0,0.0
MAR09351,-1000.0,-1000.0,-1000.0
MAR09352,-989.4915390461509,-604.721824763167,-704.739551437098
MAR09353,-7.764711043963441,-5.9000005467155106,-3.6454531759747995
MAR09354,-1000.0,-1000.0,-1000.0
MAR09355,-4.205206799268979,-2.7161536513079256,-15.412473646209659
MAR09356,0.0,0.0,0.0
MAR09357,0.0,0.0,0.0
MAR09358,-7.7647110439634375,-5.9000005467155106,-3.6454531759748
MAR09359,-65.05655466772141,-54.043979477449,-46.40719109465971
MAR09360,-64.83117752978839,-43.60036167006106,-128.09435348399802
MAR09361,-1000.0,-1000.0,-1000.0
MAR09362,-1000.0,-1000.0,-1000.0
MAR09363,-1000.0,-1000.0,-1000.0
MAR09364,-1000.0,-1000.0,-1000.0
MAR09365,-1000.0,-1000.0,-823.2749022077578
MAR09366,-1000.0,-1000.0,-1000.0
MAR09367,-1000.0,-1000.0,-1000.0
MAR09368,-1000.0,-1000.0,-1000.0
MAR09369,-1000.0,-1000.0,-1000.0
MAR09370,-63.90774358610607,-48.30402491610849,-27.9875426706448
MAR09371,-5.577370760099699,-7.752652483427379,-0.617731295572044
MAR09372,-1000.0,-1000.0,-1000.0
MAR09373,-8.27715861724026,-5.44740460297708,-11.841854529704573
MAR09374,0.0,0.0,0.0
MAR09375,-1000.0,-1000.0,-1000.0
MAR09376,-1000.0,-1000.0,-1000.0
MAR09377,-999.9999999999998,-1000.0000000000002,-1000.0000000000002
MAR09378,-1000.0000000000001,-1000.0000000000001,-1000.0000000000002
MAR09379,-1000.0,-1000.0,-1000.0
MAR09380,0.0,0.0,0.0
MAR09381,0.0,0.0,0.0
MAR09382,0.0,0.0,0.0
MAR09383,-1000.0,-1000.0,-1000.0
MAR09384,0.0,0.0,0.0
MAR09385,0.0,0.0,0.0
MAR09386,-1000.0,-1000.0,-1000.0
MAR09387,-1000.0,-1000.0,-1000.0
MAR09388,-13.5992075002313,-0.4956586029909761,-18.670764713934204
MAR09389,-5.23676115693074,-4.7486429242989825,-17.517399405735638
MAR09390,0.0,0.0,0.0
MAR09391,0.0,0.0,0.0
MAR09392,0.0,0.0,0.0
MAR09393,-1000.0,-1000.0,-1000.0
MAR09394,0.0,0.0,0.0
MAR09395,-1000.0,-1000.0,-1000.0
MAR09396,-2.363547137150798,-2.225805163907677,-7.562205831465977
MAR09397,-1000.0,-1000.0,-1000.0
MAR09398,-55.10541153202261,-56.09907275320724,-84.47233472169147
MAR09399,-5.3343669069952195,-4.404241074224558,-6.444230985717639
MAR09400,-1000.0,-999.9999999999999,-847.3370060615999
MAR09401,-12.171733230295798,-5.27762744888289,-5.92092726485228
MAR09404,-1000.0,-1000.0,-1000.0
MAR09405,0.0,0.0,0.0
MAR09406,-16.41162261156369,-8.4228676333642,-10.08240681168268
MAR09407,0.0,0.0,0.0
MAR09408,0.0,0.0,0.0
MAR09409,-12.3965698481695,-12.818076460798602,-22.154002198961287
MAR09410,-30.949742446186754,-23.57506695081668,-31.634969978738166
MAR09411,-75.02529728774626,-68.59889269264067,-76.44664413391817
MAR09412,-1000.0,-1000.0,-1000.0
MAR09413,-0.22533608839560398,-1.87385276356652,-0.762745705800308
MAR09414,-999.999999999999,-1000.0000000000026,-999.9999999999982
MAR09415,-61.78398354865381,-46.98484680644882,-118.73767623372132
MAR09416,-26.7154432624815,-18.2147247362504,-11.229958367357
MAR09417,-3.0993315119985234,-1.9817636276220802,-9.429845598299805
MAR09418,-35.67685019918797,-33.15431239549697,-292.9740547746657
MAR09419,-1000.0,-1000.0,-1000.0
MAR09420,-1000.0,-1000.0000000000001,-1000.0
MAR09421,-9.66945097500736,-8.484608644944093,-13.207242487784017
MAR09422,-7.76471104396344,-5.900000546715509,-3.6454531759748003
MAR09423,-10.269763584701648,-9.795351243080322,-27.18212057514614
MAR09424,-1000.0000000000055,-1000.0,-1000.0
MAR09425,-1000.0,-1000.0,-1000.0
MAR09426,-47.75168187231311,-47.01877791676512,-60.428759564557986
MAR09427,-1000.0,-1000.0,-1000.0
MAR09428,0.0,0.0,0.0
MAR09429,-1000.0000000000001,-1000.0,-1000.0000000000001
MAR09430,0.0,0.0,0.0
MAR09431,2.348264542804376e-13,3.232092021852084e-13,2.313956338139746e-13
MAR09432,-5.25940547880944,-4.281624304130175,-4.242143388788719
MAR09433,-1000.0,-1000.0000000000001,-1000.0
MAR09434,0.0,0.0,0.0
MAR09435,-65.05655466772164,-54.043979477449,-46.40719109465978
MAR09436,-13.953401752724167,-8.95677015339148,-31.470653685941638
MAR09437,-7.764711043963507,-5.900000546715506,-3.6454531759748
MAR09438,-1000.0000000000144,-1000.0,-1000.0000000000001
MAR09439,-24.300144880207284,-30.951894911815252,-50.74978827582267
MAR09440,-584.1405817414516,-493.3969379448261,-993.0426383806881
MAR09441,-0.84104135985375,-0.5432307302600992,-3.08249472924208
MAR09442,0.0,0.0,0.0
MAR09443,0.0,0.0,0.0
MAR09444,0.0,0.0,0.0
MAR09445,-20.955001409499996,-17.7449947192666,-28.613667106663883
MAR09446,-41.16302147046837,-46.47521007851181,-43.48127800476659
MAR09447,-20.3556791793937,-14.635898707085898,-29.747539933439597
MAR09448,-11.154741520199401,-15.50530496685476,-1.235462591144088
MAR09449,0.0,0.0,0.0
MAR09450,-6.34432676853445,-8.72160261002966,-11.219291316475601
MAR09451,-123.15666745744993,-86.51778187591914,-240.88024619257797
MAR09452,-16.687439168669552,-21.268809422251294,-23.06699189957472
MAR09453,-16.687439168669755,-21.268809422251092,-23.06699189957567
MAR09454,-1000.0000000000005,-999.9999999999173,-1000.0
MAR09455,-999.9999999999999,-1000.0000000000001,-999.9999999999999
MAR09456,-4.657196220107581,-3.7965951469064003,-9.69395654778365
MAR09457,-4.657196220107581,-3.7965951469064003,-9.69395654778365
MAR09458,-34.99699220318887,-31.91733539252698,-79.3879958367254
MAR09460,0.0,0.0,0.0
MAR09461,0.0,0.0,0.0
MAR09462,-260.3063999470177,-170.09136132485537,-39.17805313926706
MAR09463,-1000.0000000000001,-1000.0,-1000.0
MAR09681,0.0,-8.363560243287892e-16,0.0
MAR09682,-14.1452222834221,-10.8035161351761,-36.9871163296962
MAR09683,0.0,0.0,0.0
MAR09684,-1000.0,-1000.0,-1000.0
MAR09685,-39.436831102045005,-25.1897182754517,-46.07820682843513
MAR09686,0.0,0.0,0.0
MAR09687,0.0,0.0,0.0
MAR09688,0.0,0.0,-2.2025735236190578e-14
MAR09689,0.0,0.0,0.0
MAR09690,-10.19576038069553,-10.712836181839577,-26.61588901845659
MAR09691,-9.611463795974217,-7.667872731058245,-18.68373252288556
MAR09692,0.0,0.0,0.0
MAR09693,-7.69768536360624,-6.98695209970143,-12.7491677027419
MAR09694,0.0,0.0,0.0
MAR09695,0.0,0.0,0.0
MAR09696,0.0,0.0,0.0
MAR09697,0.0,0.0,0.0
MAR09698,-1000.0,-999.9999999999998,-1000.0
MAR09699,0.0,0.0,0.0
MAR09700,0.0,0.0,0.0
MAR09701,0.0,-1.754279735998608e-14,0.0
MAR09702,-7.455639808547051,-5.327060400982271,-14.5124579546981
MAR09703,7.391958021958282e-15,-2.4773256721326932e-14,-1.171252613695389e-13
MAR09704,0.0,0.0,0.0
MAR09705,0.0,0.0,0.0
MAR09706,0.0,0.0,0.0
MAR09707,0.0,3.1801119327116276e-16,0.0
MAR09708,1.976710778008142e-16,0.0,0.0
MAR09709,4.469183654235325e-16,8.319176150029983e-16,-1.9066214194042313e-15
MAR09710,-1.2053751388723085e-16,3.200933010851379e-16,-5.657801513550811e-16
MAR09711,0.0,1.747265492216973e-16,0.0
MAR09712,0.0,0.0,0.0
MAR09713,0.0,0.0,0.0
MAR09714,0.0,0.0,0.0
MAR09715,-47.13935165275753,-38.267237806869105,-50.29030195314989
MAR09721,-1.3118233691857069e-15,6.397730006999396e-16,0.0
MAR09729,-8.308752426353472,-7.001577529200779,-18.832147010413788
MAR09730,-2.338227911523171,-2.078758379001319,-1.3190993747694808
MAR09725,-12.193099506662966,-8.764769663422081,-25.653139303411077
MAR00031,0.0,0.0,0.0
MAR00032,0.0,0.0,0.0
MAR00021,0.0,0.0,0.0
MAR00022,0.0,0.0,0.0
MAR00023,0.0,0.0,0.0
MAR00033,0.0,0.0,0.0
MAR00034,0.0,0.0,0.0
MAR00035,0.0,0.0,0.0
MAR00036,0.0,-4.6628259242727626e-15,-1.5966242556909145e-15
MAR00037,1.711953479764338e-16,1.2154151418670792e-16,-1.836208847811431e-16
MAR00038,-18.896206412087764,-9.601243970791758,-33.54103365595035
MAR00039,0.0,0.0,0.0
MAR00040,0.0,0.0,0.0
MAR00041,0.0,0.0,0.0
MAR00042,0.0,0.0,0.0
MAR00043,0.0,0.0,0.0
MAR00044,0.0,0.0,0.0
MAR00045,0.0,0.0,0.0
MAR00046,0.0,0.0,0.0
MAR00047,0.0,0.0,0.0
MAR00048,0.0,0.0,0.0
MAR00049,0.0,0.0,0.0
MAR00050,-4.83472548750368,-4.24230432247193,-6.603621243892021
MAR00051,0.0,0.0,0.0
MAR00052,0.0,0.0,0.0
MAR00053,-4.83472548750368,-4.24230432247193,-6.60362124389202
MAR00054,-36.4749882938568,-18.2637812383865,-55.2607143859457
MAR00055,0.0,0.0,0.0
MAR00056,-11.030197966543298,-6.74087428369401,-10.9592948691332
MAR00057,-4.80143408034137,-3.98994453241801,-4.035939343606465
MAR00058,0.0,0.0,0.0
MAR00059,0.0,0.0,0.0
MAR00060,-0.395673618880873,-0.438214132722394,-6.62659841239191
MAR00061,-1000.0,-869.8753163424515,-1000.0
MAR00062,0.0,0.0,0.0
MAR00063,-2.993485306963157,-2.7346778322194445,-6.912764129999456
MAR00064,-0.395673618880873,-0.438214132722394,-6.62659841239191
MAR00065,0.0,0.0,0.0
MAR00066,-0.980097574740098,-0.674469540341186,-8.3656080571515
MAR00067,0.0,0.0,0.0
MAR00068,0.0,0.0,0.0
MAR00069,0.0,0.0,0.0
MAR00070,0.0,0.0,0.0
MAR00071,0.0,0.0,0.0
MAR00072,0.0,0.0,0.0
MAR00073,0.0,0.0,0.0
MAR00074,0.0,0.0,0.0
MAR00075,-5.986970613926321,-6.056253989580648,-23.5939532602516
MAR00076,-0.395673618880873,-0.438214132722394,-6.62659841239191
MAR00077,-58.66846684301676,-38.8862478904504,-153.1837605561791
MAR00078,-239.88045017166849,-163.9127234727756,-600.2192166237688
MAR00079,-2.73139195977031,-1.48821861234295,-5.92359293731635
MAR00080,0.0,0.0,0.0
MAR00081,0.0,0.0,0.0
MAR00082,0.0,0.0,0.0
MAR00083,0.0,0.0,0.0
MAR00084,0.0,0.0,0.0
MAR00085,0.0,0.0,0.0
MAR00086,0.0,0.0,0.0
MAR00087,0.0,0.0,0.0
MAR00088,0.0,0.0,0.0
MAR00089,-532.5280873493888,-527.0218296435692,-523.2031649393007
MAR00090,-1000.0,-1000.0,-1000.0
MAR00091,0.0,0.0,0.0
MAR00092,0.0,0.0,0.0
MAR00093,0.0,0.0,0.0
MAR00094,0.0,0.0,0.0
MAR00095,0.0,0.0,0.0
MAR00096,0.0,0.0,0.0
MAR00097,0.0,0.0,3.0246755095024723e-13
MAR00098,0.0,0.0,0.0
MAR00099,-22.8666430264832,-25.108966264057205,-32.64725763510533
MAR00100,-11.433321513241602,-12.554483132028604,-16.3236288175525
MAR00101,0.0,0.0,0.0
MAR00102,-0.395673618880873,-0.438214132722394,-6.62659841239191
MAR00103,-2.9855946909557787,-1.796241779658186,-2.229151864784272
MAR00104,-1.90712772021546,-1.06436323625751,-2.67210258902034
MAR00105,-0.395673618880873,-0.438214132722394,-6.62659841239191
MAR00106,-0.395673618880873,-0.438214132722394,-6.62659841239191
MAR00107,-0.395673618880873,-0.438214132722394,-6.62659841239191
MAR00108,-16.9335110908444,-9.78993404221469,-14.9520508967086
MAR00109,-1.90712772021546,-1.06436323625751,-2.67210258902034
MAR00110,-0.395673618880873,-0.438214132722394,-6.62659841239191
MAR00111,-0.395673618880873,-0.438214132722394,-6.62659841239191
MAR00112,-14.383462451865602,-22.014824440230196,-6.626598412392155
MAR00113,0.0,0.0,0.0
MAR00114,0.0,0.0,0.0
MAR00115,0.0,0.0,0.0
MAR00116,0.0,0.0,0.0
MAR00117,0.0,0.0,0.0
MAR00118,0.0,0.0,0.0
MAR00119,0.0,0.0,0.0
MAR00120,-5.155068872633341,-3.2012712009635518,-10.152247235369309
MAR00121,0.0,0.0,0.0
MAR00122,0.0,0.0,0.0
MAR00123,-1000.0,-1000.0,-1000.0
MAR00124,-2.73139195977031,-1.48821861234295,-5.92359293731635
MAR00125,-22.269540146569,-12.8802176958499,-27.8724369105238
MAR00126,0.0,0.0,0.0
MAR00127,-1.49674265348158,-1.514063497395161,-5.8984883150629
MAR00128,-0.395673618880873,-0.438214132722394,-6.626598412391915
MAR00129,0.0,0.0,0.0
MAR00130,0.0,0.0,0.0
MAR00131,0.0,0.0,0.0
MAR00132,0.0,0.0,0.0
MAR00133,0.0,0.0,0.0
MAR00134,0.0,0.0,0.0
MAR00135,2.2775184801690117e-14,0.0,-9.204769074525398e-14
MAR00136,-26.7489679588342,-20.5726912212072,-25.23620892817668
MAR00137,0.0,0.0,0.0
MAR00138,-0.39567361888087305,-0.438214132722394,-6.6265984123919095
MAR00139,0.0,0.0,0.0
MAR00140,0.0,0.0,0.0
MAR00141,-7.0401178024332,-6.24888779280505,-9.44548224957255
MAR00142,-18.8449313728162,-19.910283534108213,-21.652948523027604
MAR00143,-0.395673618880873,-0.438214132722394,-6.62659841239191
MAR00144,0.0,0.0,0.0
MAR00145,0.0,0.0,0.0
MAR00146,0.0,0.0,0.0
MAR00147,0.0,0.0,0.0
MAR00148,0.0,0.0,0.0
MAR00149,0.0,0.0,0.0
MAR00150,0.0,0.0,0.0
MAR00151,0.0,0.0,0.0
MAR00152,0.0,0.0,0.0
MAR00181,0.0,0.0,0.0
MAR00186,0.0,0.0,0.0
MAR00205,0.0,0.0,0.0
MAR00218,0.0,0.0,0.0
MAR00219,-1000.0,-1000.0,-1000.0
MAR00220,0.0,0.0,-2.038716763132688e-14
MAR00221,-18.205400668887293,-13.853564140050775,-28.86062376996977
MAR00222,0.0,0.0,0.0
MAR00227,0.0,0.0,0.0
MAR00228,0.0,0.0,0.0
MAR00229,-13.580916334768801,-5.017032776546665,-88.07864546900542
MAR00251,0.0,0.0,0.0
MAR00252,-0.395673618880873,-0.438214132722394,-6.62659841239191
MAR00285,0.0,0.0,0.0
MAR00286,-1000.0,-1000.0,-1000.0
MAR00315,-1000.0,-1000.0,-1000.0
MAR00316,0.0,0.0,0.0
MAR00333,0.0,0.0,0.0
MAR00334,0.0,0.0,0.0
MAR00441,0.0,0.0,0.0
MAR00442,0.0,0.0,0.0
MAR00443,0.0,0.0,0.0
MAR00445,0.0,0.0,0.0
MAR00447,0.0,0.0,0.0
MAR00451,-0.395673618880873,-0.438214132722394,-6.62659841239191
MAR00452,-16.9335110908444,-9.78993404221469,-14.9520508967086
MAR00455,-1.90712772021546,-1.06436323625751,-2.67210258902034
MAR00465,-0.395673618880873,-0.438214132722394,-6.62659841239191
MAR00471,0.0,0.0,0.0
MAR00472,0.0,0.0,0.0
MAR00473,0.0,0.0,0.0
MAR00474,0.0,0.0,0.0
MAR00475,0.0,0.0,0.0
MAR00480,0.0,0.0,0.0
MAR00485,0.0,0.0,0.0
MAR00554,0.0,0.0,0.0
MAR00562,0.0,0.0,0.0
MAR00563,0.0,0.0,0.0
MAR00564,0.0,0.0,0.0
MAR00565,0.0,0.0,0.0
MAR00566,-25.720548938042814,-14.966788572578691,-69.53496542826555
MAR00567,-38.390564747218725,-28.82332756082809,-97.78559604821432
MAR00568,-1000.0,-1000.0,-1000.0
MAR00569,-1000.0,-1000.0,-1000.0
MAR00570,0.0,0.0,0.0
MAR00571,-27.18633584332395,-16.07606649473026,-73.59074556330519
MAR00572,-26.7489679588342,-20.5726912212072,-25.2362089281767
MAR00573,-34.133165449025476,-21.287885715867912,-93.14220888716493
MAR00574,-21.87588668229881,-14.374230833973222,-29.9475356209682
MAR00575,-25.748968620859422,-14.805070131059523,-67.19654058845056
MAR00576,-39.4071292181587,-28.7766189655024,-118.856268045809
MAR00577,-28.38598176989603,-16.83205679785222,-78.01349417579902
MAR00583,-31.62842170959728,-18.100680692927952,-82.89595830101821
MAR00585,0.0,0.0,0.0
MAR00595,0.0,0.0,0.0
MAR00603,0.0,0.0,0.0
MAR00606,-19.1531023145739,-13.197091477185499,-45.5122466044912
MAR00608,-999.9999999999999,-999.9999999999999,-1000.0
MAR00609,0.0,0.0,0.0
MAR00611,-290.06721454946126,-281.2241046298966,-374.96318109222386
MAR00617,-124.10822999368992,-91.12629979682957,-179.27987174834854
MAR00618,-1.7379329526475555,-1.7117663203901394,-6.3381174442302095
MAR00619,-34.47100882716336,-30.922706585289486,-51.33532041745791
MAR00620,-24.717040736869233,-14.042504589878341,-38.33067696225422
MAR00621,-6.308991542654012,-8.8285455097292,-20.71048795085616
MAR00624,-24.717040736869233,-14.042504589878341,-28.614346466089476
MAR00626,-25.926571130810594,-15.034902302307035,-60.1103168803875
MAR00628,-47.95963463661584,-37.60905058433128,-46.66842126747123
MAR00631,-124.26268761257394,-103.36521154356025,-142.66857266838318
MAR00637,-6.308991542653982,-8.535096347158325,-15.8262754507294
MAR00639,-970.8925203887594,-630.6595415679201,-1000.0
MAR00650,-425.26721454946136,-416.4241046298967,-510.1631810922241
MAR00655,-1000.0,-1000.0,-1000.0
MAR00656,-545.0748915234733,-534.2277870333015,-552.0771769347364
MAR00658,-0.13619072059318707,-0.11476450856406269,-0.30868216310432367
MAR00659,-5.968018981285887,-3.9322922548846395,-11.645244671317425
MAR00661,-37.61410461987445,-32.56434620386028,-29.512783422930195
MAR00662,-11.690690914276477,-10.220776908859868,-8.275568472773994
MAR00666,0.0,0.0,0.0
MAR00693,0.0,0.0,0.0
MAR00694,0.0,0.0,0.0
MAR00695,-37.4071292181587,-26.7766189655024,-74.31306860474743
MAR00696,-1000.0,-1000.0,-1000.0
MAR00697,-1.7379329526475553,-1.711766320390139,-6.338117444230423
MAR00698,-4.812248889172401,-7.314482012334038,-14.811999635793248
MAR00699,-1.7379329526475553,-1.711766320390139,-6.338117444230421
MAR00700,-4.812248889172401,-7.314482012334036,-14.81199963579326
MAR00701,-38.207129218158705,-27.5766189655024,-117.65626804580899
MAR00702,-192.90631079529783,-147.45601999824797,-325.0630880062421
MAR00704,-41.95545953261162,-39.16003999281709,-68.32758803791162
MAR00711,0.0,0.0,0.0
MAR00714,-32.731127062640155,-21.807168235476986,-51.58194383631854
MAR00720,-0.5747695007895043,-0.3566425493450299,-2.82274454359759
MAR00721,0.0,0.0,0.0
MAR00722,-0.794434945321713,-0.659195207424088,-2.82274454359759
MAR00723,0.0,0.0,0.0
MAR00724,0.0,0.0,0.0
MAR00725,0.0,0.0,0.0
MAR00726,0.0,0.0,0.0
MAR00727,0.0,0.0,0.0
MAR00728,0.0,0.0,0.0
MAR00729,0.0,0.0,0.0
MAR00737,-14.4537203195869,-8.11304382771822,-17.52744477320856
MAR00739,0.0,0.0,0.0
MAR00740,-5.96801898128589,-3.93229225488464,-16.1033256688169
MAR00742,0.0,0.0,0.0
MAR00743,0.0,0.0,0.0
MAR00745,0.0,0.0,0.0
MAR00747,0.0,0.0,0.0
MAR00749,0.0,0.0,0.0
MAR00751,0.0,0.0,0.0
MAR00752,0.0,0.0,0.0
MAR00755,0.0,0.0,0.0
MAR00756,0.0,0.0,0.0
MAR00757,0.0,0.0,0.0
MAR00759,0.0,0.0,0.0
MAR00764,0.0,0.0,0.0
MAR00772,0.0,0.0,0.0
MAR00774,0.0,0.0,0.0
MAR00776,0.0,0.0,0.0
MAR00777,0.0,0.0,0.0
MAR00778,0.0,0.0,0.0
MAR00780,0.0,0.0,0.0
MAR00784,0.0,0.0,0.0
MAR00785,0.0,0.0,0.0
MAR00788,0.0,0.0,0.0
MAR00789,0.0,0.0,0.0
MAR00799,0.0,0.0,0.0
MAR00800,0.0,0.0,0.0
MAR00818,0.0,0.0,0.0
MAR00833,0.0,0.0,0.0
MAR00869,0.0,0.0,0.0
MAR00872,0.0,0.0,0.0
MAR00874,0.0,0.0,0.0
MAR00916,0.0,0.0,0.0
MAR00922,0.0,0.0,0.0
MAR00923,0.0,0.0,0.0
MAR00927,0.0,0.0,0.0
MAR00930,0.0,0.0,0.0
MAR00952,0.0,0.0,0.0
MAR00965,0.0,0.0,0.0
MAR00968,0.0,0.0,0.0
MAR00970,0.0,0.0,0.0
MAR00972,0.0,0.0,0.0
MAR00974,0.0,0.0,0.0
MAR00975,0.0,0.0,0.0
MAR00977,0.0,0.0,0.0
MAR00978,0.0,0.0,0.0
MAR00982,0.0,0.0,0.0
MAR01001,0.0,0.0,0.0
MAR01005,0.0,0.0,0.0
MAR01009,0.0,0.0,0.0
MAR01012,0.0,0.0,0.0
MAR01019,0.0,0.0,0.0
MAR01024,0.0,0.0,0.0
MAR01031,0.0,0.0,0.0
MAR01032,0.0,0.0,0.0
MAR01036,0.0,0.0,0.0
MAR01038,0.0,0.0,0.0
MAR01044,0.0,0.0,0.0
MAR01046,0.0,0.0,0.0
MAR01047,-4.83472548750368,-4.24230432247193,-6.60362124389202
MAR01051,-1000.0,-1000.0,-1000.0
MAR01052,-1000.0,-1000.0,-1000.0
MAR01056,-1.8448524660280454,-1.3426681670777196,-1.1102610466378664
MAR01060,0.0,0.0,0.0
MAR01076,-1.844852466028041,-1.342668167077713,-1.1102610466380614
MAR01078,0.0,0.0,0.0
MAR01083,0.0,0.0,0.0
MAR01118,0.0,0.0,0.0
MAR01141,0.0,0.0,0.0
MAR01169,0.0,0.0,0.0
MAR01314,0.0,0.0,0.0
MAR01340,-999.9999999999998,-1000.0,-1000.0
MAR01348,0.0,0.0,0.0
MAR01349,-1.0267272146205506,-0.6389007744863898,-2.185434513567928
MAR01351,0.0,0.0,0.0
MAR01353,0.0,0.0,0.0
MAR01354,-1000.0,-1000.0,-1000.0
MAR01368,0.0,0.0,8.247206194488129e-14
MAR01369,-20.978652602552778,-27.51588757354517,-40.769707417003715
MAR01371,0.0,0.0,0.0
MAR01372,0.0,0.0,0.0
MAR01377,0.0,0.0,0.0
MAR01378,-5.96409335474679,-8.69040673938876,-15.7015883805938
MAR01380,0.0,0.0,0.0
MAR01381,0.0,0.0,0.0
MAR01385,0.0,0.0,0.0
MAR01386,-0.980097574740098,-0.6744695403411861,-8.3656080571515
MAR01396,0.0,0.0,0.0
MAR01397,0.0,0.0,0.0
MAR01399,0.0,0.0,0.0
MAR01400,0.0,0.0,0.0
MAR01435,0.0,0.0,0.0
MAR01438,-9.759160931989738,-7.934464029737317,-11.057686411845138
MAR01439,0.0,0.0,0.0
MAR01441,0.0,0.0,0.0
MAR01442,0.0,0.0,0.0
MAR01444,0.0,0.0,0.0
MAR01446,0.0,0.0,0.0
MAR01447,-13.467481201917172,-5.537232607669831,-19.50401411465524
MAR01449,0.0,0.0,0.0
MAR01450,0.0,0.0,0.0
MAR01452,-0.395673618880873,-0.438214132722394,-6.62659841239191
MAR01453,0.0,0.0,0.0
MAR01455,0.0,0.0,0.0
MAR01456,0.0,0.0,0.0
MAR01458,0.0,0.0,0.0
MAR01461,-1000.0,-1000.0,-1000.0
MAR01462,-1000.0,-1000.0,-1000.0
MAR01463,0.0,0.0,0.0
MAR01464,-83.75843525882975,-58.11107832309895,-198.11773107879029
MAR01466,0.0,0.0,0.0
MAR01468,1.3860996471005275e-13,0.0,0.0
MAR01469,0.0,0.0,0.0
MAR01471,0.0,0.0,0.0
MAR01472,0.0,0.0,0.0
MAR01474,0.0,0.0,0.0
MAR01475,0.0,0.0,0.0
MAR01476,0.0,0.0,0.0
MAR01480,-84.2648561165675,-58.46032846171917,-198.60168167917527
MAR01481,0.0,0.0,0.0
MAR01482,0.0,0.0,0.0
MAR01483,0.0,0.0,0.0
MAR01485,0.0,0.0,0.0
MAR01486,-0.395673618880873,-0.438214132722394,-6.62659841239191
MAR01487,-0.395673618880873,-0.438214132722394,-6.62659841239191
MAR01488,-0.395673618880873,-0.43821413272239407,-2.67210258902034
MAR01489,-0.395673618880873,-0.43821413272239407,-2.67210258902034
MAR01491,-0.395673618880873,-0.438214132722394,-2.67210258902034
MAR01492,-0.395673618880873,-0.438214132722394,-6.62659841239191
MAR01497,0.0,0.0,0.0
MAR01498,0.0,0.0,0.0
MAR01499,-5.690537728602997,-4.464588935191,-3.8383086619140023
MAR01501,0.0,0.0,0.0
MAR01506,0.0,0.0,0.0
MAR01507,0.0,0.0,0.0
MAR01508,0.0,0.0,0.0
MAR01510,0.0,0.0,0.0
MAR01511,0.0,0.0,0.0
MAR01513,0.0,0.0,0.0
MAR01514,-67.08256731799725,-56.45024510105883,-109.59061510441363
MAR01515,0.0,0.0,0.0
MAR01517,0.0,0.0,0.0
MAR01518,0.0,0.0,0.0
MAR01520,7.150651358997187e-16,1.4475778890652087e-31,0.0
MAR01521,0.0,0.0,0.0
MAR01522,0.0,0.0,0.0
MAR01523,0.0,0.0,0.0
MAR01524,0.0,0.0,0.0
MAR01525,-1.88249146167802,-1.78708514004946,-1.2940503917772
MAR01527,-5.96409335474679,-8.69040673938876,-15.7015883805938
MAR01528,-6.68320224038576,-4.53793471526593,-21.7030933807881
MAR01529,-5.54047937614042,-4.85399072719406,-4.0313801892619
MAR01534,-1000.0,-1000.0,-1000.0
MAR01537,0.0,0.0,0.0
MAR01541,0.0,0.0,0.0
MAR01542,0.0,0.0,0.0
MAR01554,0.0,0.0,0.0
MAR01555,0.0,0.0,0.0
MAR01556,0.0,0.0,0.0
MAR01559,0.0,0.0,0.0
MAR01560,0.0,0.0,0.0
MAR01561,-41.30672968676652,-33.226244522908026,-126.75880537821352
MAR01562,-4.4902279604446855,-4.248741329614611,-12.811252445061948
MAR01563,0.0,0.0,0.0
MAR01564,0.0,0.0,0.0
MAR01566,0.0,-5.036047644907985e-32,0.0
MAR01567,0.0,0.0,0.0
MAR01569,0.0,0.0,0.0
MAR01571,0.0,0.0,0.0
MAR01574,0.0,0.0,0.0
MAR01575,0.0,0.0,0.0
MAR01578,-1000.0,-1000.0,-1000.0
MAR01579,0.0,0.0,0.0
MAR01580,0.0,0.0,0.0
MAR01582,1.3719677284833054e-15,0.0,0.0
MAR01583,0.0,0.0,0.0
MAR01586,0.0,0.0,0.0
MAR01587,0.0,0.0,0.0
MAR01588,-0.395673618880873,-0.438214132722394,-6.62659841239191
MAR01591,0.0,0.0,0.0
MAR01594,0.0,0.0,0.0
MAR01596,0.0,0.0,0.0
MAR01597,-1000.0,-1000.0,-999.9999999999999
MAR01600,0.0,0.0,0.0
MAR01601,-28.114357074388966,-26.954660434044403,-18.57783770193688
MAR01603,0.0,0.0,0.0
MAR01606,0.0,0.0,0.0
MAR01607,-5.0324972240987975,-3.097983143255899,-9.874433288575423
MAR01612,0.0,0.0,0.0
MAR01615,0.0,0.0,0.0
MAR01616,-3.1296556560036195,-1.8514890644116397,-8.50526594415716
MAR01617,-5.96801898128589,-3.93229225488464,-16.1033256688169
MAR01618,0.0,0.0,0.0
MAR01621,-11.3852379142811,-9.54353484719138,-7.59065704290113
MAR01626,-1000.0,-1000.0,-1000.0
MAR01628,0.0,0.0,0.0
MAR01633,-62.87508795716898,-41.17122546153189,-156.87013896013562
MAR01634,0.0,0.0,0.0
MAR01636,0.0,0.0,0.0
MAR01640,0.0,0.0,0.0
MAR01641,0.0,0.0,0.0
MAR01643,0.0,0.0,0.0
MAR01645,0.0,0.0,0.0
MAR01647,-5.96801898128589,-3.9322922548846395,-16.1033256688169
MAR01648,-27.092776256089333,-23.575416216423097,-28.6136671066637
MAR01649,0.0,0.0,0.0
MAR01650,-0.980097574740098,-0.674469540341186,-8.3656080571515
MAR01654,0.0,0.0,0.0
MAR01655,0.0,0.0,0.0
MAR01657,0.0,0.0,0.0
MAR01658,-4.97731497140481e-15,0.0,0.0
MAR01661,0.0,0.0,0.0
MAR01664,0.0,0.0,0.0
MAR01669,-26.805624085597653,-19.747396763491892,-40.63633441754132
MAR01671,-0.395673618880873,-0.438214132722394,-6.62659841239191
MAR01674,0.0,0.0,0.0
MAR01675,0.0,0.0,0.0
MAR01677,0.0,0.0,0.0
MAR01680,0.0,0.0,0.0
MAR01683,0.0,0.0,0.0
MAR01686,0.0,0.0,0.0
MAR01688,0.0,0.0,0.0
MAR01690,0.0,0.0,0.0
MAR01698,0.0,0.0,0.0
MAR01705,0.0,0.0,0.0
MAR01707,0.0,0.0,0.0
MAR01709,0.0,0.0,0.0
MAR01711,0.0,0.0,0.0
MAR01712,-5.050188258929691,-4.636753910375973,-6.931088418254521
MAR01713,0.0,0.0,0.0
MAR01714,0.0,0.0,0.0
MAR01715,0.0,0.0,0.0
MAR01719,-19.691508884751126,-14.885493876656472,-65.73261283281364
MAR01721,-0.395673618880873,-0.438214132722394,-6.62659841239191
MAR01724,0.0,0.0,0.0
MAR01728,0.0,0.0,0.0
MAR01731,-1000.0,-1000.0,-1000.0
MAR01732,-1000.0,-1000.0,-802.0124198598421
MAR01733,-1000.0,-1000.0,-1000.0
MAR01734,-1000.0,-1000.0,-802.0124198598475
MAR01736,-0.39567361888087527,-0.438214132722394,-2.67210258902034
MAR01755,-0.395673618880873,-0.438214132722394,-2.67210258902034
MAR01757,-0.39567361888087305,-0.438214132722394,-2.67210258902034
MAR01763,-0.395673618880873,-0.438214132722394,-2.67210258902034
MAR01773,-0.39567361888082947,-0.438214132722394,-2.67210258902034
MAR01775,-0.395673618880873,-0.438214132722394,-2.67210258902034
MAR01779,-7.65010170099339,-5.018753715404837,-22.268315127301058
MAR01780,-4.83472548750368,-4.24230432247193,-6.60362124389202
MAR01782,-4.83472548750368,-4.24230432247193,-6.60362124389202
MAR01788,-1000.0,-1000.0,-1000.0
MAR01789,0.0,0.0,0.0
MAR01791,0.0,0.0,0.0
MAR01793,0.0,0.0,0.0
MAR01795,-31.7905456746816,-24.30163208887421,-117.6396974056316
MAR01799,-0.395673618880873,-0.438214132722394,-6.62659841239191
MAR01801,0.0,0.0,0.0
MAR01808,0.0,0.0,0.0
MAR01812,0.0,0.0,0.0
MAR01814,-0.395673618880873,-0.438214132722394,-6.62659841239191
MAR01816,0.0,0.0,0.0
MAR01818,0.0,0.0,0.0
MAR01820,-1000.0,-1000.0,-1000.0
MAR01821,-83.25201440109197,-57.76182818448613,-197.63378047840527
MAR01822,0.0,0.0,0.0
MAR01823,0.0,0.0,0.0
MAR01824,-1000.0,-1000.0,-1000.0
MAR01825,0.0,0.0,0.0
MAR01826,0.0,0.0,0.0
MAR01827,-62.444273797861044,-44.82817413352645,-88.5309413501516
MAR01828,0.0,0.0,0.0
MAR01829,0.0,0.0,0.0
MAR01849,-0.574769500789502,-0.35664254934503,-2.8227445435975906
MAR01851,0.0,0.0,0.0
MAR01856,0.0,0.0,0.0
MAR01858,0.0,0.0,0.0
MAR01860,-0.794434945321713,-0.659195207424088,-2.82274454359759
MAR01869,-17.424983481786807,-11.121272025292306,-26.66487591561314
MAR01871,-499.6471436744747,-509.9102249819487,-259.39296231496564
MAR01873,-1.36118794102807,-1.57399211924923,-0.764108013703276
MAR01912,-6.344326768534449,-8.72160261002966,-11.2192913164756
MAR01918,-6.34432676853445,-8.72160261002966,-11.2192913164756
MAR01921,-1000.0,-1000.0,-1000.0
MAR01922,-1000.0,-1000.0,-1000.0
MAR01923,-1.36118794102807,-1.57399211924923,-0.764108013703276
MAR01938,-1.36118794102807,-1.57399211924923,-0.764108013703276
MAR01939,-15.812783063946219,-11.527469304719643,-12.820813994960803
MAR01946,-1000.0,-1000.0,-1000.0
MAR01947,0.0,0.0,0.0
MAR01954,-542.7449680832391,-539.6058853496885,-605.2844928382642
MAR01955,-1.44195765310668,-1.13391179621013,-0.808431811024703
MAR01956,-1.44195765310668,-1.13391179621013,-0.808431811024703
MAR01957,-1000.0,-1000.0,-1000.0
MAR01961,-16.693370256342703,-18.223608877240398,-10.9492335707638
MAR01964,-3.0758884438634295,-2.65662333735183,-7.84743521120733
MAR01965,-3.0758884438634295,-2.65662333735183,-7.847435211207356
MAR01966,0.0,0.0,0.0
MAR01972,-26.169741486402522,-19.59895185042029,-41.864346667283236
MAR01975,-20.3556791793937,-14.6358987070859,-29.7475399334396
MAR01984,-8.29474259017222,-5.26553585895541,-10.1139203153452
MAR01986,-20.6199831240934,-24.3506665672777,-9.83837247078606
MAR02006,0.0,0.0,0.0
MAR02021,0.0,0.0,0.0
MAR02023,0.0,0.0,0.0
MAR02026,-81.6414043393059,-101.77533758350799,-107.354369952198
MAR02027,-1.52047418999039,-0.281084597052462,-1.24119634582385
MAR02028,-5.24276436633477,-4.70351154248846,-4.11195209384093
MAR02035,0.0,0.0,0.0
MAR02119,0.0,0.0,0.0
MAR02120,-6.34432676853445,-8.72160261002966,-11.2192913164756
MAR02121,-1.90712772021546,-1.06436323625751,-2.67210258902034
MAR02122,0.0,0.0,0.0
MAR02123,0.0,0.0,0.0
MAR02124,-1.36118794102807,-1.57399211924923,-0.764108013703276
MAR02125,-1.36118794102807,-1.57399211924923,-0.764108013703276
MAR02126,0.0,0.0,0.0
MAR02128,0.0,0.0,0.0
MAR02146,-1.932347256780924,-1.145672956229325,-2.342476362469249
MAR02147,-81.6414043393059,-101.77533758350802,-107.354369952198
MAR02148,-5.24276436633477,-4.70351154248846,-4.11195209384093
MAR02149,-5.24276436633477,-4.70351154248846,-4.11195209384093
MAR02183,-5.24276436633477,-4.70351154248846,-4.11195209384093
MAR02184,-0.794434945321713,-0.659195207424088,-2.82274454359759
MAR02185,0.0,0.0,0.0
MAR02186,-1000.0000000000001,-999.9999999999999,-1000.0000000000005
MAR02187,-5.24276436633477,-4.70351154248846,-4.11195209384093
MAR02188,-12.1717332302958,-5.27762744888289,-5.92092726485228
MAR02189,0.0,0.0,0.0
MAR02192,-12.1717332302958,-5.27762744888289,-5.92092726485228
MAR02195,0.0,0.0,0.0
MAR02196,-12.1717332302958,-5.27762744888289,-5.92092726485228
MAR02197,0.0,0.0,0.0
MAR02198,-3.07588844386343,-2.65662333735183,-7.84743521120733
MAR02199,-0.8512297275160864,-0.6730798413358586,-1.6061692664181033
MAR02200,0.0,0.0,0.0
MAR02206,-38.6348871476751,-19.3414466148314,-112.548618038245
MAR02207,-5.24276436633477,-4.70351154248846,-4.11195209384093
MAR02216,-22.269540146569,-12.8802176958499,-27.8724369105238
MAR02220,-22.269540146569,-12.8802176958499,-27.8724369105238
MAR02221,0.0,0.0,0.0
MAR02222,0.0,0.0,0.0
MAR02223,0.0,0.0,0.0
MAR02224,0.0,0.0,0.0
MAR02225,-4.3088343558755,-3.798017088461981,-5.3291327893046
MAR02226,-1000.0,-1000.0,-1000.0
MAR02271,0.0,0.0,0.0
MAR02272,0.0,0.0,0.0
MAR02273,0.0,0.0,0.0
MAR02274,0.0,0.0,0.0
MAR02275,-0.5747695007895268,-0.3566425493450301,-4.167493880565337
MAR02276,0.0,0.0,0.0
MAR02277,0.0,0.0,0.0
MAR02278,-1.9071277202154602,-1.0643632362575102,-2.6721025890203403
MAR02279,0.0,0.0,0.0
MAR02280,0.0,0.0,0.0
MAR02283,0.0,0.0,0.0
MAR02285,0.0,0.0,0.0
MAR02290,0.0,0.0,0.0
MAR02291,0.0,0.0,0.0
MAR02297,0.0,0.0,0.0
MAR02298,0.0,0.0,0.0
MAR02299,0.0,0.0,0.0
MAR02300,0.0,0.0,0.0
MAR02301,0.0,0.0,0.0
MAR02302,0.0,0.0,0.0
MAR02303,-22.269540146569,-12.8802176958499,-27.8724369105238
MAR02304,0.0,0.0,0.0
MAR02306,0.0,0.0,0.0
MAR02308,0.0,0.0,0.0
MAR02310,0.0,0.0,0.0
MAR02312,0.0,0.0,0.0
MAR02313,0.0,0.0,0.0
MAR02314,0.0,0.0,0.0
MAR02316,0.0,0.0,0.0
MAR02318,0.0,0.0,0.0
MAR02320,0.0,0.0,0.0
MAR02322,0.0,0.0,0.0
MAR02323,0.0,0.0,0.0
MAR02325,0.0,0.0,0.0
MAR02327,0.0,0.0,0.0
MAR02329,0.0,0.0,0.0
MAR02331,-29.29707153674117,-17.842735529216213,-71.54021761874857
MAR02333,0.0,0.0,0.0
MAR02335,0.0,0.0,0.0
MAR02337,-38.6348871476751,-19.3414466148314,-112.548618038245
MAR02339,-0.8512297275160862,-0.6730798413358239,-1.6061692664181355
MAR02340,-1000.0,-1000.0,-1000.0
MAR02341,0.0,0.0,0.0
MAR02346,-1000.0,-1000.0,-1000.0000000000019
MAR02351,0.0,0.0,197.98758014015206
MAR02352,0.0,0.0,0.0
MAR02357,0.0,0.0,0.0
MAR02358,0.0,0.0,0.0
MAR02360,0.0,0.0,0.0
MAR02366,0.0,0.0,0.0
MAR02367,0.0,0.0,0.0
MAR02369,0.0,0.0,0.0
MAR02370,0.0,0.0,0.0
MAR02372,0.0,0.0,0.0
MAR02373,0.0,0.0,0.0
MAR02375,0.0,0.0,0.0
MAR02377,-12.442608511796902,-9.85029214586226,-13.715814037331535
MAR02379,-38.312772043333034,-25.63978886286521,-88.22786441717834
MAR02381,0.0,0.0,0.0
MAR02382,0.0,0.0,0.0
MAR02384,0.0,0.0,0.0
MAR02385,0.0,0.0,0.0
MAR02386,0.0,0.0,0.0
MAR02388,0.0,0.0,0.0
MAR02390,0.0,0.0,0.0
MAR02392,0.0,0.0,0.0
MAR02394,0.0,0.0,0.0
MAR02396,0.0,0.0,0.0
MAR02398,0.0,0.0,0.0
MAR02400,0.0,0.0,0.0
MAR02402,-1000.0,-1000.0,-1000.0
MAR02404,-1000.0,-1000.0,-1000.0
MAR02405,-22.269540146569,-12.8802176958499,-27.8724369105238
MAR02406,-22.269540146569,-12.8802176958499,-27.8724369105238
MAR02413,-22.269540146569,-12.8802176958499,-27.8724369105238
MAR02414,-22.269540146569,-12.8802176958499,-27.8724369105238
MAR02416,-22.269540146569,-12.8802176958499,-27.8724369105238
MAR02418,-22.269540146569,-12.8802176958499,-27.8724369105238
MAR02420,-22.269540146569,-12.8802176958499,-27.8724369105238
MAR02422,-22.269540146569,-12.8802176958499,-27.8724369105238
MAR02424,0.0,0.0,0.0
MAR02425,0.0,0.0,0.0
MAR02427,-1000.0,-1000.0,-1000.0
MAR02429,-45.987230684562505,-30.293326436496155,-93.7181649449893
MAR02431,-78.16820599924723,-55.683912801523945,-245.50234804164552
MAR02432,-4.845192607071883,-4.017261563174876,-4.109857558276267
MAR02471,-35.93860885599159,-20.94049342935401,-98.43778935217374
MAR02473,0.0,0.0,0.0
MAR02474,0.0,0.0,0.0
MAR02476,-5.184758774500684,-4.22924172184822,-4.683462904113892
MAR02477,0.0,0.0,0.0
MAR02479,-17.089384600474464,-12.45609755069203,-29.83148877940801
MAR02481,-9.002507717779048,-7.336408039859565,-6.6896056615699555
MAR02483,0.0,0.0,0.0
MAR02485,0.0,0.0,0.0
MAR02487,0.0,0.0,0.0
MAR02488,0.0,0.0,0.0
MAR02490,-21.93449918452043,-10.180961751273772,-73.9931020702335
MAR02492,0.0,0.0,0.0
MAR02494,0.0,0.0,0.0
MAR02496,0.0,0.0,0.0
MAR02498,0.0,0.0,0.0
MAR02500,0.0,0.0,0.0
MAR02502,0.0,0.0,0.0
MAR02504,0.0,0.0,0.0
MAR02506,0.0,0.0,0.0
MAR02507,0.0,0.0,0.0
MAR02508,0.0,0.0,0.0
MAR02517,0.0,0.0,0.0
MAR02519,0.0,0.0,0.0
MAR02521,0.0,0.0,0.0
MAR02523,0.0,0.0,0.0
MAR02525,0.0,0.0,0.0
MAR02527,-61.722020275548694,-54.6745070122269,-72.2819451441229
MAR02529,-1000.0,-1000.0,-1000.0
MAR02531,0.0,0.0,0.0
MAR02532,0.0,0.0,0.0
MAR02534,0.0,0.0,0.0
MAR02536,0.0,0.0,0.0
MAR02538,0.0,0.0,0.0
MAR02539,0.0,0.0,0.0
MAR02589,0.0,0.0,0.0
MAR02595,0.0,0.0,0.0
MAR02597,0.0,0.0,0.0
MAR02615,0.0,0.0,0.0
MAR02617,0.0,0.0,0.0
MAR02619,0.0,0.0,0.0
MAR02627,0.0,0.0,0.0
MAR02628,0.0,0.0,0.0
MAR02631,0.0,0.0,0.0
MAR02632,0.0,0.0,0.0
MAR02637,0.0,0.0,0.0
MAR02639,-1000.0,-1000.0,-1000.0
MAR02641,-1000.0,-1000.0,-1000.0
MAR02643,-1000.0,-1000.0,-1000.0
MAR02645,0.0,0.0,0.0
MAR02647,0.0,0.0,0.0
MAR02694,0.0,0.0,0.0
MAR02696,0.0,0.0,0.0
MAR02698,0.0,0.0,0.0
MAR02721,0.0,0.0,0.0
MAR02723,0.0,0.0,0.0
MAR02725,0.0,0.0,0.0
MAR02728,0.0,0.0,0.0
MAR02743,0.0,0.0,0.0
MAR02747,0.0,0.0,0.0
MAR02749,0.0,0.0,0.0
MAR02751,0.0,0.0,0.0
MAR02756,0.0,0.0,0.0
MAR02763,0.0,0.0,0.0
MAR02765,0.0,0.0,0.0
MAR02767,0.0,0.0,0.0
MAR02779,-1000.0,-1000.0,-1000.0
MAR02781,0.0,0.0,0.0
MAR02782,-9.58723869843166,-13.995669096120002,-12.490996315705004
MAR02784,0.0,0.0,0.0
MAR02786,0.0,0.0,0.0
MAR02802,0.0,0.0,0.0
MAR02804,-9.75916093198974,-7.93446402973731,-11.0576864118451
MAR02808,-9.75916093198974,-7.93446402973731,-11.0576864118451
MAR02810,-9.75916093198974,-7.93446402973731,-11.0576864118451
MAR02818,0.0,0.0,0.0
MAR02820,0.0,0.0,0.0
MAR02826,0.0,0.0,0.0
MAR02828,0.0,0.0,0.0
MAR02858,0.0,0.0,0.0
MAR02860,0.0,0.0,0.0
MAR02881,-999.9999999999999,-999.9999999999999,-1000.0
MAR02883,-1.3112657782935779e-14,0.0,0.0
MAR02885,-0.84104135985375,-0.543230730260099,-3.08249472924208
MAR02887,0.0,0.0,0.0
MAR02889,-48.04777766558966,-42.49837419190817,-98.00782062222237
MAR02891,-0.84104135985375,-0.543230730260099,-3.08249472924208
MAR02893,0.0,0.0,0.0
MAR02895,-453.8716976147332,-413.779420082363,-574.5005942382489
MAR02933,0.0,0.0,0.0
MAR02934,0.0,0.0,0.0
MAR02935,0.0,0.0,0.0
MAR02936,0.0,0.0,0.0
MAR02937,0.0,0.0,0.0
MAR02938,0.0,0.0,0.0
MAR02939,0.0,0.0,0.0
MAR02940,0.0,0.0,0.0
MAR02941,0.0,0.0,0.0
MAR02950,0.0,0.0,0.0
MAR02953,0.0,0.0,0.0
MAR02958,-8.58242043453039,-7.18924741324845,-23.611080905812
MAR02960,0.0,0.0,0.0
MAR02993,0.0,0.0,0.0
MAR02995,0.0,0.0,0.0
MAR02997,0.0,0.0,0.0
MAR03004,0.0,0.0,0.0
MAR03005,0.0,0.0,0.0
MAR03006,0.0,0.0,0.0
MAR03010,0.0,0.0,0.0
MAR03012,0.0,0.0,0.0
MAR03016,-1000.0,-1000.0,-1000.0
MAR03031,0.0,0.0,0.0
MAR03036,0.0,0.0,0.0
MAR03038,0.0,0.0,0.0
MAR03039,0.0,0.0,0.0
MAR03040,0.0,0.0,0.0
MAR03041,0.0,0.0,0.0
MAR03042,-1000.0,-1000.0,-1000.0000000000001
MAR03043,-1000.0,-1000.0,-1000.0
MAR03044,0.0,0.0,0.0
MAR03045,-999.9999999999999,-999.9999999999999,-1000.0
MAR03046,0.0,0.0,0.0
MAR03047,-1000.0,-1000.0,-1000.0
MAR03048,0.0,0.0,0.0
MAR03049,0.0,0.0,0.0
MAR03050,0.0,0.0,0.0
MAR03051,0.0,0.0,0.0
MAR03052,0.0,0.0,0.0
MAR03061,0.0,0.0,0.0
MAR03119,-25.158232929516803,-22.503080270694003,-5.5270411118914
MAR03120,0.0,0.0,0.0
MAR03124,0.0,0.0,0.0
MAR03126,0.0,0.0,0.0
MAR03127,-1000.0,-1000.0,-1000.0
MAR03131,0.0,0.0,0.0
MAR03133,0.0,0.0,0.0
MAR03134,0.0,0.0,0.0
MAR03138,0.0,0.0,0.0
MAR03140,-1000.0,-1000.0000000000011,-1000.0
MAR03141,0.0,0.0,0.0
MAR03145,0.0,0.0,0.0
MAR03147,-1000.0,-1000.0,-1000.0
MAR03148,0.0,0.0,0.0
MAR03152,0.0,0.0,0.0
MAR03154,0.0,0.0,0.0
MAR03155,0.0,0.0,0.0
MAR03159,0.0,0.0,0.0
MAR03161,0.0,0.0,0.0
MAR03162,-1000.0,-1000.0,-1000.0
MAR03165,0.0,0.0,0.0
MAR03167,0.0,0.0,0.0
MAR03168,-1000.0,-1000.0,-1000.0
MAR03169,0.0,0.0,0.0
MAR03207,0.0,0.0,0.0
MAR03209,-0.84104135985375,-0.543230730260099,-3.08249472924208
MAR03210,-9.888515718416688,-5.953523958349229,-25.736091224965538
MAR03214,-0.84104135985375,-0.543230730260099,-3.08249472924208
MAR03216,0.0,0.0,0.0
MAR03217,0.0,0.0,0.0
MAR03238,0.0,0.0,0.0
MAR03248,0.0,0.0,0.0
MAR03249,0.0,0.0,0.0
MAR03251,0.0,0.0,0.0
MAR03253,0.0,0.0,0.0
MAR03255,0.0,0.0,0.0
MAR03257,0.0,0.0,0.0
MAR03259,-1000.0,-1000.0,-1000.0
MAR03261,0.0,0.0,0.0
MAR03263,0.0,0.0,0.0
MAR03265,0.0,0.0,0.0
MAR03266,0.0,0.0,0.0
MAR03267,0.0,0.0,0.0
MAR03268,0.0,0.0,0.0
MAR03269,0.0,0.0,0.0
MAR03270,0.0,0.0,0.0
MAR03271,0.0,0.0,0.0
MAR03273,0.0,0.0,0.0
MAR03274,0.0,0.0,0.0
MAR03276,-9.75916093198974,-7.93446402973731,-11.0576864118451
MAR03289,-9.75916093198974,-7.934464029737311,-11.0576864118451
MAR03291,0.0,0.0,0.0
MAR03295,0.0,0.0,0.0
MAR03297,0.0,0.0,0.0
MAR03299,0.0,0.0,0.0
MAR03300,0.0,0.0,0.0
MAR03303,0.0,0.0,0.0
MAR03308,0.0,0.0,0.0
MAR03313,0.0,0.0,0.0
MAR03318,0.0,0.0,0.0
MAR03324,0.0,0.0,0.0
MAR03325,0.0,0.0,0.0
MAR03354,0.0,0.0,0.0
MAR03366,0.0,0.0,0.0
MAR03371,0.0,0.0,0.0
MAR03374,0.0,0.0,0.0
MAR03376,0.0,0.0,0.0
MAR03377,0.0,0.0,0.0
MAR03378,-2.885980176470929,-2.5628548237398605,-5.665367462817647
MAR03379,3.648236427569911e-15,0.0,0.0
MAR03380,0.0,0.0,0.0
MAR03381,0.0,0.0,0.0
MAR03382,0.0,0.0,0.0
MAR03383,0.0,0.0,0.0
MAR03384,0.0,0.0,0.0
MAR03385,0.0,0.0,0.0
MAR03386,-32.65531990318503,-26.576663463110737,-35.61640745756386
MAR03387,-5.849928397490382,-3.179568521360155,-9.08648729118273
MAR03388,0.0,0.0,0.0
MAR03389,0.0,0.0,0.0
MAR03390,0.0,0.0,0.0
MAR03391,0.0,0.0,0.0
MAR03392,0.0,0.0,0.0
MAR03393,0.0,0.0,0.0
MAR03394,0.0,0.0,0.0
MAR03395,0.0,0.0,1.9296382553305872e-16
MAR03399,0.0,0.0,0.0
MAR03400,0.0,0.0,0.0
MAR03401,0.0,0.0,0.0
MAR03402,0.0,0.0,0.0
MAR03403,0.0,0.0,0.0
MAR03404,0.0,0.0,0.0
MAR03405,0.0,0.0,0.0
MAR03410,0.0,0.0,0.0
MAR03412,0.0,0.0,0.0
MAR03415,0.0,0.0,0.0
MAR03417,0.0,0.0,0.0
MAR03418,0.0,0.0,0.0
MAR03419,0.0,0.0,0.0
MAR03420,-0.8512297275160878,-0.6730798413358232,-1.6061692664181144
MAR03434,0.0,0.0,0.0
MAR03435,0.0,0.0,0.0
MAR03436,0.0,0.0,0.0
MAR03437,-39.59531630870526,-32.72204565635846,-92.73171661450412
MAR03438,-4.801434080341371,-3.9899445324177254,-4.035939343605937
MAR03439,0.0,0.0,0.0
MAR03440,0.0,0.0,0.0
MAR03441,0.0,0.0,0.0
MAR03442,0.0,0.0,0.0
MAR03443,0.0,0.0,0.0
MAR03451,0.0,0.0,0.0
MAR03465,0.0,0.0,0.0
MAR03474,0.0,0.0,0.0
MAR03479,0.0,0.0,0.0
MAR03483,-9.65300815671107,-11.597189186287,-16.7978585782976
MAR03485,0.0,0.0,0.0
MAR03487,0.0,0.0,0.0
MAR03490,0.0,0.0,0.0
MAR03492,0.0,0.0,0.0
MAR03494,0.0,0.0,0.0
MAR03495,0.0,0.0,0.0
MAR03496,0.0,0.0,0.0
MAR03497,0.0,0.0,0.0
MAR03499,0.0,1.2901273874881634e-17,-6.426752518697514e-16
MAR03500,0.0,0.0,0.0
MAR03502,0.0,0.0,0.0
MAR03504,0.0,0.0,0.0
MAR03507,0.0,-1.3756941682156378e-33,0.0
MAR03516,0.0,0.0,0.0
MAR03518,0.0,0.0,0.0
MAR03535,0.0,0.0,0.0
MAR03536,-0.2837432425053597,-0.2243599471119354,-0.5353897554727041
MAR03598,0.0,0.0,0.0
MAR03599,-1000.0,-1000.0,-1000.0
MAR03600,0.0,0.0,0.0
MAR03601,0.0,0.0,0.0
MAR03602,0.0,0.0,0.0
MAR03603,0.0,0.0,0.0
MAR03604,0.0,0.0,0.0
MAR03605,0.0,0.0,0.0
MAR03606,0.0,0.0,0.0
MAR03607,0.0,0.0,0.0
MAR03608,0.0,0.0,0.0
MAR03609,0.0,0.0,0.0
MAR03610,0.0,0.0,0.0
MAR03611,0.0,0.0,0.0
MAR03612,0.0,0.0,0.0
MAR03613,0.0,0.0,0.0
MAR03614,0.0,0.0,0.0
MAR03615,0.0,0.0,0.0
MAR03616,0.0,0.0,0.0
MAR03617,0.0,0.0,0.0
MAR03618,0.0,0.0,0.0
MAR03619,0.0,0.0,0.0
MAR03620,0.0,0.0,0.0
MAR03621,0.0,0.0,0.0
MAR03623,0.0,0.0,0.0
MAR03624,0.0,0.0,0.0
MAR03745,0.0,0.0,0.0
MAR03749,0.0,0.0,0.0
MAR03754,0.0,0.0,0.0
MAR03756,0.0,0.0,0.0
MAR03758,0.0,0.0,0.0
MAR03760,0.0,0.0,0.0
MAR03764,0.0,0.0,0.0
MAR03766,0.0,0.0,0.0
MAR03768,0.0,0.0,0.0
MAR03774,0.0,0.0,0.0
MAR03776,0.0,0.0,0.0
MAR03779,0.0,0.0,0.0
MAR03781,0.0,0.0,0.0
MAR03786,0.0,0.0,0.0
MAR03788,0.0,0.0,0.0
MAR03791,0.0,0.0,0.0
MAR03798,0.0,0.0,0.0
MAR03801,-24.495637456399802,-13.852790996798205,-40.3987832755245
MAR03803,-24.4956374563998,-13.8527909967982,-40.3987832755245
MAR03805,-24.4956374563998,-13.8527909967982,-40.398783275524494
MAR03808,0.0,0.0,0.0
MAR03810,0.0,0.0,0.0
MAR03812,0.0,0.0,0.0
MAR03814,0.0,0.0,0.0
MAR03815,-9.88851571841669,-5.95352395834923,-25.7360912249655
MAR03817,0.0,0.0,0.0
MAR03821,0.0,0.0,0.0
MAR03824,0.0,0.0,0.0
MAR03826,-999.9999999999999,-999.9999999999999,-999.9999999999997
MAR03828,0.0,0.0,0.0
MAR03830,0.0,0.0,0.0
MAR03834,0.0,0.0,0.0
MAR03836,-1000.0000000000001,-1000.0000000000001,-1000.0000000000001
MAR03840,0.0,0.0,0.0
MAR03842,0.0,0.0,0.0
MAR03844,0.0,0.0,0.0
MAR03846,-24.4956374563998,-13.8527909967982,-67.5042782751421
MAR03872,-2.4384600516969197,-2.8077611072710296,-11.176787882970899
MAR03874,-24.4956374563998,-13.8527909967982,-67.5042782751421
MAR03876,0.0,0.0,0.0
MAR03878,0.0,0.0,0.0
MAR03880,0.0,0.0,0.0
MAR03882,0.0,0.0,0.0
MAR03884,0.0,0.0,0.0
MAR03886,-1000.0,-1000.0,-999.9999999999894
MAR03887,-8.550711937314054,-5.571212994706185,-10.37324959255902
MAR03888,0.0,0.0,0.0
MAR03891,0.0,0.0,0.0
MAR03893,0.0,0.0,0.0
MAR03894,0.0,0.0,0.0
MAR03896,0.0,0.0,0.0
MAR03898,-1000.0,-1000.0,-810.1513146895674
MAR03900,0.0,0.0,0.0
MAR03902,0.0,0.0,0.0
MAR03904,0.0,0.0,0.0
MAR03906,0.0,0.0,0.0
MAR03909,0.0,0.0,0.0
MAR03913,0.0,0.0,0.0
MAR03914,0.0,0.0,0.0
MAR03918,0.0,0.0,0.0
MAR03924,0.0,0.0,0.0
MAR03926,0.0,0.0,0.0
MAR03927,0.0,0.0,0.0
MAR03930,0.0,0.0,0.0
MAR03932,0.0,0.0,0.0
MAR03934,0.0,0.0,0.0
MAR03936,0.0,0.0,0.0
MAR03938,0.0,0.0,0.0
MAR03941,0.0,0.0,0.0
MAR03942,0.0,0.0,0.0
MAR03943,0.0,0.0,0.0
MAR03945,0.0,0.0,0.0
MAR03961,0.0,0.0,0.0
MAR03962,0.0,0.0,0.0
MAR03963,0.0,0.0,0.0
MAR03973,0.0,0.0,0.0
MAR03976,0.0,0.0,0.0
MAR03978,0.0,0.0,0.0
MAR03981,0.0,0.0,0.0
MAR03983,0.0,0.0,0.0
MAR03985,0.0,0.0,0.0
MAR03990,0.0,0.0,0.0
MAR03994,0.0,0.0,0.0
MAR03997,0.0,0.0,0.0
MAR04001,0.0,0.0,0.0
MAR04003,0.0,0.0,0.0
MAR04005,0.0,0.0,0.0
MAR04007,-1000.0,-1000.0000000000001,-1000.0000000000001
MAR04009,0.0,0.0,0.0
MAR04011,0.0,0.0,0.0
MAR04013,0.0,0.0,0.0
MAR04015,0.0,0.0,0.0
MAR04017,0.0,0.0,0.0
MAR04019,0.0,0.0,0.0
MAR04021,0.0,0.0,0.0
MAR04023,0.0,0.0,0.0
MAR04025,0.0,0.0,0.0
MAR04027,0.0,0.0,0.0
MAR04029,0.0,0.0,0.0
MAR04031,0.0,0.0,0.0
MAR04033,0.0,0.0,0.0
MAR04035,0.0,0.0,0.0
MAR04037,0.0,0.0,0.0
MAR04039,0.0,0.0,0.0
MAR04041,0.0,0.0,0.0
MAR04043,0.0,0.0,0.0
MAR04045,0.0,0.0,0.0
MAR04047,0.0,0.0,0.0
MAR04049,0.0,0.0,0.0
MAR04051,0.0,0.0,0.0
MAR04053,0.0,0.0,0.0
MAR04055,0.0,0.0,0.0
MAR04057,0.0,0.0,0.0
MAR04074,0.0,0.0,0.0
MAR04076,0.0,0.0,0.0
MAR04088,0.0,0.0,0.0
MAR04090,0.0,0.0,0.0
MAR04092,-1000.0,-1000.0,-1000.0
MAR04094,-1000.0,-1000.0,-1000.0
MAR04096,-1.36118794102807,-1.57399211924923,-0.764108013703276
MAR04098,-2.72237588205614,-3.14798423849846,-1.528216027406552
MAR04100,-16.6933702563427,-18.223608877240398,-10.949233570763802
MAR04102,-3.368821256412528,-2.9949883754331696,-1.9005033645968001
MAR04104,-3.4092147966572823,-3.030899507033088,-1.9232911747238646
MAR04110,-5.533510087480528,-4.886352689373927,-3.31038724190733
MAR04117,-0.5318528133954693,-0.4728339298289554,-0.300042057560735
MAR04119,-3.510228568410093,-3.120703936871107,-1.980277579900856
MAR04129,-1.75728377034127,-1.5622807100528915,-0.9913626945117187
MAR04138,-2.289279501137017,-2.035241697959428,-1.2914853781961269
MAR04140,-2.039659354671526,-1.8133215128160716,-1.1506634431275324
MAR04142,-32.2196945252649,-20.6937717388018,-87.1971936014965
MAR04144,-1000.0,-1000.0,-1000.0
MAR04146,-1000.0,-1000.0,-1000.0
MAR04148,-1000.0,-1000.0,-1000.0
MAR04150,-999.9999999999987,-1000.0000000000001,-999.9999999999995
MAR04151,-1000.0000000000001,-1000.0000000000014,-1000.0000000000007
MAR04153,-30.220414657701806,-21.78092952773893,-19.701408238458246
MAR04154,0.0,0.0,0.0
MAR04155,-4.572557001035294e-13,8.181093401940348e-14,1.9119406474399337e-15
MAR04157,-2.060870761029992e-13,0.0,2.1896751835943664e-13
MAR04161,0.0,0.0,4.8301658461640434e-14
MAR04164,-1000.0,-1000.0,-1000.0
MAR04173,-1000.0,-1000.0,-1000.0
MAR04178,-30.220414657701802,-21.780929527739,-19.7014082384576
MAR04181,-999.9999999999999,-999.9999999999999,-1000.0
MAR04195,-1000.0,-1000.0,-1000.0
MAR04203,-1000.0,-1000.0,-1000.0
MAR04213,-1000.0,-1000.0,-1000.0
MAR04215,-1000.0,-1000.0,-1000.0
MAR04217,-1000.0,-1000.0,-1000.0
MAR04221,-1000.0,-1000.0,-1000.0
MAR04223,-1000.0,-1000.0,-1000.0
MAR04226,0.0,0.0,0.0
MAR04229,0.0,0.0,0.0
MAR04230,-0.35429076554868183,-0.12391465074773567,-0.3380919383120174
MAR04234,-1000.0000000000003,-1000.0,-1000.0
MAR04236,0.0,0.0,0.0
MAR04238,-1000.0000000000003,-1000.0000000000003,-1000.0000000000002
MAR04240,-1000.0,-1000.0,-1000.0
MAR04247,-1000.0,-1000.0,-1000.0
MAR04256,-999.9999999999998,-999.9999999999998,-999.9999999999998
MAR04258,0.0,0.0,0.0
MAR04272,-42.22122778366771,-34.1608431779972,-35.676580226737705
MAR04273,-42.2212277836677,-34.1608431779972,-35.67658022673749
MAR04286,0.0,0.0,0.0
MAR04289,-1000.0,-1000.0,-1000.0
MAR04292,-42.2212277836677,-34.1608431779972,-35.676580226737634
MAR04293,-5.5773707600997,-7.752652483427379,-0.617731295572044
MAR04294,-1000.0000000000001,-1000.0000000000001,-1000.0000000000001
MAR04298,-999.9999999999999,-999.9999999999994,-999.9999999999987
MAR04305,-1000.0000000000001,-1000.0000000000001,-1000.0000000000001
MAR04307,-1000.0000000000001,-1000.0000000000005,-1000.0000000000002
MAR04309,-1000.0000000000006,-1000.0000000000006,-1000.0000000000001
MAR04311,-1000.0000000000001,-1000.0000000000001,-1000.0000000000001
MAR04322,-5.5773707600997,-7.75265248342738,-0.617731295572044
MAR04325,-5.577370760099701,-7.75265248342738,-0.617731295572044
MAR04327,-1000.0,-1000.0,-1000.0
MAR04334,0.0,0.0,0.0
MAR04337,-8.58242043453039,-7.1892474132484505,-23.611080905812003
MAR04339,-8.58242043453039,-7.1892474132484505,-23.611080905812003
MAR04341,-1000.0,-1000.0,-1000.0
MAR04349,-1000.0,-1000.0,-1000.0
MAR04353,-1000.0000000000001,-1000.0000000000001,-999.9999999999987
MAR04357,-999.9999999999999,-999.9999999999999,-999.9999999999999
MAR04359,-999.9999999999999,-1000.0,-999.9999999999999
MAR04361,-1.0911460206690797e-13,-9.009991537849605e-13,0.0
MAR04362,0.0,0.0,0.0
MAR04364,-999.9999999999999,-999.9999999999999,-999.9999999999997
MAR04366,-1000.0,-999.9999999999999,-999.9999999999999
MAR04369,-999.9999999999999,-999.9999999999999,-1000.0
MAR04374,-1000.0,-1000.0,-1000.0
MAR04376,-1000.0,-1000.0,-999.9999999999998
MAR04378,-1000.0000000000094,-1000.0000000000032,-1000.0
MAR04380,-1000.0,-1000.0000000000014,-1000.0
MAR04382,-999.9999999999999,-999.9999999999999,-999.9999999999999
MAR04384,-1000.0,-1000.0,-1000.0
MAR04389,-7.125658742817975e-11,-1.6468524566386186e-12,0.0
MAR04392,-1000.0,-1000.0,-1000.0
MAR04395,0.0,0.0,0.0
MAR04397,0.0,0.0,0.0
MAR04405,-1000.0,-1000.0,-1000.0
MAR04407,-1000.0,-1000.0,-1000.0
MAR04409,-15.886198695953098,-12.3040369240777,-22.4256655803582
MAR04411,-9.27263742231738,-7.58406729733271,-25.3617489423549
MAR04413,0.0,0.0,0.0
MAR04438,-11.0956106095196,-6.8833064457263,-14.952050896708602
MAR04439,-2.885980176470928,-2.562854823739847,-4.75073117402703
MAR04441,0.0,0.0,0.0
MAR04443,0.0,0.0,0.0
MAR04445,-0.39567361888087305,-0.43821413272239257,-6.62659841239191
MAR04447,0.0,0.0,0.0
MAR04455,0.0,0.0,0.0
MAR04457,-16.9335110908444,-9.78993404221469,-14.9520508967086
MAR04462,0.0,0.0,0.0
MAR04463,0.0,0.0,0.0
MAR04475,0.0,0.0,0.0
MAR04478,0.0,0.0,0.0
MAR04479,-0.395673618880873,-0.438214132722394,-6.62659841239191
MAR04491,0.0,0.0,0.0
MAR04502,0.0,0.0,0.0
MAR04504,-3.7573308428705983,-3.0031284605775888,-14.9520508967086
MAR04506,-16.9335110908444,-9.78993404221469,-14.9520508967086
MAR04508,0.0,0.0,0.0
MAR04509,0.0,0.0,0.0
MAR04511,0.0,0.0,0.0
MAR04515,0.0,0.0,0.0
MAR04517,0.0,0.0,0.0
MAR04522,-3.7573308428706076,-3.0031284605775985,-14.9520508967086
MAR04562,-16.9335110908444,-9.78993404221469,-14.9520508967086
MAR04566,0.0,0.0,0.0
MAR04569,0.0,0.0,0.0
MAR04571,0.0,0.0,0.0
MAR04576,0.0,0.0,0.0
MAR04578,0.0,0.0,0.0
MAR04581,-16.9335110908444,-9.78993404221469,-14.9520508967086
MAR04598,0.0,0.0,0.0
MAR04609,0.0,0.0,0.0
MAR04610,-3.75733084287061,-3.0031284605761863,-14.9520508967086
MAR04613,-2.853493973975178e-14,0.0,0.0
MAR04616,0.0,0.0,0.0
MAR04620,0.0,0.0,0.0
MAR04622,0.0,0.0,0.0
MAR04624,-2.88598017647088,-2.56285482373985,-7.007772104704727
MAR04626,0.0,0.0,0.0
MAR04634,0.0,0.0,0.0
MAR04636,0.0,0.0,0.0
MAR04638,0.0,0.0,0.0
MAR04639,1.3035893214278094e-17,0.0,0.0
MAR04645,-0.395673618880873,-0.438214132722394,-6.62659841239191
MAR04653,0.0,0.0,0.0
MAR04659,0.0,0.0,0.0
MAR04661,-0.395673618880873,-0.438214132722394,-5.23290601278085
MAR04669,0.0,0.0,0.0
MAR04671,-2.885980176470931,-2.562854823739908,-4.7507311740270195
MAR04674,-0.395673618880873,-0.438214132722394,-1.0142758149361102
MAR04677,-0.395673618880873,-0.438214132722394,-6.62659841239191
MAR04678,-0.39567361888087305,-0.438214132722394,-1.0142758149361397
MAR04707,0.0,0.0,0.0
MAR04711,-11.095610609519602,-6.883306445726298,-14.9520508967086
MAR04713,0.0,0.0,0.0
MAR04719,-16.9335110908444,-9.78993404221469,-14.9520508967086
MAR04722,-0.39567361888087305,-0.43821413272239407,-6.62659841239191
MAR04724,0.0,0.0,0.0
MAR04726,-0.395673618880873,-0.438214132722394,-6.62659841239191
MAR04728,-0.395673618880873,-0.438214132722394,-6.62659841239191
MAR04745,0.0,0.0,0.0
MAR04747,0.0,0.0,0.0
MAR04749,0.0,0.0,0.0
MAR04751,0.0,0.0,0.0
MAR04753,0.0,0.0,0.0
MAR04759,-16.9335110908444,-9.78993404221469,-14.9520508967086
MAR04761,0.0,0.0,0.0
MAR04782,-0.395673618880873,-0.438214132722394,-6.62659841239191
MAR04783,0.0,0.0,0.0
MAR04793,0.0,0.0,0.0
MAR04794,0.0,0.0,0.0
MAR04795,0.0,0.0,0.0
MAR04798,0.0,0.0,0.0
MAR04800,0.0,0.0,0.0
MAR04801,0.0,0.0,0.0
MAR04803,0.0,0.0,0.0
MAR04805,0.0,0.0,0.0
MAR04807,-4.801434080341384,-3.989944532418005,-4.035939343606469
MAR04809,0.0,0.0,0.0
MAR04811,0.0,0.0,0.0
MAR04813,0.0,0.0,0.0
MAR04815,-2.8859801764709294,-2.562854823739859,-4.750731174027024
MAR04820,-3.757330842870613,-3.003128460577591,-14.9520508967086
MAR04821,-3.757330842870603,-3.0031284605775963,-14.9520508967086
MAR04822,0.0,4.30982135275571e-15,0.0
MAR04823,0.0,0.0,0.0
MAR04824,-11.095610609519598,-6.883306445726295,-14.952050896708595
MAR04825,0.0,0.0,0.0
MAR04826,4.501242982530454e-17,0.0,0.0
MAR04827,0.0,0.0,0.0
MAR04828,-3.7573308428707097,-3.003128460577591,-14.9520508967086
MAR04829,0.0,0.0,1.8033848012343103e-16
MAR04830,0.0,0.0,0.0
MAR04853,0.0,0.0,0.0
MAR04857,0.0,0.0,0.0
MAR04859,-16.933511090844405,-9.789934042214691,-14.952050896708611
MAR04866,-0.3956736188808729,-0.438214132722394,-6.6265984123919095
MAR04869,-0.3956736188808723,-0.438214132722394,-6.62659841239191
MAR04884,-2.885980176470728,-2.562854823739861,-7.0077721047047925
MAR04886,-16.933511090844405,-9.789934042214691,-14.9520508967086
MAR04889,-18.12053194748702,-11.104576440381875,-20.002266055251212
MAR04891,-11.491284228400453,-7.321520578448714,-20.184956909489475
MAR04895,-11.095610609519598,-6.8833064457263315,-14.9520508967086
MAR04897,-11.095610609517436,-6.8833064457263005,-14.952050896708405
MAR04899,-17.329184709725276,-10.228148174937083,-21.578649309100506
MAR04901,-0.395673618880873,-0.4382141327224135,-6.6265984123919095
MAR04909,0.0,0.0,0.0
MAR04918,-18.773914974932538,-12.806436626666759,-28.20524772149242
MAR04920,-17.329184709725276,-10.228148174938234,-21.57864930910051
MAR04921,0.0,0.0,0.0
MAR04923,-16.9335110908444,-9.78993404221469,-14.9520508967086
MAR04925,0.0,0.0,0.0
MAR04927,-12.369287655649755,-15.363118924702631,-23.551884485771946
MAR04929,-17.246207759043585,-18.221263631377077,-55.67388525196729
MAR04936,0.0,0.0,0.0
MAR04943,1.823071448075916e-14,1.914608844793872e-14,0.0
MAR04950,-16.9335110908444,-9.78993404221469,-14.952050896708602
MAR04965,0.0,0.0,0.0
MAR04966,0.0,0.0,0.0
MAR04967,0.0,0.0,0.0
MAR04968,0.0,0.0,0.0
MAR04970,0.0,0.0,0.0
MAR04974,0.0,0.0,0.0
MAR04978,0.0,0.0,0.0
MAR04981,4.309760401396216e-31,0.0,0.0
MAR04984,0.0,0.0,0.0
MAR04987,0.0,0.0,0.0
MAR04988,0.0,0.0,0.0
MAR04991,0.0,0.0,0.0
MAR05001,0.0,0.0,0.0
MAR05017,0.0,0.0,0.0
MAR05019,0.0,0.0,0.0
MAR05024,0.0,0.0,0.0
MAR05025,0.0,0.0,0.0
MAR05026,0.0,0.0,0.0
MAR05028,0.0,0.0,0.0
MAR05030,0.0,0.0,0.0
MAR05044,0.0,0.0,0.0
MAR05069,0.0,0.0,0.0
MAR05072,0.0,1.3613691193800443e-15,0.0
MAR05075,0.0,0.0,0.0
MAR05081,0.0,0.0,0.0
MAR05083,0.0,4.299248367367538e-15,-4.809026136624831e-16
MAR05086,0.0,0.0,0.0
MAR05090,0.0,0.0,0.0
MAR05093,0.0,0.0,0.0
MAR05095,0.0,0.0,0.0
MAR05097,0.0,0.0,0.0
MAR05098,0.0,0.0,0.0
MAR05100,0.0,0.0,0.0
MAR05103,-0.395673618880873,-0.438214132722394,-6.62659841239191
MAR05104,0.0,-2.42947201015106e-15,0.0
MAR05106,-0.39567361888087305,-0.43821413272239407,-6.62659841239191
MAR05108,0.0,0.0,0.0
MAR05110,0.0,0.0,0.0
MAR05111,0.0,0.0,0.0
MAR05119,0.0,0.0,0.0
MAR05120,0.0,0.0,0.0
MAR05123,0.0,0.0,4.926241843710761e-31
MAR05175,0.0,0.0,0.0
MAR05176,0.0,0.0,0.0
MAR05177,0.0,0.0,0.0
MAR05178,0.0,0.0,3.694277724911752e-31
MAR05179,0.0,0.0,0.0
MAR05180,0.0,0.0,0.0
MAR05181,0.0,0.0,0.0
MAR05182,0.0,0.0,0.0
MAR05183,0.0,0.0,0.0
MAR05184,0.0,0.0,0.0
MAR05185,0.0,0.0,0.0
MAR05186,0.0,0.0,0.0
MAR05187,0.0,0.0,0.0
MAR05188,0.0,0.0,0.0
MAR05189,0.0,0.0,0.0
MAR05190,0.0,0.0,0.0
MAR05191,0.0,0.0,0.0
MAR05192,0.0,0.0,0.0
MAR05193,0.0,0.0,0.0
MAR05194,0.0,0.0,0.0
MAR05195,0.0,0.0,0.0
MAR05196,0.0,0.0,0.0
MAR05208,0.0,0.0,0.0
MAR05229,0.0,0.0,0.0
MAR05235,0.0,0.0,0.0
MAR05242,0.0,0.0,0.0
MAR05256,0.0,0.0,4.159092783571898e-31
MAR05293,0.0,0.0,0.0
MAR05298,0.0,0.0,0.0
MAR05300,0.0,0.0,4.159092783571898e-31
MAR05302,0.0,0.0,0.0
MAR05306,0.0,0.0,0.0
MAR05309,0.0,0.0,0.0
MAR05312,0.0,0.0,0.0
MAR05321,0.0,0.0,0.0
MAR05323,0.0,0.0,0.0
MAR05325,0.0,0.0,0.0
MAR05327,0.0,0.0,0.0
MAR05329,0.0,0.0,0.0
MAR05331,0.0,0.0,0.0
MAR05334,0.0,0.0,0.0
MAR05341,0.0,0.0,0.0
MAR05343,0.0,0.0,0.0
MAR05345,0.0,0.0,0.0
MAR05350,0.0,0.0,0.0
MAR05355,0.0,0.0,0.0
MAR05356,0.0,0.0,0.0
MAR05357,0.0,0.0,0.0
MAR05358,0.0,0.0,0.0
MAR05359,0.0,0.0,0.0
MAR05360,0.0,0.0,0.0
MAR05364,0.0,0.0,0.0
MAR05365,0.0,0.0,0.0
MAR05366,0.0,0.0,0.0
MAR05367,0.0,0.0,0.0
MAR05368,0.0,0.0,0.0
MAR05369,0.0,0.0,0.0
MAR05370,0.0,0.0,0.0
MAR05371,0.0,0.0,0.0
MAR05372,0.0,0.0,0.0
MAR05373,0.0,0.0,0.0
MAR05374,0.0,0.0,0.0
MAR05375,0.0,0.0,0.0
MAR05376,0.0,0.0,0.0
MAR05377,0.0,0.0,0.0
MAR05378,0.0,0.0,0.0
MAR05379,0.0,0.0,0.0
MAR05380,0.0,0.0,0.0
MAR05382,0.0,0.0,0.0
MAR05383,0.0,0.0,0.0
MAR05402,0.0,0.0,0.0
MAR05403,0.0,0.0,-1.905286732670082e-15
MAR05404,0.0,0.0,0.0
MAR05405,0.0,0.0,0.0
MAR05408,0.0,0.0,0.0
MAR05410,0.0,0.0,0.0
MAR05412,0.0,0.0,0.0
MAR05421,0.0,0.0,0.0
MAR05425,0.0,0.0,0.0
MAR05427,0.0,0.0,0.0
MAR05428,0.0,0.0,0.0
MAR05431,0.0,0.0,0.0
MAR05434,-16.9335110908444,-9.78993404221469,-14.9520508967086
MAR05449,0.0,0.0,0.0
MAR05456,-11.095610609519577,-6.883306445726325,-14.9520508967086
MAR05988,0.0,0.0,0.0
MAR05991,-11.095610609519586,-6.883306445726336,-14.9520508967086
MAR05999,0.0,0.0,0.0
MAR06278,-11.095610609519584,-6.883306445726294,-14.9520508967086
MAR06279,0.0,0.0,0.0
MAR06280,0.0,0.0,0.0
MAR06281,0.0,0.0,0.0
MAR06282,1.9037173225201445e-15,0.0,0.0
MAR06283,0.0,0.0,0.0
MAR06284,0.0,0.0,0.0
MAR06285,0.0,0.0,0.0
MAR06319,0.0,0.0,0.0
MAR06320,0.0,0.0,0.0
MAR06322,0.0,0.0,0.0
MAR06329,0.0,0.0,0.0
MAR06344,0.0,0.0,0.0
MAR06345,0.0,0.0,0.0
MAR06346,0.0,0.0,0.0
MAR06347,0.0,0.0,0.0
MAR06348,0.0,0.0,0.0
MAR06349,0.0,0.0,0.0
MAR06350,0.0,0.0,0.0
MAR06376,0.0,0.0,0.0
MAR06378,0.0,0.0,0.0
MAR06390,0.0,0.0,0.0
MAR06407,0.0,0.0,0.0
MAR06418,0.0,0.0,0.0
MAR06437,0.0,0.0,0.0
MAR06449,0.0,0.0,0.0
MAR06452,0.0,0.0,0.0
MAR06483,0.0,-3.2734216806167713e-32,2.618737344493417e-31
MAR06485,-11.0956106095196,-6.8833064457263,-14.952050896708602
MAR06487,-3.7573308428699024,-3.0031284605775808,-14.952050896708602
MAR06489,-3.757330842870615,-3.0031284605776194,-14.952050896708602
MAR06491,0.0,0.0,0.0
MAR06493,0.0,0.0,2.589367024426812e-15
MAR06494,0.0,0.0,0.0
MAR06497,0.0,0.0,0.0
MAR06498,0.0,0.0,0.0
MAR06499,-2.8859801764709325,-2.562854823739864,-7.007772104705093
MAR06502,0.0,0.0,0.0
MAR06503,-11.0956106095196,-6.8833064457263,-14.9520508967086
MAR06504,0.0,0.0,0.0
MAR06528,0.0,0.0,0.0
MAR06538,0.0,0.0,0.0
MAR06541,0.0,0.0,0.0
MAR06582,0.0,0.0,0.0
MAR06586,-3.7573308428706143,-3.0031284605775874,-14.952050896708599
MAR06590,0.0,0.0,0.0
MAR06593,0.0,0.0,0.0
MAR06594,0.0,0.0,0.0
MAR06596,0.0,0.0,0.0
MAR06597,0.0,0.0,0.0
MAR06598,0.0,0.0,0.0
MAR06599,0.0,0.0,0.0
MAR06600,0.0,0.0,0.0
MAR06604,0.0,0.0,0.0
MAR06688,0.0,0.0,1.6180137528527277e-31
MAR06689,0.0,0.0,0.0
MAR06696,0.0,0.0,0.0
MAR06698,0.0,0.0,0.0
MAR06706,0.0,0.0,0.0
MAR06724,0.0,0.0,0.0
MAR06769,0.0,0.0,0.0
MAR06773,0.0,0.0,0.0
MAR06775,0.0,0.0,0.0
MAR06777,0.0,0.0,0.0
MAR06779,0.0,0.0,0.0
MAR06804,0.0,0.0,0.0
MAR06805,0.0,0.0,0.0
MAR06809,-0.39567361888087305,-0.43821413272239407,-6.62659841239191
MAR06810,0.0,0.0,0.0
MAR06812,0.0,0.0,0.0
MAR06816,0.0,0.0,0.0
MAR06821,0.0,0.0,0.0
MAR06825,-0.395673618880873,-0.438214132722394,-6.62659841239191
MAR06832,-0.39567361888087293,-0.43821413272239396,-6.62659841239191
MAR06833,0.0,0.0,0.0
MAR06846,0.0,0.0,0.0
MAR06847,-0.39567361888087305,-0.43821413272239407,-5.232906012780836
MAR06852,0.0,0.0,0.0
MAR06853,0.0,0.0,0.0
MAR06856,0.0,0.0,0.0
MAR06857,0.0,0.0,0.0
MAR06858,0.0,0.0,0.0
MAR06859,0.0,0.0,0.0
MAR06860,0.0,0.0,0.0
MAR06861,-2.242182560243081,-2.9633076311929516,-0.9803811878249247
MAR06862,0.0,0.0,0.0
MAR06863,0.0,0.0,0.0
MAR06864,0.0,0.0,0.0
MAR06865,0.0,0.0,0.0
MAR06866,0.0,0.0,0.0
MAR06867,0.0,0.0,0.0
MAR06868,0.0,0.0,0.0
MAR06869,0.0,0.0,0.0
MAR06870,0.0,0.0,0.0
MAR06871,0.0,0.0,0.0
MAR06872,0.0,0.0,0.0
MAR06873,0.0,0.0,0.0
MAR06884,0.0,0.0,0.0
MAR06887,-1000.0,-1000.0,-1000.0
MAR06891,0.0,0.0,0.0
MAR06892,0.0,0.0,0.0
MAR06893,0.0,0.0,0.0
MAR06894,0.0,0.0,0.0
MAR06895,0.0,0.0,0.0
MAR06896,0.0,0.0,0.0
MAR06897,0.0,0.0,0.0
MAR06898,-2.2421825602430796,-2.9633076311929503,-0.9803811878249052
MAR06899,0.0,0.0,0.0
MAR06900,0.0,0.0,0.0
MAR06913,0.0,0.0,0.0
MAR06915,0.0,0.0,0.0
MAR06917,0.0,0.0,0.0
MAR06919,0.0,0.0,0.0
MAR06920,0.0,0.0,0.0
MAR06922,0.0,0.0,0.0
MAR07101,0.0,0.0,0.0
MAR07102,0.0,0.0,0.0
MAR07105,0.0,0.0,0.0
MAR07107,0.0,0.0,0.0
MAR07148,0.0,0.0,0.0
MAR07149,-6.18988658885314,-1.45048950111214,-23.5351236905364
MAR07150,0.0,0.0,0.0
MAR07151,0.0,0.0,0.0
MAR07152,0.0,0.0,0.0
MAR07153,0.0,0.0,0.0
MAR07154,0.0,0.0,0.0
MAR07155,-37.3071292181587,-26.6766189655024,-116.756268045809
MAR07156,0.0,0.0,0.0
MAR07157,0.0,0.0,0.0
MAR07158,0.0,0.0,0.0
MAR07159,0.0,0.0,0.0
MAR07176,0.0,0.0,0.0
MAR07177,0.0,0.0,0.0
MAR07178,-37.3071292181587,-26.6766189655024,-116.756268045809
MAR07179,0.0,0.0,0.0
MAR07189,0.0,0.0,0.0
MAR07190,-14.648535768370582,-8.921367764608108,-35.77010880937429
MAR07191,0.0,0.0,0.0
MAR07192,0.0,0.0,0.0
MAR07193,-4.02203436810164,-2.80590629419326,-8.12193571470494
MAR07194,0.0,0.0,0.0
MAR07195,0.0,0.0,0.0
MAR07255,0.0,0.0,0.0
MAR07439,0.0,0.0,0.0
MAR07441,0.0,0.0,0.0
MAR07589,0.0,0.0,0.0
MAR07592,0.0,0.0,0.0
MAR07593,0.0,0.0,0.0
MAR07595,0.0,0.0,0.0
MAR07657,0.0,0.0,0.0
MAR07658,0.0,0.0,0.0
MAR07659,0.0,0.0,0.0
MAR07742,0.0,0.0,0.0
MAR07750,0.0,0.0,0.0
MAR07751,-2.885980176470934,-2.562854823739858,-7.007772104704745
MAR07752,0.0,0.0,0.0
MAR07753,0.0,0.0,0.0
MAR07754,0.0,0.0,0.0
MAR07803,0.0,0.0,0.0
MAR07805,0.0,0.0,0.0
MAR07807,0.0,0.0,0.0
MAR07809,-999.9999999999999,-999.9999999999999,-999.9999999999999
MAR07811,0.0,0.0,0.0
MAR07813,0.0,0.0,0.0
MAR07817,0.0,0.0,0.0
MAR07819,-272.8575089186448,-267.17040819445094,-355.07377105880573
MAR07821,0.0,0.0,0.0
MAR07823,0.0,0.0,0.0
MAR07926,0.0,0.0,0.0
MAR08111,0.0,0.0,0.0
MAR08204,0.0,0.0,0.0
MAR08218,0.0,0.0,0.0
MAR08274,0.0,0.0,0.0
MAR08301,0.0,0.0,0.0
MAR08386,-8.40003864888831,-5.001031251785582,-24.661737421334127
MAR08400,0.0,0.0,0.0
MAR08422,-1.5852547763228597,-0.9570997892626981,-0.547486973225524
MAR08423,-1000.0,-1000.0,-1000.0
MAR08644,-12.061345788753101,-10.530296230352901,-37.245527550876666
MAR08646,-1000.0,-1000.0,-1000.0
MAR08647,0.0,0.0,0.0
MAR08649,0.0,0.0,0.0
MAR08650,0.0,0.0,0.0
MAR08701,-1.58525477632286,-0.9570997892626426,-0.547486973225524
MAR08705,-1.5852547763228602,-0.9570997892626981,-0.547486973225524
MAR08707,-1000.0,-1000.0,-1000.0
MAR08708,0.0,0.0,0.0
MAR08832,0.0,0.0,-2.0987594596729247e-29
MAR08916,0.0,0.0,0.0
MAR08948,-1.5852547763228602,-0.9570997892626981,-0.547486973225524
MAR08949,-6.18988658885314,-1.45048950111214,-23.535123690536405
MAR08950,-1000.0,-1000.0,-1000.0
MAR08951,0.0,0.0,0.0
MAR08952,0.0,0.0,0.0
MAR08953,0.0,0.0,0.0
MAR08954,-1000.0,-1000.0,-1000.0
MAR08955,0.0,0.0,0.0
MAR08956,0.0,0.0,0.0
MAR08957,0.0,0.0,0.0
MAR08958,-1000.0,-1000.0,-1000.0
MAR08959,-1000.0,-1000.0,-1000.0
MAR08960,-1000.0,-1000.0,-1000.0
MAR08961,-1000.0,-1000.0,-1000.0
MAR08962,-14.145222283422104,-10.8035161351761,-36.9871163296962
MAR08963,-1000.0,-1000.0,-1000.0
MAR08964,-1000.0,-1000.0,-1000.0
MAR08965,-1000.0000000000001,-1000.0000000000001,-1000.0000000000001
MAR08966,-205.37131624537076,-154.61789398137088,-474.11547192010454
MAR08967,-272.3476179121461,-266.7672738920852,-354.1119888758288
MAR08968,0.0,0.0,0.0
MAR08969,0.0,0.0,0.0
MAR08970,-1000.0,-1000.0,-1000.0
MAR08971,0.0,0.0,0.0
MAR08972,0.0,0.0,0.0
MAR08974,0.0,0.0,0.0
MAR08975,0.0,0.0,0.0
MAR08976,-1000.0,-1000.0,-1000.0
MAR08977,0.0,0.0,0.0
MAR08978,0.0,0.0,0.0
MAR08979,0.0,0.0,0.0
MAR08980,-1000.0,-1000.0,-1000.0
MAR08981,-1000.0,-999.9999999999966,-1000.0
MAR08982,-2.5353502899049314,-1.791658197686867,-5.153924547947932
MAR08983,0.0,0.0,0.0
MAR08984,0.0,0.0,0.0
MAR08985,0.0,0.0,0.0
MAR08986,0.0,0.0,0.0
MAR08987,-80.47347577397144,-56.17618499317197,-151.79298044750078
MAR08988,0.0,0.0,0.0
MAR08989,-1000.0,-1000.0,-1000.0
MAR08990,-1000.0,-1000.0,-1000.0
MAR08991,-272.34761791214606,-266.7672738920856,-354.11198887582896
MAR08992,-8.35801432197145,-7.32443321286091,-17.444267417506875
MAR08993,-1000.0,-1000.0,-1000.0
MAR08994,-1000.0,-1000.0,-1000.0
MAR08995,0.0,0.0,0.0
MAR08996,0.0,0.0,0.0
MAR08997,-1000.0,-1000.0,-1000.0
MAR08998,-1000.0,-1000.0,-1000.0
MAR08999,-1000.0,-1000.0,-999.9999999999989
MAR09000,-1000.0,-1000.0,-999.9999999999994
MAR09001,-1000.0000000000002,-1000.0000000000013,-1000.0
MAR09002,-61.783983548653836,-42.0875312640936,-29.0953487863094
MAR09003,-1000.0,-1000.0,-1000.0
MAR09004,-20.137830070720685,-14.858620108626639,-77.35057048810448
MAR09005,-3.7881925377493197,-1.7322159258689658,-37.577699161215406
MAR09006,-999.9999999999995,-1000.0,-1000.0
MAR09007,-14.498175810711942,-10.87387691319565,-32.78224949762871
MAR09008,-1000.000000000002,-999.9999999999997,-1000.0000000000008
MAR09009,-11.08093125992911,-10.572004391799657,-15.36254284915776
MAR09010,-1000.0,-1000.0,-1000.0
MAR09011,-215.8132756291484,-157.42521455485394,-462.90054353965144
MAR09012,-215.81327562914856,-157.425214554854,-462.90054353964337
MAR09013,-999.9999999999999,-999.9999999999999,-999.9999999999999
MAR09021,-5.958055779295927,-5.615580192630666,-3.701687685507229
MAR09025,-3.2482384410185126,-2.58512126830494,-1.5301631426684208
MAR09026,-999.9999999999999,-1000.0,-1000.0
MAR09027,-8.206253233508228,-6.106029168055342,-27.80348320883307
MAR09028,1.035689445879936e-12,-1.7741900254805963e-12,-1.3553586087991381e-14
MAR09029,-11.16173183179227,-10.640093009593741,-15.545680842657962
MAR09030,-1000.0,-1000.0,-1000.0
MAR09031,-1000.0,-1000.0,-1000.0
MAR09057,-16.298841653006974,-15.43699238329519,-68.01486613439027
MAR09059,-29.232160026740278,-23.19239932224368,-66.0731096142527
MAR09060,-24.05433292149852,-19.7267583468887,-44.012641569216704
MAR09112,-1000.0,-1000.0000000000049,-1000.0
MAR09170,0.0,0.0,0.0
MAR09186,-1000.0,-1000.0,-1000.0
MAR09274,-7.3648422584264,-9.50838760360359,-7.30981846302828
MAR09402,-2.39563961880869,-2.40550466741948,-21.7133462195344
MAR09403,-49.02393754345543,-37.976923415748175,-83.37443631401953
MAR09459,-1000.0,-1000.0,-1000.0
MAR09526,-1000.0,-1000.0,-1000.0
MAR09533,-1000.0,-1000.0,-1000.0
MAR09576,-1000.0,-1000.0,-1000.0
MAR09589,-1000.0,-1000.0,-1000.0
MAR09723,-1000.0000000000002,-1000.0,-1000.0000000000016
MAR09736,-16.2023642247827,-5.18466694732848,-21.3507621541115
MAR09819,-0.41894098236401806,-0.605860996506991,-2.9977248069424003
MAR09820,-337.41977076055883,-262.5954098825758,-530.747563009964
MAR09821,-1000.0,-1000.0,-1000.0
MAR09822,-131.42959824529873,-122.73046932110935,-157.53497501477818
MAR09823,-999.9999999999989,-1000.0000000000002,-999.9999999999999
MAR09824,-38.52626162570679,-27.423007302876012,-161.10236164430688
MAR09825,-155.6331402662267,-104.35800792050296,-350.14451296013294
MAR09826,-1000.0000000000001,-1000.0,-1000.0
MAR09827,-30.935409290021003,-25.585200726888804,-38.67693240399951
MAR09828,-57.74924878760605,-39.17565501925344,-93.29729257335289
MAR09829,-11.602783703811754,-10.377874023592211,-22.8573103251057
MAR09830,-1000.0,-1000.0,-1000.0
MAR09831,-57.98825856072379,-45.00528323111267,-94.01129810884714
MAR09832,-49.145965219156444,-46.76204869144665,-63.608259645833414
MAR09833,-25.31839876527368,-19.48939086643648,-33.66762000665283
MAR09834,-42.723926734886874,-32.27244709287426,-71.68657380132598
MAR09835,-1000.0,-1000.0,-1000.0
MAR09836,-377.7535249845393,-275.7400991763006,-658.4420153329608
MAR09837,-579.306350505884,-497.32409704348163,-965.5103103521045
MAR09838,-1000.0,-1000.0000000000014,-1000.0
MAR09839,-1000.0,-1000.0,-1000.0
MAR09840,-40.88112026476763,-27.542205391339806,-109.68836681191064
MAR09841,-6.839214545843303,-6.885685933894421,-22.288342309701925
MAR09842,-289.4721755939212,-222.68256553743902,-443.01921417610197
MAR09843,0.0,-7.349357612902354e-15,0.0
MAR09844,-1000.0,-1000.0,-1000.0
MAR09845,-999.9999999999999,-999.9999999999999,-804.303004656291
MAR09846,-1.520474189990389,-0.281084597052462,-1.2411963458245436
MAR09847,-29.80478487519007,-22.227562536585328,-58.580160775285755
MAR09848,-1000.0,-1000.0,-1000.0000000000001
MAR09849,-1000.0,-1000.0,-811.6324603918271
MAR09850,-134.98757240859186,-136.60145756432175,-177.20932994670017
MAR09851,-1000.0000000000001,-1000.0000000000001,-1000.0000000000001
MAR09852,-192.92486876878408,-115.81662062293404,-175.1320472281792
MAR09853,-1000.0000000000001,-1000.0000000000001,-1000.0000000000001
MAR09854,-323.4129490330593,-213.38087332104678,-740.2666065933504
MAR09855,-7.697685363606239,-6.986952099701407,-12.7491677027419
MAR09856,-12.567961844924035,-13.973904199402888,-20.361740598525802
MAR09857,-1000.0,-1000.0,-1000.0
MAR09858,-1000.0,-1000.0,-1000.0
MAR09859,-19.097807787889497,-13.959367287707302,-59.69830684979719
MAR09860,-33.73036041183828,-20.97995688596362,-105.9382273823786
MAR09861,-3.924546143869422,-4.7659830490494,-17.760168919595245
MAR09862,-287.74039854317465,-191.6379681415477,-443.1256557995241
MAR09863,-0.4189409823639046,-0.6058609965069806,-2.997724806942384
MAR09864,-474.4662448473971,-411.2864547085454,-827.2040033176885
MAR09865,-16.2023642247827,-5.184666947328481,-21.350762154111504
MAR09866,-12.178861336612359,-12.87032031320972,-30.483337641487445
MAR09867,-13.67842909168658,-13.771371867788842,-44.57668461940399
MAR09868,-999.9999999999998,-1000.0,-1000.0
MAR09869,0.0,0.0,0.0
MAR09870,0.0,0.0,0.0
MAR09871,0.0,0.0,0.0
MAR09872,0.0,0.0,0.0
MAR09873,-1000.0,-1000.0,-1000.0
MAR09874,-491.1796567099984,-486.9396561077146,-694.8642113251138
MAR09875,0.0,0.0,0.0
MAR09876,0.0,0.0,0.0
MAR09877,0.0,0.0,0.0
MAR09878,-3.66365532174393,-3.53439149390999,-0.612618048237074
MAR09879,0.0,0.0,0.0
MAR09880,0.0,0.0,0.0
MAR09881,0.0,0.0,0.0
MAR09882,0.0,0.0,0.0
MAR09883,-1000.0,-1000.0,-1000.0
MAR09884,-1000.0,-1000.0,-945.1498591174596
MAR09885,-1000.0,-1000.0,-1000.0
MAR09886,-1000.0,-1000.0,-1000.0
MAR09887,0.0,0.0,0.0
MAR09888,0.0,0.0,0.0
MAR09889,-1000.0,-1000.0,-1000.0
MAR09890,-0.563629308245586,-0.480387060000112,-0.216645881455369
MAR09891,0.0,0.0,0.0
MAR09892,0.0,0.0,0.0
MAR09893,0.0,0.0,0.0
MAR09894,0.0,0.0,0.0
MAR09895,0.0,0.0,0.0
MAR09896,-1000.0,-1000.0,-1000.0
MAR09897,0.0,0.0,0.0
MAR09898,0.0,0.0,0.0
MAR09899,0.0,0.0,0.0
MAR09900,-1000.0,-1000.0,-1000.0
MAR09901,0.0,0.0,0.0
MAR09902,-1000.0,-1000.0,-1000.0
MAR09903,0.0,0.0,0.0
MAR09904,0.0,0.0,0.0
MAR09905,-3.66365532174393,-3.53439149390999,-0.612618048237074
MAR09906,0.0,0.0,0.0
MAR09907,0.0,0.0,0.0
MAR09908,0.0,0.0,0.0
MAR09909,0.0,0.0,0.0
MAR09910,0.0,0.0,0.0
MAR09911,0.0,0.0,0.0
MAR09912,-4.80143408034137,-3.98994453241801,-6.03468632260872
MAR09913,0.0,0.0,0.0
MAR09914,0.0,0.0,0.0
MAR09915,0.0,0.0,0.0
MAR09916,0.0,0.0,0.0
MAR09917,0.0,0.0,0.0
MAR09918,0.0,0.0,0.0
MAR09919,0.0,0.0,0.0
MAR09920,-37.03394640140678,-26.22602674636247,-27.05986892752683
MAR09921,-32.23251232106541,-22.236082213944453,-23.023929583921554
MAR09922,-23.846119266610266,-16.01416575397101,-19.001362611996935
MAR09923,-117.82470409325235,-95.02430293915539,-146.05398682253076
MAR09924,-25.156348001114388,-16.446539024420655,-23.02392958392152
MAR09925,-31.29157350651172,-21.0673158967551,-25.69603217294188
MAR09926,-29.384445786296094,-20.002952660497545,-23.023929583921582
MAR09927,-1000.0,-1000.0,-838.9133445396789
MAR09928,-42.71114200787856,-29.78251535468999,-62.676888648560684
MAR09929,0.0,0.0,0.0
MAR09930,-14.363285999856,-10.8265233537317,-29.22043184734044
MAR09931,0.0,0.0,0.0
MAR09932,0.0,0.0,0.0
MAR09933,0.0,0.0,0.0
MAR09934,-0.354290765548698,-0.283965354287077,-9.45118392764262
MAR09935,-1000.0,-1000.0,-1000.0
MAR09936,-59.553676099181,-61.35901833201972,-110.59535766968379
MAR09937,0.0,0.0,0.0
MAR09938,0.0,0.0,0.0
MAR09939,-1000.0,-1000.0,-1000.0
MAR09940,-7.762659380169778,-6.77710664702012,-11.121745716270222
MAR09941,0.0,0.0,0.0
MAR09942,0.0,0.0,0.0
MAR09943,0.0,0.0,0.0
MAR09944,0.0,0.0,0.0
MAR09945,0.0,0.0,0.0
MAR09946,0.0,0.0,0.0
MAR09947,0.0,0.0,0.0
MAR09948,0.0,0.0,0.0
MAR09949,-1000.0,-1000.0,-1000.0
MAR09950,0.0,0.0,0.0
MAR09951,0.0,0.0,0.0
MAR09952,-371.4005204364715,-349.2722575685596,-325.78553375815216
MAR09953,0.0,0.0,0.0
MAR09954,0.0,0.0,0.0
MAR09955,0.0,0.0,0.0
MAR09956,0.0,0.0,0.0
MAR09957,-1000.0,-1000.0,-1000.0
MAR09958,-1000.0,-1000.0,-1000.0
MAR09959,-1000.0,-1000.0,-1000.0
MAR09960,-70.87414242277492,-68.60178762686834,-161.79701279001657
MAR09961,-1000.0,-1000.0,-1000.0
MAR09962,0.0,0.0,0.0
MAR09963,0.0,0.0,0.0
MAR09964,-1000.0,-1000.0,-1000.0
MAR09965,0.0,0.0,0.0
MAR09966,-1000.0,-1000.0,-1000.0
MAR09967,-1000.0000000000001,-999.9999999999995,-1000.0000000000009
MAR09968,-1000.0,-1000.0,-1000.0
MAR09969,0.0,0.0,0.0
MAR09970,0.0,0.0,0.0
MAR09971,0.0,0.0,0.0
MAR09972,-38.634887147675194,-19.341446614831394,-112.5486180382449
MAR09973,-1000.0,-1000.0,-1000.0
MAR09974,-1000.0,-1000.0,-1000.0
MAR09975,-1000.0,-1000.0,-1000.0
MAR09976,-1000.0,-1000.0,-1000.0
MAR09977,-1000.0,-1000.0,-1000.0
MAR09978,-27.0927762560894,-24.7533794726416,-35.6765802267377
MAR09979,-1000.0,-1000.0,-1000.0
MAR09980,-1000.0,-1000.0,-1000.0
MAR09981,-1000.0,-1000.0,-1000.0
MAR09982,-1000.0,-1000.0,-1000.0
MAR09983,-1000.0,-1000.0,-1000.0
MAR09984,-1000.0,-1000.0,-1000.0
MAR09985,-26.319781660696385,-23.838259090939818,-25.71074939111414
MAR09986,0.0,0.0,0.0
MAR09987,-1000.0,-1000.0,-830.5360844849375
MAR09988,0.0,0.0,0.0
MAR09989,-1000.0,-1000.0,-1000.0
MAR09990,-1000.0,-1000.0,-1000.0
MAR09991,-1000.0,-1000.0,-1000.0
MAR09992,-1000.0,-1000.0,-1000.0
MAR09993,0.0,0.0,1.1116842514483028e-16
MAR09994,0.0,0.0,0.0
MAR09995,0.0,0.0,0.0
MAR09996,-999.9999999999998,-1000.0000000000002,-1000.0000000000008
MAR09997,0.0,0.0,0.0
MAR09998,-1000.0,-999.9999999999985,-1000.0000000000008
MAR09999,0.0,0.0,0.0
MAR10000,0.0,0.0,0.0
MAR10001,-16.9335110908444,-9.78993404221469,-14.952050896708597
MAR10002,-1000.0,-1000.0,-999.9999999999998
MAR10003,0.0,0.0,0.0
MAR10004,-1000.0,-1000.0,-1000.0
MAR10005,0.0,0.0,0.0
MAR10006,-13.078319354632118,-8.88021023531262,-26.9556822977756
MAR10007,-1000.0,-999.9999999999999,-999.9999999999999
MAR10008,-1000.0,-1000.0,-1000.0
MAR10009,-1.2660521443444201,-0.873125346541068,-1.2098765009623902
MAR10010,0.0,0.0,0.0
MAR10011,-1000.0,-1000.0,-1000.0
MAR10012,-266.27441892825993,-4.427950857875622,-55.28137880811091
MAR10013,-23.131168416298603,-21.653228570103774,-189.73896447834267
MAR10014,0.0,0.0,0.0
MAR10015,-1000.0,-1000.0,-1000.0
MAR10016,0.0,0.0,0.0
MAR10017,-1000.0,-1000.0,-803.591708143983
MAR10018,0.0,0.0,0.0
MAR10019,-1000.0,-1000.0,-1000.0
MAR10020,0.0,0.0,0.0
MAR10021,-1000.0,-1000.0,-1000.0
MAR10022,-1000.0,-1000.0,-1000.0
MAR10032,-1000.0,-1000.0,-1000.0
MAR10133,0.0,0.0,0.0
MAR10134,-1000.0,-1000.0,-1000.0
MAR10135,-1000.0,-1000.0,-1000.0
MAR10136,-8.225130504621793,-7.560525553409715,-24.96560619146966
MAR10137,-7.8708397390731015,-7.436610902661967,-24.6275142531577
MAR10138,-1000.0,-1000.0,-1000.0
MAR10139,-0.354290765548698,-0.12391465074774392,-0.33809193831204654
MAR10140,0.0,0.0,0.0
MAR10141,0.0,0.0,0.0
MAR10142,-1000.0,-1000.0,-802.3505117981626
MAR10143,-1000.0,-1000.0,-802.3505117981579
MAR10144,0.0,0.0,0.0
MAR10145,-0.3542907655487806,-0.12391465074777638,-0.3380919383120466
MAR10146,0.0,0.0,0.0
MAR10147,0.0,0.0,0.0
MAR10148,0.0,0.0,0.0
MAR10149,-1000.0,-1000.0,-802.35051179816
MAR10150,0.0,0.0,0.0
MAR10151,-1000.0,-1000.0,-802.6886037364706
MAR10152,-1000.0000000000001,-1000.0000000000001,-1000.000000000002
MAR10153,-1000.0,-1000.0,-1000.0
MAR10154,0.0,0.0,0.0
MAR10155,0.0,0.0,0.0
MAR10156,-65.07659998674364,-56.614510674453285,-9.79451328481671
MAR10157,0.0,0.0,0.0
MAR10158,-1000.0,-1000.0,-802.0124198598457
MAR10159,-1000.0000000000028,-1000.0,-1000.0000000000006
MAR10160,-1.9185189057500105,-1.3585621096643803,-0.946712392500676
MAR10161,0.0,0.0,0.0
MAR10162,-14.363285999856,-10.826523353731524,-29.220431847341494
MAR10163,0.0,0.0,0.0
MAR10164,0.0,0.0,0.0
MAR10165,0.0,0.0,0.0
MAR10166,0.0,0.0,0.0
MAR10167,-1000.0,-1000.0,-802.0124198598444
MAR10168,-1000.0,-999.9999999999993,-1000.0
MAR10169,-30.22041465770181,-21.780929527739044,-19.7014082384576
MAR10170,0.0,0.0,0.0
MAR10171,0.0,0.0,0.0
MAR10172,0.0,0.0,0.0
MAR10173,0.0,0.0,0.0
MAR10174,-1000.0000000000001,-1000.0000000000001,-1000.0000000000001
MAR10175,-1000.0,-1000.0,-1000.0
MAR10176,0.0,0.0,0.0
MAR10177,-1000.0,-1000.0,-816.9644707565549
MAR10178,-1000.0,-1000.0,-1000.0
MAR10179,-30.644914053789584,-29.323339183019055,-28.861756563401176
MAR10180,-1000.0000000000001,-1000.0000000000001,-810.4894066278744
MAR10181,-1000.0,-1000.0,-1000.0
MAR10182,-999.9999999999999,-999.9999999999999,-999.9999999999999
MAR10183,-1000.0,-1000.0,-1000.0
MAR10184,-1000.0,-1000.0,-1000.0
MAR10185,0.0,0.0,0.0
MAR10186,-38.63488714767511,-19.3414466148314,-112.54861803824498
MAR10187,0.0,0.0,0.0
MAR10188,-1000.0000000000002,-1000.0000000000002,-999.9999999999962
MAR10189,-1000.0,-1000.0,-1000.0
MAR10190,1.315695220318973e-13,0.0,0.0
MAR10191,-61.783983548653815,-46.98484680645529,-118.73767623372115
MAR10192,-1000.0,-1000.0,-1000.0000000000001
MAR10193,-35.67179093051305,-25.51252015477413,-34.32343609795294
MAR10194,-36.361299866713956,-33.90323497174301,-36.53027064946408
MAR10195,-1000.0,-1000.0,-1000.0
MAR10196,0.0,0.0,0.0
MAR10197,-1000.0,-1000.0,-1000.0
MAR10198,-1000.0,-1000.0,-1000.0
MAR10199,0.0,0.0,0.0
MAR10200,-16.9335110908444,-9.78993404221469,-14.952050896708597
MAR10201,-1000.0,-1000.0,-1000.0
MAR10202,-1000.0,-1000.0,-1000.0
MAR10203,0.0,0.0,0.0
MAR10204,0.0,0.0,0.0
MAR10205,-13.078319354632114,-8.88021023531262,-26.9556822977756
MAR10206,-1000.0,-1000.0,-1000.0
MAR10207,-1000.0000000000001,-999.999999999999,-1000.0
MAR10208,-17.882771294072644,-21.93595480325903,-26.48757856712874
MAR10209,-1000.0000000000001,-1000.0000000000001,-1000.0000000000001
MAR10210,-1000.0,-1000.0,-1000.0
MAR10211,-8.225130504621799,-7.5605255534097155,-24.96560619146975
MAR10212,-7.8708397390731,-7.436610902661968,-24.6275142531577
MAR10213,0.0,0.0,0.0
MAR10214,-0.3542907655489519,-0.12391465074857362,-0.33809193831204654
MAR10215,-0.7085815310973961,-0.2478293014954881,-0.6761838766240931
MAR10216,-0.7085815310973961,-0.2478293014954881,-0.6761838766240931
MAR10217,-7.870839739073092,-7.436610902661991,-24.627514253157702
MAR10218,-7.870839739073092,-7.436610902661991,-24.627514253157702
MAR10219,-1000.0,-1000.0,-1000.0
MAR10220,0.0,0.0,0.0
MAR10221,0.0,0.0,0.0
MAR10222,-1000.0,-1000.0,-1000.0
MAR10223,-1.9185189057500505,-1.35856210966438,-0.946712392500676
MAR10224,0.0,0.0,0.0
MAR10225,-876.3754166111942,-621.9528264847025,-1000.0
MAR10226,0.0,0.0,0.0
MAR10227,-0.354290765548698,-0.12391465074774405,-0.3380919383120466
MAR10228,0.0,0.0,0.0
MAR10229,-1000.0,-1000.0,-1000.0
MAR10230,-30.220414657701806,-21.780929527739,-19.7014082384576
MAR10231,0.0,0.0,0.0
MAR10232,-999.9999999999999,-999.9999999999999,-810.4894066278765
MAR10233,0.0,0.0,0.0
MAR10234,-1000.0000000000002,-1000.0000000000002,-810.4894066278769
MAR10235,-1000.0000000000001,-1000.0000000000001,-1000.0000000000001
MAR10236,0.0,0.0,0.0
MAR10237,0.0,0.0,0.0
MAR10238,0.0,0.0,0.0
MAR10239,0.0,0.0,0.0
MAR10240,-16.933511090844473,-9.789934042214714,-14.952050896708599
MAR10241,-42.52143302880046,-26.86846303244266,-36.625516097725935
MAR10242,-27.76257840884103,-13.194675442250908,-52.3894120752522
MAR10243,-8.634226526103006,-5.881306311239085,-9.8269498264229
MAR10244,0.0,0.0,0.0
MAR10245,0.0,0.0,0.0
MAR10246,-10.222221600734201,-7.9112880945638695,-15.3204514354319
MAR10247,-1000.0,-1000.0,-1000.0
MAR10248,-12.0613457887524,-10.530296230352901,-37.24552755087671
MAR10249,-7.762659380169788,-6.777106647020118,-11.121745716270096
MAR10250,-4.926621142179934,-3.6236548935240687,-11.79295233766239
MAR10251,0.0,0.0,0.0
MAR10252,0.0,0.0,0.0
MAR10253,0.0,0.0,0.0
MAR10254,-29.384445786296318,-20.002952660497527,-23.023929583921497
MAR10255,-36.5780033742324,-32.78814449204377,-43.246519047307594
MAR10256,-52.95969691167681,-37.38611334898936,-198.7606993790284
MAR10257,0.0,0.0,0.0
MAR10258,0.0,0.0,0.0
MAR10259,0.0,0.0,0.0
MAR10260,0.0,0.0,0.0
MAR10261,0.0,0.0,0.0
MAR10262,-999.9999999999999,-999.9999999999999,-999.9999999999969
MAR10263,-160.63196854092982,-121.87949104529304,-227.0714801673657
MAR10264,-1.9185189057499907,-1.35856210966438,-0.9467123925006761
MAR10265,-1000.0,-1000.0,-1000.0
MAR10266,0.0,0.0,0.0
MAR10267,0.0,0.0,0.0
MAR10268,0.0,0.0,0.0
MAR10269,0.0,0.0,0.0
MAR10270,0.0,0.0,0.0
MAR10271,0.0,0.0,0.0
MAR10272,0.0,0.0,0.0
MAR10273,0.0,0.0,0.0
MAR10274,0.0,0.0,0.0
MAR10275,0.0,0.0,0.0
MAR10276,0.0,0.0,0.0
MAR10277,0.0,0.0,0.0
MAR10278,0.0,0.0,0.0
MAR10279,0.0,0.0,0.0
MAR10280,0.0,0.0,0.0
MAR10281,0.0,0.0,0.0
MAR10282,0.0,0.0,0.0
MAR10283,0.0,0.0,0.0
MAR10284,0.0,0.0,0.0
MAR10285,0.0,0.0,0.0
MAR10286,0.0,0.0,0.0
MAR10287,0.0,0.0,0.0
MAR10288,0.0,0.0,0.0
MAR10289,0.0,0.0,0.0
MAR10290,0.0,0.0,0.0
MAR10291,0.0,0.0,0.0
MAR10292,0.0,0.0,0.0
MAR10293,0.0,0.0,0.0
MAR10294,0.0,0.0,0.0
MAR10295,0.0,0.0,0.0
MAR10296,0.0,0.0,0.0
MAR10297,0.0,0.0,0.0
MAR10298,0.0,0.0,0.0
MAR10299,0.0,0.0,0.0
MAR10300,0.0,0.0,0.0
MAR10301,-1.2291120797741588,-0.7458020944416787,-2.1836095366650605
MAR10302,0.0,0.0,0.0
MAR10303,0.0,0.0,0.0
MAR10304,0.0,0.0,0.0
MAR10305,0.0,0.0,0.0
MAR10306,0.0,0.0,0.0
MAR10307,0.0,0.0,0.0
MAR10308,0.0,0.0,0.0
MAR10309,0.0,0.0,0.0
MAR10310,0.0,0.0,0.0
MAR10311,0.0,0.0,0.0
MAR10312,0.0,0.0,0.0
MAR10313,0.0,0.0,0.0
MAR10314,0.0,0.0,0.0
MAR10315,0.0,0.0,0.0
MAR10316,0.0,0.0,0.0
MAR10317,0.0,0.0,0.0
MAR10318,0.0,0.0,0.0
MAR10319,0.0,0.0,0.0
MAR10320,-36.578003374232495,-32.788144492043806,-43.24651904730767
MAR10321,-16.933511090844405,-9.78993404221469,-14.952050896708599
MAR10322,0.0,0.0,0.0
MAR10323,0.0,0.0,0.0
MAR10324,0.0,0.0,0.0
MAR10325,0.0,0.0,0.0
MAR10326,0.0,0.0,0.0
MAR10327,0.0,0.0,0.0
MAR10328,0.0,0.0,0.0
MAR10329,0.0,0.0,0.0
MAR10330,0.0,0.0,0.0
MAR10331,0.0,0.0,0.0
MAR10332,0.0,0.0,0.0
MAR10333,0.0,0.0,0.0
MAR10334,0.0,0.0,0.0
MAR10335,0.0,0.0,0.0
MAR10336,0.0,0.0,0.0
MAR10337,0.0,0.0,0.0
MAR10338,0.0,0.0,0.0
MAR10339,-999.9999999999999,-999.9999999999999,-999.9999999999999
MAR10340,0.0,0.0,0.0
MAR10341,0.0,0.0,0.0
MAR10342,0.0,0.0,0.0
MAR10343,-9.8885157184167,-5.953523958349231,-25.7360912249655
MAR10344,0.0,0.0,0.0
MAR10345,-9.227073898153503,-10.311726280413646,-6.611333220106206
MAR10346,-1000.0,-1000.0,-1000.0
MAR10347,-1000.0,-1000.0000000000001,-1000.0000000000001
MAR10348,-0.3542907655487006,-0.12391465074774421,-0.33809193831204665
MAR10349,-7.29169588961615,-4.35273550683493,-21.649730779620995
MAR10350,-7.29169588961615,-4.35273550683493,-21.649730779620995
MAR10351,-7.29169588961615,-4.35273550683493,-21.649730779620995
MAR10352,-7.29169588961615,-4.35273550683493,-21.649730779620995
MAR10353,-7.29169588961615,-4.35273550683493,-21.649730779620995
MAR10354,-7.29169588961615,-4.35273550683493,-21.649730779620995
MAR10355,-27.76257840884094,-13.194675442256772,-52.38941207525235
MAR10356,-77.10433542164394,-65.96768533723032,-102.10887253289556
MAR10357,0.0,0.0,0.0
MAR10358,0.0,0.0,0.0
MAR10359,-999.9999999999972,-1000.0000000000002,-999.9999999999936
MAR10360,-1000.0,-1000.0,-1000.0
MAR10361,-1000.0,-1000.0,-1000.0
MAR10362,-1000.0,-1000.0,-1000.0
MAR10363,-1000.0,-1000.0,-816.0815130750597
MAR10364,-1000.0,-1000.0,-816.0815130750598
MAR10365,-1000.0,-1000.0,-1000.0
MAR10366,-1000.0,-1000.0,-1000.0
MAR10367,-37.033946401406666,-26.226026746349145,-29.05861590653026
MAR10368,0.0,0.0,0.0
MAR10369,-1000.0,-1000.0,-817.3328712952793
MAR10370,-1000.0,-1000.0,-1000.0
MAR10371,-12.061345788753101,-10.530296230352901,-37.24552755087671
MAR10372,-7.7626593801698,-6.777106647020121,-11.12174571627024
MAR10373,0.0,0.0,0.0
MAR10374,0.0,0.0,0.0
MAR10375,-4.926621142178159,-3.623654893526193,-11.792952337661374
MAR10376,-1000.0,-1000.0,-1000.0
MAR10377,-1000.0,-1000.0,-1000.0
MAR10378,0.0,0.0,0.0
MAR10379,-1000.0,-1000.0,-1000.0
MAR10380,0.0,0.0,0.0
MAR10381,0.0,0.0,0.0
MAR10382,0.0,0.0,0.0
MAR10383,-1000.0,-1000.0,-1000.0
MAR10384,-36.57800337423243,-32.78814449204382,-43.246519047307366
MAR10385,-999.9999999999994,-1000.0000000000002,-1000.0000000000002
MAR10386,0.0,0.0,0.0
MAR10387,-1000.0,-1000.0,-1000.0
MAR10388,-1000.0,-1000.0,-1000.0
MAR10389,-21.8758866822991,-14.374230833973346,-29.947535620968633
MAR10390,-1.9185189057499996,-1.3585621096643798,-0.946712392500676
MAR10391,-1000.0000000000002,-1000.0000000000002,-1000.0000000000002
MAR10392,-1000.0,-1000.0,-1000.0
MAR10393,-1000.0,-1000.0,-1000.0
MAR10394,-1.2291120797741506,-0.745802094441641,-2.183609536665059
MAR10395,-1000.0,-1000.0,-1000.0
MAR10396,-27.471535046538612,-14.8450769068293,-50.93649075434075
MAR10397,-51.46241231391884,-35.49711028024985,-130.2616734429292
MAR10398,-36.57800337423241,-32.788144492043656,-43.246519047310635
MAR10399,-16.9335110908444,-9.78993404221469,-14.952050896708597
MAR10400,-999.9999999999999,-999.9999999999999,-999.9999999999999
MAR10401,0.0,0.0,0.0
MAR10402,-1000.0,-1000.0,-802.0124198598473
MAR10403,0.0,0.0,0.0
MAR10404,0.0,0.0,0.0
MAR10405,-9.888515718416684,-5.953523958349231,-25.736091224989398
MAR10406,-1000.0,-1000.0,-1000.0
MAR10407,0.0,0.0,0.0
MAR10408,-1000.0,-999.9999999999992,-1000.0
MAR10409,0.0,0.0,0.0
MAR10410,-1000.0,-1000.0,-1000.0
MAR10411,0.0,0.0,0.0
MAR10412,0.0,0.0,0.0
MAR10413,0.0,0.0,0.0
MAR10414,0.0,0.0,0.0
MAR10415,0.0,0.0,0.0
MAR10416,0.0,0.0,0.0
MAR10417,0.0,0.0,0.0
MAR10418,0.0,0.0,0.0
MAR10419,0.0,0.0,0.0
MAR10420,0.0,0.0,0.0
MAR10421,0.0,0.0,0.0
MAR10422,0.0,0.0,0.0
MAR10423,0.0,0.0,0.0
MAR10424,0.0,0.0,0.0
MAR10425,0.0,0.0,0.0
MAR10426,-1000.0,-1000.0,-1000.0
MAR10427,-1000.0000000000001,-1000.0000000000001,-1000.0000000000001
MAR10428,-26.3197816606964,-23.838259090939808,-25.71074939111507
MAR10429,-1000.0000000000003,-1000.0000000000003,-999.9999999999998
MAR10430,0.0,0.0,6.61639355299794e-15
MAR10431,0.0,0.0,0.0
MAR10432,-16.85011828521144,-18.54250458987834,-32.48483530843399
MAR10433,0.0,0.0,0.0
MAR10434,-43.40712921815871,-32.77661896550241,-122.85626804580899
MAR10435,-1000.0,-1000.0,-1000.0
MAR10436,-1000.0000000000001,-1000.0000000000001,-1000.0000000000001
MAR10437,-33.829147146662436,-37.978380170150764,-109.18129648543139
MAR10438,-1000.0000000000001,-1000.0000000000001,-1000.0000000000001
MAR10439,-1000.0,-1000.0,-1000.0
MAR10440,-70.87414242277373,-68.60178762687805,-161.79701279001657
MAR10441,-27.471535046538612,-14.845076906829298,-50.93649075434075
MAR10442,-19.37470139001038,-12.187636865209669,-17.59168002587612
MAR10443,0.0,0.0,0.0
MAR10444,0.0,0.0,0.0
MAR10445,0.0,0.0,0.0
MAR10446,0.0,0.0,0.0
MAR10447,0.0,0.0,0.0
MAR10448,0.0,0.0,0.0
MAR10449,0.0,0.0,0.0
MAR10450,0.0,0.0,0.0
MAR10451,0.0,0.0,0.0
MAR10452,0.0,0.0,0.0
MAR10453,0.0,0.0,0.0
MAR10454,0.0,0.0,0.0
MAR10455,-1000.0,-1000.0,-1000.0
MAR10456,0.0,0.0,0.0
MAR10457,0.0,0.0,0.0
MAR10458,0.0,0.0,0.0
MAR10459,-2.3436482659086112e-15,0.0,-2.0840300598998172e-13
MAR10460,0.0,0.0,0.0
MAR10461,0.0,0.0,0.0
MAR10462,0.0,0.0,0.0
MAR10463,0.0,0.0,0.0
MAR10464,0.0,0.0,0.0
MAR10465,0.0,0.0,0.0
MAR10466,0.0,0.0,0.0
MAR10467,0.0,0.0,0.0
MAR10468,0.0,0.0,0.0
MAR10469,0.0,0.0,0.0
MAR10470,0.0,0.0,0.0
MAR10471,0.0,0.0,0.0
MAR10472,0.0,0.0,0.0
MAR10473,0.0,0.0,0.0
MAR10474,-14.363285999856,-10.826523353731702,-29.220431847340404
MAR10475,-77.23702830021112,-52.71936917643386,-165.57883138369195
MAR10476,-1000.0,-1000.0,-1000.0
MAR10477,0.0,0.0,-1.0598568378121244e-12
MAR10478,0.0,0.0,0.0
MAR10479,-14.363285999855998,-10.826523353731698,-29.2204318473404
MAR10480,-14.363285999855998,-10.826523353731698,-29.2204318473404
MAR10481,0.0,0.0,0.0
MAR10482,-0.841041359854096,-0.5432307302600929,-3.0824947292420806
MAR10483,-1000.0,-1000.0,-1000.0
MAR10484,-5.577370760099693,-7.75265248342739,-0.6177312955720446
MAR10485,-6.189886588853142,-1.45048950111214,-23.535123690536402
MAR10486,-4.02203436810164,-2.805906294193262,-8.12193571470494
MAR10487,-6.26421692834472,-5.7692139253862065,-9.102316902529862
MAR10488,-69.59260624709009,-57.95030270203157,-166.5086113375098
MAR10489,-1000.0,-1000.0,-1000.0
MAR10490,-8.277158617240229,-5.44740460297708,-11.841854529704564
MAR10491,-0.8410413598537498,-0.543230730260099,-3.08249472924212
MAR10492,-1000.0,-1000.0,-1000.0
MAR10493,-11.154741520199401,-15.50530496685468,-1.235462591144088
MAR10494,-6.264216928344719,-5.76921392538621,-9.102316902529862
MAR10495,-69.59260624708989,-57.95030270203116,-166.50861133750945
MAR10496,-999.9999999999999,-999.9999999999999,-999.9999999999999
MAR10497,-2.24218256024308,-2.96330763119295,-0.9803811878249261
MAR10498,-2.24218256024308,-2.96330763119295,-0.980381187824952
MAR10499,-2.24218256024308,-2.96330763119295,-0.980381187824926
MAR10500,-2.24218256024308,-2.96330763119295,-0.980381187824926
MAR10501,-2.2421825602430796,-2.96330763119295,-0.980381187824926
MAR10502,-2.2421825602430805,-2.96330763119295,-0.980381187824926
MAR10503,-2.24218256024308,-2.9633076311929507,-0.9803811878249262
MAR10504,-2.24218256024308,-2.96330763119295,-0.980381187824926
MAR10505,-2.2421825602430796,-2.96330763119295,-0.980381187824926
MAR10506,-2.24218256024308,-2.96330763119295,-0.980381187824926
MAR10507,-2.24218256024308,-2.9633076311929494,-0.980381187824926
MAR10508,-2.24218256024308,-2.963307631192951,-0.980381187824915
MAR10509,-2.24218256024308,-2.96330763119295,-0.980381187824926
MAR10510,-2.2421825602430796,-2.96330763119295,-0.980381187824926
MAR10511,-2.24218256024308,-2.96330763119295,-0.980381187824926
MAR10512,-2.2421825602430814,-2.96330763119295,-0.980381187824926
MAR10513,-2.24218256024308,-2.9633076311929516,-0.980381187824926
MAR10514,-2.24218256024308,-2.96330763119295,-0.980381187824926
MAR10515,-2.24218256024308,-2.96330763119295,-0.980381187824926
MAR10516,-2.24218256024308,-2.9633076311929494,-0.980381187824926
MAR10517,-2.24218256024308,-2.96330763119295,-0.9803811878249257
MAR10518,-2.24218256024308,-2.963307631192951,-0.980381187824926
MAR10519,-2.24218256024308,-2.96330763119295,-0.980381187824926
MAR10520,-2.24218256024308,-2.96330763119295,-0.980381187824926
MAR10521,-2.2421825602430796,-2.9633076311929503,-0.9803811878249259
MAR10522,-2.24218256024308,-2.9633076311929494,-0.9803811878249107
MAR10523,-2.24218256024308,-2.96330763119295,-0.980381187824926
MAR10524,-2.2421825602430796,-2.9633076311929467,-0.9803811878249261
MAR10525,-2.2421825602430796,-2.96330763119295,-0.9803811878249264
MAR10526,-2.242182560243082,-2.9633076311929494,-0.980381187824926
MAR10527,-2.24218256024308,-2.96330763119295,-0.980381187824926
MAR10528,-2.2421825602431182,-2.9633076311929325,-0.980381187824926
MAR10529,-2.242182560243075,-2.9633076311929494,-0.980381187824926
MAR10530,-2.2421825602430774,-2.96330763119295,-0.9803811878249253
MAR10531,-2.2421825602430867,-2.96330763119295,-0.980381187824926
MAR10532,-2.24218256024308,-2.9633076311929516,-0.980381187824944
MAR10533,-2.2421825602430805,-2.9633076311929423,-0.980381187824926
MAR10534,-2.24218256024308,-2.9633076311929503,-0.980381187824926
MAR10535,-2.242182560243079,-2.9633076311929494,-0.980381187824926
MAR10536,-2.24218256024308,-2.96330763119295,-0.980381187824926
MAR10537,-2.2421825602430796,-2.96330763119295,-0.980381187824926
MAR10538,-2.24218256024308,-2.963307631192946,-0.980381187824926
MAR10539,-2.24218256024308,-2.96330763119295,-0.9803811878249263
MAR10540,-2.24218256024308,-2.963307631192944,-0.980381187824926
MAR10541,-2.24218256024308,-2.9633076311929187,-0.9803811878249263
MAR10542,-2.2421825602430805,-2.9633076311929485,-0.980381187824926
MAR10543,-2.24218256024308,-2.963307631192953,-0.980381187824926
MAR10544,-2.24218256024308,-2.96330763119295,-0.9803811878249261
MAR10545,-2.24218256024308,-2.96330763119295,-0.980381187824926
MAR10546,-2.24218256024308,-2.96330763119295,-0.980381187824926
MAR10547,-2.24218256024308,-2.96330763119295,-0.980381187824926
MAR10548,-2.242182560243083,-2.9633076311929494,-0.980381187824926
MAR10549,-2.24218256024308,-2.96330763119295,-0.980381187824926
MAR10550,-2.2421825602430796,-2.96330763119295,-0.9803811878249261
MAR10551,-2.24218256024308,-2.9633076311929463,-0.9803811878249263
MAR10552,-2.24218256024308,-2.96330763119295,-0.980381187824926
MAR10553,-2.24218256024308,-2.96330763119295,-0.9803811878249261
MAR10554,-2.2421825602430796,-2.963307631192951,-0.980381187824926
MAR10555,-2.24218256024308,-2.96330763119295,-0.9803811878249273
MAR10556,-2.2421825602428394,-2.96330763119295,-0.980381187824926
MAR10557,-2.24218256024308,-2.96330763119295,-0.9803811878249261
MAR10558,-2.2421825602430787,-2.96330763119295,-0.9803811878249257
MAR10559,-2.24218256024308,-2.96330763119295,-0.980381187824926
MAR10560,-2.24218256024308,-2.96330763119295,-0.980381187824926
MAR10561,-2.24218256024308,-2.96330763119295,-0.980381187824926
MAR10562,-2.24218256024308,-2.96330763119295,-0.980381187824926
MAR10563,-2.24218256024308,-2.963307631192965,-0.980381187824926
MAR10564,-2.24218256024308,-2.96330763119295,-0.9803811878249261
MAR10565,-2.24218256024308,-2.963307631193304,-0.980381187824926
MAR10566,-2.2421825602430805,-2.9633076311929503,-0.980381187824926
MAR10567,-2.24218256024308,-2.963307631192951,-0.980381187824926
MAR10568,-2.24218256024308,-2.9633076311929503,-0.980381187824926
MAR10569,-2.24218256024308,-2.96330763119295,-0.980381187824926
MAR10570,-2.2421825602430787,-2.96330763119295,-0.980381187824926
MAR10571,-2.24218256024308,-2.96330763119295,-0.980381187824926
MAR10572,-2.24218256024308,-2.9633076311929494,-0.980381187824926
MAR10573,-2.24218256024308,-2.96330763119295,-0.980381187824926
MAR10574,-2.242182560243077,-2.96330763119295,-0.980381187824926
MAR10575,-2.24218256024308,-2.96330763119295,-0.980381187824926
MAR10576,-2.2421825602430836,-2.96330763119295,-0.980381187824926
MAR10577,-2.24218256024308,-2.96330763119295,-0.980381187824926
MAR10578,-2.24218256024308,-2.9633076311929516,-0.9803811878249261
MAR10579,-2.24218256024308,-2.9633076311929503,-0.9803811878249263
MAR10580,-2.24218256024308,-2.963307631192957,-0.9803811878249259
MAR10581,-2.24218256024308,-2.9633076311929494,-0.980381187824926
MAR10582,-2.24218256024308,-2.9633076311929503,-0.9803811878249262
MAR10583,-2.24218256024308,-2.9633076311929534,-0.9803811878249259
MAR10584,-2.242182560243078,-2.963307631193066,-0.980381187824926
MAR10585,-2.242182560243059,-2.9633076311929503,-0.9803811878249258
MAR10586,-2.2421825602430796,-2.96330763119295,-0.980381187824926
MAR10587,-2.24218256024308,-2.963307631192953,-0.980381187824926
MAR10588,-2.2421825602430805,-2.96330763119295,-0.980381187824926
MAR10589,-2.24218256024308,-2.96330763119295,-0.980381187824926
MAR10590,-2.2421825602430783,-2.96330763119295,-0.980381187824926
MAR10591,-2.24218256024308,-2.963307631192948,-0.9803811878249262
MAR10592,-2.24218256024308,-2.96330763119295,-0.9803811878249356
MAR10593,-2.24218256024308,-2.96330763119295,-0.980381187824926
MAR10594,-2.24218256024308,-2.96330763119295,-0.9803811878249261
MAR10595,-2.2421825602430796,-2.96330763119295,-0.980381187824926
MAR10596,-2.24218256024308,-2.9633076311929494,-0.980381187824926
MAR10597,-2.2421825602430796,-2.963307631192944,-0.9803811878249264
MAR10598,-2.24218256024308,-2.9633076311929503,-0.980381187824926
MAR10599,-2.24218256024308,-2.96330763119295,-0.980381187824926
MAR10600,-2.2421825602430805,-2.9633076311929494,-0.980381187824926
MAR10601,-2.24218256024308,-2.9633076311929503,-0.980381187824926
MAR10602,-2.2421825602430805,-2.96330763119295,-0.980381187824926
MAR10603,-2.24218256024308,-2.96330763119295,-0.980381187824926
MAR10604,-2.2421825602430796,-2.96330763119295,-0.980381187824926
MAR10605,-2.24218256024308,-2.9633076311929503,-0.980381187824926
MAR10606,-2.2421825602430805,-2.96330763119295,-0.9803811878249263
MAR10607,-2.2421825602430774,-2.96330763119295,-0.980381187824926
MAR10608,-2.24218256024308,-2.9633076311929503,-0.980381187824926
MAR10609,-2.2421825602430756,-2.96330763119295,-0.980381187824926
MAR10610,-2.24218256024308,-2.96330763119295,-0.980381187824926
MAR10611,-2.24218256024308,-2.9633076311929503,-0.980381187824926
MAR10612,-2.24218256024308,-2.96330763119295,-0.980381187824926
MAR10613,-2.2421825602430805,-2.96330763119295,-0.9803811878249258
MAR10614,-2.24218256024308,-2.9633076311929503,-0.9803811878249263
MAR10615,-2.24218256024308,-2.9633076311929503,-0.9803811878249257
MAR10616,-2.24218256024308,-2.96330763119295,-0.980381187824926
MAR10617,-2.24218256024308,-2.96330763119295,-0.980381187824926
MAR10618,-2.24218256024308,-2.96330763119295,-0.980381187824926
MAR10619,-2.24218256024308,-2.9633076311929503,-0.9803811878249261
MAR10620,-2.2421825602430805,-2.96330763119295,-0.980381187824926
MAR10621,-2.24218256024308,-2.96330763119295,-0.980381187824926
MAR10622,-2.24218256024308,-2.96330763119295,-0.980381187824926
MAR10623,-2.242182560243075,-2.96330763119295,-0.980381187824926
MAR10624,-2.24218256024308,-2.96330763119295,-0.980381187824926
MAR10625,-2.24218256024308,-2.96330763119295,-0.980381187824926
MAR10626,-2.24218256024308,-2.96330763119295,-0.980381187824926
MAR10627,-2.24218256024308,-2.9633076311929467,-0.980381187824926
MAR10628,-2.242182560243094,-2.9633076311929494,-0.9803811878249259
MAR10629,-2.2421825602430805,-2.96330763119295,-0.980381187824926
MAR10630,-2.2421825602430774,-2.9633076311929503,-0.9803811878249268
MAR10631,-2.2421825602430814,-2.96330763119295,-0.980381187824926
MAR10632,-2.2421825602430796,-2.963307631192953,-0.980381187824926
MAR10633,-2.24218256024308,-2.963307631192953,-0.980381187824926
MAR10634,-2.24218256024308,-2.9633076311929503,-0.980381187824926
MAR10635,-2.2421825602430823,-2.96330763119295,-0.980381187824926
MAR10636,-2.24218256024308,-2.9633076311929503,-0.980381187824926
MAR10637,-2.2421825602430805,-2.96330763119295,-0.980381187824926
MAR10638,-2.242182560243078,-2.96330763119295,-0.980381187824926
MAR10639,-2.24218256024308,-2.96330763119295,-0.980381187824926
MAR10640,-2.24218256024308,-2.96330763119295,-0.980381187824926
MAR10641,-2.2421825602430823,-2.9633076311929494,-0.980381187824926
MAR10642,-2.24218256024308,-2.96330763119295,-0.980381187824926
MAR10643,-2.24218256024308,-2.96330763119295,-0.980381187824926
MAR10644,-2.2421825602430796,-2.9633076311929494,-0.980381187824926
MAR10645,-2.2421825602430814,-2.96330763119295,-0.980381187824926
MAR10646,-2.24218256024308,-2.96330763119295,-0.980381187824926
MAR10647,-2.24218256024308,-2.96330763119295,-0.980381187824926
MAR10648,-2.24218256024307,-2.9633076311929503,-0.980381187824926
MAR10649,-2.24218256024308,-2.96330763119295,-0.980381187824926
MAR10650,-2.24218256024308,-2.9633076311929516,-0.980381187824926
MAR10651,-2.2421825602430796,-2.9633076311929494,-0.9803811878249259
MAR10652,-2.24218256024308,-2.963307631192948,-0.980381187824926
MAR10653,-2.24218256024308,-2.96330763119295,-0.9803811878249351
MAR10654,-2.24218256024308,-2.963307631192949,-0.980381187824926
MAR10655,-2.24218256024308,-2.96330763119295,-0.980381187824926
MAR10656,-2.24218256024308,-2.96330763119295,-0.9803811878249252
MAR10657,-2.24218256024308,-2.9633076311929503,-0.980381187824926
MAR10658,-2.24218256024308,-2.9633076311929494,-0.980381187824926
MAR10659,-2.24218256024308,-2.9633076311929494,-0.980381187824926
MAR10660,-2.24218256024308,-2.96330763119295,-0.980381187824926
MAR10661,-2.242182560243085,-2.9633076311929503,-0.980381187824926
MAR10662,-2.24218256024308,-2.9633076311929485,-0.980381187824926
MAR10663,-2.24218256024308,-2.9633076311929507,-0.980381187824934
MAR10664,-2.24218256024308,-2.96330763119295,-0.9803811878249167
MAR10665,-2.24218256024308,-2.96330763119295,-0.9803811878249259
MAR10666,-2.24218256024308,-2.9633076311929485,-0.9803811878249263
MAR10667,-2.24218256024308,-2.96330763119295,-0.980381187824926
MAR10668,-2.2421825602430805,-2.96330763119295,-0.980381187824926
MAR10669,-2.2421825602430805,-2.96330763119295,-0.9803811878249344
MAR10670,-2.24218256024308,-2.96330763119295,-0.980381187824926
MAR10671,-2.24218256024308,-2.96330763119295,-0.980381187824926
MAR10672,-2.24218256024308,-2.96330763119295,-0.980381187824926
MAR10673,-2.24218256024308,-2.96330763119295,-0.9803811878249259
MAR10674,-2.24218256024308,-2.96330763119295,-0.980381187824926
MAR10675,-2.2421825602430805,-2.96330763119295,-0.980381187824926
MAR10676,-2.24218256024308,-2.9633076311929516,-0.980381187824926
MAR10677,-2.2421825602430796,-2.96330763119295,-0.980381187824926
MAR10678,-2.2421825602430814,-2.96330763119295,-0.9803811878249258
MAR10679,-2.2421825602430805,-2.9633076311929503,-0.980381187824926
MAR10680,-2.2421825602430805,-2.96330763119295,-0.9803811878249261
MAR10681,-2.2421825602430796,-2.96330763119295,-0.980381187824926
MAR10682,-2.24218256024308,-2.96330763119295,-0.980381187824926
MAR10683,-2.24218256024308,-2.96330763119295,-0.980381187824926
MAR10684,-2.24218256024308,-2.96330763119295,-0.980381187824926
MAR10685,-2.24218256024308,-2.96330763119295,-0.980381187824926
MAR10686,-2.24218256024308,-2.96330763119295,-0.980381187824926
MAR10687,-2.2421825602430796,-2.96330763119295,-0.980381187824926
MAR10688,-2.24218256024308,-2.96330763119295,-0.980381187824926
MAR10689,-2.24218256024308,-2.96330763119295,-0.980381187824926
MAR10690,-2.24218256024308,-2.96330763119295,-0.980381187824926
MAR10691,-2.24218256024308,-2.96330763119295,-0.980381187824926
MAR10692,-2.24218256024308,-2.96330763119295,-0.9803811878249263
MAR10693,-2.24218256024308,-2.9633076311929503,-0.980381187824926
MAR10694,-2.242182560243079,-2.9633076311929503,-0.980381187824926
MAR10695,-2.24218256024308,-2.96330763119295,-0.9803811878249432
MAR10696,-2.24218256024308,-2.96330763119295,-0.9803811878249257
MAR10697,-2.24218256024308,-2.96330763119295,-0.9803811878249261
MAR10698,-2.2421825602430805,-2.9633076311929503,-0.9803811878249261
MAR10699,-2.24218256024308,-2.96330763119295,-0.9803811878249261
MAR10700,-2.24218256024308,-2.9633076311929503,-0.980381187824926
MAR10701,-2.24218256024308,-2.96330763119295,-0.980381187824926
MAR10702,-2.2421825602430787,-2.96330763119295,-0.9803811878249257
MAR10703,-2.24218256024308,-2.96330763119295,-0.980381187824926
MAR10704,-2.242182560243081,-2.9633076311929507,-0.980381187824926
MAR10705,-2.24218256024308,-2.96330763119295,-0.980381187824926
MAR10706,-2.24218256024308,-2.96330763119295,-0.980381187824926
MAR10707,-2.24218256024308,-2.96330763119295,-0.980381187824926
MAR10708,-2.2421825602430783,-2.96330763119295,-0.980381187824926
MAR10709,-2.24218256024308,-2.96330763119295,-0.980381187824926
MAR10710,-2.242182560243079,-2.96330763119295,-0.980381187824926
MAR10711,-2.24218256024308,-2.96330763119295,-0.980381187824926
MAR10712,-2.24218256024308,-2.96330763119295,-0.980381187824926
MAR10713,-2.2421825602430796,-2.96330763119295,-0.980381187824926
MAR10714,-2.24218256024308,-2.9633076311929503,-0.980381187824926
MAR10715,-2.2421825602430796,-2.96330763119295,-0.980381187824926
MAR10716,-2.24218256024308,-2.9633076311929476,-0.980381187824926
MAR10717,-2.2421825602430805,-2.96330763119295,-0.980381187824926
MAR10718,-2.24218256024308,-2.9633076311929516,-0.980381187824926
MAR10719,-2.2421825602430796,-2.963307631192989,-0.980381187824926
MAR10720,-2.242182560243081,-2.96330763119295,-0.980381187824926
MAR10721,-2.24218256024308,-2.9633076311929503,-0.980381187824926
MAR10722,-2.242182560243081,-2.9633076311929516,-0.980381187824926
MAR10723,-2.24218256024308,-2.96330763119295,-0.980381187824926
MAR10724,-2.24218256024308,-2.9633076311929503,-0.980381187824926
MAR10725,-2.24218256024308,-2.96330763119295,-0.980381187824926
MAR10726,-2.2421825602430805,-2.96330763119295,-0.980381187824926
MAR10727,-2.2421825602430783,-2.9633076311929503,-0.980381187824926
MAR10728,-2.2421825602430805,-2.9633076311929476,-0.980381187824926
MAR10729,-2.24218256024308,-2.9633076311929503,-0.9803811878249257
MAR10730,-2.2421825602430796,-2.96330763119295,-0.980381187824926
MAR10731,-2.24218256024308,-2.9633076311934476,-0.980381187824926
MAR10732,-2.24218256024308,-2.96330763119295,-0.9803811878249253
MAR10733,-2.242182560243079,-2.96330763119295,-0.980381187824926
MAR10734,-2.2421825602430796,-2.9633076311929503,-0.9803811878249257
MAR10735,-2.2421825602430796,-2.96330763119295,-0.980381187824926
MAR10736,-2.24218256024308,-2.96330763119295,-0.980381187824926
MAR10737,-2.2421825602430796,-2.96330763119295,-0.9803811878249261
MAR10738,-2.24218256024308,-2.96330763119295,-0.980381187824926
MAR10739,-2.24218256024308,-2.96330763119295,-0.980381187824926
MAR10740,-2.24218256024308,-2.96330763119295,-0.980381187824926
MAR10741,-2.24218256024308,-2.96330763119295,-0.980381187824926
MAR10742,-2.24218256024308,-2.96330763119295,-0.980381187824926
MAR10743,-2.24218256024308,-2.96330763119295,-0.980381187824926
MAR10744,-2.24218256024308,-2.96330763119295,-0.980381187824926
MAR10745,-2.24218256024308,-2.96330763119295,-0.980381187824926
MAR10746,-2.24218256024308,-2.96330763119295,-0.980381187824926
MAR10747,-2.24218256024308,-2.96330763119295,-0.980381187824926
MAR10748,-2.24218256024308,-2.96330763119295,-0.980381187824926
MAR10749,-2.24218256024308,-2.96330763119295,-0.980381187824926
MAR10750,-2.24218256024308,-2.96330763119295,-0.980381187824926
MAR10751,-2.24218256024308,-2.96330763119295,-0.980381187824926
MAR10752,-2.24218256024308,-2.96330763119295,-0.980381187824926
MAR10753,-2.24218256024308,-2.96330763119295,-0.980381187824926
MAR10754,-2.24218256024308,-2.96330763119295,-0.980381187824926
MAR10755,-2.24218256024308,-2.96330763119295,-0.980381187824926
MAR10756,-2.24218256024308,-2.96330763119295,-0.980381187824926
MAR10757,-2.24218256024308,-2.96330763119295,-0.980381187824926
MAR10758,-2.24218256024308,-2.96330763119295,-0.980381187824926
MAR10759,-2.24218256024308,-2.96330763119295,-0.980381187824926
MAR10760,-2.24218256024308,-2.96330763119295,-0.980381187824926
MAR10761,-2.24218256024308,-2.96330763119295,-0.980381187824926
MAR10762,-2.24218256024308,-2.96330763119295,-0.980381187824926
MAR10763,-2.24218256024308,-2.96330763119295,-0.980381187824926
MAR10764,-2.24218256024308,-2.96330763119295,-0.980381187824926
MAR10765,-2.24218256024308,-2.96330763119295,-0.980381187824926
MAR10766,-2.24218256024308,-2.96330763119295,-0.980381187824926
MAR10767,-2.24218256024308,-2.96330763119295,-0.980381187824926
MAR10768,-2.24218256024308,-2.96330763119295,-0.980381187824926
MAR10769,-2.24218256024308,-2.96330763119295,-0.980381187824926
MAR10770,-2.24218256024308,-2.96330763119295,-0.980381187824926
MAR10771,-2.24218256024308,-2.96330763119295,-0.980381187824926
MAR10772,-2.24218256024308,-2.96330763119295,-0.980381187824926
MAR10773,-2.24218256024308,-2.96330763119295,-0.980381187824926
MAR10774,-2.24218256024308,-2.96330763119295,-0.980381187824926
MAR10775,-2.24218256024308,-2.96330763119295,-0.980381187824926
MAR10776,-2.24218256024308,-2.96330763119295,-0.980381187824926
MAR10777,-2.24218256024308,-2.96330763119295,-0.980381187824926
MAR10778,-2.24218256024308,-2.96330763119295,-0.980381187824926
MAR10779,-2.24218256024308,-2.96330763119295,-0.980381187824926
MAR10780,-2.24218256024308,-2.96330763119295,-0.980381187824926
MAR10781,-2.24218256024308,-2.96330763119295,-0.980381187824926
MAR10782,-2.24218256024308,-2.96330763119295,-0.980381187824926
MAR10783,-2.24218256024308,-2.96330763119295,-0.980381187824926
MAR10784,-2.24218256024308,-2.96330763119295,-0.980381187824926
MAR10785,-2.24218256024308,-2.96330763119295,-0.980381187824926
MAR10786,-2.24218256024308,-2.96330763119295,-0.980381187824926
MAR10787,-2.24218256024308,-2.96330763119295,-0.980381187824926
MAR10788,-2.24218256024308,-2.96330763119295,-0.980381187824926
MAR10789,-2.24218256024308,-2.96330763119295,-0.980381187824926
MAR10790,-2.24218256024308,-2.96330763119295,-0.980381187824926
MAR10791,-2.24218256024308,-2.96330763119295,-0.980381187824926
MAR10792,-2.24218256024308,-2.96330763119295,-0.980381187824926
MAR10793,-2.24218256024308,-2.96330763119295,-0.980381187824926
MAR10794,-2.24218256024308,-2.96330763119295,-0.980381187824926
MAR10795,-2.24218256024308,-2.96330763119295,-0.980381187824926
MAR10796,-2.24218256024308,-2.96330763119295,-0.980381187824926
MAR10797,-2.24218256024308,-2.96330763119295,-0.980381187824926
MAR10798,-2.24218256024308,-2.96330763119295,-0.980381187824926
MAR10799,-2.24218256024308,-2.96330763119295,-0.980381187824926
MAR10800,-2.24218256024308,-2.96330763119295,-0.980381187824926
MAR10801,-2.24218256024308,-2.96330763119295,-0.980381187824926
MAR10802,-2.24218256024308,-2.96330763119295,-0.980381187824926
MAR10803,-2.24218256024308,-2.96330763119295,-0.980381187824926
MAR10804,-2.24218256024308,-2.96330763119295,-0.980381187824926
MAR10805,-2.24218256024308,-2.96330763119295,-0.980381187824926
MAR10806,-2.24218256024308,-2.96330763119295,-0.980381187824926
MAR10807,-2.24218256024308,-2.96330763119295,-0.980381187824926
MAR10808,-2.24218256024308,-2.96330763119295,-0.980381187824926
MAR10809,-2.24218256024308,-2.96330763119295,-0.980381187824926
MAR10810,-2.24218256024308,-2.96330763119295,-0.980381187824926
MAR10811,-2.24218256024308,-2.96330763119295,-0.980381187824926
MAR10812,-2.24218256024308,-2.96330763119295,-0.980381187824926
MAR10813,-2.24218256024308,-2.96330763119295,-0.980381187824926
MAR10814,-2.24218256024308,-2.96330763119295,-0.980381187824926
MAR10815,-2.24218256024308,-2.96330763119295,-0.980381187824926
MAR10816,-2.24218256024308,-2.96330763119295,-0.980381187824926
MAR10817,-2.24218256024308,-2.96330763119295,-0.980381187824926
MAR10818,-2.24218256024308,-2.96330763119295,-0.980381187824926
MAR10819,-2.24218256024308,-2.96330763119295,-0.980381187824926
MAR10820,-2.24218256024308,-2.96330763119295,-0.980381187824926
MAR10821,-2.24218256024308,-2.96330763119295,-0.980381187824926
MAR10822,-2.24218256024308,-2.96330763119295,-0.980381187824926
MAR10823,-2.24218256024308,-2.96330763119295,-0.980381187824926
MAR10824,-2.24218256024308,-2.96330763119295,-0.980381187824926
MAR10825,-2.24218256024308,-2.96330763119295,-0.980381187824926
MAR10826,-2.24218256024308,-2.96330763119295,-0.980381187824926
MAR10827,-2.24218256024308,-2.96330763119295,-0.980381187824926
MAR10828,-2.24218256024308,-2.96330763119295,-0.980381187824926
MAR10829,-2.24218256024308,-2.96330763119295,-0.980381187824926
MAR10830,-2.24218256024308,-2.96330763119295,-0.980381187824926
MAR10831,-2.24218256024308,-2.96330763119295,-0.980381187824926
MAR10832,-2.24218256024308,-2.96330763119295,-0.980381187824926
MAR10833,-2.24218256024308,-2.96330763119295,-0.980381187824926
MAR10834,-2.24218256024308,-2.96330763119295,-0.980381187824926
MAR10835,-2.24218256024308,-2.96330763119295,-0.980381187824926
MAR10836,-2.24218256024308,-2.96330763119295,-0.980381187824926
MAR10837,-2.24218256024308,-2.96330763119295,-0.980381187824926
MAR10838,-2.24218256024308,-2.96330763119295,-0.980381187824926
MAR10839,-2.24218256024308,-2.96330763119295,-0.980381187824926
MAR10840,-2.24218256024308,-2.96330763119295,-0.980381187824926
MAR10841,-2.24218256024308,-2.96330763119295,-0.980381187824926
MAR10842,-2.24218256024308,-2.96330763119295,-0.980381187824926
MAR10843,-2.24218256024308,-2.96330763119295,-0.980381187824926
MAR10844,-2.24218256024308,-2.96330763119295,-0.980381187824926
MAR10845,-2.24218256024308,-2.96330763119295,-0.980381187824926
MAR10846,-2.24218256024308,-2.96330763119295,-0.980381187824926
MAR10847,-2.24218256024308,-2.96330763119295,-0.980381187824926
MAR10848,-2.24218256024308,-2.96330763119295,-0.980381187824926
MAR10849,-2.24218256024308,-2.96330763119295,-0.980381187824926
MAR10850,-2.24218256024308,-2.96330763119295,-0.980381187824926
MAR10851,-2.24218256024308,-2.96330763119295,-0.980381187824926
MAR10852,-2.24218256024308,-2.96330763119295,-0.980381187824926
MAR10853,-2.24218256024308,-2.96330763119295,-0.980381187824926
MAR10854,-2.24218256024308,-2.96330763119295,-0.980381187824926
MAR10855,-2.24218256024308,-2.96330763119295,-0.980381187824926
MAR10856,-2.24218256024308,-2.96330763119295,-0.980381187824926
MAR10857,-2.24218256024308,-2.96330763119295,-0.980381187824926
MAR10858,-2.24218256024308,-2.96330763119295,-0.980381187824926
MAR10859,-2.24218256024308,-2.96330763119295,-0.980381187824926
MAR10860,-2.24218256024308,-2.96330763119295,-0.980381187824926
MAR10861,-2.24218256024308,-2.96330763119295,-0.980381187824926
MAR10862,-2.24218256024308,-2.96330763119295,-0.980381187824926
MAR10863,-2.24218256024308,-2.96330763119295,-0.980381187824926
MAR10864,-2.24218256024308,-2.96330763119295,-0.980381187824926
MAR10865,-2.24218256024308,-2.96330763119295,-0.980381187824926
MAR10866,-2.24218256024308,-2.96330763119295,-0.980381187824926
MAR10867,-2.24218256024308,-2.96330763119295,-0.980381187824926
MAR10868,-2.24218256024308,-2.96330763119295,-0.980381187824926
MAR10869,-2.24218256024308,-2.96330763119295,-0.980381187824926
MAR10870,-2.24218256024308,-2.96330763119295,-0.980381187824926
MAR10871,-2.24218256024308,-2.96330763119295,-0.980381187824926
MAR10872,-2.24218256024308,-2.96330763119295,-0.980381187824926
MAR10873,-2.24218256024308,-2.96330763119295,-0.980381187824926
MAR10874,-2.24218256024308,-2.96330763119295,-0.980381187824926
MAR10875,-2.24218256024308,-2.96330763119295,-0.980381187824926
MAR10876,-2.24218256024308,-2.96330763119295,-0.980381187824926
MAR10877,-2.24218256024308,-2.96330763119295,-0.980381187824926
MAR10878,-2.24218256024308,-2.96330763119295,-0.980381187824926
MAR10879,-2.24218256024308,-2.96330763119295,-0.980381187824926
MAR10880,-2.24218256024308,-2.96330763119295,-0.980381187824926
MAR10881,-2.24218256024308,-2.96330763119295,-0.980381187824926
MAR10882,-2.24218256024308,-2.96330763119295,-0.980381187824926
MAR10883,-2.24218256024308,-2.96330763119295,-0.980381187824926
MAR10884,-2.24218256024308,-2.96330763119295,-0.980381187824926
MAR10885,-2.24218256024308,-2.96330763119295,-0.980381187824926
MAR10886,-2.24218256024308,-2.96330763119295,-0.980381187824926
MAR10887,-2.24218256024308,-2.96330763119295,-0.980381187824926
MAR10888,-2.24218256024308,-2.96330763119295,-0.980381187824926
MAR10889,-2.24218256024308,-2.96330763119295,-0.980381187824926
MAR10890,-2.24218256024308,-2.96330763119295,-0.980381187824926
MAR10891,-2.24218256024308,-2.96330763119295,-0.980381187824926
MAR10892,-2.24218256024308,-2.96330763119295,-0.980381187824926
MAR10893,-2.24218256024308,-2.96330763119295,-0.980381187824926
MAR10894,-2.24218256024308,-2.96330763119295,-0.980381187824926
MAR10895,-2.24218256024308,-2.96330763119295,-0.980381187824926
MAR10896,-2.24218256024308,-2.96330763119295,-0.980381187824926
MAR10897,-2.24218256024308,-2.96330763119295,-0.980381187824926
MAR10898,-2.24218256024308,-2.96330763119295,-0.980381187824926
MAR10899,-2.24218256024308,-2.96330763119295,-0.980381187824926
MAR10900,-2.24218256024308,-2.96330763119295,-0.980381187824926
MAR10901,-2.24218256024308,-2.96330763119295,-0.980381187824926
MAR10902,-2.24218256024308,-2.96330763119295,-0.980381187824926
MAR10903,-2.24218256024308,-2.96330763119295,-0.980381187824926
MAR10904,-2.24218256024308,-2.96330763119295,-0.980381187824926
MAR10905,-2.24218256024308,-2.96330763119295,-0.980381187824926
MAR10906,-2.24218256024308,-2.96330763119295,-0.980381187824926
MAR10907,-2.24218256024308,-2.96330763119295,-0.980381187824926
MAR10908,-2.24218256024308,-2.96330763119295,-0.980381187824926
MAR10909,-2.24218256024308,-2.96330763119295,-0.980381187824926
MAR10910,-2.24218256024308,-2.96330763119295,-0.980381187824926
MAR10911,-2.24218256024308,-2.96330763119295,-0.980381187824926
MAR10912,-2.24218256024308,-2.96330763119295,-0.980381187824926
MAR10913,-2.24218256024308,-2.96330763119295,-0.980381187824926
MAR10914,-2.24218256024308,-2.96330763119295,-0.980381187824926
MAR10915,-2.24218256024308,-2.96330763119295,-0.980381187824926
MAR10916,-2.24218256024308,-2.96330763119295,-0.980381187824926
MAR10917,-2.24218256024308,-2.96330763119295,-0.980381187824926
MAR10918,-2.24218256024308,-2.96330763119295,-0.980381187824926
MAR10919,-2.24218256024308,-2.96330763119295,-0.980381187824926
MAR10920,-2.24218256024308,-2.96330763119295,-0.980381187824926
MAR10921,-2.24218256024308,-2.96330763119295,-0.980381187824926
MAR10922,-2.24218256024308,-2.96330763119295,-0.980381187824926
MAR10923,-2.24218256024308,-2.96330763119295,-0.980381187824926
MAR10924,-2.24218256024308,-2.96330763119295,-0.980381187824926
MAR10925,-2.24218256024308,-2.96330763119295,-0.980381187824926
MAR10926,-2.24218256024308,-2.96330763119295,-0.980381187824926
MAR10927,-2.24218256024308,-2.96330763119295,-0.980381187824926
MAR10928,-2.24218256024308,-2.96330763119295,-0.980381187824926
MAR10929,-2.24218256024308,-2.96330763119295,-0.980381187824926
MAR10930,-2.24218256024308,-2.96330763119295,-0.980381187824926
MAR10931,-2.24218256024308,-2.96330763119295,-0.980381187824926
MAR10932,-2.24218256024308,-2.96330763119295,-0.980381187824926
MAR10933,-2.24218256024308,-2.96330763119295,-0.980381187824926
MAR10934,-2.24218256024308,-2.96330763119295,-0.980381187824926
MAR10935,-2.24218256024308,-2.96330763119295,-0.980381187824926
MAR10936,-2.24218256024308,-2.96330763119295,-0.980381187824926
MAR10937,-2.24218256024308,-2.96330763119295,-0.980381187824926
MAR10938,-2.24218256024308,-2.96330763119295,-0.980381187824926
MAR10939,-2.24218256024308,-2.96330763119295,-0.980381187824926
MAR10940,-2.24218256024308,-2.96330763119295,-0.980381187824926
MAR10941,-2.24218256024308,-2.96330763119295,-0.980381187824926
MAR10942,-2.24218256024308,-2.96330763119295,-0.980381187824926
MAR10943,-2.24218256024308,-2.96330763119295,-0.980381187824926
MAR10944,-2.24218256024308,-2.96330763119295,-0.980381187824926
MAR10945,-2.24218256024308,-2.96330763119295,-0.980381187824926
MAR10946,-2.24218256024308,-2.96330763119295,-0.980381187824926
MAR10947,-2.24218256024308,-2.96330763119295,-0.980381187824926
MAR10948,-2.24218256024308,-2.96330763119295,-0.980381187824926
MAR10949,-2.24218256024308,-2.96330763119295,-0.980381187824926
MAR10950,-2.24218256024308,-2.96330763119295,-0.980381187824926
MAR10951,-2.24218256024308,-2.96330763119295,-0.980381187824926
MAR10952,-2.24218256024308,-2.96330763119295,-0.980381187824926
MAR10953,-2.24218256024308,-2.96330763119295,-0.980381187824926
MAR10954,-2.24218256024308,-2.96330763119295,-0.980381187824926
MAR10955,-2.24218256024308,-2.96330763119295,-0.980381187824926
MAR10956,-2.24218256024308,-2.96330763119295,-0.980381187824926
MAR10957,-2.24218256024308,-2.96330763119295,-0.980381187824926
MAR10958,-2.24218256024308,-2.96330763119295,-0.980381187824926
MAR10959,-2.24218256024308,-2.96330763119295,-0.980381187824926
MAR10960,-2.24218256024308,-2.96330763119295,-0.980381187824926
MAR10961,-2.24218256024308,-2.96330763119295,-0.980381187824926
MAR10962,-2.24218256024308,-2.96330763119295,-0.980381187824926
MAR10963,-2.24218256024308,-2.96330763119295,-0.980381187824926
MAR10964,-2.24218256024308,-2.96330763119295,-0.980381187824926
MAR10965,-2.24218256024308,-2.96330763119295,-0.980381187824926
MAR10966,-2.24218256024308,-2.96330763119295,-0.980381187824926
MAR10967,-2.24218256024308,-2.96330763119295,-0.980381187824926
MAR10968,-2.24218256024308,-2.96330763119295,-0.980381187824926
MAR10969,-2.24218256024308,-2.96330763119295,-0.980381187824926
MAR10970,-2.24218256024308,-2.96330763119295,-0.980381187824926
MAR10971,-2.24218256024308,-2.96330763119295,-0.980381187824926
MAR10972,-2.24218256024308,-2.96330763119295,-0.980381187824926
MAR10973,-2.24218256024308,-2.96330763119295,-0.980381187824926
MAR10974,-2.24218256024308,-2.96330763119295,-0.980381187824926
MAR10975,-2.24218256024308,-2.96330763119295,-0.980381187824926
MAR10976,-2.24218256024308,-2.96330763119295,-0.980381187824926
MAR10977,-2.24218256024308,-2.96330763119295,-0.980381187824926
MAR10978,-2.24218256024308,-2.96330763119295,-0.980381187824926
MAR10979,-2.24218256024308,-2.96330763119295,-0.980381187824926
MAR10980,-2.24218256024308,-2.96330763119295,-0.980381187824926
MAR10981,-2.2421825602430796,-2.9633076311929494,-0.9803811878249256
MAR10982,-2.2421825602430796,-2.9633076311929494,-0.9803811878246047
MAR10983,-2.24218256024308,-2.9633076311929494,-0.9803811878249193
MAR10984,-2.2421825602430796,-2.9633076311929494,-0.980381187824926
MAR10985,-2.2421825602430796,-2.9633076311929494,-0.980381187824926
MAR10986,-2.2421825602430796,-2.9633076311929494,-0.9803811878249258
MAR10987,-2.2421825602430796,-2.9633076311929507,-0.980381187824926
MAR10988,-2.2421825602430796,-2.9633076311929494,-0.980381187824926
MAR10989,-2.242182560243079,-2.9633076311929516,-0.9803811878249259
MAR10990,-2.2421825602430774,-2.9633076311929494,-0.9803811878249259
MAR10991,-2.24218256024308,-2.96330763119295,-0.9803811878249259
MAR10992,-2.2421825602430796,-2.9633076311929507,-0.9803811878249263
MAR10993,-2.2421825602430796,-2.9633076311929494,-0.9803811878249477
MAR10994,-2.2421825602430796,-2.9633076311929494,-0.980381187824926
MAR10995,-2.2421825602430796,-2.9633076311929494,-0.9803811878249259
MAR10996,-2.242182560243079,-2.9633076311929494,-0.9803811878249221
MAR10997,-2.2421825602430796,-2.9633076311929485,-0.9803811878249258
MAR10998,-2.2421825602430796,-2.9633076311929494,-0.9803811878249259
MAR10999,-2.242182560243079,-2.963307631192949,-0.9803811878249259
MAR11000,-2.2421825602430796,-2.9633076311929494,-0.9803811878249259
MAR11001,-2.2421825602430805,-2.9633076311929494,-0.9803811878249347
MAR11002,-2.242182560243079,-2.9633076311928814,-0.9803811878249389
MAR11003,-2.2421825602430796,-2.9633076311929494,-0.9803811878249259
MAR11004,-2.2421825602441188,-2.96330763119295,-0.9803811878249259
MAR11005,-2.242182560243079,-2.9633076311929494,-0.9803811878249259
MAR11006,-2.242182560243079,-2.9633076311929494,-0.9803811878249264
MAR11007,-2.242182560243079,-2.9633076311929503,-0.9803811878249258
MAR11008,-2.2421825602430796,-2.9633076311929494,-0.9803811878249258
MAR11009,-2.2421825602430796,-2.96330763119295,-0.9803811878249257
MAR11010,-2.24218256024308,-2.96330763119295,-0.9803811878249259
MAR11011,-2.24218256024308,-2.9633076311929507,-0.980381187824926
MAR11012,-2.2421825602430796,-2.9633076311929494,-0.9803811878249259
MAR11013,-2.24218256024308,-2.9633076311929454,-0.9803811878249259
MAR11014,-2.24218256024308,-2.96330763119295,-0.9803811878249259
MAR11015,-2.24218256024308,-2.9633076311929494,-0.9803811878249259
MAR11016,-2.2421825602430796,-2.96330763119295,-0.9803811878249259
MAR11017,-2.24218256024308,-2.9633076311929494,-0.9803811878249259
MAR11018,-2.2421825602430805,-2.96330763119295,-0.9803811878249261
MAR11019,-2.2421825602430787,-2.9633076311929503,-0.980381187824926
MAR11020,-2.242182560243079,-2.96330763119295,-0.9803811878249258
MAR11021,-2.2421825602430796,-2.96330763119295,-0.980381187824926
MAR11022,-2.2421825602430796,-2.96330763119295,-0.980381187824926
MAR11023,-2.2421825602430774,-2.9633076311929503,-0.980381187824926
MAR11024,-2.2421825602430796,-2.96330763119295,-0.980381187824926
MAR11025,-2.2421825602430796,-2.963307631192947,-0.9803811878249259
MAR11026,-2.2421825602430805,-2.963307631192949,-0.9803811878249273
MAR11027,-2.24218256024308,-2.9633076311929516,-0.9803811878249259
MAR11028,-2.24218256024308,-2.96330763119295,-0.9803811878249259
MAR11029,-2.2421825602430796,-2.963307631192957,-0.9803811878249263
MAR11030,-2.2421825602430796,-2.9633076311929494,-0.980381187824926
MAR11031,-2.2421825602430796,-2.9633076311929476,-0.980381187824926
MAR11032,-2.2421825602430796,-2.96330763119295,-0.980381187824926
MAR11033,-2.242182560243079,-2.963307631192949,-0.9803811878249258
MAR11034,-2.2421825602430796,-2.9633076311929516,-0.980381187824926
MAR11035,-2.2421825602430796,-2.96330763119295,-0.980381187824926
MAR11036,-2.24218256024308,-2.9633076311929494,-0.9803811878249259
MAR11037,-2.24218256024308,-2.96330763119295,-0.9803811878249259
MAR11038,-2.2421825602430796,-2.9633076311929507,-0.9803811878249259
MAR11039,-2.2421825602430796,-2.963307631192949,-0.980381187824926
MAR11040,-2.2421825602430796,-2.9633076311929494,-0.980381187824926
MAR11041,-2.242182560243079,-2.963307631192954,-0.9803811878249258
MAR11042,-2.2421825602430805,-2.9633076311929503,-0.9803811878249258
MAR11043,-2.242182560243079,-2.963307631192946,-0.9803811878249258
MAR11044,-2.2421825602430796,-2.9633076311929507,-0.9803811878249261
MAR11045,-2.2421825602430796,-2.9633076311929454,-0.9803811878249259
MAR11046,-2.24218256024308,-2.96330763119295,-0.9803811878249259
MAR11047,-2.2421825602430796,-2.96330763119295,-0.9803811878249259
MAR11048,-2.2421825602430796,-2.9633076311929485,-0.9803811878249259
MAR11049,-2.242182560243081,-2.9633076311929494,-0.9803811878249259
MAR11050,-2.2421825602430796,-2.963307631192949,-0.9803811878249259
MAR11051,-2.2421825602430796,-2.9633076311929503,-0.9803811878249259
MAR11052,-2.2421825602430805,-2.96330763119295,-0.9803811878249287
MAR11053,-2.242182560243082,-2.963307631192951,-0.980381187824926
MAR11054,-2.242182560243079,-2.963307631192947,-0.9803811878249258
MAR11055,-2.24218256024308,-2.963307631192949,-0.9803811878249259
MAR11056,-2.2421825602430796,-2.96330763119295,-0.980381187824926
MAR11057,-2.2421825602430796,-2.96330763119295,-0.980381187824926
MAR11058,-2.2421825602430796,-2.96330763119295,-0.9803811878249259
MAR11059,-2.24218256024308,-2.9633076311929494,-0.9803811878249259
MAR11060,-2.2421825602430796,-2.96330763119295,-0.9803811878249258
MAR11061,-2.2421825602430796,-2.963307631192956,-0.9803811878249259
MAR11062,-2.2421825602430796,-2.963307631192955,-0.9803811878249259
MAR11063,-2.2421825602430796,-2.963307631192947,-0.9803811878249259
MAR11064,-2.2421825602430796,-2.9633076311929494,-0.9803811878249259
MAR11065,-2.2421825602430783,-2.9633076311929427,-0.980381187824926
MAR11066,-2.2421825602430796,-2.9633076311929507,-0.9803811878249259
MAR11067,-2.2421825602430796,-2.96330763119295,-0.980381187824926
MAR11068,-2.2421825602430796,-2.9633076311929476,-0.980381187824926
MAR11069,-2.2421825602430796,-2.9633076311929485,-0.9803811878249269
MAR11070,-2.2421825602430796,-2.9633076311929427,-0.980381187824926
MAR11071,-2.2421825602430796,-2.963307631192948,-0.980381187824926
MAR11072,-2.24218256024308,-2.963307631192948,-0.980381187824926
MAR11073,-2.2421825602430796,-2.96330763119295,-0.9803811878249258
MAR11074,-2.2421825602430796,-2.963307631192951,-0.980381187824926
MAR11075,-2.2421825602430796,-2.9633076311929503,-0.9803811878249259
MAR11076,-2.2421825602430796,-2.9633076311929507,-0.9803811878249259
MAR11077,-2.2421825602430796,-2.963307631192951,-0.9803811878249259
MAR11078,-2.2421825602430814,-2.9633076311929507,-0.980381187824926
MAR11079,-2.2421825602430796,-2.96330763119295,-0.9803811878249256
MAR11080,-2.2421825602430796,-2.963307631192948,-0.9803811878249262
MAR11081,-2.24218256024308,-2.9633076311929494,-0.9803811878249259
MAR11082,-2.2421825602430796,-2.9633076311929516,-0.9803811878249264
MAR11083,-2.2421825602430796,-2.9633076311929494,-0.9803811878249226
MAR11084,-2.2421825602430796,-2.963307631192949,-0.9803811878249259
MAR11085,-2.2421825602430796,-2.963307631192949,-0.9803811878249262
MAR11086,-2.2421825602430796,-2.9633076311929494,-0.9803811878249259
MAR11087,-2.2421825602430796,-2.9633076311929494,-0.9803811878249258
MAR11088,-2.2421825602430796,-2.963307631192958,-0.9803811878249259
MAR11089,-2.24218256024308,-2.963307631192954,-0.9803811878249259
MAR11090,-2.242182560243081,-2.96330763119295,-0.980381187824926
MAR11091,-2.2421825602430814,-2.963307631192949,-0.9803811878249258
MAR11092,-2.2421825602430805,-2.96330763119295,-0.9803811878249257
MAR11093,-2.2421825602430796,-2.9633076311929494,-0.980381187824926
MAR11094,-2.242182560243079,-2.9633076311929485,-0.9803811878249258
MAR11095,-2.2421825602430787,-2.9633076311929543,-0.9803811878249258
MAR11096,-2.2421825602430774,-2.96330763119295,-0.9803811878249258
MAR11097,-2.24218256024308,-2.9633076311929503,-0.9803811878249259
MAR11098,-2.2421825602430796,-2.963307631192947,-0.980381187824924
MAR11099,-2.2421825602430796,-2.9633076311929445,-0.9803811878249259
MAR11100,-2.2421825602430796,-2.9633076311929503,-0.980381187824926
MAR11101,-2.2421825602430796,-2.9633076311929556,-0.980381187824926
MAR11102,-2.2421825602430796,-2.963307631192951,-0.9803811878249252
MAR11103,-2.24218256024308,-2.96330763119295,-0.9803811878249261
MAR11104,-2.2421825602430796,-2.96330763119295,-0.9803811878249256
MAR11105,-2.2421825602430796,-2.96330763119295,-0.9803811878249258
MAR11106,-2.242182560243079,-2.9633076311929503,-0.9803811878249258
MAR11107,-2.2421825602430787,-2.96330763119295,-0.9803811878249259
MAR11108,-2.242182560243087,-2.963307631192945,-0.9803811878249258
MAR11109,-2.2421825602430796,-2.9633076311929494,-0.9803811878249259
MAR11110,-2.24218256024308,-2.9633076311929494,-0.9803811878249259
MAR11111,-2.2421825602430796,-2.9633076311929503,-0.9803811878249259
MAR11112,-2.2421825602430796,-2.9633076311929485,-0.9803811878249259
MAR11113,-2.2421825602430796,-2.9633076311929494,-0.9803811878249261
MAR11114,-2.24218256024308,-2.96330763119295,-0.9803811878249261
MAR11115,-2.2421825602430796,-2.9633076311929485,-0.9803811878249259
MAR11116,-2.242182560243079,-2.9633076311929503,-0.9803811878249258
MAR11117,-2.24218256024308,-2.963307631192954,-0.9803811878249257
MAR11118,-2.24218256024308,-2.963307631192951,-0.9803811878249259
MAR11119,-2.24218256024308,-2.9633076311929507,-0.9803811878249259
MAR11120,-2.24218256024308,-2.9633076311929503,-0.9803811878249261
MAR11121,-2.24218256024308,-2.9633076311929494,-0.980381187824926
MAR11122,-2.2421825602430796,-2.963307631192949,-0.980381187824926
MAR11123,-2.2421825602430796,-2.963307631192948,-0.9803811878249259
MAR11124,-2.2421825602430796,-2.9633076311929503,-0.980381187824926
MAR11125,-2.2421825602430796,-2.963307631192949,-0.9803811878249259
MAR11126,-2.24218256024308,-2.963307631192954,-0.9803811878249259
MAR11127,-2.24218256024308,-2.9633076311929503,-0.9803811878249259
MAR11128,-2.2421825602430796,-2.9633076311929534,-0.9803811878249259
MAR11129,-2.242182560243079,-2.96330763119295,-0.9803811878249679
MAR11130,-2.24218256024308,-2.96330763119295,-0.9803811878248765
MAR11131,-2.242182560243079,-2.9633076311929503,-0.9803811878249258
MAR11132,-2.2421825602430796,-2.963307631192947,-0.9803811878249259
MAR11133,-2.2421825602430796,-2.963307631192949,-0.9803811878249259
MAR11134,-2.2421825602430796,-2.9633076311929494,-0.9803811878249319
MAR11135,-2.2421825602430796,-2.96330763119295,-0.9803811878249259
MAR11136,-2.2421825602430774,-2.9633076311929516,-0.9803811878249259
MAR11137,-2.24218256024308,-2.9633076311929467,-0.9803811878249259
MAR11138,-2.2421825602430796,-2.9633076311929503,-0.980381187824926
MAR11139,-2.2421825602430796,-2.9633076311929503,-0.9803811878249259
MAR11140,-2.24218256024308,-2.96330763119295,-0.9803811878249571
MAR11141,-2.2421825602430796,-2.963307631192949,-0.9803811878249257
MAR11142,-2.2421825602430796,-2.9633076311929494,-0.9803811878249259
MAR11143,-2.24218256024308,-2.963307631192951,-0.9803811878249259
MAR11144,-2.242182560243081,-2.96330763119295,-0.9803811878249259
MAR11145,-2.24218256024308,-2.96330763119297,-0.9803811878249262
MAR11146,-2.2421825602430796,-2.9633076311929507,-0.9803811878249258
MAR11147,-2.2421825602430796,-2.963307631192948,-0.9803811878249259
MAR11148,-2.242182560243079,-2.96330763119295,-0.9803811878249304
MAR11149,-2.242182560243079,-2.96330763119295,-0.980381187824926
MAR11150,-2.242182560243077,-2.96330763119295,-0.9803811878249258
MAR11151,-2.2421825602430796,-2.963307631192949,-0.9803811878249259
MAR11152,-2.2421825602430787,-2.9633076311929494,-0.9803811878249258
MAR11153,-2.2421825602430796,-2.9633076311929494,-0.9803811878249259
MAR11154,-2.24218256024308,-2.9633076311929503,-0.9803811878249259
MAR11155,-2.2421825602430796,-2.96330763119295,-0.9803811878249258
MAR11156,-2.2421825602430796,-2.96330763119295,-0.980381187824926
MAR11157,-2.242182560243079,-2.9633076311929494,-0.9803811878249258
MAR11158,-2.2421825602430796,-2.9633076311929485,-0.9803811878249259
MAR11159,-2.24218256024308,-2.963307631192949,-0.9803811878249259
MAR11160,-2.2421825602430796,-2.96330763119295,-0.980381187824926
MAR11161,-2.242182560243079,-2.9633076311929494,-0.9803811878249259
MAR11162,-2.2421825602430796,-2.96330763119295,-0.9803811878249259
MAR11163,-2.2421825602430796,-2.96330763119295,-0.9803811878249259
MAR11164,-2.2421825602430796,-2.963307631192949,-0.9803811878249259
MAR11165,-2.2421825602430796,-2.9633076311929494,-0.9803811878249259
MAR11166,-2.2421825602430796,-2.9633076311929507,-0.9803811878249259
MAR11167,-2.2421825602430796,-2.9633076311929485,-0.9803811878249259
MAR11168,-2.2421825602430796,-2.96330763119295,-0.9803811878249253
MAR11169,-2.242182560243079,-2.963307631192945,-0.9803811878249258
MAR11170,-2.2421825602430796,-2.963307631192947,-0.9803811878249258
MAR11171,-2.242182560243079,-2.9633076311929494,-0.9803811878249258
MAR11172,-2.242182560243079,-2.9633076311929445,-0.9803811878249258
MAR11173,-2.242182560243079,-2.96330763119295,-0.9803811878249258
MAR11174,-2.2421825602430805,-2.96330763119295,-0.9803811878249258
MAR11175,-2.2421825602430796,-2.9633076311929503,-0.9803811878249258
MAR11176,-2.242182560243079,-2.9633076311929494,-0.9803811878249258
MAR11177,-2.2421825602430796,-2.96330763119295,-0.9803811878249258
MAR11178,-2.2421825602430796,-2.96330763119295,-0.9803811878249258
MAR11179,-2.242182560243079,-2.9633076311929503,-0.9803811878249258
MAR11180,-2.242182560243079,-2.963307631192949,-0.9803811878249258
MAR11181,-2.242182560243079,-2.9633076311929494,-0.9803811878249258
MAR11182,-2.24218256024308,-2.963307631192951,-0.980381187824926
MAR11183,-2.2421825602430805,-2.9633076311929485,-0.9803811878249258
MAR11184,-2.2421825602430796,-2.963307631192956,-0.9803811878249258
MAR11185,-2.242182560243079,-2.9633076311929476,-0.980381187824926
MAR11186,-2.242182560243079,-2.96330763119295,-0.9803811878249258
MAR11187,-2.2421825602430796,-2.9633076311929503,-0.9803811878249258
MAR11188,-2.2421825602430796,-2.96330763119295,-0.9803811878249258
MAR11189,-2.2421825602430796,-2.96330763119295,-0.980381187824926
MAR11190,-2.242182560243077,-2.9633076311930093,-0.9803811878249258
MAR11191,-2.2421825602430774,-2.9633076311929494,-0.980381187824924
MAR11192,-2.24218256024308,-2.963307631192949,-0.9803811878249258
MAR11193,-2.242182560243079,-2.9633076311929494,-0.980381187824926
MAR11194,-2.242182560243079,-2.9633076311929494,-0.9803811878249258
MAR11195,-2.242182560243079,-2.9633076311929503,-0.9803811878249274
MAR11196,-2.242182560243079,-2.9633076311929507,-0.9803811878249252
MAR11197,-2.2421825602430787,-2.9633076311929494,-0.9803811878249258
MAR11198,-2.242182560243081,-2.963307631192971,-0.9803811878249258
MAR11199,-2.24218256024308,-2.963307631192949,-0.9803811878249259
MAR11200,-2.2421825602430796,-2.9633076311929636,-0.9803811878249259
MAR11201,-2.2421825602430796,-2.96330763119295,-0.9803811878249259
MAR11202,-2.2421825602430796,-2.96330763119295,-0.9803811878249259
MAR11203,-2.2421825602430796,-2.963307631192956,-0.980381187824926
MAR11204,-2.2421825602430796,-2.9633076311929503,-0.980381187824926
MAR11205,-2.24218256024308,-2.9633076311929503,-0.9803811878249259
MAR11206,-2.2421825602430796,-2.9633076311929534,-0.9803811878249259
MAR11207,-2.24218256024308,-2.963307631192949,-0.9803811878249261
MAR11208,-2.2421825602430796,-2.9633076311929516,-0.9803811878249261
MAR11209,-2.242182560243079,-2.9633076311929507,-0.9803811878249258
MAR11210,-2.2421825602430796,-2.9633076311929494,-0.9803811878249269
MAR11211,-2.2421825602430796,-2.9633076311929494,-0.9803811878249259
MAR11212,-2.2421825602430796,-2.96330763119295,-0.9803811878249259
MAR11213,-2.24218256024308,-2.963307631192954,-0.9803811878249259
MAR11214,-2.2421825602430796,-2.9633076311929507,-0.9803811878249259
MAR11215,-2.2421825602430796,-2.9633076311929516,-0.9803811878249259
MAR11216,-2.2421825602430796,-2.9633076311929485,-0.9803811878249259
MAR11217,-2.242182560243077,-2.9633076311929503,-0.9803811878249258
MAR11218,-2.2421825602430796,-2.9633076311929494,-0.9803811878249259
MAR11219,-2.242182560243079,-2.963307631192949,-0.9803811878249258
MAR11220,-2.242182560243079,-2.9633076311929814,-0.9803811878249258
MAR11221,-2.2421825602430805,-2.963307631192953,-0.9803811878249259
MAR11222,-2.242182560243079,-2.9633076311929494,-0.9803811878249258
MAR11223,-1000.0,-1000.0,-1000.0
MAR11224,0.0,0.0,0.0
MAR11225,0.0,0.0,0.0
MAR11226,0.0,0.0,0.0
MAR11227,0.0,0.0,0.0
MAR11228,0.0,0.0,0.0
MAR11229,0.0,0.0,0.0
MAR11230,0.0,0.0,0.0
MAR11231,0.0,0.0,0.0
MAR11232,0.0,0.0,0.0
MAR11233,0.0,0.0,0.0
MAR11234,0.0,0.0,0.0
MAR11235,0.0,0.0,0.0
MAR11236,0.0,0.0,0.0
MAR11237,-11.095610609519595,-6.883306445726312,-4.7507311740270195
MAR11238,-9.54496826425035,-6.883306445726295,-14.9520508967086
MAR11239,-9.544968264250231,-6.883306445726302,-14.9520508967086
MAR11240,-11.095610609519609,-6.883306445726295,-14.9520508967086
MAR11241,-11.0956106095196,-6.8833064457263005,-14.9520508967086
MAR11242,-11.095610609519577,-6.8833064457263005,-14.9520508967086
MAR11243,-7.649500615110501,-6.223074085864883,-4.035939343606504
MAR11244,-11.095610609519603,-6.883306445726322,-12.10781803082571
MAR11245,0.0,0.0,0.0
MAR11246,-11.0956106095196,-6.883306445726297,-14.95205089670861
MAR11247,-11.09561060951964,-6.883306445726297,-14.9520508967086
MAR11248,-7.64950061511051,-6.223074085864885,-4.035939343606472
MAR11249,-7.649500615110498,-6.223074085864891,-4.035939343606471
MAR11250,-34.581553485518505,-24.431111325637993,-33.09455525013673
MAR11251,0.0,0.0,0.0
MAR11252,-16.933511090844405,-9.789934042214691,-14.952050896708588
MAR11253,-17.32918470972528,-10.228148174937084,-21.578649309100513
MAR11254,-17.32918470972528,-10.228148174937084,-21.57864930910055
MAR11255,-10.222221600734064,-6.8833064457262925,-14.952050896708617
MAR11256,-16.933511090844405,-9.789934042214691,-14.9520508967086
MAR11257,-18.12053194748702,-11.104576440381887,-25.61458865270703
MAR11258,-17.329184709725276,-10.228148174937086,-21.57864930910051
MAR11259,-11.095610609519605,-6.883306445726294,-14.952050896708682
MAR11260,-11.0956106095196,-6.8833064457263005,-14.952050896708608
MAR11261,-17.32918470972528,-10.228148174937106,-21.57864930910051
MAR11262,-17.32918470972528,-10.228148174937086,-21.57864930910048
MAR11263,0.0,0.0,0.0
MAR11264,-18.77391497493161,-12.806436626666937,-28.205247721492437
MAR11265,-17.329184709725276,-10.228148174937084,-21.57864930910055
MAR11266,-16.933511090844256,-9.789934042214682,-14.952050896708474
MAR11267,0.0,0.0,0.0
MAR11268,0.0,0.0,0.0
MAR11270,-29.38444578629627,-20.00295266049759,-23.023929583921536
MAR11271,-11.095610609519612,-6.883306445726302,-14.9520508967086
MAR11272,-16.933511090844405,-9.78993404221469,-14.9520508967086
MAR11274,-755.8137198828053,-450.83264099178695,-998.0782127990386
MAR11276,-31.29157350651272,-21.067315896755265,-25.696032172941923
MAR11277,-29.384445786296272,-20.00295266049759,-23.023929583921547
MAR11278,0.0,0.0,0.0
MAR11279,0.0,0.0,0.0
MAR11280,-1000.0,-1000.0,-1000.0
MAR11281,-0.9777270187032682,-0.76265277686428,-5.367105019429617
MAR11282,0.0,0.0,0.0
MAR11283,0.0,0.0,0.0
MAR11284,0.0,0.0,0.0
MAR11285,0.0,0.0,0.0
MAR11286,0.0,0.0,0.0
MAR11287,0.0,0.0,0.0
MAR11288,0.0,0.0,0.0
MAR11289,0.0,0.0,0.0
MAR11290,0.0,0.0,0.0
MAR11291,-1000.0,-1000.0000000000002,-1000.0000000000009
MAR11292,-1000.0,-1000.0,-1000.0
MAR11293,-1000.0,-1000.0,-1000.0
MAR11294,0.0,0.0,0.0
MAR11295,0.0,0.0,0.0
MAR11296,-81.98596225674757,-56.88870283794523,-196.42390397744296
MAR11297,0.0,0.0,0.0
MAR11298,0.0,0.0,0.0
MAR11299,-521.4769582593009,-517.5980423614128,-544.803248600804
MAR11300,-1000.0000000000001,-1000.0000000000001,-1000.0000000000001
MAR11301,-1000.0000000000003,-1000.0000000000003,-1000.0000000000003
MAR11302,0.0,0.0,0.0
MAR11303,-86.04461297756724,-55.617249168383324,-142.01563649568092
MAR11304,-1.2391575214890186e-15,-2.23258003078427e-15,-9.275409161015129e-14
MAR11305,0.0,0.0,0.0
MAR11306,0.0,0.0,0.0
MAR11307,0.0,0.0,0.0
MAR11308,0.0,0.0,0.0
MAR11309,0.0,0.0,0.0
MAR11310,-757.7208476030206,-451.89700422804435,-1000.0
MAR11311,-17.601825164893505,-15.38428695754696,-41.27690774013857
MAR11312,0.0,0.0,0.0
MAR11313,-1000.0,-1000.0,-1000.0
MAR11314,0.0,0.0,0.0
MAR11315,0.0,0.0,0.0
MAR11316,0.0,0.0,0.0
MAR11317,-1000.0,-1000.0,-1000.0
MAR11318,-1000.0,-1000.0,-1000.0
MAR11319,-10.135318784693299,-8.79794896937971,-14.331334926396703
MAR11320,-1000.0,-1000.0,-817.0552127936286
MAR11321,-1000.0,-1000.0,-1000.0
MAR11322,0.0,0.0,0.0
MAR11323,0.0,0.0,0.0
MAR11324,0.0,0.0,0.0
MAR11325,0.0,0.0,0.0
MAR11326,0.0,0.0,0.0
MAR11327,0.0,0.0,0.0
MAR11328,0.0,0.0,0.0
MAR11329,0.0,0.0,0.0
MAR11330,0.0,0.0,0.0
MAR11331,0.0,0.0,0.0
MAR11332,0.0,0.0,0.0
MAR11333,0.0,0.0,0.0
MAR11334,-0.9224262330140209,-0.6605229805213791,-0.5551305233189588
MAR11335,0.0,0.0,0.0
MAR11336,0.0,0.0,0.0
MAR11337,-5.050188258929689,-4.6367539103760285,-6.9310884182543315
MAR11338,0.0,0.0,0.0
MAR11339,0.0,0.0,0.0
MAR11340,0.0,0.0,0.0
MAR11341,0.0,0.0,0.0
MAR11342,0.0,0.0,0.0
MAR11343,0.0,0.0,0.0
MAR11344,-4.86235727272498,-4.031054858421435,-4.606563641340102
MAR11345,0.0,9.050749781271807e-16,1.086089973752617e-14
MAR11346,0.0,-9.050749781271807e-16,-1.0860899737526168e-14
MAR11347,0.0,0.0,0.0
MAR11348,-41.05685041787924,-31.34427197260397,-125.541562649808
MAR11349,-1000.0,-1000.0,-838.9133445396939
MAR11350,-42.71114200787862,-29.7825153546894,-62.67688864856081
MAR11351,0.0,0.0,-2.455902235003633e-13
MAR11352,0.0,0.0,0.0
MAR11353,0.0,0.0,0.0
MAR11354,-1000.0,-1000.0,-1000.0
MAR11355,-1000.0,-1000.0,-1000.0
MAR11356,0.0,0.0,0.0
MAR11357,-1000.0,-1000.0,-1000.0
MAR11358,0.0,0.0,0.0
MAR11359,-10.015686765521874,-6.353239113318946,-7.9319369109985605
MAR11360,-1.26605214434442,-0.8731253465410681,-1.2098765009623902
MAR11361,0.0,-1.3576124671907708e-15,-3.620299912508722e-15
MAR11362,-865.716837263643,-612.2170091590735,-1000.0
MAR11363,-5.155068872632672,-3.201271200963552,-5.927794161400592
MAR11364,0.0,0.0,0.0
MAR11365,-23.131168416298465,-21.653228570103725,-189.73896447834343
MAR11366,-37.817100962397696,-21.292113282195043,-145.58675102494706
MAR11367,-999.9999999999999,-999.9999999999999,-999.9999999999999
MAR11368,0.0,0.0,0.0
MAR11369,0.0,0.0,0.0
MAR11370,-0.8512297275160596,-0.6730798413358231,-1.6061692664177671
MAR11371,-0.0927544774803943,-0.07816187460343577,-0.21023203799458687
MAR11372,-4.156849620485632,-3.6955704515578884,-2.3450655551457493
MAR11373,-4.156849620485643,-3.6955704515578884,-2.345065555145731
MAR11374,0.0,0.0,0.0
MAR11375,-103.20618726118032,-85.49570679159608,-86.92541666293342
MAR11376,-38.1295872744368,-28.881196117142512,-77.13090337811649
MAR11377,0.0,0.0,0.0
MAR11378,-66.49241084738722,-57.51438395405844,-17.044501894624293
MAR11379,-1.4158108606432662,-0.8998732796051414,-7.249988609807562
MAR11380,0.0,0.0,0.0
MAR11381,-87.71368411595076,-75.4459668542402,-50.542298714218965
MAR11382,-22.6370841292075,-18.831456179786812,-40.74778542940226
MAR11383,0.0,0.0,0.0
MAR11384,-1000.0,-1000.0,-1000.0
MAR11385,-999.9999999999999,-999.9999999999999,-999.9999999999999
MAR11386,0.0,0.0,0.0
MAR11387,0.0,0.0,0.0
MAR11388,0.0,0.0,0.0
MAR11389,-1000.0,-1000.0,-1000.0
MAR11390,-999.9999999999998,-999.9999999999998,-1000.0
MAR11391,-1000.0000000000001,-1000.0000000000001,-1000.0000000000001
MAR11392,0.0,0.0,0.0
MAR11393,-34.996992203189194,-31.917335392526983,-59.29215744031451
MAR11394,0.0,0.0,0.0
MAR11395,-3.66365532174393,-3.53439149390999,-0.612618048237074
MAR11396,-11.1287998507996,-7.0812567596258,-50.7672347636618
MAR11397,-1000.0,-1000.0,-1000.0
MAR11398,0.0,0.0,0.0
MAR11399,0.0,0.0,0.0
MAR11400,-36.13131031181546,-26.006536617653264,-53.891771868308744
MAR11401,-1.5852547763228602,-0.9570997892626981,-0.547486973225524
MAR11402,-1.5852547763228602,-0.9570997892626981,-0.547486973225524
MAR11403,-4.02203436810164,-2.80590629419326,-8.121935714704918
MAR11404,-1000.0,-1000.0,-1000.0
MAR11405,-1000.0,-1000.0,-1000.0
MAR11406,0.0,0.0,0.0
MAR11407,0.0,0.0,0.0
MAR11408,0.0,0.0,0.0
MAR11409,0.0,0.0,0.0
MAR11410,-5.96409335474679,-8.69040673938876,-15.7015883805938
MAR11411,-2.2421825602430805,-2.9633076311929494,-0.9803811878249259
MAR11412,0.0,0.0,0.0
MAR11413,-2.2421825602430796,-2.96330763119295,-0.9803811878249258
MAR11414,-4.02203436810164,-2.80590629419326,-8.12193571470494
MAR11415,-1000.0,-1000.0,-1000.0
MAR11416,0.0,0.0,0.0
MAR11417,-1000.0,-1000.0,-1000.0
MAR11418,-1000.0,-1000.0,-1000.0
MAR11419,0.0,0.0,0.0
MAR11420,-1000.0,-1000.0,-1000.0
MAR11421,0.0,0.0,0.0
MAR11422,-77.10433542164392,-65.96768533723032,-102.1088725328954
MAR11423,0.0,0.0,0.0
MAR11424,-1000.0,-1000.0,-1000.0
MAR11425,-5.5773707600997,-7.752652483427379,-0.617731295572044
MAR11426,-115.22574854465738,-95.74254572252399,-121.60179428273162
MAR11427,-1000.0,-1000.0,-1000.0
MAR11428,-18.224953882274914,-14.057264276502472,-46.62121079566976
MAR11429,0.0,0.0,0.0
MAR11430,0.0,0.0,0.0
MAR11431,0.0,0.0,0.0
MAR11432,-14.36328599985598,-10.8265233537317,-29.220431847339643
MAR11433,-3.6281141199511,-3.12419148252571,-7.52226018648405
MAR11434,0.0,0.0,0.0
MAR11435,0.0,0.0,0.0
MAR11436,0.0,0.0,0.0
MAR11437,0.0,0.0,0.0
MAR11438,-44.1293499463807,-45.23640844583329,-50.767234763661804
MAR11439,-11.20012308511381,-8.70213956085368,-1.541402738884718
MAR11440,-3.201046838183773e-13,0.0,0.0
MAR11441,0.0,0.0,0.0
MAR11442,-44.1293499463807,-45.2364084458332,-50.7672347636618
MAR11443,-3.12965565600362,-1.85148906441164,-8.50526594415716
MAR11444,0.0,0.0,0.0
MAR11445,0.0,0.0,0.0
MAR11446,0.0,0.0,0.0
MAR11447,0.0,0.0,0.0
MAR11448,0.0,0.0,0.0
MAR11449,0.0,0.0,0.0
MAR11450,0.0,0.0,0.0
MAR11451,0.0,0.0,0.0
MAR11452,0.0,0.0,0.0
MAR11453,0.0,0.0,0.0
MAR11454,0.0,0.0,0.0
MAR11455,0.0,0.0,0.0
MAR11456,0.0,0.0,0.0
MAR11457,0.0,0.0,0.0
MAR11458,0.0,0.0,0.0
MAR11459,0.0,0.0,0.0
MAR11460,0.0,0.0,0.0
MAR11461,0.0,0.0,0.0
MAR11462,0.0,0.0,0.0
MAR11463,0.0,0.0,0.0
MAR11464,0.0,0.0,0.0
MAR11465,0.0,0.0,0.0
MAR11466,0.0,0.0,0.0
MAR11467,-2.9668002045516812e-15,0.0,0.0
MAR11468,0.0,0.0,0.0
MAR11469,0.0,0.0,0.0
MAR11470,0.0,0.0,0.0
MAR11471,0.0,0.0,0.0
MAR11472,0.0,0.0,0.0
MAR11473,0.0,0.0,0.0
MAR11474,0.0,0.0,0.0
MAR11475,0.0,0.0,0.0
MAR11476,-197.512737084906,-146.888424736345,-445.570931758849
MAR11477,-197.512737084906,-146.888424736345,-445.570931758849
MAR11478,-197.512737084906,-146.888424736345,-445.570931758849
MAR11479,-197.512737084906,-146.888424736345,-445.570931758849
MAR11480,-197.512737084906,-146.888424736345,-445.570931758849
MAR11481,-197.512737084906,-146.888424736345,-445.570931758849
MAR11482,1.2762835494187914e-16,0.0,0.0
MAR11483,0.0,0.0,0.0
MAR11484,0.0,0.0,0.0
MAR11485,0.0,0.0,0.0
MAR11486,0.0,0.0,0.0
MAR11487,0.0,0.0,0.0
MAR11488,0.0,0.0,0.0
MAR11489,0.0,0.0,0.0
MAR11490,0.0,0.0,0.0
MAR11491,0.0,0.0,0.0
MAR11492,0.0,0.0,0.0
MAR11493,0.0,0.0,0.0
MAR11494,0.0,0.0,0.0
MAR11495,0.0,0.0,0.0
MAR11496,0.0,0.0,0.0
MAR11497,0.0,0.0,0.0
MAR11498,0.0,0.0,0.0
MAR11499,0.0,0.0,0.0
MAR11500,0.0,0.0,0.0
MAR11501,0.0,0.0,0.0
MAR11502,0.0,0.0,0.0
MAR11503,0.0,0.0,0.0
MAR11504,0.0,0.0,0.0
MAR11505,0.0,0.0,0.0
MAR11506,0.0,0.0,0.0
MAR11507,0.0,0.0,0.0
MAR11508,0.0,0.0,0.0
MAR11509,0.0,0.0,0.0
MAR11510,0.0,0.0,0.0
MAR11511,0.0,0.0,0.0
MAR11512,0.0,0.0,0.0
MAR11513,0.0,0.0,0.0
MAR11514,0.0,0.0,0.0
MAR11515,0.0,0.0,0.0
MAR11516,0.0,0.0,0.0
MAR11517,0.0,0.0,0.0
MAR11518,-1000.0,-1000.0,-1000.0
MAR11519,0.0,0.0,0.0
MAR11520,0.0,0.0,0.0
MAR11521,0.0,0.0,0.0
MAR11522,0.0,0.0,0.0
MAR11523,0.0,0.0,0.0
MAR11524,0.0,0.0,0.0
MAR11525,0.0,0.0,0.0
MAR11526,0.0,0.0,0.0
MAR11527,0.0,0.0,0.0
MAR11528,0.0,0.0,0.0
MAR11529,0.0,0.0,0.0
MAR11530,0.0,0.0,0.0
MAR11531,0.0,0.0,0.0
MAR11532,0.0,0.0,0.0
MAR11533,0.0,0.0,0.0
MAR11534,0.0,0.0,0.0
MAR11535,0.0,0.0,0.0
MAR11536,0.0,0.0,0.0
MAR11537,0.0,0.0,0.0
MAR11538,0.0,0.0,0.0
MAR11539,0.0,0.0,0.0
MAR11540,0.0,0.0,0.0
MAR11541,0.0,0.0,0.0
MAR11542,0.0,0.0,0.0
MAR11543,0.0,0.0,0.0
MAR11544,0.0,0.0,0.0
MAR11545,0.0,0.0,0.0
MAR11546,0.0,0.0,0.0
MAR11547,0.0,0.0,0.0
MAR11548,0.0,0.0,0.0
MAR11549,0.0,0.0,0.0
MAR11550,0.0,0.0,0.0
MAR11551,0.0,-3.655649348176375e-14,1.0756220658102715e-15
MAR11552,0.0,0.0,0.0
MAR11553,0.0,0.0,0.0
MAR11554,0.0,0.0,0.0
MAR11555,0.0,0.0,0.0
MAR11556,0.0,0.0,0.0
MAR11557,0.0,0.0,0.0
MAR11558,0.0,0.0,0.0
MAR11559,0.0,0.0,0.0
MAR11560,0.0,0.0,0.0
MAR11561,0.0,0.0,0.0
MAR11562,0.0,0.0,0.0
MAR11563,0.0,0.0,0.0
MAR11564,0.0,0.0,0.0
MAR11565,0.0,0.0,0.0
MAR11566,0.0,0.0,0.0
MAR11567,0.0,0.0,0.0
MAR11568,0.0,0.0,0.0
MAR11569,0.0,0.0,0.0
MAR11570,0.0,0.0,0.0
MAR11571,-1000.0,-1000.0,-1000.0
MAR11572,0.0,0.0,0.0
MAR11573,0.0,0.0,0.0
MAR11574,0.0,0.0,0.0
MAR11575,0.0,0.0,0.0
MAR11576,0.0,0.0,0.0
MAR11577,0.0,0.0,0.0
MAR11578,0.0,0.0,0.0
MAR11579,0.0,0.0,0.0
MAR11580,0.0,0.0,0.0
MAR11581,0.0,0.0,0.0
MAR11582,0.0,0.0,0.0
MAR11583,0.0,0.0,0.0
MAR11584,0.0,0.0,0.0
MAR11585,0.0,0.0,0.0
MAR11586,0.0,0.0,0.0
MAR11587,0.0,0.0,0.0
MAR11588,0.0,0.0,0.0
MAR11589,0.0,0.0,0.0
MAR11590,0.0,0.0,0.0
MAR11591,0.0,0.0,0.0
MAR11592,0.0,0.0,0.0
MAR11593,0.0,0.0,0.0
MAR11594,0.0,0.0,0.0
MAR11595,0.0,0.0,0.0
MAR11596,0.0,0.0,0.0
MAR11597,0.0,0.0,0.0
MAR11598,0.0,0.0,0.0
MAR11599,0.0,0.0,0.0
MAR11600,0.0,0.0,0.0
MAR11601,0.0,0.0,0.0
MAR11602,0.0,0.0,0.0
MAR11603,0.0,0.0,0.0
MAR11604,0.0,0.0,0.0
MAR11605,0.0,0.0,0.0
MAR11606,0.0,0.0,0.0
MAR11607,0.0,0.0,0.0
MAR11608,0.0,0.0,0.0
MAR11609,0.0,0.0,0.0
MAR11610,0.0,0.0,0.0
MAR11611,0.0,0.0,0.0
MAR11612,0.0,0.0,0.0
MAR11613,0.0,0.0,0.0
MAR11614,0.0,0.0,0.0
MAR11615,0.0,0.0,0.0
MAR11616,0.0,0.0,0.0
MAR11617,0.0,0.0,0.0
MAR11618,0.0,0.0,0.0
MAR11619,0.0,0.0,0.0
MAR11620,0.0,0.0,0.0
MAR11621,0.0,0.0,0.0
MAR11622,0.0,0.0,0.0
MAR11623,0.0,0.0,0.0
MAR11624,0.0,0.0,0.0
MAR11625,0.0,0.0,0.0
MAR11626,0.0,0.0,0.0
MAR11627,0.0,0.0,0.0
MAR11628,0.0,0.0,0.0
MAR11629,0.0,0.0,0.0
MAR11630,0.0,0.0,0.0
MAR11631,0.0,0.0,0.0
MAR11632,0.0,0.0,0.0
MAR11633,0.0,0.0,0.0
MAR11634,0.0,0.0,0.0
MAR11635,0.0,0.0,0.0
MAR11636,0.0,0.0,0.0
MAR11637,0.0,0.0,0.0
MAR11638,0.0,0.0,0.0
MAR11639,0.0,0.0,0.0
MAR11640,0.0,0.0,0.0
MAR11641,0.0,0.0,0.0
MAR11642,0.0,0.0,0.0
MAR11643,0.0,0.0,0.0
MAR11644,0.0,0.0,0.0
MAR11645,0.0,0.0,0.0
MAR11646,-1000.0,-1000.0,-1000.0
MAR11647,-4.83472548750368,-4.24230432247193,-6.60362124389202
MAR11648,0.0,0.0,0.0
MAR11649,0.0,0.0,0.0
MAR11650,0.0,0.0,0.0
MAR11651,0.0,0.0,0.0
MAR11652,0.0,0.0,0.0
MAR11653,0.0,0.0,0.0
MAR11654,0.0,0.0,0.0
MAR11655,0.0,0.0,0.0
MAR11656,0.0,0.0,0.0
MAR11657,0.0,0.0,0.0
MAR11658,0.0,0.0,0.0
MAR11659,0.0,0.0,0.0
MAR11660,0.0,0.0,0.0
MAR11661,0.0,0.0,0.0
MAR11662,0.0,0.0,0.0
MAR11663,0.0,0.0,0.0
MAR11664,0.0,0.0,0.0
MAR11665,0.0,0.0,0.0
MAR11666,0.0,0.0,0.0
MAR11667,0.0,0.0,0.0
MAR11668,0.0,0.0,0.0
MAR11669,0.0,0.0,0.0
MAR11670,0.0,0.0,0.0
MAR11671,0.0,0.0,0.0
MAR11672,0.0,0.0,0.0
MAR11673,0.0,0.0,0.0
MAR11674,0.0,0.0,0.0
MAR11675,0.0,0.0,0.0
MAR11676,0.0,0.0,0.0
MAR11677,0.0,0.0,0.0
MAR11678,0.0,0.0,0.0
MAR11679,0.0,0.0,0.0
MAR11680,0.0,0.0,0.0
MAR11681,0.0,0.0,0.0
MAR11682,0.0,0.0,0.0
MAR11683,0.0,0.0,0.0
MAR11684,0.0,0.0,0.0
MAR11685,0.0,0.0,0.0
MAR11686,0.0,0.0,0.0
MAR11687,0.0,0.0,0.0
MAR11688,0.0,0.0,0.0
MAR11689,0.0,0.0,0.0
MAR11690,0.0,0.0,0.0
MAR11691,0.0,0.0,0.0
MAR11692,0.0,0.0,0.0
MAR11693,0.0,0.0,0.0
MAR11694,0.0,0.0,0.0
MAR11695,0.0,0.0,0.0
MAR11696,0.0,0.0,0.0
MAR11697,0.0,0.0,0.0
MAR11698,0.0,0.0,0.0
MAR11699,0.0,0.0,0.0
MAR11700,0.0,0.0,0.0
MAR11701,0.0,0.0,0.0
MAR11702,0.0,0.0,0.0
MAR11703,0.0,0.0,0.0
MAR11704,0.0,0.0,0.0
MAR11705,0.0,0.0,0.0
MAR11706,0.0,0.0,0.0
MAR11707,0.0,0.0,0.0
MAR11708,0.0,0.0,0.0
MAR11709,0.0,0.0,0.0
MAR11710,0.0,0.0,0.0
MAR11711,0.0,0.0,0.0
MAR11712,0.0,0.0,0.0
MAR11713,0.0,0.0,0.0
MAR11714,0.0,0.0,0.0
MAR11715,0.0,0.0,0.0
MAR11716,0.0,0.0,0.0
MAR11717,0.0,0.0,0.0
MAR11718,0.0,0.0,0.0
MAR11719,0.0,0.0,0.0
MAR11720,0.0,0.0,0.0
MAR11721,0.0,0.0,0.0
MAR11722,0.0,0.0,0.0
MAR11723,0.0,0.0,0.0
MAR11724,0.0,0.0,0.0
MAR11725,0.0,0.0,0.0
MAR11726,0.0,0.0,0.0
MAR11727,0.0,0.0,0.0
MAR11728,0.0,0.0,0.0
MAR11729,0.0,0.0,0.0
MAR11730,0.0,0.0,0.0
MAR11731,-1000.0,-1000.0,-1000.0
MAR11732,0.0,0.0,0.0
MAR11733,0.0,0.0,0.0
MAR11734,-999.9999999999998,-999.9999999999995,-1000.0
MAR11735,0.0,0.0,0.0
MAR11736,0.0,0.0,0.0
MAR11737,0.0,0.0,0.0
MAR11738,0.0,0.0,0.0
MAR11739,0.0,0.0,0.0
MAR11740,0.0,0.0,0.0
MAR11741,0.0,0.0,0.0
MAR11742,0.0,0.0,0.0
MAR11743,0.0,0.0,0.0
MAR11744,0.0,0.0,0.0
MAR11745,0.0,0.0,0.0
MAR11746,0.0,0.0,0.0
MAR11747,0.0,0.0,0.0
MAR11748,0.0,0.0,0.0
MAR11749,0.0,0.0,0.0
MAR11750,0.0,0.0,0.0
MAR11751,0.0,0.0,0.0
MAR11752,0.0,0.0,0.0
MAR11753,0.0,0.0,0.0
MAR11754,0.0,0.0,0.0
MAR11755,0.0,0.0,0.0
MAR11756,-1000.0,-1000.0,-1000.0
MAR11757,0.0,0.0,0.0
MAR11758,0.0,0.0,0.0
MAR11759,0.0,0.0,0.0
MAR11760,0.0,0.0,0.0
MAR11761,0.0,0.0,0.0
MAR11762,0.0,0.0,0.0
MAR11763,0.0,0.0,0.0
MAR11764,0.0,0.0,0.0
MAR11765,0.0,0.0,0.0
MAR11766,0.0,0.0,0.0
MAR11767,0.0,0.0,0.0
MAR11768,0.0,0.0,0.0
MAR11769,0.0,0.0,0.0
MAR11770,0.0,0.0,0.0
MAR11771,0.0,0.0,0.0
MAR11772,0.0,0.0,0.0
MAR11773,0.0,0.0,0.0
MAR11774,0.0,0.0,0.0
MAR11775,-1000.0,-1000.0,-1000.0
MAR11776,0.0,0.0,0.0
MAR11777,0.0,0.0,0.0
MAR11778,0.0,0.0,0.0
MAR11779,-27.092776256089717,-24.7533794726416,-63.42502465130556
MAR11780,0.0,0.0,0.0
MAR11781,-999.9999999999999,-999.9999999999999,-999.9999999999999
MAR11782,-7.53646776336988,-5.16774806694369,-0.928784690647644
MAR11783,-1000.0,-1000.0,-1000.0
MAR11784,-1000.0000000000011,-1000.0000000000007,-1000.0
MAR11785,-1000.0,-1000.0,-1000.0
MAR11786,0.0,0.0,0.0
MAR11787,0.0,0.0,0.0
MAR11788,-3.66365532174393,-3.53439149390999,-0.612618048237074
MAR11789,-3.66365532174393,-3.53439149390999,-0.612618048237074
MAR11790,-3.66365532174393,-3.53439149390999,-0.612618048237074
MAR11791,0.0,0.0,0.0
MAR11792,0.0,0.0,0.0
MAR11793,0.0,0.0,0.0
MAR11794,0.0,0.0,0.0
MAR11795,0.0,0.0,0.0
MAR11796,0.0,0.0,0.0
MAR11797,0.0,0.0,0.0
MAR11798,0.0,0.0,0.0
MAR11799,0.0,0.0,0.0
MAR11800,0.0,0.0,0.0
MAR11801,-7.76471104396344,-5.90000054671551,-17.2918338618624
MAR11802,0.0,0.0,0.0
MAR11803,-1000.0,-1000.0,-1000.0
MAR11804,0.0,0.0,0.0
MAR11805,-4.83472548750368,-4.24230432247193,-6.60362124389202
MAR11806,-7.53646776336988,-5.16774806694369,-0.928784690647644
MAR11807,-7.53646776336988,-5.16774806694369,-0.928784690647644
MAR11808,0.0,0.0,0.0
MAR11809,0.0,0.0,0.0
MAR11810,0.0,0.0,0.0
MAR11811,-8.27715861724026,-5.447404602977668,-31.490313643334595
MAR11812,-14.363285999856,-10.8265233537317,-29.220431847340393
MAR11813,-14.363285999856,-10.826523353731702,-29.2204318473404
MAR11814,0.0,0.0,0.0
MAR11815,0.0,0.0,0.0
MAR11816,0.0,0.0,0.0
MAR11817,0.0,0.0,0.0
MAR11818,0.0,0.0,0.0
MAR11819,0.0,0.0,0.0
MAR11820,0.0,0.0,0.0
MAR11821,0.0,0.0,0.0
MAR11822,-77.23702830021021,-52.71936917643398,-165.57883138368035
MAR11823,-999.9999999999999,-999.9999999999999,-999.9999999999999
MAR11824,0.0,0.0,0.0
MAR11825,-1000.0000000000008,-999.9999999999997,-999.9999999999978
MAR11826,-1000.0,-1000.0,-1000.0
MAR11827,-1000.0000000000001,-1000.0000000000001,-1000.0000000000001
MAR11828,0.0,0.0,0.0
MAR11829,0.0,0.0,0.0
MAR11830,0.0,0.0,0.0
MAR11831,0.0,0.0,0.0
MAR11832,-2.089324442852846e-16,0.0,0.0
MAR11833,0.0,0.0,0.0
MAR11834,0.0,0.0,0.0
MAR11835,0.0,0.0,0.0
MAR11836,0.0,0.0,0.0
MAR11837,0.0,0.0,0.0
MAR11838,0.0,0.0,0.0
MAR11839,0.0,0.0,0.0
MAR11840,0.0,0.0,0.0
MAR11841,0.0,0.0,0.0
MAR11842,0.0,0.0,0.0
MAR11843,-1000.0,-1000.0,-1000.0
MAR11844,-1000.0,-1000.0,-1000.0
MAR11845,0.0,0.0,0.0
MAR11846,0.0,0.0,0.0
MAR11847,0.0,0.0,0.0
MAR11848,0.0,0.0,0.0
MAR11849,0.0,0.0,0.0
MAR11850,0.0,0.0,0.0
MAR11851,0.0,0.0,0.0
MAR11852,0.0,0.0,0.0
MAR11853,0.0,0.0,0.0
MAR11854,0.0,0.0,0.0
MAR11855,0.0,0.0,0.0
MAR11856,0.0,0.0,0.0
MAR11857,0.0,0.0,0.0
MAR11858,0.0,0.0,0.0
MAR11859,0.0,0.0,0.0
MAR11860,0.0,0.0,0.0
MAR11861,0.0,0.0,0.0
MAR11862,0.0,0.0,0.0
MAR11863,0.0,0.0,0.0
MAR11864,0.0,0.0,0.0
MAR11865,0.0,0.0,0.0
MAR11866,0.0,0.0,0.0
MAR11867,0.0,0.0,0.0
MAR11868,0.0,0.0,0.0
MAR11869,0.0,0.0,0.0
MAR11870,0.0,0.0,0.0
MAR11871,0.0,0.0,0.0
MAR11872,0.0,0.0,-2.6661963877196615e-15
MAR11873,0.0,0.0,0.0
MAR11874,0.0,0.0,0.0
MAR11875,0.0,0.0,0.0
MAR11876,0.0,0.0,0.0
MAR11877,0.0,0.0,0.0
MAR11878,0.0,0.0,0.0
MAR11879,0.0,0.0,0.0
MAR11880,0.0,0.0,0.0
MAR11881,0.0,0.0,0.0
MAR11882,0.0,0.0,0.0
MAR11883,0.0,0.0,0.0
MAR11884,0.0,0.0,0.0
MAR11885,0.0,0.0,0.0
MAR11886,0.0,0.0,0.0
MAR11887,0.0,0.0,0.0
MAR11888,0.0,0.0,0.0
MAR11889,0.0,0.0,0.0
MAR11890,-1000.0,-999.9999999999995,-1000.0
MAR11891,-999.9999999999999,-1000.0,-999.9999999999999
MAR11892,-1000.0,-1000.0,-1000.0
MAR11893,-999.9999999999999,-999.9999999999999,-999.9999999999999
MAR11894,-1000.0,-1000.0,-1000.0
MAR11895,-1000.0,-1000.0,-1000.0
MAR11896,-1000.0,-1000.0,-1000.0
MAR11897,-1000.0,-1000.0,-1000.0
MAR11898,0.0,0.0,0.0
MAR11899,0.0,0.0,0.0
MAR11900,0.0,0.0,0.0
MAR11901,0.0,0.0,0.0
MAR11902,-14.363285999856002,-10.826523353673736,-29.220431847340407
MAR11903,0.0,0.0,0.0
MAR11904,0.0,0.0,0.0
MAR11905,-1000.0,-1000.0,-1000.0
MAR11906,-1000.0000000000001,-1000.0000000000001,-1000.0000000000001
MAR11907,0.0,0.0,0.0
MAR11908,0.0,0.0,0.0
MAR11909,0.0,0.0,0.0
MAR11910,-5.744072597390754e-15,0.0,0.0
MAR11911,0.0,0.0,0.0
MAR11912,0.0,0.0,0.0
MAR11913,-11.423662495499045,-11.497329637505114,-37.8333744312608
MAR11914,-11.423662495499002,-11.497329637505102,-37.8333744312608
MAR11915,0.0,0.0,0.0
MAR11916,0.0,0.0,0.0
MAR11917,-999.9999999999999,-999.9999999999999,-999.9999999999999
MAR11918,0.0,0.0,0.0
MAR11919,0.0,0.0,0.0
MAR11920,0.0,0.0,0.0
MAR11921,0.0,0.0,0.0
MAR11922,0.0,0.0,0.0
MAR11923,-3.66365532174393,-3.5343914939099905,-0.6126180482370741
MAR11924,-999.9999999999998,-999.9999999999998,-999.9999999999998
MAR11925,-999.9999999999997,-999.9999999999997,-999.9999999999997
MAR11926,-999.9999999999994,-1000.0,-999.9999999999994
MAR11927,-1000.0,-1000.0,-1000.0
MAR11928,-3.0758884438634313,-2.656623337351892,-7.8474352112073325
MAR11929,-3.075888443863431,-2.6566233373518306,-7.847435211207331
MAR11930,-7.536467763369954,-5.16774806694369,-0.928784690647644
MAR11931,-21.557095940749193,-14.040468052552889,-25.681091272914124
MAR11932,-21.557095940752124,-14.04046805255292,-25.681091272914124
MAR11933,-7.53646776336988,-5.16774806694369,-0.928784690647644
MAR11934,-84.44245556733546,-68.32168635599612,-71.35316045347534
MAR11935,-41.910002819,-35.48998943853319,-69.1655919418362
MAR11936,-41.910002819,-35.48998943853319,-69.1655919418362
MAR11937,-20.13783007072074,-14.85862010862664,-77.35057048810438
MAR11938,-20.137830070720685,-14.858620108626637,-77.35057048810438
MAR11939,-999.9999999999993,-999.999999999999,-1000.0
MAR11940,-1000.0,-1000.0,-1000.0000000000001
MAR11941,-3.3778712988295068,-2.5223283858959067,-5.802544875437852
MAR11942,-3.377871298829507,-2.522328385895904,-5.802544875437839
MAR11943,-34.996992203188796,-31.917335392526958,-59.29215744031451
MAR11944,-20.0002350703025,-18.039678505507045,-24.940319306906446
MAR11945,-20.0002350703025,-18.039678505507045,-24.940319306906446
MAR11946,0.0,0.0,0.0
MAR11947,-5.72657471537902,-4.24351507653795,-8.061460848625288
MAR11948,-9.376481940209128,-9.537832550876011,-11.566801007793789
MAR11949,-9.376481940209128,-9.537832550876011,-11.566801007793789
MAR11950,-27.0927762560894,-24.7533794726416,-35.676580226736135
MAR11951,0.0,0.0,0.0
MAR11952,-35.31828740935592,-28.571518072998302,-63.80322781825852
MAR11953,-37.057527743423435,-24.933303776544292,-100.01312002949429
MAR11954,0.0,0.0,0.0
MAR11955,-2.686731540381537,-1.8146334936572,-1.24788635303806
MAR11956,-1000.0000000000001,-1000.0000000000001,-1000.0000000000001
MAR11957,-7.76471104396344,-5.9000005467155106,-11.522075914996298
MAR11958,-33.324516903455105,-26.280373280218182,-35.68246608908208
MAR11959,-61.529077871773545,-53.02486642120206,-113.10869283539107
MAR11960,-32.61567602717089,-21.901082214286593,-69.63707207528586
MAR11961,-0.8410413598536273,-0.28108459705246164,-1.2411963458238384
MAR11962,0.0,0.0,0.0
MAR11963,-17.484293603516097,-17.146106981813638,-10.200287592385637
MAR11964,0.0,0.0,0.0
MAR11965,-0.0004221877156079164,-0.0003557670118234942,-0.0009569067314006418
MAR11966,0.0,0.0,0.0
MAR11967,0.0,0.0,0.0
MAR11968,0.0,0.0,0.0
MAR11969,0.0,0.0,0.0
MAR11970,0.0,0.0,0.0
MAR11971,0.0,0.0,0.0
MAR11972,0.0,0.0,0.0
MAR11973,-10.58257016006283,-8.35151361199459,-9.901988490181095
MAR11974,-10.58257016006283,-8.35151361199461,-9.901988490180953
MAR11975,-22.86664302648331,-25.10896626405809,-32.647257635105
MAR11976,0.0,0.0,0.0
MAR11977,0.0,0.0,0.0
MAR11978,0.0,0.0,0.0
MAR11979,0.0,0.0,0.0
MAR11980,0.0,0.0,0.0
MAR11981,0.0,0.0,0.0
MAR11982,0.0,0.0,0.0
MAR11983,0.0,0.0,0.0
MAR11984,0.0,0.0,0.0
MAR11985,0.0,0.0,0.0
MAR11986,0.0,0.0,0.0
MAR11987,-0.31562392404921424,-0.2799187882674194,-0.18350997016147313
MAR11988,0.0,0.0,0.0
MAR11989,0.0,0.0,0.0
MAR11990,-17.337104514708432,-15.413232858936533,-9.780639266583266
MAR11991,0.0,0.0,0.0
MAR11992,0.0,0.0,0.0
MAR11993,-14.2164257020609,-12.638850944328158,-8.020124198598484
MAR11994,0.0,0.0,0.0
MAR11995,0.0,0.0,0.0
MAR11996,-14.50655683883763,-12.896786677885697,-8.183800202651511
MAR11997,0.0,0.0,0.0
MAR11998,0.0,0.0,0.0
MAR11999,-4.52589031064678,-4.018893405591385,-2.5867762377461267
MAR12000,0.0,0.0,0.0
MAR12001,0.0,0.0,0.0
MAR12002,0.0,0.0,0.0
MAR12003,0.0,0.0,0.0
MAR12004,0.0,0.0,0.0
MAR12005,0.0,0.0,0.0
MAR12006,0.0,0.0,0.0
MAR12007,0.0,0.0,0.0
MAR12008,0.0,0.0,0.0
MAR12009,0.0,0.0,0.0
MAR12010,0.0,0.0,0.0
MAR12011,0.0,0.0,0.0
MAR12012,0.0,0.0,0.0
MAR12013,0.0,0.0,0.0
MAR12014,-1000.0,-1000.0,-1000.0
MAR12015,0.0,0.0,0.0
MAR12016,-1000.0000000000001,-1000.0000000000001,-1000.0000000000001
MAR12017,0.0,0.0,0.0
MAR12018,0.0,0.0,0.0
MAR12019,0.0,0.0,0.0
MAR12020,0.0,0.0,0.0
MAR12021,0.0,0.0,0.0
MAR12022,-1000.0,-1000.0,-813.9118201238686
MAR12023,-3.8017278809902035e-12,3.6787619801403413e-13,-1.3275485626124464e-12
MAR12024,0.0,0.0,0.0
MAR12025,0.0,0.0,0.0
MAR12026,0.0,0.0,0.0
MAR12027,0.0,0.0,0.0
MAR12028,0.0,0.0,0.0
MAR12029,0.0,0.0,0.0
MAR12030,0.0,0.0,0.0
MAR12031,-999.9999999999994,-999.9999999999908,-1000.0
MAR12032,-1000.0,-1000.0,-1000.0000000000001
MAR12033,4.794866600509038e-13,2.0492766261366765e-14,-2.7323688348489007e-13
MAR12034,0.0,0.0,0.0
MAR12035,0.0,0.0,0.0
MAR12036,0.0,0.0,0.0
MAR12037,0.0,0.0,0.0
MAR12038,-3.199068628596545e-13,-2.936458850455918e-13,0.0
MAR12039,0.0,0.0,0.0
MAR12040,-99.56724081813219,-83.64770869253132,-156.12083832193005
MAR12041,0.0,0.0,0.0
MAR12042,-1000.0,-1000.0,-1000.0
MAR12043,-60.10965490713295,-54.83879454505221,-82.89471986281036
MAR12044,-1000.0,-1000.0,-1000.0
MAR12045,0.0,0.0,0.0
MAR12046,0.0,0.0,0.0
MAR12047,0.0,0.0,0.0
MAR12048,0.0,0.0,0.0
MAR12049,0.0,0.0,0.0
MAR12050,0.0,0.0,0.0
MAR12051,0.0,0.0,0.0
MAR12052,0.0,0.0,0.0
MAR12053,0.0,0.0,0.0
MAR12054,0.0,0.0,0.0
MAR12055,0.0,0.0,0.0
MAR12056,0.0,0.0,0.0
MAR12057,0.0,0.0,0.0
MAR12058,0.0,0.0,0.0
MAR12059,0.0,0.0,0.0
MAR12060,0.0,0.0,0.0
MAR12061,0.0,0.0,0.0
MAR12062,0.0,0.0,0.0
MAR12063,0.0,0.0,0.0
MAR12064,0.0,0.0,0.0
MAR12065,0.0,0.0,0.0
MAR12066,0.0,0.0,0.0
MAR12067,0.0,0.0,0.0
MAR12068,1.0636487000058722e-15,0.0,1.240923483340185e-15
MAR12069,0.0,0.0,0.0
MAR12070,0.0,0.0,0.0
MAR12071,0.0,0.0,0.0
MAR12072,0.0,0.0,0.0
MAR12073,0.0,0.0,0.0
MAR12074,0.0,0.0,0.0
MAR12075,0.0,0.0,0.0
MAR12076,0.0,0.0,0.0
MAR12077,0.0,0.0,0.0
MAR12078,0.0,0.0,0.0
MAR12079,0.0,0.0,0.0
MAR12080,0.0,0.0,0.0
MAR12081,0.0,0.0,0.0
MAR12082,0.0,0.0,0.0
MAR12083,0.0,0.0,0.0
MAR12084,0.0,0.0,0.0
MAR12085,0.0,0.0,0.0
MAR12086,0.0,0.0,0.0
MAR12087,0.0,0.0,0.0
MAR12088,-1000.0,-1000.0,-1000.0
MAR12089,0.0,0.0,0.0
MAR12090,-40.32198011061463,-45.93197934825172,-40.398783275524465
MAR12091,0.0,0.0,0.0
MAR12092,0.0,0.0,0.0
MAR12093,-0.395673618880873,-0.43821413272239407,-2.6721025890203394
MAR12094,-0.395673618880873,-0.43821413272239407,-2.67210258902034
MAR12095,-0.395673618880873,-0.43821413272239407,-2.672102589020341
MAR12096,0.0,0.0,0.0
MAR12097,-3.1688030730293395,-2.4151940780604217,-2.86339587213921
MAR12098,0.0,0.0,0.0
MAR12099,0.0,0.0,0.0
MAR12100,0.0,0.0,0.0
MAR12101,0.0,0.0,0.0
MAR12102,0.0,0.0,0.0
MAR12103,0.0,0.0,0.0
MAR12104,-1000.0,-999.9999999999999,-999.9999999999999
MAR12105,-4.47976202110258,-3.4448920067271893,-8.94821121158951
MAR12106,-4.47976202110258,-3.4448920067271898,-8.94821121158951
MAR12107,0.0,0.0,0.0
MAR12108,0.0,0.0,0.0
MAR12109,0.0,0.0,0.0
MAR12110,0.0,0.0,0.0
MAR12111,0.0,0.0,0.0
MAR12112,0.0,0.0,0.0
MAR12113,-13.267332764613501,-12.0308270511618,-12.743354547008503
MAR12114,0.0,0.0,0.0
MAR12115,-20.2727900881793,-10.4262351107428,-22.667964564994374
MAR12116,-25.70219341488092,-20.934496527991314,-22.667964564994374
MAR12117,0.0,-2.6696471040441952e-14,0.0
MAR12118,0.0,0.0,0.0
MAR12119,0.0,0.0,0.0
MAR12120,0.0,0.0,0.0
MAR12121,0.0,0.0,0.0
MAR12122,0.0,0.0,0.0
MAR12123,0.0,0.0,0.0
MAR12124,0.0,0.0,0.0
MAR12125,0.0,0.0,0.0
MAR12126,-0.9224262330140125,-0.6605229805213694,-0.5551305233189613
MAR12127,-23.711332603584154,-15.78761889690377,-32.84456744482409
MAR12128,-20.0002350703025,-18.039678505507037,-24.940319306906442
MAR12129,-1000.0000000000002,-1000.0000000000002,-1000.0000000000002
MAR12130,-1000.0,-1000.0,-1000.0
MAR12131,-1000.0,-1000.0,-1000.0
MAR12132,-21.382406394014254,-15.274799481572291,-31.93297444700758
MAR12133,-1.02672721462055,-0.6389007744863898,-2.1854345135679787
MAR12134,0.0,0.0,0.0
MAR12135,0.0,0.0,0.0
MAR12136,-9.72471454544993,-8.062109716842869,-9.213127282679935
MAR12137,-4.479762021102579,-3.44489200672719,-8.948211211589507
MAR12138,-4.479762021102579,-3.4448920067271898,-8.94821121158951
MAR12139,-4.479762021102579,-3.44489200672719,-8.948211211589507
MAR12140,0.0,0.0,0.0
MAR12141,-1000.0,-1000.0,-1000.0
MAR12142,0.0,0.0,0.0
MAR12143,-1000.0,-1000.0,-999.9999999999997
MAR12144,0.0,0.0,0.0
MAR12145,0.0,0.0,0.0
MAR12146,0.0,0.0,0.0
MAR12147,0.0,0.0,0.0
MAR12148,-1000.0,-1000.0,-1000.0
MAR12149,0.0,0.0,0.0
MAR12150,0.0,0.0,0.0
MAR12151,-1000.0,-1000.0,-1000.0
MAR12152,0.0,0.0,0.0
MAR12153,0.0,0.0,0.0
MAR12154,0.0,0.0,0.0
MAR12155,-1000.0,-1000.0,-1000.0
MAR12156,0.0,0.0,0.0
MAR12157,0.0,0.0,0.0
MAR12158,0.0,0.0,0.0
MAR12159,-1000.0,-1000.0,-1000.0
MAR12160,0.0,0.0,0.0
MAR12161,0.0,0.0,0.0
MAR12162,-1000.000000000001,-1000.0,-1000.0000000000001
MAR12163,0.0,0.0,0.0
MAR12164,0.0,0.0,0.0
MAR12165,-1000.0000000000019,-1000.0000000000003,-999.9999999999997
MAR12166,0.0,0.0,0.0
MAR12167,0.0,0.0,0.0
MAR12168,0.0,0.0,0.0
MAR12169,0.0,0.0,0.0
MAR12170,-65.07659998674349,-56.61451067444728,-9.79451328481671
MAR12171,0.0,0.0,0.0
MAR12172,-999.9999999999998,-999.9999999999998,-999.9999999999998
MAR12173,0.0,0.0,0.0
MAR12174,0.0,0.0,0.0
MAR12175,0.0,0.0,0.0
MAR12176,0.0,0.0,0.0
MAR12177,-65.07659998674349,-56.61451067445327,-9.79451328481671
MAR12178,0.0,0.0,0.0
MAR12179,0.0,0.0,0.0
MAR12180,0.0,0.0,0.0
MAR12181,-65.07659998674349,-0.12391465074774403,-9.79451328481671
MAR12182,-1000.0,-1000.0,-1000.0
MAR12183,0.0,0.0,0.0
MAR12184,0.0,0.0,0.0
MAR12185,-1000.0,-1000.0000000000084,-1000.0
MAR12186,0.0,0.0,0.0
MAR12187,0.0,0.0,0.0
MAR12188,0.0,0.0,0.0
MAR12189,0.0,0.0,0.0
MAR12190,-65.07659998674349,-0.12391465074774403,-9.79451328481642
MAR12191,0.0,0.0,0.0
MAR12192,0.0,0.0,0.0
MAR12193,0.0,0.0,0.0
MAR12194,-65.07659998674353,-0.12391465074774403,-9.794513284816663
MAR12195,0.0,0.0,0.0
MAR12196,-999.9999999999998,-999.9999999999998,-999.9999999999998
MAR12197,0.0,0.0,0.0
MAR12198,0.0,0.0,0.0
MAR12199,0.0,0.0,0.0
MAR12200,0.0,0.0,0.0
MAR12201,0.0,0.0,0.0
MAR12202,0.0,0.0,0.0
MAR12203,0.0,0.0,0.0
MAR12204,0.0,0.0,0.0
MAR12205,0.0,0.0,0.0
MAR12206,0.0,0.0,0.0
MAR12207,0.0,0.0,0.0
MAR12208,-1.4209619617161604e-14,0.0,0.0
MAR12209,0.0,0.0,0.0
MAR12210,0.0,0.0,8.532494182217328e-16
MAR12211,8.532494182217328e-16,0.0,2.2343939277847426e-15
MAR12212,0.0,0.0,0.0
MAR12213,0.0,0.0,0.0
MAR12214,0.0,-7.965604667323085e-14,0.0
MAR12215,0.0,0.0,0.0
MAR12216,0.0,0.0,0.0
MAR12217,0.0,0.0,0.0
MAR12218,0.0,0.0,0.0
MAR12219,0.0,0.0,0.0
MAR12220,0.0,0.0,0.0
MAR12221,-130.15319997348698,-0.49565860299097597,-19.589026569633415
MAR12222,0.0,0.0,0.0
MAR12223,0.0,0.0,0.0
MAR12224,0.0,0.0,0.0
MAR12225,0.0,0.0,0.0
MAR12226,0.0,0.0,0.0
MAR12227,0.0,0.0,0.0
MAR12228,0.0,0.0,0.0
MAR12229,0.0,0.0,0.0
MAR12230,0.0,0.0,0.0
MAR12231,0.0,0.0,0.0
MAR12232,0.0,0.0,0.0
MAR12233,0.0,0.0,0.0
MAR12234,0.0,0.0,0.0
MAR12235,-999.9999999999998,-999.9999999999998,-999.9999999999998
MAR12236,0.0,0.0,0.0
MAR12237,0.0,0.0,0.0
MAR12238,-999.9999999999998,-999.9999999999998,-999.9999999999998
MAR12239,0.0,0.0,0.0
MAR12240,0.0,0.0,0.0
MAR12241,-999.9999999999998,-999.9999999999998,-999.9999999999998
MAR12242,0.0,0.0,0.0
MAR12243,0.0,0.0,0.0
MAR12244,-999.9999999999998,-999.9999999999998,-999.9999999999998
MAR12245,0.0,0.0,0.0
MAR12246,0.0,0.0,0.0
MAR12247,0.0,0.0,0.0
MAR12248,0.0,0.0,0.0
MAR12249,-65.07659998674404,-0.12391465074774403,-9.794513284816732
MAR12250,0.0,0.0,0.0
MAR12251,0.0,0.0,0.0
MAR12252,0.0,0.0,0.0
MAR12253,-65.07659998674349,-0.12391465074774403,-9.794513284816665
MAR12254,0.0,0.0,0.0
MAR12255,0.0,0.0,0.0
MAR12256,0.0,0.0,0.0
MAR12257,-65.07659998674349,-56.61451067445329,-9.794513284816707
MAR12258,0.0,0.0,0.0
MAR12259,0.0,0.0,0.0
MAR12260,0.0,0.0,0.0
MAR12261,-65.07659998674349,-0.12391465074774402,-9.79451328481671
MAR12262,0.0,0.0,0.0
MAR12263,-1000.0,-1000.0,-1000.0
MAR12264,0.0,0.0,0.0
MAR12265,0.0,0.0,0.0
MAR12266,0.0,0.0,0.0
MAR12267,-1000.0,-1000.0,-1000.0
MAR12268,0.0,0.0,0.0
MAR12269,0.0,0.0,0.0
MAR12270,-999.9999999999983,-1000.0,-1000.0
MAR12271,0.0,0.0,0.0
MAR12272,0.0,0.0,0.0
MAR12273,0.0,0.0,0.0
MAR12274,0.0,0.0,0.0
MAR12275,-65.07659998674347,-0.12391465074774402,-9.79451328481671
MAR12276,0.0,0.0,0.0
MAR12277,0.0,0.0,0.0
MAR12278,0.0,0.0,0.0
MAR12279,-65.07659998674349,-0.12391465074774403,-9.79451328481671
MAR12280,0.0,0.0,0.0
MAR12281,-999.9999999999998,-999.9999999999998,-999.9999999999998
MAR12282,0.0,0.0,0.0
MAR12283,0.0,0.0,0.0
MAR12284,0.0,0.0,0.0
MAR12285,-999.9999999999998,-999.9999999999998,-999.9999999999998
MAR12286,0.0,0.0,0.0
MAR12287,0.0,0.0,0.0
MAR12288,-999.9999999999998,-999.9999999999998,-999.9999999999998
MAR12289,0.0,0.0,0.0
MAR12290,0.0,0.0,0.0
MAR12291,0.0,0.0,0.0
MAR12292,-999.9999999999998,-999.9999999999998,-999.9999999999998
MAR12293,0.0,0.0,0.0
MAR12294,0.0,0.0,0.0
MAR12295,-1000.0,-1000.0,-1000.0
MAR12296,0.0,0.0,0.0
MAR12297,0.0,0.0,0.0
MAR12298,-999.9999999999998,-999.9999999999998,-999.9999999999998
MAR12299,0.0,0.0,0.0
MAR12300,0.0,0.0,0.0
MAR12301,-1000.0,-1000.0,-1000.0000000000048
MAR12302,0.0,0.0,0.0
MAR12303,0.0,0.0,0.0
MAR12304,-999.9999999999998,-999.9999999999998,-999.9999999999998
MAR12305,0.0,0.0,0.0
MAR12306,-1000.0,-1000.0,-1000.0
MAR12307,0.0,0.0,0.0
MAR12308,0.0,0.0,0.0
MAR12309,0.0,0.0,0.0
MAR12310,-1000.0,-1000.0,-802.0124198598481
MAR12311,0.0,0.0,0.0
MAR12312,0.0,0.0,0.0
MAR12313,0.0,0.0,0.0
MAR12314,0.0,0.0,0.0
MAR12315,0.0,0.0,0.0
MAR12316,0.0,0.0,0.0
MAR12317,-1000.0,-1000.0,-1000.0
MAR12318,0.0,0.0,0.0
MAR12319,0.0,0.0,0.0
MAR12320,0.0,0.0,0.0
MAR12321,0.0,0.0,0.0
MAR12322,0.0,0.0,0.0
MAR12323,0.0,0.0,0.0
MAR12324,-1000.0,-1000.0,-802.0124198598404
MAR12325,0.0,0.0,0.0
MAR12326,0.0,0.0,0.0
MAR12327,0.0,0.0,0.0
MAR12328,0.0,0.0,0.0
MAR12329,0.0,0.0,0.0
MAR12330,0.0,0.0,0.0
MAR12331,-1000.0,-1000.0,-1000.0
MAR12332,0.0,0.0,0.0
MAR12333,0.0,0.0,0.0
MAR12334,-1000.0,-0.123914650747744,-11.063424453414497
MAR12335,0.0,0.0,0.0
MAR12336,-1000.0,-0.12391465074774402,-11.063424453414498
MAR12337,0.0,0.0,0.0
MAR12338,-1000.0,-46.055893998999444,-30.68051576388
MAR12339,0.0,0.0,0.0
MAR12340,0.0,0.0,0.0
MAR12341,0.0,0.0,0.0
MAR12342,0.0,0.0,0.0
MAR12343,0.0,0.0,0.0
MAR12344,0.0,0.0,0.0
MAR12345,-1000.0,-1000.0,-1000.0
MAR12346,-1.08588095136946,-0.818384246153372,-7.62191316082277
MAR12347,0.0,0.0,0.0
MAR12348,0.0,0.0,0.0
MAR12349,0.0,0.0,0.0
MAR12350,0.0,0.0,0.0
MAR12351,-7.980344001518536,-5.5305091177646934,-48.43979264717551
MAR12352,-1.08588095136946,-0.818384246153372,-7.62191316082277
MAR12353,0.0,0.0,0.0
MAR12354,0.0,0.0,0.0
MAR12355,0.0,0.0,0.0
MAR12356,-1000.0,-0.123914650747744,-11.063424453414497
MAR12357,0.0,0.0,0.0
MAR12358,0.0,0.0,0.0
MAR12359,-1000.0,-1000.0,-1000.0
MAR12360,0.0,0.0,0.0
MAR12361,-1.08588095136946,-0.818384246153372,-7.62191316082277
MAR12362,-1.08588095136946,-0.818384246153372,-7.62191316082277
MAR12363,0.0,0.0,0.0
MAR12364,0.0,0.0,0.0
MAR12365,0.0,0.0,0.0
MAR12366,-999.9999999999995,-999.9999999999985,-999.9999999999994
MAR12367,0.0,0.0,0.0
MAR12368,-999.9999999999999,-999.9999999999999,-999.9999999999999
MAR12369,0.0,0.0,0.0
MAR12370,0.0,0.0,0.0
MAR12371,0.0,0.0,0.0
MAR12372,0.0,0.0,0.0
MAR12373,0.0,0.0,0.0
MAR12374,-0.0746480472062911,-0.552965386915167,-4.98726960026654
MAR12375,0.0,0.0,0.0
MAR12376,0.0,0.0,0.0
MAR12377,-93.33039136995366,-75.32980327856296,-137.1291749779229
MAR12378,-1.08588095136946,-0.818384246153372,-7.62191316082277
MAR12379,0.0,0.0,0.0
MAR12380,0.0,0.0,0.0
MAR12381,0.0,0.0,0.0
MAR12382,0.0,0.0,0.0
MAR12383,0.0,0.0,0.0
MAR12384,-1000.0,-1000.0,-1000.0
MAR12385,-1.08588095136946,-0.818384246153372,-7.62191316082277
MAR12386,0.0,0.0,0.0
MAR12387,0.0,0.0,0.0
MAR12388,0.0,0.0,0.0
MAR12389,0.0,0.0,0.0
MAR12390,0.0,0.0,0.0
MAR12391,-1000.0,-1000.0,-802.0124198598465
MAR12392,0.0,0.0,0.0
MAR12393,0.0,0.0,0.0
MAR12394,0.0,0.0,0.0
MAR12395,-1000.0,-1000.0,-1000.0
MAR12396,-1.08588095136946,-0.818384246153372,-7.62191316082277
MAR12397,0.0,0.0,0.0
MAR12398,0.0,0.0,0.0
MAR12399,0.0,0.0,0.0
MAR12400,-7.980344001518073,-5.530509117764975,-48.439792647175594
MAR12401,-1.08588095136946,-0.818384246153372,-7.62191316082277
MAR12402,0.0,0.0,0.0
MAR12403,0.0,0.0,0.0
MAR12404,0.0,0.0,0.0
MAR12405,-1000.0,-46.055893998999444,-30.68051576388
MAR12406,0.0,0.0,0.0
MAR12407,0.0,0.0,0.0
MAR12408,-0.0746480472062911,-0.552965386915167,-4.98726960026654
MAR12409,0.0,0.0,0.0
MAR12410,0.0,0.0,0.0
MAR12411,-0.0746480472062911,-0.5529653869151668,-4.987269600266539
MAR12412,0.0,0.0,0.0
MAR12413,0.0,0.0,0.0
MAR12414,0.0,0.0,0.0
MAR12415,0.0,0.0,0.0
MAR12416,0.0,0.0,0.0
MAR12417,0.0,0.0,0.0
MAR12418,-1000.0,-1000.0,-802.012419859844
MAR12419,0.0,0.0,0.0
MAR12420,0.0,0.0,0.0
MAR12421,0.0,0.0,0.0
MAR12422,-1000.0,-1000.0,-802.012419859845
MAR12423,0.0,0.0,0.0
MAR12424,-1000.0,-1000.0,-1000.0
MAR12425,0.0,0.0,0.0
MAR12426,0.0,0.0,0.0
MAR12427,0.0,0.0,0.0
MAR12428,0.0,0.0,0.0
MAR12429,-1.1605289985757512,-1.3713496330685389,-12.609182761089311
MAR12430,0.0,0.0,0.0
MAR12431,-1.08588095136946,-0.818384246153372,-7.62191316082277
MAR12432,0.0,0.0,0.0
MAR12433,-40.321980110614604,-45.93197934825171,-19.6170913104655
MAR12434,0.0,0.0,0.0
MAR12435,0.0,0.0,0.0
MAR12436,0.0,0.0,0.0
MAR12437,0.0,0.0,0.0
MAR12438,0.0,0.0,0.0
MAR12439,0.0,0.0,0.0
MAR12440,0.0,0.0,0.0
MAR12441,0.0,0.0,0.0
MAR12442,-40.321980110614604,-45.9319793482517,-19.617091310465504
MAR12443,0.0,0.0,0.0
MAR12444,0.0,0.0,0.0
MAR12445,0.0,0.0,0.0
MAR12446,0.0,0.0,0.0
MAR12447,0.0,0.0,0.0
MAR12448,0.0,0.0,0.0
MAR12449,0.0,0.0,0.0
MAR12450,-1000.0,-1000.0,-802.0124198598501
MAR12451,0.0,0.0,0.0
MAR12452,0.0,0.0,0.0
MAR12453,0.0,0.0,0.0
MAR12454,-1000.0,-1000.0,-802.0124198598487
MAR12455,0.0,0.0,0.0
MAR12456,-1000.0,-1000.0,-1000.0
MAR12457,0.0,0.0,0.0
MAR12458,0.0,0.0,0.0
MAR12459,-0.0746480472062911,-0.5529653869151668,-4.987269600266539
MAR12460,0.0,0.0,0.0
MAR12461,0.0,0.0,0.0
MAR12462,0.0,0.0,0.0
MAR12463,-65.0765999867435,-56.6145106744533,-9.79451328481671
MAR12464,0.0,0.0,0.0
MAR12465,0.0,0.0,0.0
MAR12466,0.0,0.0,0.0
MAR12467,0.0,0.0,0.0
MAR12468,0.0,0.0,0.0
MAR12469,-65.0765999867435,-56.6145106744533,-9.79451328481671
MAR12470,0.0,0.0,0.0
MAR12471,0.0,0.0,0.0
MAR12472,0.0,0.0,0.0
MAR12473,-1000.0,-1000.0,-1000.0
MAR12474,0.0,0.0,0.0
MAR12475,0.0,0.0,0.0
MAR12476,0.0,0.0,0.0
MAR12477,0.0,0.0,0.0
MAR12478,0.0,0.0,0.0
MAR12479,0.0,0.0,0.0
MAR12480,0.0,0.0,0.0
MAR12481,0.0,0.0,0.0
MAR12482,0.0,0.0,0.0
MAR12483,-1000.0,-1000.0,-802.012419859847
MAR12484,0.0,0.0,0.0
MAR12485,0.0,0.0,0.0
MAR12486,-1000.0,-1000.0,-1000.0
MAR12487,0.0,0.0,0.0
MAR12488,0.0,0.0,0.0
MAR12489,0.0,0.0,0.0
MAR12490,0.0,0.0,0.0
MAR12491,-1000.0,-1000.0,-802.012419859846
MAR12492,0.0,0.0,0.0
MAR12493,0.0,0.0,0.0
MAR12494,-1000.0,-1000.0,-1000.0
MAR12495,0.0,0.0,0.0
MAR12496,0.0,0.0,0.0
MAR12497,0.0,0.0,0.0
MAR12498,-1000.0,-1000.0,-1000.0
MAR12499,0.0,0.0,0.0
MAR12500,0.0,0.0,0.0
MAR12501,-1000.0,-1000.0,-802.0124198598436
MAR12502,0.0,0.0,0.0
MAR12503,0.0,0.0,0.0
MAR12504,0.0,0.0,0.0
MAR12505,-1000.0,-1000.0,-1000.0
MAR12506,0.0,0.0,0.0
MAR12507,0.0,0.0,0.0
MAR12508,-1000.0,-1000.0,-1000.0
MAR12509,-11.1287998507996,-7.0812567596258,-50.7672347636618
MAR12510,-1.08588095136946,-0.818384246153372,-7.62191316082277
MAR12511,0.0,0.0,0.0
MAR12512,0.0,0.0,0.0
MAR12513,-12.461218477547325,-8.231701097964775,-64.19679033051503
MAR12514,0.0,0.0,0.0
MAR12515,0.0,0.0,0.0
MAR12516,0.0,0.0,0.0
MAR12517,0.0,0.0,0.0
MAR12518,-1.08588095136946,-0.818384246153372,-7.62191316082277
MAR12519,0.0,0.0,0.0
MAR12520,0.0,0.0,0.0
MAR12521,0.0,0.0,0.0
MAR12522,-1000.0,-1000.0,-1000.0
MAR12523,0.0,0.0,0.0
MAR12524,-1000.0,-1000.0,-802.0124198598439
MAR12525,0.0,0.0,0.0
MAR12526,0.0,0.0,0.0
MAR12527,0.0,0.0,0.0
MAR12528,0.0,0.0,0.0
MAR12529,-1000.0000000000001,-0.12391465074824605,-11.06342445341381
MAR12530,0.0,0.0,0.0
MAR12531,0.0,0.0,0.0
MAR12532,-1000.0,-1000.0,-802.0124198598434
MAR12533,0.0,0.0,0.0
MAR12534,-1000.0,-1000.0,-802.0124198598435
MAR12535,0.0,0.0,0.0
MAR12536,0.0,0.0,0.0
MAR12537,0.0,0.0,0.0
MAR12538,0.0,0.0,0.0
MAR12539,0.0,0.0,0.0
MAR12540,0.0,0.0,0.0
MAR12541,0.0,0.0,0.0
MAR12542,0.0,0.0,0.0
MAR12543,0.0,0.0,0.0
MAR12544,0.0,0.0,0.0
MAR12545,0.0,0.0,0.0
MAR12546,-1000.0,-1000.0,-802.0124198598514
MAR12547,0.0,0.0,0.0
MAR12548,-1000.0,-1000.0,-802.0124198598455
MAR12549,0.0,0.0,0.0
MAR12550,-1000.0,-1000.0,-1000.0
MAR12551,-1000.0,-1000.0,-1000.0
MAR12552,0.0,0.0,0.0
MAR12553,0.0,0.0,0.0
MAR12554,-1000.0,-1000.0,-802.0124198598457
MAR12555,0.0,0.0,0.0
MAR12556,0.0,0.0,0.0
MAR12557,0.0,0.0,0.0
MAR12558,0.0,0.0,0.0
MAR12559,0.0,0.0,0.0
MAR12560,0.0,0.0,0.0
MAR12561,0.0,0.0,0.0
MAR12562,0.0,0.0,0.0
MAR12563,0.0,0.0,0.0
MAR12564,0.0,0.0,0.0
MAR12565,0.0,0.0,0.0
MAR12566,0.0,0.0,0.0
MAR12567,0.0,0.0,0.0
MAR12568,-1000.0,-1000.0,-802.0124198598445
MAR12569,0.0,0.0,0.0
MAR12570,0.0,0.0,0.0
MAR12571,-0.0746480472062911,-0.552965386915167,-4.98726960026654
MAR12572,0.0,0.0,0.0
MAR12573,0.0,0.0,0.0
MAR12574,0.0,0.0,0.0
MAR12575,0.0,0.0,0.0
MAR12576,0.0,0.0,0.0
MAR12577,-1000.0000000000001,-1000.0000000000001,-1000.0000000000001
MAR12578,0.0,0.0,0.0
MAR12579,0.0,0.0,0.0
MAR12580,0.0,0.0,0.0
MAR12581,-1000.0000000000001,-1000.0000000000001,-1000.0000000000001
MAR12582,-1000.0,-0.12391465074774402,-11.063424453414497
MAR12583,0.0,0.0,0.0
MAR12584,0.0,0.0,0.0
MAR12585,-1000.0000000000001,-46.055893998999444,-30.680515763880003
MAR12586,-1000.0,-1000.0,-1000.0
MAR12587,0.0,6.331865318151118e-16,-1.0009230726904799e-13
MAR12588,-0.24653767537757137,-0.33206009218567845,-5.807642406031265
MAR12589,0.0,0.0,0.0
MAR12590,0.0,0.0,0.0
MAR12591,-1000.0,-0.12391465074774402,-11.063424453414497
MAR12592,0.0,0.0,0.0
MAR12593,-1000.0000000000001,-1000.0000000000001,-1000.0000000000001
MAR12594,0.0,0.0,0.0
MAR12595,0.0,0.0,0.0
MAR12596,-1000.0,-1000.0,-1000.0
MAR12597,-1000.0,-1000.0,-1000.0
MAR12598,0.0,0.0,0.0
MAR12599,0.0,0.0,0.0
MAR12600,-92.16986237137793,-73.95845364549443,-124.51999221683361
MAR12601,1.5019901083893754e-13,-1.57986316117034e-14,-2.1916821292380845e-14
MAR12602,0.0,0.0,0.0
MAR12603,-1000.0000000000001,-1000.0000000000001,-999.9999999999999
MAR12604,0.0,0.0,0.0
MAR12605,0.0,0.0,0.0
MAR12606,-1000.0000000000002,-1000.0000000000002,-1000.0000000000003
MAR12607,-0.24653767538063412,-0.33206009220359634,-5.807642406030989
MAR12608,0.0,0.0,0.0
MAR12609,-1000.0000000000001,-46.055893998999444,-30.680515763880003
MAR12610,0.0,0.0,0.0
MAR12611,0.0,0.0,0.0
MAR12612,0.0,0.0,0.0
MAR12613,0.0,0.0,0.0
MAR12614,0.0,0.0,0.0
MAR12615,-1000.0000000000002,-1000.0000000000002,-1000.0000000000002
MAR12616,0.0,0.0,0.0
MAR12617,0.0,0.0,0.0
MAR12618,-1.4518533851691123e-16,0.0,0.0
MAR12619,-0.246537675378264,-0.332060092185603,-5.807642406031011
MAR12620,0.0,0.0,0.0
MAR12621,0.0,0.0,0.0
MAR12622,0.0,0.0,0.0
MAR12623,-0.24653767537826402,-0.332060092185603,-5.807642406031016
MAR12624,0.0,0.0,0.0
MAR12625,0.0,0.0,0.0
MAR12626,0.0,0.0,0.0
MAR12627,-1000.0000000000002,-1000.0000000000002,-1000.0000000000002
MAR12628,0.0,1.188835671398181e-13,0.0
MAR12629,3.9428492766737316e-14,0.0,0.0
MAR12630,-1000.0,-1000.0,-802.0124198598452
MAR12631,0.0,-2.6030792518276336e-14,0.0
MAR12632,-1000.0,-1000.0,-802.0124198598438
MAR12633,-2.3682911530736,-1.7072078697921798,-1.0091835368484101
MAR12634,0.0,0.0,0.0
MAR12635,0.0,0.0,0.0
MAR12636,0.0,0.0,0.0
MAR12637,-1000.0000000000001,-1000.0000000000001,-802.0124198598501
MAR12638,-1000.0000000000001,-1000.0000000000001,-1000.0000000000001
MAR12639,0.0,0.0,0.0
MAR12640,-1000.0,-1000.0,-802.0124198598456
MAR12641,-1000.0000000000001,-1000.0000000000001,-1000.0000000000001
MAR12642,0.0,0.0,0.0
MAR12643,-1000.0000000000001,-1000.0000000000001,-1000.0000000000001
MAR12644,0.0,0.0,0.0
MAR12645,-1000.0,-1000.0,-1000.0
MAR12646,-1000.0000000000001,-1000.0000000000001,-1000.0000000000001
MAR12647,-1000.0,-1000.0,-1000.0
MAR12648,-47.21644316076327,-50.64410421986332,-45.04182502696202
MAR12649,0.0,0.0,0.0
MAR12650,-1000.0000000000002,-0.12391465074764589,-11.063424453414502
MAR12651,0.0,0.0,0.0
MAR12652,0.0,0.0,0.0
MAR12653,-1000.0000000000001,-1000.0000000000001,-1000.0000000000001
MAR12654,0.0,0.0,0.0
MAR12655,0.0,-7.273149972425719e-13,4.2875427511982194e-14
MAR12656,0.0,0.0,0.0
MAR12657,-1000.0000000000001,-1000.0000000000035,-1000.0000000000001
MAR12658,0.0,0.0,0.0
MAR12659,0.0,0.0,0.0
MAR12660,-1.5051709802746427e-14,0.0,0.0
MAR12661,0.0,0.0,0.0
MAR12662,0.0,0.0,0.0
MAR12663,0.0,0.0,0.0
MAR12664,0.0,0.0,0.0
MAR12665,-1000.0,-1000.0,-1000.0
MAR12666,-1000.0000000000001,-1000.0000000000001,-1000.0000000000001
MAR12667,0.0,0.0,0.0
MAR12668,0.0,0.0,0.0
MAR12669,-1000.0000000000001,-1000.0000000000001,-1000.0000000000001
MAR12670,0.0,0.0,0.0
MAR12671,-1000.0,-1000.0,-1000.0
MAR12672,-1000.0000000000002,-1000.0000000000002,-1000.0000000000002
MAR12673,0.0,0.0,0.0
MAR12674,0.0,0.0,0.0
MAR12675,-1000.0000000000001,-1000.0000000000001,-1000.0
MAR12676,-1000.0000000000003,-1000.0000000000003,-1000.0000000000092
MAR12677,0.0,0.0,0.0
MAR12678,0.0,0.0,0.0
MAR12679,0.0,0.0,0.0
MAR12680,0.0,0.0,0.0
MAR12681,0.0,0.0,0.0
MAR12682,0.0,0.0,0.0
MAR12683,-81.13703557198575,-92.52807888087462,-50.84946743299303
MAR12684,-999.9999999999999,-999.9999999999999,-999.9999999999999
MAR12685,0.0,0.0,0.0
MAR12686,0.0,0.0,-1.93513378007531e-14
MAR12687,-1000.0,-1000.0,-1000.0
MAR12688,0.0,0.0,0.0
MAR12689,-40.32198011061459,-45.93197934825169,-19.6170913104655
MAR12690,-1000.0000000000018,-1000.0000000000348,-1000.0000000000003
MAR12691,-999.9999999999999,-999.9999999999999,-999.9999999999999
MAR12692,-999.9999999999999,-999.9999999999999,-999.9999999999999
MAR12693,-1000.0000000000003,-1000.0000000000002,-1000.0000000000003
MAR12694,0.0,0.0,0.0
MAR12695,0.0,0.0,-6.75282359916109e-14
MAR12696,0.0,0.0,0.0
MAR12697,-1000.0000000000001,-1000.0000000000001,-1000.0000000000005
MAR12698,-0.2465376753782682,-0.33206009218545857,-5.807642406031023
MAR12699,7.385830250561921e-13,-1.1672717046658092e-13,-7.719475124475322e-13
MAR12700,-1000.0,-1000.0,-1000.0
MAR12701,0.0,0.0,0.0
MAR12702,-638.6998431999069,-624.8717753516577,-628.0102295611055
MAR12703,0.0,0.0,0.0
MAR12704,0.0,0.0,0.0
MAR12705,-41.554668487505914,-47.59227980917972,-48.655303340620506
MAR12706,-999.9999999999999,-999.9999999999999,-999.9999999999999
MAR12707,0.0,0.0,-1.102336792695773e-12
MAR12708,0.0,0.0,0.0
MAR12709,-1000.0,-1000.0,-1000.0
MAR12710,0.0,0.0,0.0
MAR12711,0.0,0.0,-5.408548578077505e-14
MAR12712,-1000.0000000000001,-1000.0000000000001,-1000.0000000000001
MAR12713,-999.9999999999999,-1000.0000000000001,-1000.0000000000001
MAR12714,-1000.0000000000002,-1000.0000000000002,-1000.0000000000002
MAR12715,0.0,0.0,0.0
MAR12716,0.0,0.0,0.0
MAR12717,-1000.0000000000001,-1000.0000000000001,-1000.0000000000001
MAR12718,0.0,0.0,0.0
MAR12719,0.0,0.0,0.0
MAR12720,0.0,0.0,0.0
MAR12721,0.0,0.0,0.0
MAR12722,0.0,0.0,0.0
MAR12723,-1000.0,-1000.0,-1000.0
MAR12724,0.0,0.0,0.0
MAR12725,0.0,0.0,0.0
MAR12726,-1000.0,-1000.0,-1000.0
MAR12727,-1.08588095136946,-0.818384246153372,-7.62191316082277
MAR12728,0.0,0.0,0.0
MAR12729,0.0,0.0,0.0
MAR12730,0.0,0.0,0.0
MAR12731,0.0,0.0,0.0
MAR12732,0.0,0.0,0.0
MAR12733,0.0,0.0,0.0
MAR12734,-1000.0,-0.12391465074774399,-11.063424453414498
MAR12735,0.0,0.0,0.0
MAR12736,0.0,0.0,0.0
MAR12737,0.0,0.0,0.0
MAR12738,0.0,0.0,0.0
MAR12739,0.0,0.0,0.0
MAR12740,0.0,0.0,0.0
MAR12741,0.0,0.0,0.0
MAR12742,-1000.0,-1000.0,-1000.0
MAR12743,-1000.0,-1000.0,-1000.0
MAR12744,0.0,0.0,0.0
MAR12745,0.0,0.0,0.0
MAR12746,0.0,0.0,0.0
MAR12747,0.0,0.0,0.0
MAR12748,0.0,0.0,0.0
MAR12749,0.0,0.0,0.0
MAR12750,0.0,0.0,0.0
MAR12751,-1000.0,-1000.0,-1000.0
MAR12752,-1000.0,-1000.0,-1000.0
MAR12753,0.0,0.0,0.0
MAR12754,0.0,0.0,0.0
MAR12755,-1000.0,-1000.0,-1000.0
MAR12756,0.0,0.0,0.0
MAR12757,-1000.0,-1000.0,-1000.0
MAR12758,0.0,0.0,0.0
MAR12759,0.0,0.0,0.0
MAR12760,0.0,0.0,0.0
MAR12761,0.0,0.0,0.0
MAR12762,0.0,0.0,0.0
MAR12763,0.0,0.0,0.0
MAR12764,0.0,0.0,0.0
MAR12765,0.0,0.0,0.0
MAR12766,0.0,0.0,0.0
MAR12767,0.0,0.0,0.0
MAR12768,0.0,0.0,0.0
MAR12769,-1000.0,-1000.0,-1000.0
MAR12770,0.0,0.0,0.0
MAR12771,-1000.0,-1000.0,-1000.0
MAR12772,-1000.0,-1000.0,-1000.0
MAR12773,-1000.0,-1000.0,-1000.0000000000001
MAR12774,0.0,0.0,0.0
MAR12775,0.0,0.0,0.0
MAR12776,0.0,0.0,0.0
MAR12777,0.0,0.0,0.0
MAR12778,0.0,0.0,0.0
MAR12779,0.0,0.0,0.0
MAR12780,0.0,0.0,0.0
MAR12781,0.0,0.0,0.0
MAR12782,0.0,0.0,0.0
MAR12783,0.0,0.0,0.0
MAR12784,0.0,0.0,0.0
MAR12785,0.0,0.0,0.0
MAR12786,0.0,0.0,0.0
MAR12787,0.0,0.0,0.0
MAR12788,0.0,0.0,0.0
MAR12789,0.0,0.0,0.0
MAR12790,0.0,0.0,0.0
MAR12791,-1000.0,-1000.0,-1000.0
MAR12792,0.0,0.0,0.0
MAR12793,0.0,0.0,0.0
MAR12794,0.0,0.0,0.0
MAR12795,-40.3219801106146,-45.93197934825078,-19.6170913104655
MAR12796,0.0,0.0,0.0
MAR12797,-1000.0000000000005,-999.9999999999999,-1000.0000000000263
MAR12798,-999.9999999999999,-999.9999999999999,-999.9999999999999
MAR12799,-999.9999999999999,-999.9999999999999,-999.9999999999999
MAR12800,-999.999999999994,-999.9999999999994,-999.9999999999999
MAR12801,0.0,0.0,0.0
MAR12802,0.0,0.0,0.0
MAR12803,0.0,0.0,0.0
MAR12804,0.0,0.0,0.0
MAR12805,0.0,0.0,0.0
MAR12806,-1000.0,-1000.0,-1000.0
MAR12807,-1000.0,-1000.0,-1000.0
MAR12808,0.0,-9.27142515503136e-14,0.0
MAR12809,0.0,0.0,0.0
MAR12810,0.0,0.0,0.0
MAR12811,0.0,0.0,0.0
MAR12812,0.0,0.0,0.0
MAR12813,0.0,0.0,0.0
MAR12814,-0.24653767537826396,-0.332060092185603,-5.80764240603102
MAR12815,0.0,0.0,0.0
MAR12816,0.0,0.0,0.0
MAR12817,0.0,0.0,0.0
MAR12818,0.0,0.0,0.0
MAR12819,-1000.0,-1000.0,-1000.0
MAR12820,-1.08588095136946,-0.818384246153372,-7.62191316082277
MAR12821,0.0,0.0,0.0
MAR12822,0.0,0.0,0.0
MAR12823,0.0,0.0,0.0
MAR12824,-0.0746480472062911,-0.552965386915167,-4.98726960026654
MAR12825,-1000.0,-1000.0,-1000.0
MAR12826,-1.08588095136946,-0.818384246153372,-7.62191316082277
MAR12827,-1000.0,-1000.0,-1000.0
MAR12828,0.0,0.0,0.0
MAR12829,0.0,0.0,0.0
MAR12830,0.0,0.0,0.0
MAR12831,0.0,0.0,0.0
MAR12832,0.0,0.0,0.0
MAR12833,0.0,0.0,0.0
MAR12834,-1000.0,-1000.0,-809.6343330206696
MAR12835,-1.08588095136946,-0.818384246153372,-7.62191316082277
MAR12836,0.0,0.0,0.0
MAR12837,0.0,0.0,0.0
MAR12838,0.0,0.0,0.0
MAR12839,0.0,0.0,0.0
MAR12840,-1000.0,-1000.0,-1000.0
MAR12841,0.0,0.0,0.0
MAR12842,0.0,0.0,0.0
MAR12843,0.0,0.0,0.0
MAR12844,0.0,0.0,0.0
MAR12845,0.0,0.0,0.0
MAR12846,-1000.0,-1000.0,-1000.0
MAR12847,-1000.0,-1000.0,-1000.0
MAR12848,0.0,0.0,0.0
MAR12849,0.0,0.0,0.0
MAR12850,0.0,0.0,0.0
MAR12851,0.0,0.0,0.0
MAR12852,0.0,0.0,0.0
MAR12853,0.0,0.0,0.0
MAR12854,0.0,0.0,0.0
MAR12855,0.0,0.0,0.0
MAR12856,0.0,0.0,0.0
MAR12857,0.0,0.0,0.0
MAR12858,-999.9999999999999,-999.9999999999999,-999.9999999999999
MAR12859,-1000.0000000000001,-1000.0000000000001,-1000.0000000000001
MAR12860,0.0,0.0,0.0
MAR12861,0.0,0.0,0.0
MAR12862,0.0,0.0,0.0
MAR12863,0.0,0.0,0.0
MAR12864,0.0,0.0,0.0
MAR12865,-1000.0,-1000.0,-1000.0
MAR12866,-1000.0,-1000.0,-1000.0
MAR12867,-1000.0,-1000.0,-1000.0
MAR12868,-1000.0,-1000.0,-1000.0
MAR12869,0.0,0.0,0.0
MAR12870,0.0,0.0,0.0
MAR12871,-1000.0,-1000.0,-1000.0
MAR12872,0.0,0.0,0.0
MAR12873,0.0,0.0,0.0
MAR12874,0.0,0.0,0.0
MAR12875,0.0,0.0,0.0
MAR12876,0.0,0.0,0.0
MAR12877,0.0,0.0,0.0
MAR12878,0.0,0.0,0.0
MAR12879,0.0,0.0,0.0
MAR12880,0.0,0.0,0.0
MAR12881,-999.9999999999999,-0.123914650747744,-11.063424453414498
MAR12882,0.0,0.0,0.0
MAR12883,0.0,0.0,0.0
MAR12884,0.0,0.0,0.0
MAR12885,0.0,0.0,0.0
MAR12886,0.0,0.0,0.0
MAR12887,-999.9999999999999,-0.123914650747744,-11.063424453414498
MAR12888,0.0,0.0,0.0
MAR12889,0.0,0.0,0.0
MAR12890,0.0,0.0,0.0
MAR12891,0.0,0.0,0.0
MAR12892,0.0,0.0,0.0
MAR12893,0.0,0.0,0.0
MAR12894,0.0,0.0,0.0
MAR12895,-76.2745895340371,-61.80763760105731,-65.7001435140178
MAR12896,0.0,0.0,0.0
MAR12897,0.0,0.0,0.0
MAR12898,0.0,0.0,0.0
MAR12899,0.0,0.0,0.0
MAR12900,-1000.0,-1000.0,-1000.0
MAR12901,0.0,0.0,0.0
MAR12902,-1000.0000000000001,-1000.0000000000001,-802.0124198598436
MAR12903,0.0,0.0,0.0
MAR12904,0.0,0.0,0.0
MAR12905,0.0,0.0,0.0
MAR12906,0.0,0.0,0.0
MAR12907,-1000.0,-46.05589399899925,-30.68051576388
MAR12908,0.0,0.0,0.0
MAR12909,0.0,0.0,0.0
MAR12910,0.0,0.0,0.0
MAR12911,-1000.0000000000001,-1000.0000000000001,-1000.0000000000001
MAR12912,0.0,0.0,0.0
MAR12913,0.0,0.0,0.0
MAR12914,-0.2465376753782641,-0.33206009218560306,-5.807642406031024
MAR12915,0.0,0.0,0.0
MAR12916,0.0,0.0,0.0
MAR12917,-0.246537675378264,-0.332060092185603,-5.807642406031023
MAR12918,0.0,0.0,0.0
MAR12919,0.0,0.0,0.0
MAR12920,0.0,0.0,0.0
MAR12921,-1000.0000000000001,-1000.0000000000001,-802.0124198598459
MAR12922,-1000.0000000000002,-1000.0000000000001,-1000.0000000000001
MAR12923,0.0,0.0,0.0
MAR12924,0.0,0.0,0.0
MAR12925,0.0,0.0,0.0
MAR12926,0.0,0.0,0.0
MAR12927,0.0,0.0,0.0
MAR12928,0.0,0.0,0.0
MAR12929,-1000.0,-1000.0,-1000.0
MAR12930,0.0,0.0,0.0
MAR12931,0.0,0.0,0.0
MAR12932,0.0,0.0,0.0
MAR12933,-1000.0000000000001,-1000.0000000000001,-802.0124198598475
MAR12934,0.0,0.0,0.0
MAR12935,0.0,0.0,0.0
MAR12936,0.0,0.0,0.0
MAR12937,-1000.0,-0.12391465074774402,-11.0634244534145
MAR12938,0.0,0.0,0.0
MAR12939,0.0,0.0,0.0
MAR12940,0.0,0.0,0.0
MAR12941,0.0,0.0,0.0
MAR12942,-45.74405526426334,-38.46411995073079,-79.38905732656124
MAR12943,0.0,0.0,0.0
MAR12944,-15.8952728373408,-12.150816044437098,-58.819848702815726
MAR12945,-432.3582529591912,-423.4263841067622,-437.4656837319517
MAR12946,0.0,0.0,0.0
MAR12947,-452.94674119534255,-443.5895452547051,-458.2973829572834
MAR12948,0.0,0.0,0.0
MAR12949,0.0,0.0,0.0
MAR12950,0.0,0.0,0.0
MAR12951,-1000.0000000000001,-1000.0000000000001,-1000.0000000000001
MAR12952,-999.9999999999999,-1000.0000000000002,-802.0124198598456
MAR12953,0.0,0.0,0.0
MAR12954,-315.6464566755659,-294.98827058309627,-305.4563702980142
MAR12955,0.0,0.0,0.0
MAR12956,0.0,0.0,0.0
MAR12957,0.0,0.0,0.0
MAR12958,-999.9999999999999,-999.9999999999999,-999.9999999999999
MAR12959,0.0,0.0,0.0
MAR12960,-1000.0,-1000.0,-999.9999999999941
MAR12961,-999.9999999999998,-999.9999999999999,-999.9999999999998
MAR12962,-999.9999999999999,-999.9999999999999,-999.9999999999999
MAR12963,-999.9999999999998,-1000.0,-1000.0000000000003
MAR12964,0.0,0.0,0.0
MAR12965,0.0,0.0,0.0
MAR12966,0.0,0.0,0.0
MAR12967,0.0,0.0,0.0
MAR12968,0.0,0.0,0.0
MAR12969,0.0,0.0,0.0
MAR12970,-634.1254376734806,-621.0253633565848,-628.0102295610998
MAR12971,0.0,0.0,0.0
MAR12972,0.0,0.0,0.0
MAR12973,0.0,3.098849545161593e-13,0.0
MAR12974,-0.24653767537826396,-0.332060092185603,-5.807642406031021
MAR12975,0.0,0.0,0.0
MAR12976,0.0,0.0,0.0
MAR12977,0.0,0.0,0.0
MAR12978,-999.9999999999999,-1000.0000000000039,-802.0124198598494
MAR12979,0.0,0.0,0.0
MAR12980,0.0,0.0,0.0
MAR12981,-22.87202763213131,-19.232059975365424,-39.69452866328042
MAR12982,0.0,0.0,0.0
MAR12983,0.0,0.0,0.0
MAR12984,-1000.0,-1000.0,-1000.0
MAR12985,0.0,5.6486584324746416e-14,0.0
MAR12986,0.0,0.0,0.0
MAR12987,-1000.0000000000001,-1000.0000000000001,-1000.0000000000001
MAR12988,-1000.0000000000001,-1000.0000000000001,-1000.0000000000001
MAR12989,-1000.0000000000001,-1000.0000000000001,-1000.0000000000001
MAR12990,-276.1906495911205,-258.1147367602095,-267.274324010763
MAR12991,0.0,0.0,0.0
MAR12992,0.0,0.0,0.0
MAR12993,0.0,0.0,0.0
MAR12994,0.0,0.0,0.0
MAR12995,0.0,0.0,0.0
MAR12996,0.0,0.0,0.0
MAR12997,-1000.0,-46.05589399899945,-30.68051576388
MAR12998,0.0,0.0,0.0
MAR12999,-40.321980110615385,-45.9319793482517,-19.617091310465497
MAR13000,0.0,0.0,0.0
MAR13001,0.0,0.0,0.0
MAR13002,-1000.0,-1000.0,-1000.0
MAR13003,0.0,0.0,0.0
MAR13004,0.0,0.0,0.0
MAR13005,-315.6464566755658,-294.9882705830964,-305.456370298014
MAR13006,0.0,0.0,0.0
MAR13007,-1000.0,-1000.0,-1000.0
MAR13008,-1000.0,-1000.0,-1000.0
MAR13009,0.0,0.0,0.0
MAR13010,-45.74405526426348,-0.123914650747744,-11.063424453414365
MAR13011,-1000.0,-1000.0,-1000.0
MAR13012,-45.7440552642634,-38.46411995073139,-79.3890573265607
MAR13013,-1000.0000000000001,-1000.0000000000001,-1000.0000000000001
MAR13014,-1000.0000000000001,-1000.0000000000001,-1000.0000000000001
MAR13015,-1000.0,-1000.0,-1000.0
MAR13016,-1000.0,-1000.0,-1000.0
MAR13017,-1000.0000000000001,-1000.0000000000001,-1000.0000000000001
MAR13018,0.0,0.0,0.0
MAR13019,-999.9999999999999,-999.9999999999999,-999.9999999999999
MAR13020,0.0,0.0,0.0
MAR13021,-0.24653767537826396,-0.332060092185603,-5.80764240603102
MAR13022,-1000.0,-0.12391465074779207,-11.063424453414498
MAR13023,-1000.0,-1000.0,-1000.0
MAR13024,-40.321980110614604,-45.93197934825171,-19.617091310465504
MAR13025,-1000.0000000000001,-1000.0000000000001,-1000.0000000000001
MAR13026,-6.647925374770451,-4.380064779426199,-35.01023708032114
MAR13027,-1000.0,-1000.0,-1000.0
MAR13028,0.0,0.0,0.0
MAR13029,0.0,0.0,0.0
MAR13030,0.0,0.0,0.0
MAR13031,-17.484293603516015,-17.1461069818136,-10.200287592386744
MAR13032,-1000.0000000000002,-1000.0000000000002,-1000.0000000000002
MAR13033,-58.57741542751322,-45.908408283707836,-29.947535620969028
MAR13034,-500.0000000000002,-499.9999999999999,-500.00000000000006
MAR13035,-17.378605041191,-10.747218866312501,-32.73066155755011
MAR13036,-1000.0000000000001,-1000.0000000000001,-1000.0000000000005
MAR13037,-500.0,-500.0,-500.00000000000017
MAR13038,-17.378605041190998,-10.747218866312474,-32.73066155753882
MAR13039,-1000.0000000000002,-1000.0000000000002,-1000.0000000000001
MAR13040,-7.890690914276473,-6.420776908859851,-4.475568472773995
MAR13041,-26.917040736869232,-16.24250458987834,-70.15590317603451
MAR13042,-17.31776481243021,-14.24250458987834,-11.286901692879947
MAR13043,-5.526663869574868,-4.081171981559133,-5.589844287710137
MAR13044,-21.632487654357103,-16.94250458987834,-20.879069674100954
MAR13045,-7.890690914276467,-6.420776908859823,-4.475568472773997
MAR13046,-18.7324876543571,-14.042504589878344,-17.97906967410095
MAR13047,-3.427170475636901,-3.0605576467348397,-4.775568472773997
MAR13048,-17.113638723851,-14.042504589878341,-29.897215047462485
MAR13049,-7.890690914276478,-6.420776908859865,-4.475568472773996
MAR13050,-1.7379329526475544,-1.7117663203901416,-6.338117444230424
MAR13051,-7.890690914276472,-6.420776908859883,-4.475568472773992
MAR13052,-21.602119014117655,-14.422537044936513,-19.865242121080545
MAR13053,-17.217764812430246,-14.142504589878344,-11.186901692880376
MAR13054,-18.0177648124303,-14.94250458987834,-11.986901692880332
MAR13055,-11.490690914276465,-10.020776908859874,-8.075568472773996
MAR13056,-7.8906909142764565,-6.420776908859838,-4.475568472773998
MAR13057,-6.201486412161743,-8.363273338679814,-12.949450664335505
MAR13058,-7.890690914276476,-6.420776908859866,-4.475568472773927
MAR13059,-7.7790596952050235,-10.991677919439864,-18.496677301935637
MAR13060,-3.1271704756369028,-2.760557646734847,-4.475568472773995
MAR13061,-1.7379329526475555,-1.7117663203901377,-6.338117444230427
MAR13062,-7.890690914276472,-6.420776908859869,-4.475568472773995
MAR13063,-1.7379329526475553,-1.4183171578192693,-1.4539049441036707
MAR13064,0.0,0.0,0.0
MAR13065,-1000.0,-1000.0,-1000.0
MAR13066,-1000.0,-1000.0,-1000.0
MAR13067,-1000.0000000000001,-1000.0000000000001,-1000.0000000000001
MAR13068,0.0,0.0,0.0
MAR13069,0.0,0.0,0.0
MAR13070,0.0,0.0,0.0
MAR13071,0.0,0.0,0.0
MAR13072,0.0,0.0,0.0
MAR13073,0.0,0.0,0.0
MAR13074,0.0,0.0,0.0
MAR13075,-7.149181322285271,-4.422432902276981,-17.29183386186232
MAR13076,0.0,0.0,0.0
MAR13077,-1000.0000000000001,-1000.0000000000001,-1000.0000000000001
MAR13078,0.0,0.0,0.0
MAR13079,0.0,0.0,0.0
MAR13080,0.0,0.0,0.0
MAR13081,0.0,0.0,0.0
MAR10023,18.40934806429873,15.513096445792,41.7255842180513
MAR10024,18.409348064298705,15.513096445792,41.7255842180513
MAR10025,0.0,0.0,0.0
MAR10026,-1000.0,-1000.0,-1000.0
MAR10027,-31.074990926766134,-23.76065937067563,-48.63818190391497
MAR10028,0.0,0.0,0.0
MAR10029,0.0,0.0,3.9733028191857334e-15
MAR10030,0.0,0.0,0.0
MAR10031,0.0,0.0,2.825725384127043e-16
MAR10033,-321.0116118657916,-235.21079500309887,-887.0702283848476
MAR10034,0.0,0.0,0.0
MAR10035,-31.32882634784503,-26.28435821159332,-55.47379223049309
MAR10036,-289.1480970314109,-226.90054323814897,-311.8302634129304
MAR10037,4.635805131445315e-14,-1.7586102412822833e-15,0.0
MAR10038,-3.8273450945226,-2.8940647285782695,-33.43092920465815
MAR10039,-12.6566202951434,-8.76181623399463,-16.34518689691266
MAR10040,-9.166292050585359e-16,4.489680993111894e-15,8.027457362494653e-14
MAR10041,0.0,0.0,1.4341304928821074e-13
MAR10042,0.0,0.0,0.0
MAR10043,-0.01803924388751417,-0.014071084443990413,-0.09902407784925511
MAR10044,-5.718421232102051,-4.5942978008337,-4.62663882189206
MAR10045,-3.1688030730293404,-2.41519407806042,-2.8633958721392103
MAR10046,0.0,0.0,0.0
MAR10047,0.0,0.0,0.0
MAR10048,-21.875886682298717,-14.374230833973243,-29.94753562096833
MAR10049,-5.238547902365029,-3.271616888106646,-6.13802619939523
MAR10050,0.0,0.0,0.0
MAR10051,0.0,0.0,0.0
MAR10052,-1.3281922279841147,-0.8406655858128932,-0.46267171702205545
MAR10053,0.0,0.0,0.0
MAR10054,-0.023585520188017284,-0.018397325757690958,-0.12946963862659167
MAR10055,0.0,0.0,0.0
MAR10056,0.0,0.0,0.0
MAR10057,0.0,0.0,0.0
MAR10058,-4.53747606272034,-4.728645875991001,-8.758699702867542
MAR10059,0.0,0.0,0.0
MAR10060,0.0,0.0,0.0
MAR10061,0.0,0.0,0.0
MAR10062,98.25989529319435,82.80115227941481,222.71030576384874
MAR10063,4.072147791822873,3.4314969338091905,9.22969922903295
MAR10064,8.900919789088421,7.500582131540429,20.1743199694278
MAR10065,0.02209121767715844,0.018615715734950397,0.05007070106166155
MAR13082,18.4093480642987,15.513096445792,41.7255842180513
MAR10066,0.0,0.0,0.0
MAR10067,0.0,-1.5735696365483132e-14,0.0
MAR10068,0.0,0.0,0.0
MAR10069,0.0,0.0,0.0
MAR10070,0.0,0.0,0.0
MAR10071,0.0,0.0,0.0
MAR10072,0.0,0.0,0.0
MAR10073,0.0,0.0,0.0
MAR10074,0.0,0.0,0.0
MAR10075,0.0,0.0,0.0
MAR10076,0.0,0.0,0.0
MAR10077,-130.15319997348698,-113.2290213489066,-19.58902656963342
MAR10078,0.0,0.0,0.0
MAR10079,0.0,0.0,0.0
MAR10080,0.0,0.0,0.0
MAR10081,-65.07659998674349,-56.6145106744533,-9.79451328481671
MAR10082,0.0,0.0,0.0
MAR10083,0.0,0.0,0.0
MAR10084,0.0,0.0,0.0
MAR10085,0.0,0.0,0.0
MAR10086,-4.21850718582041e-14,4.373049618271908e-13,0.0
MAR10087,-130.15319997348698,-113.22902134890663,-19.58902656963342
MAR10088,0.0,0.0,0.0
MAR10089,0.0,0.0,0.0
MAR10090,0.0,0.0,0.0
MAR10091,0.0,0.0,0.0
MAR10092,0.0,0.0,0.0
MAR10093,0.0,0.0,0.0
MAR10094,0.0,0.0,0.0
MAR10095,0.0,0.0,0.0
MAR10096,0.0,0.0,0.0
MAR10097,0.0,0.0,0.0
MAR10098,0.0,0.0,0.0
MAR10099,0.0,0.0,0.0
MAR10100,0.0,0.0,0.0
MAR10101,-1.0897672310422639e-14,-1.1450791734601045e-15,-2.8393916411883435e-15
MAR10102,8.627301575713647e-14,7.176258904212074e-15,-6.168204740581493e-15
MAR10103,0.0,0.0,0.0
MAR10104,0.0,0.0,0.0
MAR10105,0.0,0.0,0.0
MAR10106,0.0,0.0,0.0
MAR10107,0.0,0.0,0.0
MAR10108,0.0,0.0,0.0
MAR10109,0.0,0.0,0.0
MAR10110,0.0,0.0,0.0
MAR10111,0.0,0.0,0.0
MAR10112,0.0,0.0,0.0
MAR10113,0.0,0.0,0.0
MAR10114,0.0,0.0,0.0
MAR10115,0.0,0.0,0.0
MAR10116,0.0,0.0,0.0
MAR10117,0.0,0.0,0.0
MAR10118,0.0,0.0,0.0
MAR10119,0.0,0.0,0.0
MAR10120,0.0,0.0,0.0
MAR10121,0.0,0.0,0.0
MAR10122,0.0,0.0,0.0
MAR10123,0.0,0.0,0.0
MAR10124,0.0,0.0,0.0
MAR10125,0.0,0.0,0.0
MAR10126,0.0,0.0,0.0
MAR10127,0.0,0.0,0.0
MAR10128,0.0,0.0,0.0
MAR10129,0.0,0.0,0.0
MAR10130,0.0,0.0,0.0
MAR10131,0.0,0.0,0.0
MAR10132,0.0,0.0,0.0
MAR13083,0.0,0.0,0.0
MAR13084,-0.6621548223584341,-0.5637482897131021,-1.3859478694516352
MAR13085,-0.44143654823895606,-0.375832193142068,-0.92396524630109
MAR13086,2.0692107224271745,1.743672040507021,4.689955666108516
